country,name,count
AE,"Khan",252508
AE,"Ali",141967
AE,"Kumar",116878
AE,"Singh",82250
AE,"Ahmed",62904
AE,"Hussain",42262
AE,"Ahmad",40995
AE,"Islam",29588
AE,"Yadav",28185
AE,"Alam",27225
AE,"Uddin",22970
AE,"Hossain",22808
AE,"Rahman",20743
AE,"Mohammed",20279
AE,"Ullah",20229
AE,"Shah",18857
AE,"Sharma",16731
AE,"Malik",16442
AE,"Ansari",16392
AE,"Raj",14415
AE,"Mohamed",14389
AE,"Muhammad",14283
AE,"Hassan",14007
AE,"Iqbal",13970
AE,"Baloch",13527
AE,"Miah",13212
AE,"Abbas",12457
AE,"Jan",12040
AE,"Rana",11647
AE,"Ram",11585
AE,"محمد",10801
AE,"Mohammad",10456
AE,"Raja",10374
AE,"Chauhan",10207
AE,"Babu",10121
AE,"Das",9693
AE,"Shaikh",9362
AE,"Ibrahim",9144
AE,"Jutt",8583
AE,"Saeed",8506
AE,"Hasan",8361
AE,"Gujjar",8297
AE,"Lal",8226
AE,"Raza",8050
AE,"البلوشي",7801
AE,"Afridi",7786
AE,"Rehman",7783
AE,"Prasad",7755
AE,"Butt",7661
AE,"Gupta",7658
AE,"Rai",7320
AE,"Thomas",7239
AE,"Mia",7215
AE,"Nair",7215
AE,"Imran",7116
AE,"Patel",6824
AE,"Love",6669
AE,"Thapa",6647
AE,"Mohd",6561
AE,"Gul",6353
AE,"Amin",6337
AE,"Abdullah",6131
AE,"Noor",6043
AE,"Mehmood",6032
AE,"Mughal",5999
AE,"Raju",5923
AE,"Joseph",5907
AE,"Nawaz",5881
AE,"Rashid",5849
AE,"Ismail",5848
AE,"Ch",5739
AE,"Kamal",5650
AE,"Shahzad",5549
AE,"Saleem",5549
AE,"Ashraf",5511
AE,"Asif",5495
AE,"احمد",5463
AE,"Khalid",5384
AE,"John",5368
AE,"Gurung",5343
AE,"Magar",5336
AE,"Awan",5308
AE,"Muhammed",5251
AE,"Jaan",5221
AE,"Abdulla",5198
AE,"Sk",5150
AE,"Mathew",5150
AE,"Tamang",5150
AE,"Lama",5143
AE,"Jamal",4995
AE,"Aslam",4941
AE,"Zaman",4929
AE,"Mahmood",4916
AE,"Arif",4912
AE,"George",4910
AE,"Hameed",4908
AE,"Aziz",4843
AE,"Salim",4768
AE,"Bhatti",4707
AE,"Abbasi",4679
AE,"Anwar",4675
AE,"Gill",4640
AE,"Varghese",4568
AE,"Ahamed",4533
AE,"Abdul",4533
AE,"Wazir",4521
AE,"Alshamsi",4517
AE,"Akhtar",4450
AE,"Chaudhary",4406
AE,"Shrestha",4390
AE,"Usman",4330
AE,"علي",4289
AE,"Sheikh",4281
AE,"Mani",4245
AE,"Shahid",4195
AE,"Salam",4185
AE,"Krishnan",4161
AE,"Reddy",4148
AE,"Karim",4147
AE,"Husain",4129
AE,"Akbar",4129
AE,"Nasir",4110
AE,"Salem",4089
AE,"Sultan",4067
AE,"Farooq",4043
AE,"Alkaabi",3990
AE,"Nadeem",3968
AE,"King",3967
AE,"Pal",3952
AE,"Bilal",3949
AE,"Bhai",3912
AE,"Akram",3907
AE,"الشامسي",3885
AE,"Javed",3839
AE,"Arshad",3828
AE,"Dsouza",3804
AE,"Sha",3792
AE,"Irfan",3782
AE,"الشحي",3751
AE,"Rao",3732
AE,"Rasheed",3713
AE,"Miya",3699
AE,"Kp",3692
AE,"Rahim",3651
AE,"Mustafa",3636
AE,"المنصوري",3614
AE,"الكعبي",3581
AE,"Pk",3567
AE,"الحمادي",3516
AE,"Biswas",3494
AE,"Rajan",3476
AE,"Faruk",3398
AE,"Mondal",3390
AE,"Faisal",3381
AE,"Omar",3356
AE,"Al",3302
AE,"Chand",3292
AE,"Mohan",3254
AE,"Nishad",3233
AE,"Krishna",3233
AE,"Alzaabi",3216
AE,"Alali",3195
AE,"Afzal",3166
AE,"Saif",3145
AE,"Akter",3128
AE,"Alhammadi",3128
AE,"Jani",3127
AE,"Jose",3126
AE,"Amir",3120
AE,"Prince",3115
AE,"Sahani",3093
AE,"Thakur",3090
AE,"Habib",3072
AE,"Sandhu",3053
AE,"Suresh",2994
AE,"Mirza",2992
AE,"Fernandes",2987
AE,"Tariq",2985
AE,"Pandey",2980
AE,"Paul",2979
AE,"Sah",2975
AE,"Kalam",2963
AE,"Saini",2942
AE,"Pillai",2929
AE,"Kumari",2926
AE,"Saab",2910
AE,"Hossen",2900
AE,"Khalil",2886
AE,"Haider",2876
AE,"Qureshi",2869
AE,"Jangir",2861
AE,"Said",2857
AE,"Kc",2845
AE,"Mamun",2838
AE,"Hossin",2836
AE,"Almansoori",2813
AE,"العامري",2799
AE,"Riaz",2778
AE,"Hanif",2776
AE,"Prakash",2776
AE,"Hamza",2760
AE,"Saleh",2754
AE,"Sumon",2740
AE,"Majeed",2737
AE,"عبدالله",2737
AE,"Molla",2721
AE,"Ramesh",2702
AE,"الكتبي",2671
AE,"Sing",2666
AE,"Roy",2643
AE,"Sayed",2642
AE,"Sarkar",2627
AE,"Syed",2619
AE,"Yousuf",2606
AE,"Chandran",2584
AE,"Nath",2580
AE,"Chowdhury",2577
AE,"Kutty",2574
AE,"Hayat",2565
AE,"Basheer",2559
AE,"Miha",2555
AE,"Mahmoud",2534
AE,"Ravi",2533
AE,"Shetty",2527
AE,"Alshehhi",2527
AE,"Karki",2513
AE,"Hamad",2507
AE,"Azam",2489
AE,"Rajput",2486
AE,"Sharif",2473
AE,"Bangash",2449
AE,"Mk",2445
AE,"Hossan",2418
AE,"Khattak",2413
AE,"Kannan",2405
AE,"Sajid",2399
AE,"Rashed",2396
AE,"Baba",2394
AE,"Naeem",2390
AE,"Giri",2382
AE,"Samy",2381
AE,"Kushwaha",2365
AE,"Jee",2358
AE,"Zada",2353
AE,"Zahid",2350
AE,"Naveed",2325
AE,"Antony",2321
AE,"Verma",2318
AE,"Joy",2316
AE,"Shaik",2313
AE,"Rahaman",2307
AE,"Adnan",2304
AE,"Tahir",2300
AE,"Muthu",2287
AE,"Sagar",2276
AE,"Abraham",2271
AE,"Mohamad",2269
AE,"Nayak",2257
AE,"Haque",2240
AE,"Mon",2226
AE,"Rajesh",2225
AE,"Umar",2223
AE,"Tanha",2218
AE,"Ad",2216
AE,"Ramzan",2211
AE,"Murugan",2206
AE,"Hoque",2206
AE,"Rafiq",2206
AE,"Alom",2204
AE,"Cheema",2189
AE,"Osman",2186
AE,"Tiwari",2171
AE,"Cruz",2157
AE,"Rizwan",2156
AE,"Bahadur",2149
AE,"Bashir",2144
AE,"Hamid",2125
AE,"Aktar",2124
AE,"Yousaf",2121
AE,"Kv",2117
AE,"Afghan",2102
AE,"Santos",2101
AE,"Rubel",2090
AE,"Kareem",2087
AE,"النعيمي",2087
AE,"Mandal",2076
AE,"Salman",2049
AE,"Saad",2049
AE,"Alblooshi",2041
AE,"Kader",2017
AE,"Jacob",2017
AE,"Alhosani",2012
AE,"Abid",2011
AE,"Waseem",2005
AE,"Basha",2004
AE,"Waqas",2002
AE,"Sajjad",2001
AE,"Shafi",1998
AE,"Kabir",1997
AE,"المزروعي",1989
AE,"Ameen",1985
AE,"Rani",1980
AE,"Bajwa",1979
AE,"Khadka",1978
AE,"Bhandari",1961
AE,"Mishra",1960
AE,"Sami",1954
AE,"Deen",1952
AE,"Alsuwaidi",1952
AE,"Baig",1944
AE,"Ak",1931
AE,"Ahamad",1924
AE,"Sam",1907
AE,"Adhikari",1894
AE,"Kumawat",1885
AE,"Rose",1885
AE,"Rajbhar",1874
AE,"Sohail",1869
AE,"Reyes",1868
AE,"Alameri",1862
AE,"Hussein",1857
AE,"Pradhan",1854
AE,"Garcia",1832
AE,"Sadiq",1827
AE,"Azad",1815
AE,"Alnaqbi",1804
AE,"Chandra",1803
AE,"Ray",1800
AE,"Don",1792
AE,"Yaseen",1791
AE,"Man",1790
AE,"Kumara",1787
AE,"Km",1777
AE,"Siddiqui",1777
AE,"Latif",1768
AE,"الزعابي",1768
AE,"Sohel",1766
AE,"Jahangir",1758
AE,"Monir",1751
AE,"حسن",1751
AE,"Limbu",1749
AE,"Asghar",1747
AE,"Lee",1747
AE,"Mannan",1745
AE,"Khaled",1733
AE,"Alketbi",1722
AE,"Prajapati",1718
AE,"Rak",1718
AE,"Ma",1711
AE,"Deep",1710
AE,"Nazir",1705
AE,"Samad",1704
AE,"Yasin",1698
AE,"Ilyas",1693
AE,"Vijay",1691
AE,"Rafi",1689
AE,"النقبي",1684
AE,"Ck",1679
AE,"Hussan",1679
AE,"Perera",1677
AE,"Zafar",1674
AE,"Ji",1671
AE,"Gee",1670
AE,"Masood",1665
AE,"Alnuaimi",1659
AE,"Siddique",1652
AE,"James",1646
AE,"Haq",1645
AE,"Hamdan",1630
AE,"Amjad",1626
AE,"Shan",1619
AE,"Ahammed",1617
AE,"Din",1612
AE,"Mp",1610
AE,"Aman",1609
AE,"Jamil",1608
AE,"Sattar",1587
AE,"Jalal",1587
AE,"Sarwar",1581
AE,"Shafiq",1580
AE,"Menon",1579
AE,"Asad",1578
AE,"Rasel",1574
AE,"Fernando",1568
AE,"Mostafa",1565
AE,"Sameer",1564
AE,"Zubair",1563
AE,"Pv",1557
AE,"Nabi",1556
AE,"سعيد",1556
AE,"Gull",1555
AE,"Al Ali",1554
AE,"Jabbar",1551
AE,"Salah",1546
AE,"David",1539
AE,"Manik",1538
AE,"Vishwakarma",1537
AE,"Qasim",1536
AE,"Waheed",1530
AE,"Mehar",1528
AR,"Gonzalez",25923
AR,"Gomez",22598
AR,"Lopez",22109
AR,"Rodriguez",21261
AR,"Martinez",18160
AR,"Diaz",17867
AR,"Fernandez",17512
AR,"Perez",16591
AR,"Romero",14304
AR,"Sanchez",12551
AR,"Garcia",12471
AR,"Sosa",10727
AR,"Torres",10149
AR,"Flores",9149
AR,"Alvarez",8253
AR,"Ramirez",8242
AR,"Acosta",8222
AR,"Rojas",8195
AR,"Benitez",7888
AR,"Ruiz",7587
AR,"Medina",7224
AR,"Castro",7149
AR,"Herrera",7139
AR,"Suarez",6873
AR,"Gimenez",6603
AR,"Aguirre",6572
AR,"Luna",6328
AR,"Pereyra",6287
AR,"Molina",6200
AR,"Gutierrez",6134
AR,"Silva",6053
AR,"Ortiz",5920
AR,"Castillo",5825
AR,"Morales",5738
AR,"Rios",5617
AR,"Cabrera",5551
AR,"Moreno",5398
AR,"Godoy",5332
AR,"Nuñez",5029
AR,"Vera",5007
AR,"Ledesma",4932
AR,"Vega",4931
AR,"Peralta",4927
AR,"Villalba",4831
AR,"Juarez",4799
AR,"Carrizo",4793
AR,"Quiroga",4719
AR,"Ferreyra",4619
AR,"Paz",4455
AR,"Vargas",4453
AR,"Muñoz",4434
AR,"Cardozo",4409
AR,"González",4387
AR,"Ramos",4254
AR,"Dominguez",4121
AR,"Coronel",4107
AR,"Ojeda",4075
AR,"Arias",4033
AR,"Mendoza",4010
AR,"Miranda",3848
AR,"Maldonado",3846
AR,"Navarro",3828
AR,"Ponce",3817
AR,"Gonzales",3816
AR,"Caceres",3723
AR,"Figueroa",3722
AR,"Fernández",3692
AR,"Cruz",3639
AR,"Rodríguez",3588
AR,"Rivero",3556
AR,"Correa",3556
AR,"Mendez",3516
AR,"Vazquez",3487
AR,"Ayala",3478
AR,"Duarte",3422
AR,"Mansilla",3420
AR,"Escobar",3418
AR,"Barrios",3313
AR,"Acuña",3269
AR,"Lucero",3258
AR,"Bj",3243
AR,"Farias",3242
AR,"Cordoba",3223
AR,"Paez",3217
AR,"Avila",3215
AR,"Guzman",3159
AR,"Blanco",3123
AR,"Leiva",3093
AR,"López",3085
AR,"Franco",3079
AR,"Campos",3062
AR,"Bustos",3046
AR,"Soto",3033
AR,"Soria",3022
AR,"Chavez",3002
AR,"Bravo",2909
AR,"Hernandez",2907
AR,"Maidana",2869
AR,"Roldan",2860
AR,"Contreras",2779
AR,"Toledo",2763
AR,"Martin",2752
AR,"Gómez",2695
AR,"Aguilar",2655
AR,"Moyano",2645
AR,"Baez",2636
AR,"Gallardo",2621
AR,"Arce",2593
AR,"Olivera",2559
AR,"Valdez",2554
AR,"Aguero",2489
AR,"Montenegro",2481
AR,"Ibarra",2432
AR,"Vallejos",2392
AR,"Delgado",2390
AR,"Santillan",2350
AR,"Acevedo",2338
AR,"Sandoval",2329
AR,"Aranda",2314
AR,"Mamani",2308
AR,"Oviedo",2300
AR,"Martínez",2252
AR,"Ibañez",2239
AR,"Paredes",2233
AR,"Velazquez",2230
AR,"Ortega",2224
AR,"Mercado",2179
AR,"Reyes",2177
AR,"Leguizamon",2162
AR,"Salinas",2149
AR,"Zarate",2142
AR,"Heredia",2134
AR,"Jimenez",2111
AR,"Segovia",2107
AR,"Alegre",2088
AR,"Caballero",2070
AR,"Zapata",2026
AR,"Coria",2025
AR,"Albornoz",2010
AR,"Lescano",2002
AR,"Rosales",1999
AR,"Veron",1994
AR,"Gauna",1974
AR,"Pereira",1972
AR,"Palacios",1965
AR,"Marquez",1956
AR,"Zalazar",1955
AR,"Barrera",1933
AR,"Barrionuevo",1921
AR,"Galvan",1910
AR,"Altamirano",1907
AR,"Aquino",1903
AR,"Cabral",1898
AR,"Cejas",1897
AR,"Quintana",1889
AR,"Cortez",1883
AR,"Bustamante",1869
AR,"Jara",1866
AR,"Varela",1862
AR,"Tapia",1858
AR,"Avalos",1843
AR,"Burgos",1834
AR,"Sánchez",1805
AR,"Aguilera",1797
AR,"Orellana",1777
AR,"Atr",1760
AR,"Guerrero",1760
AR,"Fuentes",1749
AR,"Garay",1741
AR,"Salas",1739
AR,"Quinteros",1738
AR,"Pacheco",1722
AR,"Rivas",1700
AR,"García",1698
AR,"Ferreira",1691
AR,"Alonso",1686
AR,"Ocampo",1649
AR,"Monzon",1638
AR,"Romano",1636
AR,"Galeano",1629
AR,"Valenzuela",1614
AR,"Pérez",1601
AR,"Videla",1589
AR,"Funes",1580
AR,"Lezcano",1575
AR,"Robles",1574
AR,"Brizuela",1544
AR,"Carabajal",1539
AR,"Maciel",1524
AR,"Meza",1523
AR,"Reynoso",1519
AR,"Alarcon",1519
AR,"Cuello",1516
AR,"Saavedra",1503
AR,"Oliva",1501
AR,"Robledo",1493
AR,"Bazan",1490
AR,"Gerez",1480
AR,"Villegas",1467
AR,"Nieto",1466
AR,"Espinoza",1464
AR,"Galarza",1462
AR,"Ceballos",1458
AR,"Andrada",1455
AR,"Almada",1451
AR,"Sotelo",1442
AR,"Vergara",1441
AR,"Serrano",1440
AR,"Miño",1439
AR,"Barreto",1413
AR,"Salazar",1407
AR,"Peña",1393
AR,"Villarreal",1377
AR,"Díaz",1367
AR,"Escudero",1356
AR,"Solis",1349
AR,"Espindola",1331
AR,"Nieva",1314
AR,"Ochoa",1310
AR,"Almiron",1306
AR,"Santos",1283
AR,"Guevara",1268
AR,"Vidal",1261
AR,"Rossi",1259
AR,"Arguello",1248
AR,"Gallo",1245
AR,"Lujan",1244
AR,"Escalante",1239
AR,"Villagra",1233
AR,"Bogado",1228
AR,"Guerra",1226
AR,"Ruiz Diaz",1218
AR,"Calderon",1202
AR,"Amaya",1201
AR,"Barraza",1200
AR,"Mora",1188
AR,"Espinosa",1183
AR,"Salvatierra",1178
AR,"Frias",1176
AR,"Cano",1174
AR,"Araujo",1168
AR,"Quispe",1166
AR,"Montiel",1165
AR,"Rivera",1165
AR,"Gil",1163
AR,"Britez",1143
AR,"Gutiérrez",1143
AR,"Palacio",1134
AR,"Agüero",1134
AR,"Esquivel",1129
AR,"Tello",1128
AR,"Barrientos",1124
AR,"Vasquez",1124
AR,"Villanueva",1120
AR,"Ezequiel",1118
AR,"Riquelme",1107
AR,"Roman",1106
AR,"Quiroz",1106
AR,"Gomes",1100
AR,"Costa",1099
AR,"Montero",1091
AR,"Rolon",1090
AR,"Portillo",1089
AR,"Machado",1083
AR,"Luque",1083
AR,"Olmos",1080
AR,"Olmedo",1079
AR,"Pintos",1076
AR,"Ramírez",1073
AR,"Duran",1071
AR,"Amarilla",1069
AR,"Alderete",1053
AR,"Centurion",1048
AR,"Saucedo",1046
AR,"Carrasco",1040
AR,"Palavecino",1033
AR,"Torrez",1032
AR,"Cuevas",1029
AR,"Marin",1023
AR,"Villa",1017
AR,"Argañaraz",1016
AR,"Sanabria",1014
AR,"Moya",1002
AR,"Zabala",1001
AR,"Parra",1000
AR,"Rey",999
AR,"Pinto",996
AR,"Jaime",995
AR,"Britos",990
AR,"Cantero",989
AR,"Iglesias",989
AR,"Quevedo",989
AR,"Moreira",979
AR,"Basualdo",977
AR,"Leon",974
AR,"Alfonso",973
AR,"Ferrari",967
AR,"Rocha",954
AR,"Alcaraz",944
AR,"Prieto",940
AR,"Gamarra",938
AR,"Benítez",931
AR,"Corvalan",923
AR,"Belen",917
AR,"Montes",915
AR,"Choque",912
AR,"Casas",911
AR,"Bordon",911
AR,"Carballo",904
AR,"Lazarte",902
AR,"Jofre",898
AR,"Chamorro",894
AR,"Arroyo",892
AR,"Lencina",891
AR,"Dias",886
AR,"Barros",884
AR,"Cisneros",884
AR,"Carp",883
AR,"Cortes",882
AR,"Caro",872
AR,"Reinoso",870
AR,"Alvarado",868
AR,"Llanos",865
AR,"Sequeira",865
AR,"Colman",865
AR,"Gabriel",863
AR,"Nievas",862
AR,"Russo",862
AR,"Castaño",861
AR,"Condori",857
AR,"Daniel",855
AR,"Padilla",855
AR,"Sarmiento",855
AR,"Araya",854
AR,"Carranza",851
AR,"Hidalgo",847
AR,"Arevalo",840
AR,"Moreyra",840
AR,"Merlo",837
AR,"Suárez",837
AR,"Bruno",836
AR,"Riveros",833
AR,"Velez",830
AR,"Maria",828
AR,"Lara",814
AR,"Albarracin",809
AR,"Vivas",806
AR,"Palma",805
AR,"Cardenas",793
AR,"Giménez",790
AR,"Veliz",789
AR,"Ovejero",788
AR,"Cañete",783
AR,"Chaves",781
AR,"Gorosito",780
AR,"Quintero",779
AR,"Arrieta",779
AR,"Cáceres",778
AR,"Montoya",778
AR,"Alejandro",776
AR,"Guzmán",775
AR,"Brito",774
AR,"Andrade",772
AR,"Morel",766
AR,"Corbalan",761
AR,"Prado",760
AR,"Otero",760
AR,"Chaparro",759
AR,"Falcon",759
AR,"Pizarro",753
AR,"Fleitas",749
AR,"Toloza",748
AR,"Insaurralde",747
AR,"Moran",747
AR,"Becerra",746
AR,"Tevez",746
AR,"Trejo",745
AR,"Carlos",743
AR,"Tolaba",741
AR,"Segura",740
AR,"Cornejo",731
AR,"Gramajo",724
AR,"Garrido",722
AR,"Banegas",719
AR,"Barboza",718
AR,"Taborda",717
AR,"Ludueña",716
AR,"Gaitan",715
AR,"Lugo",711
AR,"Juan",710
AR,"Navarrete",710
AR,"Rueda",710
AR,"Villafañe",705
AR,"Casco",702
AR,"Alaniz",702
AR,"Sepulveda",698
AR,"Lemos",694
AR,"Espinola",691
AR,"Velasquez",691
AR,"Miguel",689
AT,"Gruber",3958
AT,"Huber",3848
AT,"Bauer",3225
AT,"Müller",2970
AT,"Wagner",2761
AT,"Steiner",2688
AT,"Moser",2634
AT,"Berger",2629
AT,"Pichler",2611
AT,"Hofer",2457
AT,"Mayer",2320
AT,"Maier",2273
AT,"Leitner",2234
AT,"Eder",2127
AT,"Fuchs",2022
AT,"Winkler",1858
AT,"Fischer",1836
AT,"Schmid",1805
AT,"Schwarz",1697
AT,"Schneider",1692
AT,"Weber",1688
AT,"Egger",1644
AT,"Reiter",1615
AT,"Mayr",1553
AT,"Jovanovic",1521
AT,"Brunner",1503
AT,"Baumgartner",1471
AT,"Wallner",1470
AT,"Schmidt",1446
AT,"Wolf",1445
AT,"Lechner",1440
AT,"Lang",1408
AT,"Auer",1386
AT,"Wimmer",1261
AT,"Ebner",1260
AT,"Aigner",1252
AT,"Haas",1248
AT,"Binder",1231
AT,"Koller",1159
AT,"Holzer",1090
AT,"Lehner",1039
AT,"Schuster",1034
AT,"Koch",1026
AT,"Lackner",991
AT,"Yilmaz",989
AT,"Graf",985
AT,"Wieser",980
AT,"Kaiser",971
AT,"Haider",969
AT,"Weiss",956
AT,"Strasser",952
AT,"Ali",944
AT,"Mair",908
AT,"König",898
AT,"Hauser",877
AT,"Krenn",866
AT,"Winter",865
AT,"Petrovic",863
AT,"Horvath",857
AT,"Kaufmann",850
AT,"Maria",845
AT,"Stadler",844
AT,"Kogler",842
AT,"Fink",839
AT,"Posch",830
AT,"Riegler",824
AT,"Karner",819
AT,"Rainer",812
AT,"Kern",794
AT,"Hackl",780
AT,"Nikolic",776
AT,"Maurer",771
AT,"Ortner",767
AT,"Fritz",764
AT,"Schwaiger",755
AT,"Resch",748
AT,"Seidl",743
AT,"Kaya",740
AT,"Schober",740
AT,"Riedl",735
AT,"Neubauer",730
AT,"Strobl",729
AT,"Klein",728
AT,"Hofbauer",717
AT,"Böhm",714
AT,"Demir",711
AT,"Schweiger",691
AT,"Reisinger",683
AT,"Mayrhofer",682
AT,"Sommer",677
AT,"Markovic",671
AT,"Grabner",670
AT,"Hofmann",659
AT,"Öztürk",656
AT,"Thaler",651
AT,"Jäger",648
AT,"Hartl",644
AT,"Frank",644
AT,"Peter",636
AT,"Brandstätter",632
AT,"Unger",612
AT,"Djordjevic",611
AT,"Friedl",611
AT,"Kainz",607
AT,"Pirker",601
AT,"Hoffmann",599
AT,"Sahin",594
AT,"Baumann",585
AT,"Hager",579
AT,"Walter",578
AT,"Weiß",571
AT,"Yildirim",565
AT,"Lindner",565
AT,"Müllner",564
AT,"Herzog",563
AT,"Kurz",553
AT,"Bruckner",550
AT,"Khan",548
AT,"Kofler",545
AT,"Yildiz",544
AT,"Martin",543
AT,"Zauner",542
AT,"Höller",536
AT,"Krammer",530
AT,"Mandl",529
AT,"Zimmermann",522
AT,"Stankovic",521
AT,"Ilic",520
AT,"Haslinger",514
AT,"Marinkovic",511
AT,"Hammer",509
AT,"Celik",506
AT,"Angerer",506
AT,"Schwab",506
AT,"Singh",505
AT,"Rauch",504
AT,"Arslan",502
AT,"Konrad",501
AT,"Vasic",500
AT,"Pfeiffer",500
AT,"Mitrovic",498
AT,"Ecker",497
AT,"Wiesinger",491
AT,"Franz",488
AT,"Özdemir",485
AT,"Steininger",482
AT,"Stangl",479
AT,"Stocker",478
AT,"Meier",468
AT,"Köck",466
AT,"Plank",466
AT,"Novak",465
AT,"Zach",456
AT,"Karl",455
AT,"Rieger",453
AT,"Brugger",451
AT,"Rieder",448
AT,"Dogan",445
AT,"Huemer",445
AT,"Hafner",444
AT,"Braun",441
AT,"Richter",441
AT,"Brandl",438
AT,"Gasser",438
AT,"Grill",438
AT,"Bacher",437
AT,"Fellner",437
AT,"Putz",435
AT,"Fasching",432
AT,"Gassner",429
AT,"Roth",429
AT,"Steindl",426
AT,"Wurm",426
AT,"Gashi",424
AT,"Hahn",423
AT,"Knapp",421
AT,"Hauer",421
AT,"Pfeifer",419
AT,"Brandstetter",418
AT,"Christian",416
AT,"Lorenz",414
AT,"Stefan",412
AT,"Krasniqi",408
AT,"Mayerhofer",408
AT,"Ha",407
AT,"Ahmed",405
AT,"Kilic",405
AT,"Werner",403
AT,"Holzinger",401
AT,"Hutter",399
AT,"Gabriel",398
AT,"Mader",398
AT,"Haller",398
AT,"Hermann",395
AT,"Rath",394
AT,"Bischof",394
AT,"Sturm",393
AT,"Zechner",392
AT,"Feichtinger",391
AT,"Stöckl",391
AT,"Leitgeb",389
AT,"Nagy",389
AT,"Oswald",387
AT,"Neuhold",387
AT,"Ertl",387
AT,"Burger",385
AT,"Bichler",383
AT,"Pavlovic",380
AT,"Aydin",379
AT,"Ofner",378
AT,"Thurner",377
AT,"Prinz",376
AT,"Kastner",375
AT,"Can",374
AT,"Messner",371
AT,"Hartmann",370
AT,"Todorovic",369
AT,"Simon",369
AT,"Ma",369
AT,"Kreuzer",368
AT,"Stockinger",368
AT,"Haberl",367
AT,"Schauer",364
AT,"Burgstaller",364
AT,"Fröhlich",363
AT,"Bayer",363
AT,"Daniel",362
AT,"Berisha",360
AT,"Rauter",359
AT,"Stojanovic",358
AT,"Kraus",358
AT,"Bernhard",357
AT,"Knoll",355
AT,"Jankovic",353
AT,"Platzer",352
AT,"Kerschbaumer",351
AT,"Wien",350
AT,"Walch",350
AT,"Michael",349
AT,"Windisch",349
AT,"Edlinger",349
AT,"Singer",346
AT,"Kostic",345
AT,"Hölzl",345
AT,"Meyer",344
AT,"Ziegler",343
AT,"Schlager",343
AT,"Schreiner",342
AT,"Aslan",341
AT,"Stöger",339
AT,"Koc",338
AT,"Simic",338
AT,"Schweighofer",338
AT,"Frühwirth",337
AT,"Neumann",336
AT,"Peer",336
AT,"Weinberger",336
AT,"Ernst",334
AT,"Pucher",334
AT,"Unterberger",334
AT,"Polat",333
AT,"Friedrich",333
AT,"Raab",332
AT,"Scheiber",331
AT,"Wurzer",329
AT,"Schütz",327
AT,"Adam",326
AT,"Maierhofer",325
AT,"Reiterer",324
AT,"Ahmadi",323
AT,"Brandner",323
AT,"Thomas",322
AT,"Kovacevic",322
AT,"Deutsch",322
AT,"Stark",322
AT,"Schöpf",322
AT,"Langer",322
AT,"Wachter",322
AT,"Trummer",321
AT,"Leeb",321
AT,"Kröll",318
AT,"Renner",317
AT,"Schaffer",317
AT,"Sailer",316
AT,"Nagl",315
AT,"Varga",315
AT,"Geisler",314
AT,"Dorner",314
AT,"Na",312
AT,"Schatz",312
AT,"Simsek",311
AT,"Paul",311
AT,"Aichinger",311
AT,"Pilz",309
AT,"Kurt",308
AT,"Radosavljevic",308
AT,"Cetin",308
AT,"Ritter",307
AT,"Lenz",306
AT,"Neuwirth",306
AT,"Vogl",305
AT,"Savic",304
AT,"Lukic",302
AT,"Steger",301
AT,"Mühlbacher",300
AT,"Geiger",300
AT,"Rauscher",299
AT,"Gross",297
AT,"Hodzic",295
AT,"Reindl",294
AT,"Sattler",294
AT,"Hödl",293
AT,"Herbst",292
AT,"Li",291
AT,"Artner",290
AT,"Beck",290
AT,"Höfler",288
AT,"Schuh",288
AT,"Siegl",288
AT,"Schranz",286
AT,"Bader",285
AT,"Dietrich",284
AT,"Nowak",284
AT,"Markus",283
AT,"Schmied",282
AT,"Pühringer",282
AT,"Kiss",282
AT,"Tomic",281
AT,"Andreas",280
AT,"Ahmad",280
AT,"Wechselberger",280
AT,"Harrer",279
AT,"Eberl",278
AT,"Holzmann",277
AT,"Lamprecht",276
AT,"Schlögl",275
AT,"Spitzer",275
AT,"Burtscher",275
AT,"Mohamed",274
AT,"La",274
AT,"Schindler",273
AT,"Stern",272
AT,"Kellner",272
AT,"Ibrahim",271
AT,"Stanojevic",271
AT,"Anna",270
AT,"Moosbrugger",270
AT,"Humer",270
AT,"Eberharter",269
AT,"Schulz",269
AT,"Steurer",268
AT,"Gmeiner",267
AT,"Steinberger",267
AT,"David",264
AT,"Weidinger",264
AT,"Reichl",264
AT,"Luger",263
AT,"Plattner",263
AT,"Engel",262
AT,"Ko",262
AT,"Baier",262
AT,"Amon",262
AT,"Albrecht",261
AT,"Ra",261
AT,"Schiller",261
AT,"Krainer",261
AT,"Marie",260
AT,"Jan",259
AT,"Brenner",259
AT,"Buchegger",259
AT,"Stevanovic",258
AT,"Fürst",258
AT,"Mohammadi",256
AT,"Steinkellner",256
AT,"Sonnleitner",256
AT,"Probst",255
AT,"Kara",254
AT,"Buchner",254
AT,"Schneeberger",253
AT,"Gartner",253
AT,"Glatz",253
AT,"Gangl",253
AT,"Handler",253
AT,"Josef",252
AT,"Klug",252
AT,"Thaller",252
AT,"Eichinger",252
AT,"Hassan",251
AT,"Lukas",251
AT,"Walcher",251
AT,"Glaser",251
AT,"Steinwender",249
AT,"Kovacs",248
AT,"Doppler",248
AT,"Schreiber",247
AT,"Mustafa",246
AT,"Hirsch",246
AT,"Strauss",246
AT,"Ott",246
AT,"Urban",246
BE,"Peeters",7197
BE,"Janssens",6415
BE,"Maes",5576
BE,"Jacobs",4337
BE,"Mertens",3972
BE,"Willems",3917
BE,"Claes",3579
BE,"Wouters",3436
BE,"Goossens",3232
BE,"Dubois",3163
BE,"Vermeulen",2937
BE,"De Smet",2833
BE,"Hermans",2749
BE,"Pauwels",2734
BE,"Diallo",2721
BE,"Aerts",2689
BE,"Dupont",2654
BE,"Lambert",2545
BE,"El",2531
BE,"Ben",2492
BE,"Michiels",2450
BE,"Ali",2413
BE,"Martens",2364
BE,"Smets",2310
BE,"Martin",2302
BE,"Janssen",2204
BE,"Desmet",2197
BE,"De Vos",2167
BE,"Claeys",2089
BE,"Van Damme",2072
BE,"Devos",2037
BE,"Stevens",2034
BE,"Hendrickx",1977
BE,"De Clercq",1975
BE,"Simon",1889
BE,"Lemmens",1889
BE,"Segers",1866
BE,"Dhondt",1861
BE,"Van Den Broeck",1833
BE,"De Backer",1830
BE,"Laurent",1778
BE,"Van De Velde",1774
BE,"Michel",1754
BE,"Mohamed",1745
BE,"Coppens",1716
BE,"Denis",1710
BE,"David",1701
BE,"Khan",1670
BE,"Dumont",1669
BE,"Thomas",1668
BE,"Singh",1648
BE,"Leroy",1626
BE,"Ahmed",1625
BE,"Adam",1618
BE,"Verhoeven",1616
BE,"Bah",1590
BE,"Wauters",1564
BE,"Cools",1562
BE,"Smet",1528
BE,"Vdb",1495
BE,"Thys",1490
BE,"Declercq",1486
BE,"Renard",1480
BE,"Leclercq",1470
BE,"Lejeune",1460
BE,"Petit",1449
BE,"Mathieu",1400
BE,"Timmermans",1386
BE,"De Smedt",1383
BE,"Lenaerts",1380
BE,"De Wilde",1376
BE,"Yilmaz",1369
BE,"Cornelis",1367
BE,"De Cock",1361
BE,"De Meyer",1357
BE,"Baert",1351
BE,"Robert",1349
BE,"Verstraete",1348
BE,"Lambrechts",1348
BE,"Vandenberghe",1346
BE,"Verheyen",1341
BE,"Lauwers",1332
BE,"Geerts",1305
BE,"De Ridder",1300
BE,"De Pauw",1299
BE,"Bernard",1274
BE,"Bertrand",1271
BE,"Jansen",1270
BE,"Bosmans",1266
BE,"Bogaert",1263
BE,"Christiaens",1261
BE,"Lemaire",1251
BE,"Verbeke",1246
BE,"Vermeiren",1234
BE,"Van Den Bossche",1231
BE,"Pieters",1230
BE,"Verlinden",1227
BE,"Thijs",1211
BE,"Bauwens",1210
BE,"Barry",1203
BE,"Moens",1195
BE,"Charlier",1194
BE,"Beckers",1187
BE,"Deprez",1184
BE,"Claessens",1168
BE,"Legrand",1163
BE,"Verschueren",1159
BE,"Verstraeten",1147
BE,"Simons",1146
BE,"Wuyts",1142
BE,"Lefebvre",1133
BE,"Evrard",1131
BE,"Vermeersch",1131
BE,"Fontaine",1127
BE,"Carlier",1118
BE,"Van Dyck",1114
BE,"Bogaerts",1110
BE,"Gerard",1109
BE,"Vandamme",1104
BE,"Heylen",1102
BE,"Gielen",1097
BE,"François",1095
BE,"De Groote",1088
BE,"Louis",1078
BE,"Jacques",1068
BE,"Goethals",1061
BE,"Bxl",1045
BE,"Vandevelde",1045
BE,"Collard",1040
BE,"Kaya",1037
BE,"Verhaeghe",1037
BE,"Thiry",1032
BE,"Henry",1026
BE,"Van Hoof",1021
BE,"Lievens",1018
BE,"Dierckx",1011
BE,"Ceulemans",1007
BE,"Nijs",1003
BE,"Callens",998
BE,"Verhelst",991
BE,"Marchal",988
BE,"De Bruyn",985
BE,"Cuypers",979
BE,"Van Hecke",976
BE,"Pierre",975
BE,"Moreau",969
BE,"Delvaux",968
BE,"Van Den Bergh",963
BE,"Luyten",959
BE,"Van Acker",955
BE,"De Witte",944
BE,"Nys",938
BE,"Daems",930
BE,"Vervoort",924
BE,"Noel",923
BE,"Verhaegen",921
BE,"Mortier",921
BE,"De Coninck",919
BE,"Raes",917
BE,"Vercammen",913
BE,"Silva",913
BE,"Garcia",913
BE,"Peters",913
BE,"Mahieu",911
BE,"Matthys",910
BE,"Guillaume",909
BE,"Antoine",907
BE,"Herman",907
BE,"Francois",905
BE,"De Coster",905
BE,"De Bruyne",904
BE,"Verhulst",902
BE,"Olivier",899
BE,"Parmentier",899
BE,"Roels",899
BE,"Verbruggen",897
BE,"Somers",896
BE,"Andries",895
BE,"Van Hove",894
BE,"Vanneste",894
BE,"De Bock",893
BE,"Declerck",893
BE,"Dewulf",885
BE,"Vandewalle",883
BE,"De Winter",881
BE,"Verdonck",879
BE,"Jans",877
BE,"Smeets",876
BE,"Decock",871
BE,"Vercauteren",869
BE,"Bastin",868
BE,"De Decker",866
BE,"Swinnen",865
BE,"Claus",864
BE,"Vanhove",863
BE,"Santos",862
BE,"Leemans",862
BE,"Vercruysse",862
BE,"Nicolas",861
BE,"Vincent",860
BE,"Van Den Berghe",860
BE,"Huysmans",859
BE,"De Wolf",857
BE,"Lefevre",855
BE,"Coenen",851
BE,"Hubert",850
BE,"Baeyens",845
BE,"Verbeeck",839
BE,"Deckers",837
BE,"Servais",829
BE,"Vos",825
BE,"De Clerck",824
BE,"Smits",820
BE,"Rousseau",819
BE,"Moons",813
BE,"Remy",812
BE,"Geens",811
BE,"Toussaint",808
BE,"Verheyden",806
BE,"Nguyen",806
BE,"Engelen",802
BE,"Descamps",797
BE,"Joris",796
BE,"Bruxelles",795
BE,"Sterckx",792
BE,"Houben",792
BE,"Van Goethem",792
BE,"Maria",788
BE,"Van Daele",788
BE,"Marc",787
BE,"Demir",787
BE,"Engels",787
BE,"Gillet",784
BE,"De Keyser",783
BE,"Dierickx",778
BE,"Huybrechts",778
BE,"Collin",777
BE,"Temmerman",777
BE,"De Wit",775
BE,"Schepers",772
BE,"Philippe",771
BE,"Maertens",770
BE,"Sow",768
BE,"Lebrun",768
BE,"Vanhoutte",766
BE,"Meeus",764
BE,"Goffin",760
BE,"Lopez",759
BE,"De Boeck",756
BE,"Van Den Eynde",755
BE,"Reynders",750
BE,"Goris",749
BE,"Vandeputte",748
BE,"De Waele",748
BE,"Van Den Bosch",742
BE,"Cornet",741
BE,"Lacroix",740
BE,"Yildirim",736
BE,"Luyckx",735
BE,"Meert",733
BE,"Fernandez",733
BE,"Roland",731
BE,"Jan",730
BE,"Daniel",728
BE,"Bekaert",723
BE,"Boonen",723
BE,"Vandendriessche",723
BE,"Rodriguez",718
BE,"Driesen",716
BE,"Eeckhout",716
BE,"Piette",715
BE,"Vaes",715
BE,"Daniels",713
BE,"Georges",712
BE,"De Moor",710
BE,"Bollen",709
BE,"Lecomte",709
BE,"Marien",704
BE,"Massart",702
BE,"Dujardin",702
BE,"Vandaele",699
BE,"Vermeire",695
BE,"Nuyts",694
BE,"Libert",693
BE,"Debruyne",693
BE,"Schmitz",692
BE,"André",687
BE,"Decoster",687
BE,"Bracke",686
BE,"Van Den Brande",685
BE,"De Schepper",685
BE,"Michaux",684
BE,"De Laet",683
BE,"Vandenbussche",681
BE,"Yildiz",680
BE,"Helsen",677
BE,"Dewaele",677
BE,"Torfs",677
BE,"Ooms",676
BE,"Desmedt",675
BE,"Lambrecht",674
BE,"Baeten",671
BE,"Paul",670
BE,"Bourgeois",670
BE,"Vranken",668
BE,"Patrick",666
BE,"Hassan",664
BE,"Jacob",662
BE,"Heymans",661
BE,"Huyghe",661
BE,"Meunier",660
BE,"Vandenbroucke",659
BE,"Blomme",659
BE,"Gilles",657
BE,"Gonzalez",657
BE,"Lucas",653
BE,"Camara",652
BE,"Callewaert",647
BE,"De Jonghe",646
BE,"Bou",646
BE,"Poncelet",645
BE,"Van Looy",644
BE,"De Bie",644
BE,"De Greef",644
BE,"Verbist",643
BE,"Gilson",643
BE,"Gérard",639
BE,"Hardy",638
BE,"Boone",637
BE,"Leys",636
BE,"Vrancken",636
BE,"De Paepe",636
BE,"Ferreira",632
BE,"Van Camp",630
BE,"Rose",629
BE,"Dogan",629
BE,"Cuvelier",628
BE,"Verelst",626
BE,"Moerman",626
BE,"Bonte",624
BE,"Dhont",622
BE,"Piron",621
BE,"Everaert",619
BE,"Can",617
BE,"Etienne",616
BE,"Boulanger",616
BE,"Sanchez",614
BE,"Delhaye",612
BE,"Van Roy",610
BE,"Leysen",610
BE,"Schepens",609
BE,"Carpentier",607
BE,"Govaerts",606
BE,"Andre",605
BE,"Poppe",605
BE,"Marie",604
BE,"Ma",604
BE,"Van De Walle",600
BE,"Merckx",597
BE,"Mohammed",596
BE,"Sahin",596
BE,"Baetens",595
BE,"Costa",595
BE,"Hoste",595
BE,"Dufour",595
BE,"Luc",593
BE,"Tanghe",593
BE,"Masson",591
BE,"Leonard",591
BE,"Ba",590
BE,"Bodart",588
BE,"Colson",587
BE,"Naessens",585
BE,"Jonckheere",584
BE,"Mustafa",583
BE,"Gabriel",582
BE,"Van Herck",581
BE,"Wellens",578
BE,"Kara",577
BE,"Van Assche",577
BE,"Vanderstraeten",575
BE,"Van De Voorde",575
BE,"Cox",575
BE,"De Roeck",574
BE,"Noël",574
BE,"Collignon",572
BE,"Muller",571
BE,"Van Belle",571
BE,"Borremans",570
BE,"Kevin",569
BE,"Charles",569
BE,"Vandekerckhove",567
BE,"Van Laere",567
BE,"Abdel",564
BE,"Van Driessche",563
BE,"Vanderheyden",562
BE,"De Baets",562
BE,"De Maeyer",562
BE,"Adams",560
BE,"Momo",559
BG,"Ivanov",5068
BG,"Ivanova",4586
BG,"Georgiev",3683
BG,"Dimitrov",3508
BG,"Dimitrova",3355
BG,"Georgieva",3333
BG,"Иванова",2738
BG,"Иванов",2671
BG,"Petrov",2577
BG,"Petrova",2361
BG,"Nikolov",2132
BG,"Георгиева",2038
BG,"Димитрова",1980
BG,"Димитров",1922
BG,"Nikolova",1921
BG,"Георгиев",1915
BG,"Mehmed",1829
BG,"Hristov",1754
BG,"Todorov",1710
BG,"Ahmed",1630
BG,"Hristova",1605
BG,"Todorova",1567
BG,"Angelov",1522
BG,"Ali",1503
BG,"Iliev",1449
BG,"Петров",1419
BG,"Петрова",1392
BG,"Mustafa",1366
BG,"Vasilev",1309
BG,"Angelova",1284
BG,"Hasan",1279
BG,"Ilieva",1246
BG,"Atanasov",1242
BG,"Vasileva",1196
BG,"Petkov",1161
BG,"Marinov",1111
BG,"Atanasova",1104
BG,"Николова",1084
BG,"Николов",1080
BG,"Stoyanov",1063
BG,"Petkova",1026
BG,"Христова",987
BG,"Kolev",978
BG,"Христов",953
BG,"Stoyanova",944
BG,"Стоянов",935
BG,"Marinova",935
BG,"Stefanov",929
BG,"Стоянова",922
BG,"Тодорова",915
BG,"Тодоров",891
BG,"Koleva",875
BG,"Stefanova",869
BG,"Yordanov",836
BG,"Илиев",749
BG,"Илиева",748
BG,"Ismail",743
BG,"Yordanova",728
BG,"Borisov",727
BG,"Василев",724
BG,"Василева",704
BG,"Osman",672
BG,"Атанасова",668
BG,"Йорданова",660
BG,"Ангелов",651
BG,"Sali",650
BG,"Halil",646
BG,"Ангелова",636
BG,"Йорданов",632
BG,"Петков",631
BG,"Asenov",627
BG,"Popova",624
BG,"Атанасов",610
BG,"Popov",609
BG,"Borisova",606
BG,"Kostov",589
BG,"Колева",586
BG,"Маринова",585
BG,"Петкова",572
BG,"Dimov",570
BG,"Колев",569
BG,"Dimova",547
BG,"Маринов",546
BG,"Kostadinov",542
BG,"Asenova",536
BG,"Simeonov",530
BG,"Pavlova",524
BG,"Pavlov",520
BG,"Kostadinova",514
BG,"Kostova",504
BG,"Стефанова",490
BG,"Simeonova",478
BG,"Стефанов",457
BG,"Aleksandrov",452
BG,"Aleksandrova",441
BG,"Mehmedov",439
BG,"Mitev",439
BG,"Emin",424
BG,"Михайлов",417
BG,"Kirilov",415
BG,"Miteva",415
BG,"Mihailov",409
BG,"Mehmedova",392
BG,"Михайлова",391
BG,"Dobrev",390
BG,"Ahmedov",387
BG,"Mihaylov",385
BG,"Борисова",378
BG,"Stoqnov",376
BG,"Dobreva",371
BG,"Yusuf",371
BG,"Lazarov",367
BG,"Markov",366
BG,"Mihaylova",366
BG,"Spasov",365
BG,"Krastev",358
BG,"Andreev",356
BG,"Stoqnova",354
BG,"Борисов",350
BG,"Kirilova",349
BG,"Ahmedova",344
BG,"Mladenov",341
BG,"Markova",339
BG,"Radev",337
BG,"Spasova",330
BG,"Костадинов",329
BG,"Yusein",327
BG,"Кръстев",323
BG,"Александров",320
BG,"Александрова",320
BG,"Lazarova",316
BG,"Mihailova",313
BG,"Andreeva",313
BG,"Костадинова",311
BG,"Radeva",311
BG,"Mumun",311
BG,"Ramadan",310
BG,"Кръстева",309
BG,"Димов",308
BG,"Krasteva",305
BG,"Костова",304
BG,"Mladenova",299
BG,"Rusev",298
BG,"Yankov",297
BG,"Slavov",292
BG,"Димова",291
BG,"Костов",289
BG,"Ruseva",287
BG,"Kadir",287
BG,"Slavova",282
BG,"Yumer",281
BG,"Mustafov",279
BG,"Mehmet",277
BG,"Penev",274
BG,"Мехмед",272
BG,"Husein",270
BG,"Попова",269
BG,"Павлова",266
BG,"Попов",264
BG,"Peneva",264
BG,"Yanev",258
BG,"Bekir",256
BG,"Kirov",252
BG,"Павлов",250
BG,"Grigorov",250
BG,"Stanev",249
BG,"Adem",249
BG,"Aliev",248
BG,"Симеонова",248
BG,"Stanchev",248
BG,"Filipova",248
BG,"Salim",247
BG,"Симеонов",246
BG,"Kirova",246
BG,"Vladimirov",243
BG,"Can",242
BG,"Асенова",241
BG,"Vladimirova",238
BG,"Stoev",236
BG,"Mustafova",234
BG,"Ahmet",234
BG,"Ахмед",234
BG,"Filipov",233
BG,"Tomov",233
BG,"Yaneva",232
BG,"Митев",229
BG,"Hasanova",229
BG,"Minchev",228
BG,"Andonov",227
BG,"Penchev",226
BG,"Nedelchev",225
BG,"Milev",224
BG,"Grigorova",223
BG,"Uzunov",222
BG,"Velikov",221
BG,"Асенов",220
BG,"Stancheva",219
BG,"Savova",219
BG,"Добрев",218
BG,"Кирилов",218
BG,"Stoianov",217
BG,"Trifonova",216
BG,"Yankova",216
BG,"Andonova",215
BG,"Stoeva",214
BG,"Valchev",213
BG,"Митева",212
BG,"Savov",212
BG,"Добрева",211
BG,"Bogdanov",210
BG,"Nikolaeva",209
BG,"Velikova",208
BG,"Mincheva",207
BG,"Лазаров",206
BG,"Uzunova",205
BG,"Mitkov",204
BG,"Кирилова",204
BG,"Staneva",204
BG,"Trifonov",203
BG,"Antonov",203
BG,"Bonev",202
BG,"Hasanov",201
BG,"Genov",201
BG,"Alieva",201
BG,"Gospodinova",200
BG,"Stoilov",197
BG,"Kovachev",197
BG,"Velev",196
BG,"Zahariev",196
BG,"Ganchev",194
BG,"Pencheva",194
BG,"Янкова",193
BG,"Янков",191
BG,"Metodiev",191
BG,"Boneva",191
BG,"Iordanov",190
BG,"Manolov",189
BG,"Tomova",189
BG,"Iordanova",188
BG,"Zaharieva",188
BG,"Manolova",188
BG,"Doncheva",188
BG,"Shaban",188
BG,"Milanov",186
BG,"Янев",185
BG,"Gospodinov",185
BG,"Kovacheva",185
BG,"Murad",185
BG,"Tsvetkov",182
BG,"Цветков",181
BG,"Mileva",181
BG,"Ismailov",180
BG,"Славова",180
BG,"Stankov",180
BG,"Цветкова",180
BG,"Ibryam",180
BG,"Milanova",179
BG,"Stoianova",179
BG,"Радев",179
BG,"Peev",179
BG,"Марков",179
BG,"Nikolaev",178
BG,"Tanev",177
BG,"Arif",177
BG,"Андреева",176
BG,"Tsvetkova",175
BG,"Valcheva",175
BG,"Asan",175
BG,"Sabri",175
BG,"Terziev",174
BG,"Ganev",173
BG,"Minkov",173
BG,"Shopova",173
BG,"Rangelov",172
BG,"Русева",172
BG,"Aleksiev",172
BG,"Stoilova",172
BG,"Спасов",171
BG,"Маркова",171
BG,"Donchev",171
BG,"Alexandrova",171
BG,"Mutlu",171
BG,"Valkov",170
BG,"Genova",170
BG,"Dinev",168
BG,"Kamenov",168
BG,"Antonova",168
BG,"Bogdanova",168
BG,"Вълчев",167
BG,"Андреев",166
BG,"Suleyman",166
BG,"Tonev",165
BG,"Aleksieva",165
BG,"Bg",165
BG,"Мустафа",165
BG,"Enchev",164
BG,"Младенова",164
BG,"Вълчева",164
BG,"Gancheva",162
BG,"Alexandrov",161
BG,"Mitkova",160
BG,"Стойчева",159
BG,"Младенов",159
BG,"Киров",158
BG,"Лазарова",158
BG,"Panayotov",158
BG,"Станчев",157
BG,"Apostolov",157
BG,"Zlateva",157
BG,"Apostolova",157
BG,"Dineva",157
BG,"Ismailova",156
BG,"Радева",156
BG,"Stankova",156
BG,"Kamenova",156
BG,"Huseyin",156
BG,"Али",156
BG,"Stoychev",155
BG,"Velkov",154
BG,"Цветанов",154
BG,"Славов",154
BG,"Ibrahim",154
BG,"Velkova",153
BG,"Shopov",151
BG,"Panayotova",151
BG,"Rasim",151
BG,"Veleva",150
BG,"Metodieva",150
BG,"Станчева",149
BG,"Спасова",149
BG,"Terzieva",148
BG,"Slavcheva",148
BG,"Найденов",147
BG,"Пенева",147
BG,"Slavchev",147
BG,"Zlatev",147
BG,"Veli",147
BG,"Naydenov",146
BG,"Mirchev",145
BG,"Draganov",145
BG,"Янева",145
BG,"Стойчев",144
BG,"Cvetkov",144
BG,"Velichkov",144
BG,"Valkova",143
BG,"Пенев",142
BG,"Владимирова",142
BG,"Peeva",142
BG,"Genchev",142
BG,"Ignatov",141
BG,"Пенчева",141
BG,"Gencheva",141
BG,"Цветанова",141
BG,"Хасан",141
BG,"Krumov",140
BG,"Draganova",140
BG,"Найденова",139
BG,"Rangelova",139
BG,"Nedelcheva",139
BG,"Русев",138
BG,"Mitov",138
BG,"Stoycheva",137
BG,"Желязков",136
BG,"Jordanov",136
BG,"Toneva",136
BG,"Алексиева",136
BG,"Tenev",136
BG,"Sezgin",136
BG,"Redjeb",136
BG,"Krumova",135
BG,"Kanev",134
BG,"Ignatova",134
BG,"Taneva",134
BG,"Musa",134
BG,"Orhan",134
BG,"Mitova",133
BG,"Naidenov",132
BG,"Avramov",132
BG,"Григоров",131
BG,"Emilova",131
BG,"Mahmud",131
BG,"Akif",131
BG,"Minkova",130
BG,"Daskalova",130
BG,"Григорова",130
BG,"Jordanova",130
BG,"Cholakov",129
BG,"Goranov",129
BG,"Mircheva",129
BG,"Metin",129
BG,"Минчева",128
BG,"Cholakova",128
BG,"Emilov",128
BG,"Желев",127
BG,"Стоева",127
BG,"Минчев",127
BG,"Jelev",127
BG,"Николаева",127
BG,"Momo",127
BG,"Bayram",127
BR,"Silva",386552
BR,"Santos",230654
BR,"Oliveira",169554
BR,"Lima",121725
BR,"Souza",121658
BR,"Alves",116268
BR,"Rodrigues",109454
BR,"Sousa",95343
BR,"Ferreira",94113
BR,"Pereira",90724
BR,"Gomes",77102
BR,"Costa",61423
BR,"Martins",54298
BR,"Soares",53303
BR,"Ribeiro",51991
BR,"Maria",49133
BR,"Fernandes",48050
BR,"Nascimento",46725
BR,"Lopes",44931
BR,"Carvalho",44382
BR,"Almeida",43100
BR,"Vieira",41777
BR,"Araujo",41219
BR,"Da Silva",40029
BR,"Barbosa",39252
BR,"Henrique",34906
BR,"Rocha",34749
BR,"Andrade",32192
BR,"Nunes",30223
BR,"Freitas",30097
BR,"Gonçalves",29123
BR,"Dias",28955
BR,"Mendes",28753
BR,"Marques",28048
BR,"Cardoso",26251
BR,"Araújo",26162
BR,"Dos Santos",26090
BR,"Batista",25843
BR,"Melo",25580
BR,"Machado",24953
BR,"Santana",24113
BR,"Moreira",23823
BR,"Moura",23703
BR,"Ramos",22042
BR,"Junior",21673
BR,"Medeiros",21172
BR,"Carlos",21004
BR,"Bezerra",20655
BR,"Cristina",19921
BR,"Borges",19256
BR,"Morais",18246
BR,"Barros",17786
BR,"Teixeira",17762
BR,"Brito",17400
BR,"Monteiro",17147
BR,"Duarte",16646
BR,"Pinheiro",16484
BR,"Castro",16229
BR,"Farias",16090
BR,"Moraes",15950
BR,"Rosa",15581
BR,"Dantas",14740
BR,"Miranda",14344
BR,"Cavalcante",14199
BR,"Nogueira",13958
BR,"Reis",13748
BR,"Tavares",13076
BR,"Campos",12831
BR,"Silveira",12820
BR,"Cruz",12569
BR,"Leite",12472
BR,"Viana",12423
BR,"Garcia",12319
BR,"Maia",12278
BR,"Gabriel",12259
BR,"Jose",12230
BR,"Neto",12096
BR,"Felipe",12067
BR,"Luiz",11839
BR,"Filho",11743
BR,"Xavier",11491
BR,"De Souza",11369
BR,"Aparecida",11302
BR,"Sales",10964
BR,"Queiroz",10838
BR,"Macedo",10794
BR,"Amorim",10678
BR,"De Oliveira",10676
BR,"Mello",10439
BR,"Vasconcelos",10408
BR,"Coelho",10277
BR,"Siqueira",10188
BR,"Cordeiro",10097
BR,"Cunha",10065
BR,"Azevedo",9990
BR,"Paulo",9907
BR,"Aguiar",9829
BR,"Albuquerque",9824
BR,"Alencar",9791
BR,"Camargo",9765
BR,"Francisco",9761
BR,"Pires",9752
BR,"Felix",9714
BR,"Antonio",9677
BR,"Matos",9666
BR,"Lucas",9665
BR,"José",9663
BR,"Eduardo",9647
BR,"Paula",9507
BR,"Paiva",9420
BR,"Menezes",9366
BR,"Correia",9303
BR,"Sampaio",9273
BR,"Alexandre",9231
BR,"Maciel",9133
BR,"Augusto",9037
BR,"Amaral",9027
BR,"Torres",9002
BR,"Neves",8849
BR,"França",8637
BR,"Braga",8598
BR,"Roberto",8552
BR,"Jesus",8480
BR,"Freire",8171
BR,"Antunes",7964
BR,"Feitosa",7889
BR,"Leal",7888
BR,"Bueno",7448
BR,"Pedro",7364
BR,"Fernando",7239
BR,"Mota",7208
BR,"Cesar",7181
BR,"Correa",7161
BR,"Fonseca",7145
BR,"Victor",6902
BR,"Santiago",6811
BR,"Chaves",6730
BR,"Carneiro",6707
BR,"Lemos",6547
BR,"Cabral",6532
BR,"Ricardo",6489
BR,"Mesquita",6483
BR,"Guedes",6449
BR,"Abreu",6420
BR,"Lira",6417
BR,"Matias",6403
BR,"Vitor",6094
BR,"Lucia",5979
BR,"Vinicius",5896
BR,"Marcos",5884
BR,"Barreto",5866
BR,"Júnior",5806
BR,"De Lima",5695
BR,"Fernanda",5691
BR,"Magalhães",5687
BR,"Prado",5594
BR,"Vitoria",5502
BR,"Beatriz",5483
BR,"Vicente",5442
BR,"Pacheco",5426
BR,"Diniz",5381
BR,"Eduarda",5321
BR,"Guimarães",5289
BR,"Marinho",5287
BR,"Pontes",5221
BR,"Regina",5220
BR,"Goncalves",5204
BR,"Leandro",5114
BR,"Lourenço",5090
BR,"Miguel",5088
BR,"Muniz",5067
BR,"Padilha",5065
BR,"Sena",5015
BR,"Caetano",5011
BR,"Bernardo",5002
BR,"Rafael",4995
BR,"Kelly",4964
BR,"Holanda",4907
BR,"Arruda",4789
BR,"Assis",4766
BR,"Mendonça",4764
BR,"De Jesus",4740
BR,"Mariano",4737
BR,"Saraiva",4667
BR,"Dutra",4573
BR,"Pinto",4568
BR,"Luz",4540
BR,"Guilherme",4495
BR,"Vitória",4486
BR,"Lacerda",4455
BR,"Chagas",4448
BR,"Daniel",4443
BR,"Fagundes",4435
BR,"De Paula",4407
BR,"Nobre",4405
BR,"Aquino",4319
BR,"Paulino",4305
BR,"Caroline",4299
BR,"Ferraz",4268
BR,"Figueiredo",4210
BR,"Matheus",4194
BR,"Bastos",4156
BR,"Luis",4080
BR,"Candido",4069
BR,"Passos",4067
BR,"Franco",4054
BR,"Bento",4036
BR,"Domingos",4031
BR,"Bruno",3991
BR,"Lins",3949
BR,"Conceição",3938
BR,"Pessoa",3935
BR,"Vargas",3899
BR,"Mattos",3886
BR,"Rodrigo",3849
BR,"Clara",3847
BR,"Furtado",3809
BR,"Manoel",3804
BR,"Coutinho",3718
BR,"Paz",3717
BR,"Luiza",3707
BR,"Cavalcanti",3677
BR,"Linhares",3581
BR,"Teles",3567
BR,"Mateus",3525
BR,"Galdino",3517
BR,"Trindade",3503
BR,"Gustavo",3468
BR,"Damasceno",3446
BR,"Helena",3437
BR,"Braz",3407
BR,"Brandão",3397
BR,"Vidal",3328
BR,"Pedroso",3295
BR,"Veras",3292
BR,"Borba",3255
BR,"Lucena",3245
BR,"De Sousa",3242
BR,"Peixoto",3226
BR,"Aparecido",3225
BR,"Vaz",3222
BR,"Alberto",3212
BR,"Domingues",3212
BR,"Carla",3211
BR,"Corrêa",3210
BR,"Carolina",3133
BR,"Antônio",3116
BR,"Elias",3112
BR,"Barboza",3105
BR,"Anjos",3087
BR,"Oliver",3072
BR,"Jorge",3045
BR,"Marcelino",3041
BR,"Adriano",3017
BR,"Sillva",2952
BR,"Bandeira",2950
BR,"Goulart",2949
BR,"Galvão",2943
BR,"Motta",2938
BR,"Da Rosa",2937
BR,"Santtos",2915
BR,"Faria",2892
BR,"Da Costa",2890
BR,"Pimentel",2884
BR,"Magalhaes",2881
BR,"Fatima",2864
BR,"Evangelista",2863
BR,"Pjl",2862
BR,"Guimaraes",2860
BR,"Lisboa",2852
BR,"Bittencourt",2831
BR,"Bispo",2822
BR,"Douglas",2774
BR,"Inacio",2738
BR,"Porto",2693
BR,"Peres",2686
BR,"Sabino",2675
BR,"Salles",2675
BR,"Becker",2669
BR,"Portela",2646
BR,"César",2642
BR,"Moreno",2604
BR,"Barroso",2597
BR,"Meneses",2587
BR,"Veloso",2583
BR,"Tomaz",2563
BR,"Andre",2544
BR,"Ana",2535
BR,"Carmo",2515
BR,"André",2507
BR,"Rabelo",2499
BR,"Schneider",2483
BR,"Alcantara",2469
BR,"Pereira Da Silva",2440
BR,"Messias",2432
BR,"Muller",2428
BR,"Sergio",2395
BR,"Sanches",2393
BR,"Rezende",2377
BR,"Lara",2363
BR,"Flores",2362
BR,"Amaro",2353
BR,"Guerra",2341
BR,"Ferrari",2335
BR,"Mara",2331
BR,"Camilo",2331
BR,"Siilva",2323
BR,"Veiga",2323
BR,"Lino",2321
BR,"David",2310
BR,"Lemes",2303
BR,"Gonzaga",2301
BR,"Serafim",2291
BR,"Avelino",2279
BR,"Raquel",2277
BR,"Faustino",2273
BR,"Marcelo",2267
BR,"Leonardo",2265
BR,"Firmino",2244
BR,"Ventura",2230
BR,"Godoy",2224
BR,"Schmidt",2212
BR,"Anderson",2211
BR,"Fontenele",2185
BR,"Ramalho",2178
BR,"Luciano",2170
BR,"Silvestre",2167
BR,"Couto",2162
BR,"Da Cruz",2156
BR,"Santo",2136
BR,"Patricia",2129
BR,"Gabriela",2128
BR,"Félix",2121
BR,"Nonato",2071
BR,"Gama",2070
BR,"Teodoro",2065
BR,"Bonfim",2063
BR,"Francisca",2053
BR,"Ribas",2026
BR,"Hugo",2021
BR,"Sá",2015
BR,"Aragão",2010
BR,"Cardozo",1989
BR,"Gouveia",1959
BR,"Cezar",1952
BR,"Olivera",1946
BR,"Sobral",1940
BR,"Socorro",1939
BR,"Alcântara",1923
BR,"Paes",1915
BR,"Emanuel",1898
BR,"Diego",1897
BR,"Rufino",1896
BR,"Paixão",1870
BR,"Do Nascimento",1838
BR,"Do Carmo",1837
BR,"Novaes",1837
BR,"De Almeida",1826
BR,"Alves Da Silva",1821
BR,"Claudia",1810
BR,"Dos Anjos",1807
BR,"Rossi",1806
BR,"Franca",1795
BR,"Da Luz",1793
BR,"Julia",1779
BR,"Ferreira Da Silva",1772
BR,"Sobrinho",1765
BR,"Roque",1750
BR,"Custodio",1750
BR,"Fontes",1748
BR,"Brasil",1745
BR,"Branco",1744
BR,"Bernardes",1736
BR,"Neres",1734
BR,"Davi",1731
BR,"Mafra",1729
BR,"Honorato",1727
BR,"Silvia",1724
BR,"Salvador",1724
BR,"Alex",1709
BR,"Luna",1694
BR,"Rios",1691
BR,"Valentim",1690
BR,"João",1686
BR,"Flor",1684
BR,"Saldanha",1669
BR,"Ximenes",1667
BR,"Justino",1666
BR,"Roberta",1659
BR,"Assunção",1657
BR,"Varela",1656
BR,"Hoffmann",1644
BR,"Avila",1643
BR,"Novais",1635
BR,"Meira",1633
BR,"Dourado",1629
BR,"Simões",1628
BR,"Wagner",1626
BR,"Bitencourt",1622
BR,"Smith",1619
CA,"Singh",26413
CA,"Patel",14583
CA,"Smith",13151
CA,"Lee",12854
CA,"Gill",10310
CA,"Khan",10067
CA,"Wong",9748
CA,"Chan",8900
CA,"Kaur",8593
CA,"Brown",7637
CA,"Li",7214
CA,"Sharma",7028
CA,"Ali",6775
CA,"Nguyen",6373
CA,"Sandhu",6359
CA,"Sidhu",5781
CA,"Wang",5734
CA,"Chen",5670
CA,"Johnson",5628
CA,"Williams",5500
CA,"Ahmed",5326
CA,"Jones",4849
CA,"Kim",4702
CA,"Dhaliwal",4681
CA,"Brar",4661
CA,"Wilson",4642
CA,"Zhang",4589
CA,"Martin",4489
CA,"Liu",4471
CA,"Dhillon",4370
CA,"Thomas",4158
CA,"Lam",4041
CA,"Taylor",4037
CA,"Campbell",4001
CA,"Anderson",3811
CA,"Grewal",3792
CA,"Tran",3763
CA,"Miller",3615
CA,"Shah",3602
CA,"James",3582
CA,"Leung",3579
CA,"Ng",3552
CA,"Thompson",3542
CA,"Kumar",3523
CA,"Wu",3304
CA,"Joseph",3284
CA,"Marie",3260
CA,"Ho",3225
CA,"Macdonald",3098
CA,"White",3087
CA,"Young",3057
CA,"Scott",2906
CA,"Roy",2881
CA,"Garcia",2856
CA,"Cheung",2812
CA,"King",2807
CA,"Yang",2800
CA,"Yu",2794
CA,"Huang",2729
CA,"Lau",2711
CA,"Stewart",2662
CA,"Robinson",2648
CA,"Tremblay",2623
CA,"Reid",2557
CA,"Rose",2538
CA,"Clarke",2537
CA,"Lin",2504
CA,"Walker",2469
CA,"Mann",2444
CA,"Davis",2435
CA,"Lopez",2410
CA,"Rodriguez",2375
CA,"Moore",2374
CA,"Lewis",2367
CA,"Ma",2353
CA,"Mohamed",2276
CA,"Wright",2270
CA,"Ahmad",2265
CA,"Tang",2252
CA,"Jackson",2240
CA,"Paul",2206
CA,"Cheng",2193
CA,"Ross",2103
CA,"Santos",2078
CA,"Chow",2071
CA,"John",2070
CA,"Martinez",2069
CA,"Green",2048
CA,"Saini",2039
CA,"Clark",2028
CA,"Mitchell",2027
CA,"Peters",2018
CA,"Gagnon",2015
CA,"Hassan",2005
CA,"Kelly",1970
CA,"Murphy",1969
CA,"Park",1955
CA,"Chung",1935
CA,"Gonzalez",1925
CA,"Le",1923
CA,"Hernandez",1915
CA,"Randhawa",1899
CA,"Harris",1896
CA,"Johnston",1882
CA,"Leblanc",1877
CA,"Mcdonald",1864
CA,"Grant",1864
CA,"Malik",1859
CA,"Silva",1846
CA,"Edwards",1845
CA,"Bell",1840
CA,"Lo",1814
CA,"Roberts",1811
CA,"Hall",1804
CA,"Chang",1777
CA,"Allen",1773
CA,"George",1771
CA,"Murray",1771
CA,"Graham",1767
CA,"Baker",1753
CA,"Lai",1741
CA,"Watson",1728
CA,"Perez",1727
CA,"Hussain",1711
CA,"Elizabeth",1700
CA,"Rai",1694
CA,"Adams",1681
CA,"Kang",1677
CA,"Tam",1676
CA,"Friesen",1671
CA,"Gauthier",1669
CA,"Xu",1660
CA,"Lu",1660
CA,"Alexander",1657
CA,"Bains",1655
CA,"Chahal",1641
CA,"Francis",1635
CA,"Wood",1634
CA,"Tan",1632
CA,"Fraser",1630
CA,"Jean",1625
CA,"Hill",1625
CA,"Lynn",1607
CA,"Ibrahim",1605
CA,"Charles",1605
CA,"Gordon",1568
CA,"Cheema",1567
CA,"Morris",1566
CA,"Hamilton",1562
CA,"Kennedy",1561
CA,"Henry",1558
CA,"Mohammed",1557
CA,"Sanchez",1549
CA,"Arora",1544
CA,"Zhou",1542
CA,"Evans",1541
CA,"Choi",1537
CA,"David",1521
CA,"Nelson",1520
CA,"Cruz",1514
CA,"Morgan",1513
CA,"Phillips",1507
CA,"Chu",1502
CA,"Robertson",1499
CA,"Bennett",1487
CA,"Gupta",1479
CA,"Cooper",1478
CA,"Pereira",1470
CA,"Sun",1457
CA,"Marshall",1443
CA,"Zhao",1437
CA,"Reyes",1437
CA,"Morin",1407
CA,"Sekhon",1399
CA,"Morrison",1397
CA,"Turner",1395
CA,"Simpson",1393
CA,"Persaud",1392
CA,"Gray",1390
CA,"Pierre",1388
CA,"Lim",1375
CA,"Virk",1372
CA,"Black",1369
CA,"Yeung",1366
CA,"Wiebe",1363
CA,"Cameron",1362
CA,"Fernandes",1360
CA,"Ramirez",1351
CA,"Gomez",1346
CA,"Bailey",1342
CA,"Collins",1327
CA,"Mclean",1324
CA,"Carter",1320
CA,"Ryan",1306
CA,"Rahman",1303
CA,"Anne",1298
CA,"Shaw",1293
CA,"Pham",1292
CA,"Russell",1291
CA,"Parmar",1282
CA,"Armstrong",1276
CA,"Fung",1266
CA,"Parker",1265
CA,"Diaz",1262
CA,"Ferguson",1244
CA,"Johal",1240
CA,"Cook",1234
CA,"Richard",1232
CA,"Bouchard",1226
CA,"Klassen",1217
CA,"Hunter",1202
CA,"Syed",1188
CA,"Ward",1188
CA,"Huynh",1188
CA,"Ann",1182
CA,"Bajwa",1182
CA,"Verma",1177
CA,"Liang",1175
CA,"Torres",1171
CA,"Lavoie",1170
CA,"Toor",1163
CA,"Richards",1162
CA,"Pelletier",1151
CA,"Law",1150
CA,"Harrison",1148
CA,"Kwan",1147
CA,"Foster",1136
CA,"Davidson",1131
CA,"Richardson",1122
CA,"Flores",1121
CA,"Chiu",1121
CA,"Lawrence",1118
CA,"Deol",1116
CA,"Sahota",1116
CA,"Ferreira",1115
CA,"Ly",1112
CA,"Love",1109
CA,"Bhullar",1101
CA,"Ramos",1092
CA,"Hughes",1090
CA,"Elliott",1088
CA,"Zhu",1080
CA,"Gibson",1079
CA,"Rodrigues",1076
CA,"Tsang",1075
CA,"Ellis",1075
CA,"Fernandez",1069
CA,"Rogers",1064
CA,"Hu",1057
CA,"Douglas",1054
CA,"Dyck",1053
CA,"Sangha",1047
CA,"Walsh",1047
CA,"Castro",1047
CA,"Poirier",1043
CA,"Davies",1036
CA,"Mehta",1031
CA,"Henderson",1030
CA,"Landry",1026
CA,"Rana",1025
CA,"Bhatti",1024
CA,"Fisher",1021
CA,"Fortin",1017
CA,"Truong",1017
CA,"Castillo",1015
CA,"Brooks",1000
CA,"Chau",994
CA,"Dsouza",994
CA,"Boucher",983
CA,"Daniel",981
CA,"Hanna",981
CA,"Han",977
CA,"Michael",974
CA,"Bergeron",972
CA,"Canada",970
CA,"He",964
CA,"Shaikh",962
CA,"Thomson",962
CA,"Kay",960
CA,"Nicole",958
CA,"Mckenzie",957
CA,"Schmidt",957
CA,"Costa",948
CA,"Siddiqui",947
CA,"Robert",946
CA,"Gomes",944
CA,"Chowdhury",942
CA,"Mackenzie",941
CA,"Wallace",937
CA,"Harvey",932
CA,"Obrien",931
CA,"Joshi",930
CA,"Man",929
CA,"Mendoza",929
CA,"Cohen",928
CA,"Mcleod",923
CA,"Palmer",922
CA,"Mills",917
CA,"Oliveira",913
CA,"Mak",913
CA,"Cole",910
CA,"Jiang",908
CA,"Morales",906
CA,"Côté",906
CA,"Neufeld",905
CA,"Fournier",903
CA,"Zheng",902
CA,"Patterson",899
CA,"May",898
CA,"Yan",892
CA,"Mckay",891
CA,"Tse",890
CA,"Beaulieu",888
CA,"Penner",886
CA,"Girard",886
CA,"Sam",884
CA,"Reddy",883
CA,"Andrews",883
CA,"Stevens",880
CA,"Adam",876
CA,"Wall",876
CA,"Qureshi",868
CA,"Dee",868
CA,"Fox",867
CA,"Sheikh",865
CA,"Jay",864
CA,"Long",860
CA,"Chauhan",859
CA,"Mason",859
CA,"Kwok",858
CA,"Crawford",857
CA,"Cho",851
CA,"Song",850
CA,"Kerr",850
CA,"Rivera",848
CA,"Perry",848
CA,"Burke",848
CA,"Dixon",847
CA,"Simard",847
CA,"Bee",836
CA,"Matthews",834
CA,"Price",834
CA,"Mangat",827
CA,"Duncan",827
CA,"So",827
CA,"Lefebvre",826
CA,"Hunt",826
CA,"Thind",825
CA,"Alvarez",825
CA,"Omar",824
CA,"Lambert",821
CA,"Tong",821
CA,"Cote",819
CA,"Fong",819
CA,"Bernard",819
CA,"Knight",818
CA,"Lapointe",814
CA,"Fehr",811
CA,"Desai",806
CA,"Chin",804
CA,"Powell",803
CA,"Ha",798
CA,"Ngo",793
CA,"Abraham",792
CA,"Uppal",788
CA,"Gandhi",788
CA,"Chong",788
CA,"Butler",787
CA,"Simon",786
CA,"Su",786
CA,"Butt",784
CA,"Desjardins",784
CA,"Burns",782
CA,"Mac",782
CA,"Peterson",780
CA,"West",779
CA,"Iqbal",777
CA,"Guo",776
CA,"Hui",776
CA,"Jordan",772
CA,"Maria",769
CA,"Haddad",769
CA,"Saunders",769
CA,"Caron",768
CA,"Anthony",767
CA,"Levesque",767
CA,"Ko",763
CA,"Islam",762
CA,"Yuen",762
CA,"Amin",761
CA,"Hasan",760
CA,"Sinclair",760
CA,"Jain",759
CA,"Minhas",758
CA,"Au",757
CA,"Maclean",757
CA,"Kahlon",756
CA,"Yip",753
CA,"Thiessen",753
CA,"Mahmood",752
CH,"Müller",6165
CH,"Meier",4495
CH,"Silva",3939
CH,"Schmid",3582
CH,"Santos",3248
CH,"Ferreira",3112
CH,"Pereira",2843
CH,"Keller",2715
CH,"Schneider",2405
CH,"Weber",2386
CH,"Meyer",2231
CH,"Rodrigues",2198
CH,"Costa",2127
CH,"Steiner",2086
CH,"Oliveira",2065
CH,"Huber",2041
CH,"Fernandes",1957
CH,"Fischer",1867
CH,"Gerber",1801
CH,"Da Silva",1791
CH,"Krasniqi",1749
CH,"Lopes",1740
CH,"Brunner",1716
CH,"Frei",1704
CH,"Baumann",1663
CH,"Martins",1654
CH,"Pinto",1631
CH,"Ribeiro",1622
CH,"Moser",1619
CH,"Gomes",1606
CH,"Berisha",1602
CH,"Widmer",1586
CH,"Zimmermann",1585
CH,"Gashi",1520
CH,"Graf",1511
CH,"Martin",1493
CH,"Wyss",1430
CH,"Ali",1413
CH,"Berger",1400
CH,"Teixeira",1395
CH,"Marques",1381
CH,"Roth",1377
CH,"Alves",1361
CH,"Peter",1343
CH,"Almeida",1297
CH,"Baumgartner",1296
CH,"Sousa",1240
CH,"Studer",1230
CH,"Suter",1219
CH,"Kaufmann",1201
CH,"Bachmann",1168
CH,"Carvalho",1147
CH,"Bucher",1144
CH,"Kunz",1138
CH,"Garcia",1118
CH,"Hofer",1106
CH,"Lehmann",1087
CH,"Dias",1074
CH,"Marti",1066
CH,"Rodriguez",1064
CH,"Michel",1047
CH,"Bühler",1041
CH,"Koch",1022
CH,"Monteiro",993
CH,"Dos Santos",971
CH,"Christen",958
CH,"Cardoso",946
CH,"Frey",940
CH,"Lüthi",938
CH,"Egli",936
CH,"Mendes",926
CH,"Nguyen",918
CH,"Lopez",905
CH,"Soares",898
CH,"Maurer",878
CH,"Schweizer",877
CH,"Gasser",869
CH,"Pfister",859
CH,"Morina",856
CH,"Shala",849
CH,"Wenger",844
CH,"Fuchs",843
CH,"Arnold",840
CH,"Moreira",833
CH,"Correia",823
CH,"Koller",817
CH,"Bajrami",816
CH,"Gonçalves",816
CH,"Zürcher",815
CH,"Kohler",815
CH,"Burri",814
CH,"Stalder",812
CH,"Martinez",812
CH,"Favre",810
CH,"Daniel",797
CH,"Schmidt",785
CH,"Wüthrich",783
CH,"Egger",764
CH,"Fernandez",764
CH,"Ramadani",748
CH,"Leuenberger",747
CH,"Furrer",741
CH,"Hug",727
CH,"Maria",726
CH,"Rossi",725
CH,"Vieira",720
CH,"Hofmann",720
CH,"Perez",718
CH,"Bieri",717
CH,"Tanner",710
CH,"Blaser",709
CH,"Wagner",706
CH,"Hess",702
CH,"Hunziker",699
CH,"Hauser",698
CH,"Vogel",694
CH,"Gonzalez",689
CH,"Sutter",687
CH,"Thomas",685
CH,"Duarte",685
CH,"Ahmed",682
CH,"Ramos",679
CH,"Rey",676
CH,"Vogt",663
CH,"Ammann",656
CH,"Sanchez",652
CH,"Hartmann",635
CH,"Lang",619
CH,"Rexhepi",618
CH,"Machado",618
CH,"Mustafa",616
CH,"Rocha",616
CH,"Schwarz",614
CH,"Shabani",613
CH,"Zbinden",613
CH,"Zaugg",612
CH,"Sommer",611
CH,"Rüegg",603
CH,"Castro",601
CH,"Mueller",600
CH,"Siegenthaler",600
CH,"Hasler",596
CH,"Schär",589
CH,"Senn",585
CH,"Goncalves",584
CH,"Antonio",581
CH,"Cruz",579
CH,"Simon",577
CH,"Scheidegger",577
CH,"Weiss",577
CH,"Kälin",573
CH,"Stucki",573
CH,"Fankhauser",572
CH,"Muller",564
CH,"Schenk",561
CH,"Scherrer",560
CH,"Schuler",556
CH,"Da Costa",555
CH,"Michael",553
CH,"Osmani",551
CH,"Imhof",551
CH,"Portmann",549
CH,"Gisler",548
CH,"Wolf",543
CH,"Bernasconi",541
CH,"Jovanovic",538
CH,"Beck",538
CH,"Flückiger",537
CH,"Odermatt",535
CH,"Schwab",535
CH,"Lima",529
CH,"Ademi",527
CH,"Khan",526
CH,"Walter",523
CH,"Jost",521
CH,"Mohamed",520
CH,"Gomez",520
CH,"Ackermann",520
CH,"Seiler",520
CH,"Schumacher",516
CH,"Nunes",511
CH,"Giger",510
CH,"David",508
CH,"Fonseca",506
CH,"Liechti",504
CH,"Bruno",503
CH,"Zehnder",503
CH,"Schaller",503
CH,"Petrovic",500
CH,"Manuel",498
CH,"Diallo",496
CH,"Meister",496
CH,"Walker",494
CH,"Coelho",490
CH,"Staub",487
CH,"Weibel",486
CH,"Kastrati",484
CH,"Wittwer",482
CH,"Küng",481
CH,"Schärer",480
CH,"Richard",479
CH,"Hofstetter",478
CH,"Marco",477
CH,"Ibrahim",477
CH,"Stocker",477
CH,"Russo",475
CH,"Aliu",473
CH,"Kuhn",471
CH,"Zh",470
CH,"Barbosa",470
CH,"Ferrari",470
CH,"Haas",470
CH,"Rochat",468
CH,"Marty",467
CH,"Herzog",467
CH,"Schnyder",462
CH,"Smith",460
CH,"Blanc",457
CH,"Steiger",456
CH,"Hasani",455
CH,"Kaiser",453
CH,"Hoti",452
CH,"Ch",451
CH,"Demir",451
CH,"Tran",450
CH,"Yilmaz",449
CH,"Tobler",447
CH,"Grob",447
CH,"Reis",447
CH,"Ulrich",441
CH,"Stadelmann",441
CH,"Sulejmani",440
CH,"Gloor",440
CH,"Kessler",439
CH,"Tavares",439
CH,"Bosshard",437
CH,"Lutz",437
CH,"Bolliger",434
CH,"Pittet",434
CH,"Locher",433
CH,"Lüscher",429
CH,"Stutz",429
CH,"Selimi",427
CH,"Cunha",427
CH,"Kryeziu",426
CH,"Lee",426
CH,"Bianchi",425
CH,"Bischof",424
CH,"Bytyqi",421
CH,"Stettler",421
CH,"Neves",420
CH,"Pires",418
CH,"Freitas",417
CH,"Hostettler",417
CH,"Singh",416
CH,"Ziegler",415
CH,"Sieber",414
CH,"Benz",414
CH,"Batista",412
CH,"Walther",411
CH,"Rohner",409
CH,"Braun",408
CH,"Stauffer",406
CH,"Steffen",406
CH,"Yildiz",405
CH,"Schmutz",405
CH,"Mathys",404
CH,"Stefan",403
CH,"Lanz",403
CH,"Glauser",403
CH,"Graber",402
CH,"Röthlisberger",401
CH,"Eichenberger",401
CH,"Patrick",400
CH,"Hassan",400
CH,"Kaya",400
CH,"Reber",400
CH,"Zwahlen",400
CH,"Betschart",398
CH,"Torres",398
CH,"Borges",396
CH,"Krebs",395
CH,"Bader",395
CH,"Willi",394
CH,"Haller",393
CH,"Nikolic",389
CH,"Matos",389
CH,"Rosa",387
CH,"Aebi",386
CH,"Bauer",386
CH,"Nussbaumer",386
CH,"Kuster",386
CH,"Siegrist",385
CH,"Wicki",384
CH,"Jakob",384
CH,"Jashari",382
CH,"Blum",382
CH,"Ahmeti",381
CH,"Rohrer",381
CH,"Gabriel",380
CH,"Sigrist",378
CH,"Markovic",378
CH,"Eugster",377
CH,"Friedli",377
CH,"Probst",377
CH,"Aeschlimann",377
CH,"Ismaili",375
CH,"Robert",375
CH,"Andrade",375
CH,"Jenni",374
CH,"Steinmann",374
CH,"Antunes",374
CH,"Sadiku",373
CH,"Romano",373
CH,"Dubois",371
CH,"Mehmeti",369
CH,"Sahin",369
CH,"Fontana",367
CH,"Ryser",365
CH,"Merz",364
CH,"Azevedo",363
CH,"Jäger",363
CH,"Li",363
CH,"Thaqi",361
CH,"Clerc",360
CH,"Gross",359
CH,"Wehrli",359
CH,"Wirth",359
CH,"Mathis",359
CH,"Christian",358
CH,"Ott",358
CH,"Häfliger",356
CH,"Heiniger",356
CH,"Fässler",356
CH,"Käser",356
CH,"Hirschi",355
CH,"Winkler",355
CH,"Bühlmann",354
CH,"Ritter",353
CH,"Figueiredo",352
CH,"Alvarez",352
CH,"Stöckli",351
CH,"Araujo",351
CH,"Ibrahimi",350
CH,"Brügger",350
CH,"Wirz",350
CH,"Ernst",349
CH,"Burkhalter",349
CH,"Diaz",349
CH,"Ilic",349
CH,"Schaub",349
CH,"Trachsel",349
CH,"Rossier",348
CH,"Miranda",348
CH,"Erni",345
CH,"Imeri",343
CH,"Kern",343
CH,"Forster",343
CH,"Eberle",342
CH,"Bigler",342
CH,"Ahmadi",341
CH,"Messerli",341
CH,"Hoxha",340
CH,"König",340
CH,"Arifi",339
CH,"Schlegel",339
CH,"Etter",339
CH,"Miguel",335
CH,"Landolt",335
CH,"Wild",335
CH,"Emini",333
CH,"Iseli",333
CH,"Werner",332
CH,"Dietrich",330
CH,"Balmer",330
CH,"Hermann",330
CH,"Carlos",329
CH,"Amstutz",329
CH,"Flury",329
CH,"Mettler",329
CH,"Markus",328
CH,"Knecht",328
CH,"Eggenberger",327
CH,"Iseni",326
CH,"Zeller",326
CH,"Schütz",326
CH,"Morais",326
CH,"Herrmann",326
CH,"Jordan",326
CH,"Gut",326
CH,"Rizzo",325
CH,"Blatter",325
CH,"Salzmann",324
CH,"Iten",324
CH,"Jan",322
CH,"Thoma",321
CH,"Jäggi",321
CH,"Zingg",320
CH,"Tesfay",319
CH,"Bürgi",319
CL,"Gonzalez",59974
CL,"Muñoz",55860
CL,"Rojas",44635
CL,"Diaz",36359
CL,"Perez",33087
CL,"Contreras",30158
CL,"Soto",28455
CL,"Morales",26967
CL,"Torres",26357
CL,"Silva",25929
CL,"Castillo",25711
CL,"Rodriguez",25650
CL,"Martinez",25223
CL,"Lopez",24800
CL,"Flores",24499
CL,"Fuentes",23805
CL,"Reyes",22995
CL,"Valenzuela",22893
CL,"Araya",22671
CL,"Castro",22505
CL,"Espinoza",22487
CL,"Sepulveda",21556
CL,"Vargas",20946
CL,"Hernandez",20742
CL,"Ramirez",20525
CL,"Herrera",18557
CL,"Alvarez",18467
CL,"Sanchez",17763
CL,"Gutierrez",17715
CL,"Carrasco",17684
CL,"Tapia",17535
CL,"Vergara",16379
CL,"Fernandez",16370
CL,"Vasquez",16264
CL,"Gomez",16160
CL,"González",15941
CL,"Rivera",15798
CL,"Jara",15767
CL,"Cortes",15202
CL,"Riquelme",15156
CL,"Garcia",14941
CL,"Figueroa",14799
CL,"Miranda",14617
CL,"Sandoval",14118
CL,"Bravo",14103
CL,"Molina",14023
CL,"Nuñez",13574
CL,"Vera",13507
CL,"Campos",13167
CL,"Vega",12867
CL,"Orellana",12813
CL,"Gallardo",12719
CL,"Salazar",12652
CL,"Ortiz",12604
CL,"Romero",12552
CL,"Olivares",12422
CL,"Garrido",12238
CL,"Aguilera",11612
CL,"Saavedra",11464
CL,"Ignacio",11371
CL,"Parra",11202
CL,"Andrea",11165
CL,"Pizarro",10725
CL,"Navarro",10702
CL,"Escobar",10656
CL,"Aravena",10619
CL,"Ruiz",10521
CL,"Godoy",10497
CL,"Peña",10483
CL,"Medina",10443
CL,"Vidal",10246
CL,"Zuñiga",10060
CL,"Leiva",10011
CL,"Salinas",9838
CL,"Moreno",9811
CL,"Andres",9526
CL,"Guzman",9460
CL,"Maldonado",9342
CL,"Lagos",9320
CL,"Alarcon",9228
CL,"Henriquez",8815
CL,"Carvajal",8743
CL,"Bustamante",8698
CL,"Paredes",8671
CL,"Ortega",8526
CL,"Ramos",8495
CL,"Bustos",8462
CL,"Alvarado",8454
CL,"Jimenez",8416
CL,"Palma",8322
CL,"Guerrero",8250
CL,"Sanhueza",8231
CL,"Donoso",8176
CL,"Mora",8167
CL,"Acevedo",8112
CL,"Navarrete",8100
CL,"Pino",8094
CL,"Caceres",8060
CL,"Poblete",8011
CL,"Toledo",7997
CL,"Venegas",7932
CL,"Alejandra",7925
CL,"Yañez",7904
CL,"Valdes",7899
CL,"Cardenas",7658
CL,"Pinto",7658
CL,"Rivas",7630
CL,"Quezada",7592
CL,"Salas",7561
CL,"Arriagada",7525
CL,"Acuña",7508
CL,"Toro",7382
CL,"Gonzales",7350
CL,"Aguilar",7329
CL,"Alejandro",7273
CL,"Arancibia",7205
CL,"Arias",7195
CL,"Cabrera",7082
CL,"Hidalgo",7024
CL,"Saez",6869
CL,"Farias",6839
CL,"Troncoso",6829
CL,"Osorio",6824
CL,"Cornejo",6783
CL,"Correa",6762
CL,"Inostroza",6693
CL,"Ulloa",6596
CL,"Pérez",6582
CL,"Rios",6549
CL,"Lara",6533
CL,"Mendez",6475
CL,"Villarroel",6472
CL,"Delgado",6398
CL,"Villalobos",6383
CL,"Pacheco",6341
CL,"Velasquez",6307
CL,"Cifuentes",6241
CL,"Ojeda",6168
CL,"Rodríguez",6157
CL,"Ponce",6144
CL,"Burgos",6114
CL,"Díaz",6076
CL,"Cerda",5991
CL,"Marin",5980
CL,"Hernández",5936
CL,"Barrera",5920
CL,"López",5896
CL,"Cuevas",5889
CL,"Salgado",5874
CL,"Mendoza",5872
CL,"Paz",5868
CL,"Duran",5816
CL,"Moya",5719
CL,"Zapata",5713
CL,"Astudillo",5709
CL,"Aguirre",5648
CL,"Guerra",5645
CL,"Valencia",5644
CL,"Sepúlveda",5590
CL,"Chavez",5588
CL,"Leon",5587
CL,"Fernández",5519
CL,"Cruz",5517
CL,"Valdivia",5459
CL,"San Martin",5453
CL,"Alfaro",5449
CL,"Uribe",5399
CL,"Antonio",5377
CL,"Pereira",5236
CL,"Gajardo",5189
CL,"Andrade",5175
CL,"Jorquera",5171
CL,"Ahumada",5163
CL,"Martínez",5135
CL,"Avila",5116
CL,"Retamal",5046
CL,"Villegas",5029
CL,"Meza",5024
CL,"Neira",5014
CL,"Valdebenito",4998
CL,"Becerra",4959
CL,"Calderon",4951
CL,"Lobos",4926
CL,"Pavez",4909
CL,"Barrientos",4890
CL,"Araneda",4869
CL,"Gutiérrez",4822
CL,"Urrutia",4777
CL,"Moraga",4761
CL,"Canales",4743
CL,"Barraza",4708
CL,"Concha",4694
CL,"Sánchez",4669
CL,"Mancilla",4666
CL,"Mardones",4664
CL,"Mella",4658
CL,"Leal",4650
CL,"Barria",4601
CL,"Abarca",4591
CL,"Quiroz",4570
CL,"Mansilla",4556
CL,"Riveros",4529
CL,"Catalan",4482
CL,"Albornoz",4460
CL,"Gatica",4459
CL,"Vallejos",4445
CL,"Baeza",4414
CL,"Ignacia",4400
CL,"Fuentealba",4368
CL,"Santander",4363
CL,"Rebolledo",4336
CL,"Pierre",4319
CL,"Solis",4318
CL,"Ibarra",4265
CL,"Gaete",4242
CL,"Fuenzalida",4241
CL,"Guajardo",4226
CL,"Cid",4179
CL,"Cisternas",4132
CL,"Caro",4122
CL,"Carrillo",4074
CL,"Joseph",4064
CL,"Zamora",4056
CL,"Carcamo",4022
CL,"Varas",4001
CL,"Ramírez",3989
CL,"Galvez",3945
CL,"Gómez",3918
CL,"Opazo",3911
CL,"Carreño",3908
CL,"Pardo",3884
CL,"Suarez",3831
CL,"Manriquez",3722
CL,"Santana",3682
CL,"Barra",3679
CL,"Fernanda",3665
CL,"Zamorano",3585
CL,"Rubio",3582
CL,"Robles",3574
CL,"Arenas",3568
CL,"Vásquez",3530
CL,"Cordova",3517
CL,"Villanueva",3505
CL,"Cortez",3504
CL,"Montecinos",3481
CL,"Santibañez",3473
CL,"Cancino",3469
CL,"Meneses",3427
CL,"Berrios",3421
CL,"Briones",3415
CL,"Rosales",3408
CL,"Belen",3397
CL,"Mena",3396
CL,"García",3395
CL,"Roa",3389
CL,"Vilches",3387
CL,"Jaramillo",3369
CL,"Palacios",3357
CL,"Maturana",3350
CL,"Plaza",3349
CL,"Jean",3341
CL,"Veliz",3325
CL,"Parada",3317
CL,"Oyarzun",3294
CL,"Peralta",3266
CL,"Huerta",3262
CL,"Zambrano",3223
CL,"Astorga",3218
CL,"Ayala",3200
CL,"Andrés",3198
CL,"Marquez",3198
CL,"Guzmán",3186
CL,"Galaz",3170
CL,"Hermosilla",3145
CL,"Luna",3134
CL,"Monsalve",3129
CL,"Oyarzo",3108
CL,"Aguayo",3094
CL,"Tobar",3089
CL,"Espinosa",3053
CL,"Cabezas",3048
CL,"Marchant",3043
CL,"Cortés",3036
CL,"Gallegos",3032
CL,"Avendaño",3013
CL,"Riffo",3010
CL,"Padilla",3008
CL,"Cofre",2974
CL,"Lillo",2959
CL,"Alarcón",2932
CL,"Montenegro",2912
CL,"Suazo",2905
CL,"Lizama",2897
CL,"Arce",2894
CL,"Quintana",2881
CL,"Carmona",2861
CL,"Antonia",2859
CL,"Almonacid",2859
CL,"Leyton",2856
CL,"Duarte",2841
CL,"Mamani",2840
CL,"Norambuena",2827
CL,"Roman",2824
CL,"Beltran",2815
CL,"Mellado",2802
CL,"Galleguillos",2799
CL,"Urra",2791
CL,"Rubilar",2789
CL,"Esteban",2787
CL,"Arevalo",2762
CL,"Altamirano",2761
CL,"Barrios",2746
CL,"Hurtado",2720
CL,"Benavides",2713
CL,"Seguel",2708
CL,"Osses",2706
CL,"Candia",2704
CL,"Ibañez",2703
CL,"Serrano",2698
CL,"Javier",2692
CL,"Alexis",2685
CL,"Novoa",2683
CL,"Bastias",2659
CL,"Cartes",2653
CL,"Faundez",2653
CL,"Olguin",2627
CL,"Cisterna",2626
CL,"Constanza",2608
CL,"Alonso",2598
CL,"Garces",2589
CL,"Loyola",2579
CL,"Varela",2579
CL,"Madrid",2570
CL,"Cabello",2570
CL,"Segovia",2566
CL,"Cáceres",2566
CL,"Montero",2558
CL,"Matus",2553
CL,"Verdugo",2541
CL,"Bahamondes",2539
CL,"Mondaca",2531
CL,"Hormazabal",2530
CL,"Merino",2530
CL,"Segura",2510
CL,"Oliva",2506
CL,"Jofre",2500
CL,"Aranda",2476
CL,"Jerez",2466
CL,"Arellano",2452
CL,"Brito",2443
CL,"Eduardo",2415
CL,"Valderrama",2400
CL,"Ferrada",2391
CL,"Martin",2389
CL,"Briceño",2389
CL,"Urbina",2385
CL,"Belén",2375
CL,"Alexander",2373
CL,"Aedo",2367
CL,"Cea",2333
CL,"Acosta",2318
CL,"Núñez",2305
CL,"Olave",2292
CL,"Jiménez",2278
CL,"Maureira",2273
CL,"Álvarez",2250
CL,"Barahona",2249
CL,"Villagra",2239
CL,"Rosas",2234
CL,"Elgueta",2231
CL,"Fierro",2203
CL,"Lorca",2203
CL,"Cordero",2202
CL,"Montoya",2195
CL,"Valdés",2190
CL,"Matamala",2187
CL,"Estay",2184
CL,"Casanova",2164
CL,"Santos",2156
CL,"Aburto",2152
CL,"Vivanco",2150
CL,"Trujillo",2148
CL,"Lizana",2137
CL,"Oyarce",2132
CL,"Gamboa",2130
CL,"Vicencio",2129
CL,"Nicolas",2118
CL,"Belmar",2114
CL,"Zepeda",2113
CL,"Villa",2092
CL,"Echeverria",2077
CL,"Angel",2066
CL,"Letelier",2063
CL,"Pasten",2042
CL,"Alegria",2042
CL,"Lazo",2040
CL,"Ordenes",2034
CL,"León",2007
CL,"Ovalle",1990
CL,"Marambio",1982
CN,"Wang",20128
CN,"Zhang",19299
CN,"Chen",17221
CN,"Liu",14720
CN,"Li",14124
CN,"Lee",11553
CN,"Huang",9205
CN,"Wu",9125
CN,"Yang",8752
CN,"Xu",7717
CN,"Lin",5972
CN,"Chan",5784
CN,"Zhou",5679
CN,"Wong",5506
CN,"Zhao",5132
CN,"Yu",4963
CN,"Zhu",4898
CN,"Sun",4357
CN,"Hu",4218
CN,"Lu",3978
CN,"Zheng",3709
CN,"Jiang",3662
CN,"Ma",3592
CN,"He",3405
CN,"Guo",3098
CN,"Tang",3040
CN,"Luo",2875
CN,"Liang",2841
CN,"Gao",2817
CN,"Xie",2683
CN,"Shen",2504
CN,"Wei",2380
CN,"Yan",2372
CN,"Cheng",2326
CN,"Shi",2271
CN,"Feng",2158
CN,"Ye",2155
CN,"Zeng",2127
CN,"Cai",2125
CN,"Deng",2061
CN,"Pan",2053
CN,"Lau",2028
CN,"Peng",2010
CN,"Song",2005
CN,"Xiao",1896
CN,"Su",1846
CN,"Yuan",1799
CN,"Han",1759
CN,"Leung",1741
CN,"Zhong",1737
CN,"Ho",1727
CN,"Tan",1725
CN,"Cao",1694
CN,"Fu",1665
CN,"Cheung",1654
CN,"Yao",1631
CN,"Jin",1620
CN,"Fan",1604
CN,"Dong",1555
CN,"Ding",1503
CN,"Fang",1484
CN,"Gu",1340
CN,"Qiu",1338
CN,"Du",1325
CN,"Lai",1324
CN,"Yin",1304
CN,"Liao",1287
CN,"Lam",1227
CN,"Wen",1218
CN,"Dai",1216
CN,"Chang",1196
CN,"Tian",1168
CN,"Xia",1124
CN,"Qin",1110
CN,"Ren",1090
CN,"Chow",1049
CN,"Zou",1039
CN,"Cui",997
CN,"Hong",953
CN,"Meng",914
CN,"Ng",914
CN,"Gong",913
CN,"Qian",909
CN,"Mao",891
CN,"Chu",891
CN,"Ji",889
CN,"Xue",883
CN,"Lv",854
CN,"Jia",830
CN,"Xiong",817
CN,"Wan",813
CN,"Young",806
CN,"Kong",796
CN,"Qi",791
CN,"Hou",785
CN,"Khan",784
CN,"Lei",774
CN,"Yi",749
CN,"Tao",727
CN,"Tong",726
CN,"Shao",713
CN,"Chou",706
CN,"Guan",698
CN,"Bai",682
CN,"Mo",659
CN,"Xiang",645
CN,"Long",615
CN,"Ou",595
CN,"Hao",583
CN,"Ni",575
CN,"Jack",565
CN,"Lan",561
CN,"Pang",555
CN,"Bao",552
CN,"Zhan",549
CN,"Duan",548
CN,"Zhuang",548
CN,"Chung",546
CN,"Tse",544
CN,"Law",538
CN,"Ge",538
CN,"King",530
CN,"Yeung",530
CN,"Yip",521
CN,"Ling",515
CN,"Choi",514
CN,"Lo",510
CN,"Hsu",496
CN,"Kang",490
CN,"You",481
CN,"Ali",477
CN,"Tsang",472
CN,"Qu",468
CN,"Xing",457
CN,"Fung",455
CN,"Tam",453
CN,"Kwok",448
CN,"Yue",437
CN,"Lou",436
CN,"Jing",433
CN,"David",432
CN,"Woo",429
CN,"Ke",420
CN,"Kim",419
CN,"Hua",415
CN,"Ying",411
CN,"Mai",405
CN,"Miao",402
CN,"Chiu",398
CN,"Hui",393
CN,"Jason",386
CN,"An",382
CN,"Niu",381
CN,"Weng",379
CN,"Tu",378
CN,"Sheng",373
CN,"Xin",372
CN,"Smith",367
CN,"China",365
CN,"Lyu",364
CN,"Shan",364
CN,"John",357
CN,"Mei",348
CN,"Nie",345
CN,"Gan",344
CN,"Kevin",342
CN,"Leo",338
CN,"Shang",336
CN,"Shu",331
CN,"Tsui",329
CN,"James",327
CN,"Lim",325
CN,"Qiao",320
CN,"Shaw",320
CN,"Ruan",319
CN,"Lian",314
CN,"Xi",311
CN,"Ouyang",306
CN,"Amy",305
CN,"Andy",305
CN,"Michael",304
CN,"Zuo",304
CN,"Kuang",299
CN,"Alex",298
CN,"Chao",292
CN,"Mu",292
CN,"Fong",290
CN,"Chi",290
CN,"Tsai",288
CN,"Zhai",284
CN,"Fei",283
CN,"Ning",281
CN,"Eric",278
CN,"Jiao",277
CN,"Ahmed",275
CN,"Lily",268
CN,"Singh",268
CN,"Tony",266
CN,"Sunny",263
CN,"Alice",259
CN,"Mak",258
CN,"Teng",257
CN,"Yuen",255
CN,"Peter",251
CN,"Bian",246
CN,"Lisa",243
CN,"Poon",243
CN,"Geng",239
CN,"Hwang",237
CN,"Frank",236
CN,"Kwan",236
CN,"Sam",233
CN,"Chai",232
CN,"Rong",230
CN,"Chiang",230
CN,"Bi",228
CN,"Rao",227
CN,"Anna",226
CN,"Linda",222
CN,"Chong",222
CN,"Min",218
CN,"So",218
CN,"Jenny",217
CN,"Kumar",217
CN,"Allen",215
CN,"Mok",215
CN,"Hung",215
CN,"Tina",214
CN,"Ju",213
CN,"Huo",211
CN,"Lao",210
CN,"Ko",209
CN,"Pei",208
CN,"Ai",203
CN,"Jian",203
CN,"Jane",202
CN,"Au",202
CN,"Ming",199
CN,"Ting",198
CN,"Zhuo",195
CN,"Joe",193
CN,"William",191
CN,"Man",191
CN,"Xian",191
CN,"Steven",190
CN,"Mi",187
CN,"Chris",186
CN,"Le",184
CN,"Mike",183
CN,"Zhen",182
CN,"Tom",180
CN,"Wendy",175
CN,"Grace",175
CN,"May",175
CN,"Yau",174
CN,"Nancy",173
CN,"Dan",173
CN,"Mark",172
CN,"Quan",171
CN,"Pu",171
CN,"Vicky",169
CN,"Cherry",168
CN,"Ben",168
CN,"Si",166
CN,"Daniel",165
CN,"Jie",165
CN,"Yong",164
CN,"Jessica",163
CN,"Jerry",163
CN,"Zhi",163
CN,"Chau",162
CN,"Hoo",160
CN,"Cen",159
CN,"Siu",159
CN,"欧阳",158
CN,"Sharma",157
CN,"Jun",157
CN,"Sui",157
CN,"Jacky",156
CN,"Hair",156
CN,"Ahmad",154
CN,"Chin",152
CN,"Emily",151
CN,"Kelly",151
CN,"White",149
CN,"Xuan",147
CN,"Cho",147
CN,"Paul",146
CN,"Lynn",145
CN,"Qing",145
CN,"Johnson",144
CN,"Tai",144
CN,"Bruce",143
CN,"Helen",143
CN,"Candy",141
CN,"Mohamed",141
CN,"Van",141
CN,"Lui",140
CN,"Cindy",139
CN,"Bo",139
CN,"Gui",139
CN,"Ken",137
CN,"Lucy",136
CN,"Ray",136
CN,"Kuo",136
CN,"Kan",136
CN,"Green",135
CN,"Dou",134
CN,"Zh",134
CN,"Jones",134
CN,"Na",133
CN,"Ran",132
CN,"Henry",131
CN,"Sue",131
CN,"Che",131
CN,"Vivian",130
CN,"Thomas",130
CN,"Hassan",129
CN,"She",129
CN,"Koo",129
CN,"Tseng",129
CN,"Jay",128
CN,"Di",128
CN,"Zang",128
CN,"Bu",127
CN,"Sophia",126
CN,"Maggie",126
CN,"Tung",126
CN,"Nan",126
CN,"Nicole",125
CN,"Kwong",124
CN,"Eva",123
CN,"Martin",123
CN,"Ping",123
CN,"Ching",123
CN,"Shah",122
CN,"Bin",122
CN,"Daisy",121
CN,"Cathy",121
CN,"George",121
CN,"Rui",121
CN,"Sha",121
CN,"Bella",120
CN,"Richard",120
CN,"Hang",120
CN,"Yun",119
CN,"Luk",119
CN,"Emma",118
CN,"Jessie",117
CN,"Simon",117
CN,"Ivy",117
CN,"Brown",117
CN,"Luan",117
CN,"Ann",116
CN,"Vincent",115
CN,"Jimmy",115
CN,"Joy",114
CN,"Ch",114
CN,"Angel",113
CN,"Suen",112
CN,"Coco",111
CN,"Leon",111
CN,"Leng",111
CN,"Yeh",111
CN,"Cong",111
CN,"Summer",110
CN,"Susan",109
CN,"Alan",109
CN,"Mary",109
CN,"Leong",109
CN,"Yee",109
CN,"Jim",107
CN,"Zong",107
CN,"Diao",107
CN,"Sally",106
CN,"Wilson",106
CN,"Mandy",105
CN,"Yo",105
CN,"Sarah",104
CN,"Da",103
CN,"Park",103
CN,"Diallo",102
CN,"Ibrahim",102
CN,"Sin",102
CN,"Rachel",101
CN,"Fiona",101
CN,"Tracy",101
CN,"Dang",101
CN,"Amanda",98
CN,"Crystal",98
CN,"Angela",97
CN,"Annie",97
CN,"Judy",97
CN,"Sung",97
CN,"Lang",97
CN,"Charles",96
CN,"Max",96
CN,"Ha",96
CN,"Hussain",95
CN,"Qiang",95
CO,"Rodriguez",197782
CO,"Lopez",164094
CO,"Gomez",155496
CO,"Martinez",151808
CO,"Garcia",145311
CO,"Perez",135292
CO,"Sanchez",127220
CO,"Hernandez",122327
CO,"Gonzalez",122151
CO,"Ramirez",119633
CO,"Diaz",112423
CO,"Torres",106148
CO,"Rojas",95866
CO,"Moreno",86355
CO,"Vargas",85454
CO,"Muñoz",82370
CO,"Ortiz",80031
CO,"Castro",77387
CO,"Valencia",66202
CO,"Quintero",64581
CO,"Jimenez",64507
CO,"Ruiz",64371
CO,"Romero",63109
CO,"Gutierrez",63092
CO,"Morales",63000
CO,"Alvarez",61289
CO,"Herrera",59206
CO,"Suarez",58221
CO,"Giraldo",53684
CO,"Castillo",52884
CO,"Arias",48340
CO,"Rivera",48263
CO,"Restrepo",47990
CO,"Cardona",47564
CO,"Marin",45728
CO,"Zapata",45584
CO,"Medina",44769
CO,"Osorio",44515
CO,"Mendoza",43313
CO,"Peña",42809
CO,"Parra",42050
CO,"Guerrero",42019
CO,"Salazar",41769
CO,"Mejia",41590
CO,"Montoya",40706
CO,"Cardenas",40140
CO,"Florez",39941
CO,"Jaramillo",38404
CO,"Rodríguez",38152
CO,"Mosquera",36406
CO,"Acosta",36247
CO,"Londoño",36237
CO,"Correa",36189
CO,"Reyes",36142
CO,"Cruz",35974
CO,"Ramos",35738
CO,"Molina",35474
CO,"Ospina",35217
CO,"Cortes",34690
CO,"Ortega",34584
CO,"Mora",33827
CO,"Escobar",33286
CO,"Vasquez",32317
CO,"Contreras",32139
CO,"Rios",32004
CO,"Velasquez",31978
CO,"Guzman",31921
CO,"Agudelo",31628
CO,"Sierra",30344
CO,"Rincon",30171
CO,"Mendez",29553
CO,"Castañeda",29081
CO,"Lozano",28571
CO,"Silva",28486
CO,"Henao",27960
CO,"Gonzales",27865
CO,"Fernandez",27722
CO,"Castaño",27663
CO,"Orozco",27567
CO,"Garzon",27521
CO,"Caicedo",27476
CO,"Arango",27309
CO,"Beltran",27306
CO,"Hurtado",26829
CO,"Velez",26570
CO,"Leon",26515
CO,"Delgado",26200
CO,"Vega",25949
CO,"Franco",25695
CO,"Bedoya",25523
CO,"Gómez",25195
CO,"Bernal",25135
CO,"López",24842
CO,"Pineda",24827
CO,"González",24368
CO,"Carvajal",24352
CO,"Murillo",24329
CO,"Hernández",23406
CO,"Calderon",22962
CO,"Martínez",22891
CO,"Acevedo",22857
CO,"Trujillo",22816
CO,"Soto",22512
CO,"Patiño",22405
CO,"Avila",22248
CO,"Duque",21999
CO,"Sánchez",21723
CO,"Cano",21396
CO,"Buitrago",21131
CO,"Vanegas",21113
CO,"Sandoval",20998
CO,"Barrera",20502
CO,"Aguirre",20227
CO,"Duarte",20169
CO,"Gallego",19919
CO,"Forero",19905
CO,"Camacho",19854
CO,"Gil",19513
CO,"García",19493
CO,"Duran",19477
CO,"Palacios",19097
CO,"Vergara",19055
CO,"Cordoba",18798
CO,"Padilla",18346
CO,"Zambrano",18309
CO,"Villa",18289
CO,"Sarmiento",18249
CO,"Carrillo",18160
CO,"Uribe",18023
CO,"Hoyos",17977
CO,"Ocampo",17862
CO,"Navarro",17725
CO,"Daza",17681
CO,"Tovar",17654
CO,"Pacheco",17605
CO,"Benavides",17584
CO,"Toro",17548
CO,"Amaya",17505
CO,"Ochoa",17374
CO,"Paez",17339
CO,"Bermudez",17291
CO,"Blanco",17250
CO,"Narvaez",17148
CO,"Serna",16913
CO,"Ramírez",16769
CO,"Espinosa",16740
CO,"Camargo",16680
CO,"Palacio",16486
CO,"Alzate",16436
CO,"David",16320
CO,"Bonilla",16302
CO,"Ariza",16164
CO,"Pinzon",16076
CO,"Barrios",16025
CO,"Pérez",16007
CO,"Perdomo",15833
CO,"Montes",15694
CO,"Ardila",15680
CO,"Gaviria",15609
CO,"Castellanos",15600
CO,"Cifuentes",15447
CO,"Niño",15331
CO,"Galvis",15262
CO,"Monsalve",15236
CO,"Mesa",14934
CO,"Jiménez",14838
CO,"Arboleda",14724
CO,"Aguilar",14723
CO,"Rueda",14703
CO,"Zuluaga",14690
CO,"Andres",14598
CO,"Estrada",14554
CO,"Luna",14544
CO,"Guerra",14456
CO,"Guevara",14393
CO,"Arenas",14182
CO,"Fonseca",14162
CO,"Meneses",14125
CO,"Ordoñez",14088
CO,"Arevalo",14055
CO,"Pulido",14050
CO,"Fuentes",13982
CO,"Marquez",13871
CO,"Ayala",13782
CO,"Loaiza",13696
CO,"Velasco",13694
CO,"Galindo",13671
CO,"Jaimes",13521
CO,"Andrade",13440
CO,"Gutiérrez",13408
CO,"Miranda",13395
CO,"Solano",13249
CO,"Betancur",13186
CO,"Prieto",13136
CO,"Sepulveda",12777
CO,"Salcedo",12768
CO,"Cabrera",12754
CO,"Murcia",12721
CO,"Angulo",12624
CO,"Mercado",12568
CO,"Galeano",12519
CO,"Pardo",12465
CO,"Bolaños",12440
CO,"Alvarado",12380
CO,"Arrieta",12281
CO,"Sanabria",12228
CO,"Nuñez",12164
CO,"Figueroa",12161
CO,"Becerra",12128
CO,"Roa",12125
CO,"Serrano",12028
CO,"Carmona",12024
CO,"Villegas",11980
CO,"Rivas",11977
CO,"Bautista",11868
CO,"Vera",11847
CO,"Triana",11830
CO,"Maldonado",11801
CO,"Villamizar",11800
CO,"Pinto",11751
CO,"Santos",11721
CO,"Nieto",11712
CO,"Benitez",11711
CO,"Naranjo",11613
CO,"Bravo",11576
CO,"Polo",11573
CO,"Montenegro",11554
CO,"Meza",11545
CO,"Caro",11502
CO,"Salas",11483
CO,"Posada",11474
CO,"Melo",11305
CO,"Lara",11275
CO,"Ceballos",11172
CO,"Fajardo",10988
CO,"Campo",10958
CO,"Leal",10924
CO,"Angel",10727
CO,"Espitia",10716
CO,"Bohorquez",10606
CO,"Rosero",10434
CO,"Quiroga",10433
CO,"Caballero",10386
CO,"Chavez",10382
CO,"Bustamante",10337
CO,"Rendon",10309
CO,"Barreto",10264
CO,"Alarcon",10238
CO,"Rico",10196
CO,"Salgado",10189
CO,"Quiñones",10167
CO,"Castrillon",9994
CO,"Cuellar",9963
CO,"Oviedo",9957
CO,"Vallejo",9928
CO,"Rubio",9897
CO,"Barbosa",9886
CO,"Saavedra",9837
CO,"Prada",9811
CO,"Montaño",9764
CO,"Yepes",9756
CO,"Velandia",9639
CO,"Urrego",9611
CO,"Rangel",9527
CO,"Zuñiga",9451
CO,"Flores",9330
CO,"Ballesteros",9257
CO,"Pedraza",9253
CO,"Aristizabal",9129
CO,"Tamayo",9100
CO,"Montero",9066
CO,"Cantillo",8986
CO,"Paz",8926
CO,"Salamanca",8903
CO,"Bejarano",8902
CO,"Garces",8890
CO,"Botero",8889
CO,"Cardozo",8866
CO,"Tabares",8861
CO,"Taborda",8726
CO,"Gamboa",8723
CO,"Valderrama",8699
CO,"Olaya",8694
CO,"Carreño",8466
CO,"Chaparro",8438
CO,"Martines",8437
CO,"Monroy",8429
CO,"Berrio",8424
CO,"Bolivar",8371
CO,"Villamil",8346
CO,"Suárez",8291
CO,"Avendaño",8274
CO,"Bustos",8252
CO,"Aldana",8240
CO,"Dominguez",8213
CO,"Burbano",8211
CO,"Rodrigues",8196
CO,"Alfonso",8188
CO,"Pabon",8165
CO,"Obando",8110
CO,"Segura",8103
CO,"Santana",8097
CO,"Moncada",8075
CO,"Betancourt",8006
CO,"Riascos",8003
CO,"Rey",7945
CO,"Angarita",7902
CO,"Orjuela",7888
CO,"Puentes",7878
CO,"Arteaga",7857
CO,"Campos",7843
CO,"Acuña",7838
CO,"Erazo",7835
CO,"Echeverry",7832
CO,"Saenz",7828
CO,"Quiroz",7821
CO,"Corredor",7776
CO,"Granados",7756
CO,"Pinilla",7734
CO,"Díaz",7726
CO,"Bello",7717
CO,"Chacon",7700
CO,"Perea",7699
CO,"Marulanda",7600
CO,"Manrique",7552
CO,"Linares",7545
CO,"Rozo",7499
CO,"Cadena",7495
CO,"Bastidas",7472
CO,"Tellez",7456
CO,"Ibarra",7450
CO,"Andrea",7437
CO,"Quintana",7396
CO,"Riaño",7345
CO,"Burgos",7316
CO,"Gomes",7294
CO,"Caceres",7266
CO,"Maria",7146
CO,"Grajales",7132
CO,"Mahecha",7115
CO,"Cubillos",7101
CO,"Mena",7095
CO,"Castiblanco",7081
CO,"Fernández",7025
CO,"Poveda",6981
CO,"Ospino",6921
CO,"Arroyo",6867
CO,"Casas",6856
CO,"Cortez",6845
CO,"Cárdenas",6841
CO,"Celis",6782
CO,"Salinas",6781
CO,"Clavijo",6763
CO,"Piedrahita",6751
CO,"Rubiano",6739
CO,"Guzmán",6713
CO,"Grisales",6710
CO,"De La Hoz",6646
CO,"Saldarriaga",6644
CO,"Camilo",6592
CO,"Cuervo",6581
CO,"Barragan",6543
CO,"Álvarez",6511
CO,"Santiago",6510
CO,"Gaitan",6490
CO,"Solarte",6483
CO,"Baquero",6476
CO,"Vidal",6473
CO,"Peralta",6459
CO,"Zamora",6431
CO,"Ceron",6426
CO,"Molano",6410
CO,"Hincapie",6387
CO,"Mantilla",6367
CO,"Rengifo",6361
CO,"Rincón",6359
CO,"Garzón",6357
CO,"Jose",6334
CO,"Rocha",6329
CO,"Julio",6325
CO,"Huertas",6293
CO,"Pantoja",6291
CO,"Sanches",6287
CO,"Anaya",6281
CO,"Felipe",6245
CO,"Villada",6234
CO,"Holguin",6225
CO,"Pereira",6213
CO,"Porras",6205
CO,"Villalobos",6201
CO,"Varela",6188
CO,"Robles",6146
CO,"Tobon",6092
CO,"Lugo",6082
CO,"Durango",6073
CO,"Pulgarin",6000
CO,"Calle",5992
CO,"Arroyave",5989
CO,"Ojeda",5967
CO,"Lopera",5967
CR,"Vargas",13868
CR,"Mora",13579
CR,"Rodriguez",13259
CR,"Rojas",11878
CR,"Jimenez",9326
CR,"Lopez",8637
CR,"Hernandez",8477
CR,"Castro",8398
CR,"Gonzalez",8365
CR,"Ramirez",7908
CR,"Sanchez",7829
CR,"Morales",7431
CR,"Alvarado",7170
CR,"Araya",7066
CR,"Campos",6768
CR,"Solano",6713
CR,"Perez",6598
CR,"Arias",6344
CR,"Quesada",6229
CR,"Garcia",6161
CR,"Martinez",6004
CR,"Castillo",5840
CR,"Salazar",5739
CR,"Villalobos",5502
CR,"Gomez",5383
CR,"Aguilar",5263
CR,"Espinoza",5136
CR,"Brenes",5085
CR,"Rodríguez",5076
CR,"Chaves",5074
CR,"Vega",4964
CR,"Alfaro",4961
CR,"Valverde",4956
CR,"Herrera",4650
CR,"Salas",4615
CR,"Soto",4499
CR,"Jiménez",4457
CR,"Torres",4376
CR,"Quiros",4363
CR,"Gutierrez",4353
CR,"Murillo",4341
CR,"Rivera",4272
CR,"Alvarez",4253
CR,"Cordero",4224
CR,"Fernandez",4151
CR,"Montero",4135
CR,"Chavarria",3997
CR,"Barrantes",3974
CR,"Madrigal",3961
CR,"Ruiz",3953
CR,"Zuñiga",3926
CR,"Monge",3906
CR,"Segura",3819
CR,"Navarro",3772
CR,"González",3757
CR,"Porras",3684
CR,"Solis",3671
CR,"Diaz",3669
CR,"Cruz",3664
CR,"Flores",3652
CR,"Mendez",3597
CR,"Hernández",3594
CR,"Fallas",3559
CR,"Fonseca",3452
CR,"Delgado",3347
CR,"Zamora",3325
CR,"Calderon",3320
CR,"Sánchez",3182
CR,"Hidalgo",3119
CR,"Obando",3105
CR,"Marin",3092
CR,"Miranda",3083
CR,"Arce",3031
CR,"Molina",2967
CR,"Reyes",2892
CR,"López",2851
CR,"Chacon",2770
CR,"Ortiz",2694
CR,"Calvo",2659
CR,"Ramírez",2656
CR,"Bonilla",2631
CR,"Mendoza",2593
CR,"Gamboa",2592
CR,"Muñoz",2575
CR,"Mena",2562
CR,"Picado",2552
CR,"Badilla",2540
CR,"Camacho",2441
CR,"Esquivel",2441
CR,"Romero",2410
CR,"Corrales",2378
CR,"Umaña",2323
CR,"Arroyo",2268
CR,"Cascante",2240
CR,"Arguedas",2236
CR,"Elizondo",2232
CR,"Granados",2224
CR,"Blanco",2210
CR,"Chinchilla",2195
CR,"Abarca",2131
CR,"Fernández",2107
CR,"Barquero",2083
CR,"Nuñez",2062
CR,"Acuña",2053
CR,"Vasquez",2048
CR,"Villegas",2000
CR,"Pérez",1966
CR,"Gómez",1961
CR,"Serrano",1945
CR,"Sequeira",1933
CR,"Carvajal",1900
CR,"Bolaños",1892
CR,"Guzman",1849
CR,"Cerdas",1843
CR,"Montoya",1783
CR,"Sandoval",1781
CR,"Calderón",1780
CR,"Venegas",1774
CR,"Smith",1748
CR,"Gonzales",1747
CR,"Gutiérrez",1745
CR,"Ortega",1716
CR,"Ureña",1701
CR,"García",1679
CR,"Rosales",1656
CR,"Barboza",1648
CR,"Carrillo",1645
CR,"Mata",1628
CR,"Artavia",1623
CR,"Martínez",1619
CR,"Vindas",1590
CR,"Orozco",1581
CR,"Duarte",1573
CR,"Chavez",1556
CR,"Varela",1548
CR,"Duran",1543
CR,"Matarrita",1530
CR,"Guerrero",1530
CR,"Ugalde",1511
CR,"Guevara",1466
CR,"Benavides",1451
CR,"Sibaja",1441
CR,"Cortes",1438
CR,"Leon",1426
CR,"Moya",1410
CR,"Arrieta",1407
CR,"Ramos",1401
CR,"Bermudez",1384
CR,"Quirós",1360
CR,"Angulo",1350
CR,"Zúñiga",1344
CR,"Garita",1310
CR,"Sandi",1309
CR,"Morera",1307
CR,"Garro",1303
CR,"Alpizar",1290
CR,"Padilla",1287
CR,"Medina",1283
CR,"Fuentes",1269
CR,"Moreno",1264
CR,"Chacón",1263
CR,"Méndez",1251
CR,"Johnson",1248
CR,"Leiva",1232
CR,"Azofeifa",1226
CR,"Amador",1214
CR,"Contreras",1199
CR,"Coto",1198
CR,"Cespedes",1181
CR,"Paniagua",1174
CR,"Masis",1154
CR,"Retana",1143
CR,"Aguero",1136
CR,"Cambronero",1113
CR,"Acosta",1095
CR,"Robles",1081
CR,"Rivas",1076
CR,"Trejos",1070
CR,"Viquez",1068
CR,"Lara",1054
CR,"Brown",1053
CR,"Matamoros",1042
CR,"Naranjo",1037
CR,"Aguirre",1033
CR,"Carranza",1032
CR,"Baltodano",1026
CR,"Centeno",1025
CR,"Ulloa",1016
CR,"Rios",1013
CR,"Sanabria",1009
CR,"Oviedo",992
CR,"Carmona",989
CR,"Piedra",975
CR,"Williams",971
CR,"Meza",962
CR,"Lobo",956
CR,"Avila",955
CR,"Cubillo",945
CR,"Ulate",940
CR,"Mejia",937
CR,"Cubero",921
CR,"Estrada",918
CR,"Solís",914
CR,"Díaz",913
CR,"Marín",902
CR,"Peña",901
CR,"Suarez",889
CR,"Chavarría",879
CR,"Loria",877
CR,"Carballo",877
CR,"Urbina",868
CR,"Pereira",864
CR,"Villarreal",839
CR,"Luna",827
CR,"Madriz",826
CR,"Sancho",820
CR,"Bustos",811
CR,"Guzmán",811
CR,"Mayorga",807
CR,"Jones",806
CR,"Valerio",803
CR,"Álvarez",799
CR,"Guillen",794
CR,"Cordoba",791
CR,"Prado",784
CR,"Cr",779
CR,"Marchena",777
CR,"Lizano",776
CR,"Núñez",768
CR,"Briceño",767
CR,"Jarquin",764
CR,"Palacios",750
CR,"Agüero",749
CR,"Pacheco",745
CR,"Barahona",744
CR,"Solorzano",742
CR,"Cedeño",735
CR,"Montenegro",734
CR,"Tenorio",720
CR,"Saenz",713
CR,"Mesen",705
CR,"Zumbado",705
CR,"Miller",702
CR,"Ledezma",693
CR,"Juarez",690
CR,"León",685
CR,"Jara",685
CR,"Vásquez",682
CR,"Mejias",655
CR,"Acevedo",654
CR,"Montes",654
CR,"Ch",645
CR,"Palma",641
CR,"Loaiza",636
CR,"Figueroa",634
CR,"Zuniga",633
CR,"Bravo",633
CR,"Bejarano",632
CR,"Silva",629
CR,"Melendez",625
CR,"Saborio",612
CR,"Davis",606
CR,"Godinez",604
CR,"Montiel",603
CR,"Aleman",598
CR,"Zeledon",598
CR,"Guido",597
CR,"Guadamuz",591
CR,"Berrocal",588
CR,"Arguello",585
CR,"Pineda",584
CR,"Anderson",582
CR,"Fajardo",579
CR,"Taylor",579
CR,"Céspedes",578
CR,"Leiton",578
CR,"Villalta",577
CR,"Moraga",575
CR,"Canales",575
CR,"Thomas",572
CR,"Barrientos",571
CR,"Davila",569
CR,"Roman",567
CR,"Wilson",567
CR,"Peralta",565
CR,"Bogantes",562
CR,"Hurtado",558
CR,"Durán",555
CR,"Ocampo",546
CR,"Calero",545
CR,"Bermúdez",544
CR,"Martin",533
CR,"Pizarro",531
CR,"Velasquez",523
CR,"Patel",521
CR,"Altamirano",520
CR,"Arauz",517
CR,"Cm",511
CR,"Parra",511
CR,"Vallejos",506
CR,"Lee",505
CR,"Cardenas",498
CR,"Anchia",486
CR,"Cortez",484
CR,"Corea",484
CR,"Cabrera",482
CR,"Leal",481
CR,"Peraza",475
CR,"Santamaria",474
CR,"Rocha",472
CR,"Zapata",464
CR,"Siles",463
CR,"Castrillo",462
CR,"Portuguez",457
CR,"Cortés",456
CR,"Ballestero",455
CR,"Corella",455
CR,"Mairena",452
CR,"Moreira",452
CR,"Meneses",450
CR,"Sevilla",448
CR,"Barrios",446
CR,"Salgado",445
CR,"Chaverri",443
CR,"Valle",441
CR,"Ceciliano",441
CR,"Jackson",439
CR,"Ovares",437
CR,"Cervantes",436
CR,"Thompson",433
CR,"Rodrigues",427
CR,"Medrano",423
CR,"Coronado",411
CR,"Sosa",407
CR,"Bustamante",407
CR,"Singh",404
CR,"Navarrete",403
CR,"Vazquez",402
CR,"Cisneros",400
CR,"Aragon",398
CR,"Cabezas",395
CR,"Córdoba",391
CR,"Jimenes",390
CR,"Santana",388
CR,"Villa",386
CR,"Santos",385
CR,"Lewis",378
CR,"Escobar",377
CR,"White",377
CR,"Maroto",376
CR,"Oporta",374
CR,"Sanches",372
CR,"Viales",372
CR,"Solera",367
CR,"Alpízar",366
CR,"Costa Rica",364
CR,"Wu",362
CR,"Martines",361
CR,"Scott",361
CR,"Moore",361
CR,"Nelson",359
CR,"Ponce",356
CR,"Jiron",352
CR,"Villanueva",351
CR,"Quintero",350
CR,"Clark",350
CR,"Valencia",348
CR,"Redondo",347
CR,"Harris",347
CR,"Avendaño",345
CR,"Valerin",345
CR,"Ac",345
CR,"Cano",344
CR,"Beita",343
CR,"Sojo",343
CR,"Conejo",341
CR,"Walker",338
CR,"Salinas",337
CR,"Leandro",334
CR,"Rm",333
CR,"Chevez",331
CR,"Obregon",330
CR,"Caballero",327
CR,"Ibarra",324
CR,"Gaitan",322
CR,"Aguilera",320
CR,"Noguera",317
CR,"Tellez",316
CR,"Allen",316
CR,"Blandon",316
CR,"Espinosa",315
CR,"Munoz",314
CR,"Barrera",313
CR,"Avalos",311
CR,"Huertas",307
CR,"Robinson",306
CR,"King",305
CR,"Wright",305
CR,"Sandí",304
CR,"Valenciano",304
CZ,"Nováková",4170
CZ,"Novák",3909
CZ,"Svoboda",2985
CZ,"Novotná",2804
CZ,"Svobodová",2784
CZ,"Dvořáková",2433
CZ,"Novotný",2430
CZ,"Dvořák",2193
CZ,"Černá",2164
CZ,"Černý",1881
CZ,"Procházková",1749
CZ,"Kučerová",1636
CZ,"Kučera",1513
CZ,"Procházka",1475
CZ,"Veselá",1468
CZ,"Novak",1425
CZ,"Marek",1340
CZ,"Veselý",1276
CZ,"Horáková",1245
CZ,"Pokorná",1225
CZ,"Němcová",1203
CZ,"Králová",1199
CZ,"Krejčí",1187
CZ,"Marková",1141
CZ,"Hájková",1108
CZ,"Petr",1105
CZ,"Pospíšilová",1098
CZ,"Němec",1091
CZ,"Benešová",1089
CZ,"Horák",1088
CZ,"Jelínková",1071
CZ,"Růžičková",1046
CZ,"Fiala",1042
CZ,"Zeman",1038
CZ,"Pokorný",1022
CZ,"Beneš",1010
CZ,"Král",1005
CZ,"Hájek",981
CZ,"Ka",955
CZ,"Malá",953
CZ,"Fialová",951
CZ,"Urban",924
CZ,"Kolářová",916
CZ,"Doležalová",915
CZ,"Pospíšil",913
CZ,"Jelínek",905
CZ,"Sedláčková",905
CZ,"Zemanová",896
CZ,"Čermáková",886
CZ,"Novakova",884
CZ,"Růžička",864
CZ,"Sedláček",861
CZ,"Kolář",853
CZ,"Křížová",847
CZ,"Doležal",833
CZ,"Čermák",811
CZ,"Šimková",811
CZ,"Nová",808
CZ,"Nguyen",801
CZ,"Vaňková",798
CZ,"Urbanová",789
CZ,"Vlčková",778
CZ,"Kratochvílová",773
CZ,"Kopecká",770
CZ,"Cz",767
CZ,"Šťastná",764
CZ,"Navrátilová",744
CZ,"Moravec",743
CZ,"Kadlec",737
CZ,"Soukup",735
CZ,"Bartošová",734
CZ,"Musil",729
CZ,"Kříž",721
CZ,"Čechová",708
CZ,"Marešová",698
CZ,"Blažková",698
CZ,"Poláková",694
CZ,"Malý",693
CZ,"Vaněk",689
CZ,"Soukupová",688
CZ,"Holub",686
CZ,"Kovářová",685
CZ,"Šimek",683
CZ,"Štěpánková",668
CZ,"Blažek",667
CZ,"Kratochvíl",662
CZ,"Pavel",656
CZ,"Vlček",654
CZ,"Bláhová",649
CZ,"Polák",646
CZ,"Kadlecová",644
CZ,"Janda",643
CZ,"Štěpánek",640
CZ,"Šťastný",637
CZ,"Vávrová",636
CZ,"Valenta",635
CZ,"Mašková",635
CZ,"Říhová",632
CZ,"Novotny",630
CZ,"Staňková",629
CZ,"Jandová",625
CZ,"Sýkorová",625
CZ,"Bartoš",624
CZ,"Dušková",624
CZ,"Kopecký",623
CZ,"Tichá",623
CZ,"Navrátil",621
CZ,"Mareš",618
CZ,"Valentová",617
CZ,"Konečná",617
CZ,"Čech",613
CZ,"Hrubá",611
CZ,"Machová",609
CZ,"Dostálová",607
CZ,"Matoušková",604
CZ,"Musilová",603
CZ,"Mašek",601
CZ,"David",600
CZ,"Staněk",590
CZ,"Krejčová",588
CZ,"Moravcová",585
CZ,"Mach",584
CZ,"Sýkora",580
CZ,"Novotna",578
CZ,"Šmídová",570
CZ,"Burešová",569
CZ,"Kovář",566
CZ,"Vacek",565
CZ,"Jan",562
CZ,"Bláha",559
CZ,"Toman",554
CZ,"Ševčíková",553
CZ,"Hrušková",551
CZ,"Matoušek",550
CZ,"Lišková",549
CZ,"Tůmová",548
CZ,"Strnad",548
CZ,"Havlíčková",546
CZ,"Vávra",542
CZ,"Beran",542
CZ,"Říha",542
CZ,"Tichý",541
CZ,"Jarošová",539
CZ,"Fišerová",538
CZ,"Havel",527
CZ,"Holubová",527
CZ,"Dostál",524
CZ,"Dušek",523
CZ,"Konečný",523
CZ,"Pavlíková",521
CZ,"Kraus",518
CZ,"Bártová",511
CZ,"Bureš",509
CZ,"Hruška",508
CZ,"Vacková",505
CZ,"Martin",500
CZ,"Hrubý",498
CZ,"Beranová",498
CZ,"Prokop",497
CZ,"Müller",491
CZ,"Kočí",491
CZ,"Liška",490
CZ,"Beránková",488
CZ,"Pešková",487
CZ,"Macháčková",487
CZ,"Tůma",486
CZ,"Žáková",484
CZ,"Němečková",484
CZ,"Matějková",483
CZ,"Ševčík",483
CZ,"Tomanová",482
CZ,"Vítková",482
CZ,"Ježková",480
CZ,"Havlíček",479
CZ,"Kohout",477
CZ,"Kašparová",477
CZ,"Brožová",474
CZ,"Stejskalová",474
CZ,"Richter",472
CZ,"Svobodova",471
CZ,"Němeček",471
CZ,"Bárta",469
CZ,"Janečková",466
CZ,"Pavlík",465
CZ,"Šulcová",465
CZ,"Švecová",465
CZ,"Horáčková",464
CZ,"Slavíková",464
CZ,"Stejskal",463
CZ,"Šmíd",460
CZ,"Ježek",457
CZ,"Müllerová",456
CZ,"Vítek",451
CZ,"Nový",450
CZ,"Petrová",449
CZ,"Bednářová",447
CZ,"Strnadová",447
CZ,"Žák",447
CZ,"Filip",446
CZ,"Vlk",445
CZ,"Fišer",444
CZ,"Jaroš",438
CZ,"Kašpar",437
CZ,"Bílková",436
CZ,"Šulc",435
CZ,"Michal",431
CZ,"Sedláková",431
CZ,"Beránek",430
CZ,"Kohoutová",429
CZ,"Slavík",429
CZ,"Švec",428
CZ,"Krausová",428
CZ,"Havlová",428
CZ,"Macháček",427
CZ,"Bednář",426
CZ,"Vrba",422
CZ,"Brož",422
CZ,"Klímová",421
CZ,"Matějka",419
CZ,"Horáček",418
CZ,"Červenková",418
CZ,"Kubíčková",418
CZ,"Benda",414
CZ,"Tesař",411
CZ,"Suchá",411
CZ,"Bílek",410
CZ,"Janoušková",409
CZ,"Hlaváčková",406
CZ,"Havlíková",404
CZ,"Součková",398
CZ,"Pešek",397
CZ,"Čížková",396
CZ,"Volf",393
CZ,"Suchý",392
CZ,"Sedlák",391
CZ,"Pavlíčková",391
CZ,"Zelenka",390
CZ,"Jeřábková",389
CZ,"Tomášková",389
CZ,"Prokopová",389
CZ,"Tesařová",388
CZ,"Holá",387
CZ,"Bendová",387
CZ,"Vlková",387
CZ,"Kovaříková",387
CZ,"Brabec",386
CZ,"Prochazka",384
CZ,"Hrdličková",381
CZ,"Dvorak",379
CZ,"Linhart",378
CZ,"Souček",377
CZ,"Adamec",376
CZ,"Klíma",375
CZ,"Šindelářová",374
CZ,"Janoušek",373
CZ,"Špačková",373
CZ,"Havelková",373
CZ,"Kubíček",372
CZ,"Straka",371
CZ,"Volfová",369
CZ,"Čapková",369
CZ,"Štěpánová",365
CZ,"Kozáková",365
CZ,"Pavelková",364
CZ,"Janeček",362
CZ,"Kubíková",362
CZ,"Tomášek",361
CZ,"Přibylová",361
CZ,"Macek",360
CZ,"Turek",358
CZ,"Adámková",358
CZ,"Vrbová",358
CZ,"Kozák",358
CZ,"Čížek",356
CZ,"Daňková",356
CZ,"Kubík",355
CZ,"Richterová",354
CZ,"Jedličková",353
CZ,"Pavelka",352
CZ,"Červenka",351
CZ,"Trnková",350
CZ,"Mrázková",350
CZ,"Zapletal",349
CZ,"Pavlíček",348
CZ,"Řeháková",347
CZ,"Jedlička",346
CZ,"Málková",346
CZ,"Adam",346
CZ,"Šrámková",345
CZ,"Havelka",343
CZ,"Adamcová",343
CZ,"Trnka",342
CZ,"Linhartová",340
CZ,"Krátká",339
CZ,"Váňová",338
CZ,"Stehlíková",337
CZ,"Wolf",336
CZ,"Stránská",335
CZ,"Filipová",335
CZ,"Hošková",335
CZ,"Váňa",333
CZ,"Straková",333
CZ,"Holečková",332
CZ,"Michálková",332
CZ,"Burian",331
CZ,"Kroupa",330
CZ,"Dlouhá",330
CZ,"Martínková",330
CZ,"Zelenková",329
CZ,"Urbánková",328
CZ,"Vránová",328
CZ,"Šímová",327
CZ,"Špaček",326
CZ,"Šindelář",325
CZ,"Stará",324
CZ,"Tomáš",323
CZ,"Holý",322
CZ,"Hanáková",322
CZ,"Zapletalová",322
CZ,"Macková",322
CZ,"Hrdlička",321
CZ,"Daněk",321
CZ,"Suchánková",321
CZ,"Karel",321
CZ,"Urbánek",320
CZ,"Nováčková",320
CZ,"Dohnal",319
CZ,"Málek",318
CZ,"Charvátová",318
CZ,"Gregor",318
CZ,"Janků",318
CZ,"Přibyl",316
CZ,"Lukáš",316
CZ,"Havlík",316
CZ,"Hlaváček",315
CZ,"Švarcová",315
CZ,"Vlach",315
CZ,"Hladík",314
CZ,"Brabcová",314
CZ,"Nosek",314
CZ,"Smetana",314
CZ,"Březinová",313
CZ,"Štěpán",313
CZ,"Burianová",311
CZ,"Turková",311
CZ,"Mrázek",310
CZ,"Stehlík",310
CZ,"Davidová",309
CZ,"Klimešová",309
CZ,"Nosková",309
CZ,"Kořínková",307
CZ,"Pechová",306
CZ,"Jana",305
CZ,"Vondráčková",304
CZ,"Majer",304
CZ,"Šíma",303
CZ,"Červená",303
CZ,"Bauer",303
CZ,"Ptáčková",302
CZ,"Muller",302
CZ,"Vesela",301
CZ,"Šrámek",301
CZ,"Válková",300
CZ,"Jeřábek",298
CZ,"Kovařík",298
CZ,"Sládková",298
CZ,"Dvorakova",298
CZ,"Hladíková",296
CZ,"Švarc",296
CZ,"Krátký",295
CZ,"Martínek",295
CZ,"Dlouhý",294
CZ,"Šedivá",294
CZ,"Holeček",294
CZ,"Adámek",293
CZ,"Hanušová",293
CZ,"Prokeš",291
CZ,"Kubátová",289
CZ,"Michálek",289
CZ,"Jiří",289
CZ,"Nova",289
CZ,"Lukešová",288
CZ,"Vesely",287
CZ,"Dvořáčková",286
CZ,"Prokešová",286
CZ,"Šebestová",285
CZ,"Štěrbová",285
CZ,"Lukeš",284
CZ,"Koudelka",284
CZ,"Cerny",284
CZ,"Březina",283
CZ,"Jirásková",282
CZ,"Majerová",282
CZ,"Jindra",282
CZ,"Červený",281
CZ,"Hlaváčová",281
CZ,"Chaloupková",281
CZ,"Hošek",279
CZ,"Komárková",277
CZ,"Nováček",277
DE,"Müller",43407
DE,"Schmidt",31905
DE,"Schneider",17776
DE,"Fischer",14702
DE,"Meyer",13414
DE,"Weber",12702
DE,"Schulz",12555
DE,"Wagner",12247
DE,"Becker",11157
DE,"Hoffmann",11007
DE,"Richter",10372
DE,"Koch",9229
DE,"Bauer",8700
DE,"Klein",8690
DE,"Wolf",8417
DE,"Schäfer",8166
DE,"Schröder",7886
DE,"Neumann",7855
DE,"Meier",7603
DE,"Schwarz",7025
DE,"Krüger",6778
DE,"Lange",6741
DE,"Braun",6455
DE,"Zimmermann",6416
DE,"Schmitz",6378
DE,"Krause",6222
DE,"Lehmann",6170
DE,"Werner",6116
DE,"Hartmann",6040
DE,"Schulze",6035
DE,"Hofmann",6001
DE,"Schmitt",5622
DE,"König",5283
DE,"Peters",5281
DE,"Maier",5240
DE,"Kaiser",5189
DE,"Ali",5167
DE,"Herrmann",5082
DE,"Köhler",4897
DE,"Walter",4868
DE,"Fuchs",4745
DE,"Mayer",4740
DE,"Yilmaz",4724
DE,"Nguyen",4569
DE,"Scholz",4504
DE,"Berger",4435
DE,"Möller",4411
DE,"Schmid",4395
DE,"Schubert",4362
DE,"Jung",4264
DE,"Lang",4242
DE,"Frank",4223
DE,"Friedrich",4098
DE,"Huber",4096
DE,"Weiß",3958
DE,"Winkler",3883
DE,"Martin",3872
DE,"Vogel",3831
DE,"Ha",3821
DE,"Lorenz",3797
DE,"Franke",3780
DE,"Engel",3763
DE,"Kaya",3760
DE,"Winter",3719
DE,"Günther",3697
DE,"Hahn",3676
DE,"Keller",3642
DE,"Na",3614
DE,"Peter",3567
DE,"Stein",3555
DE,"Beck",3554
DE,"Albrecht",3546
DE,"Demir",3521
DE,"Simon",3485
DE,"Baumann",3477
DE,"Sommer",3469
DE,"Ludwig",3404
DE,"Roth",3400
DE,"Thomas",3340
DE,"Otto",3303
DE,"Ma",3263
DE,"Schumacher",3262
DE,"Mueller",3221
DE,"Schuster",3207
DE,"Brandt",3090
DE,"Paul",3004
DE,"Heinrich",2990
DE,"Seidel",2987
DE,"Yildirim",2985
DE,"Hansen",2985
DE,"Can",2977
DE,"Kraus",2947
DE,"Vogt",2927
DE,"Graf",2875
DE,"Be",2862
DE,"Le",2835
DE,"Böhm",2826
DE,"Schreiber",2807
DE,"Voigt",2797
DE,"Jäger",2775
DE,"Yildiz",2770
DE,"Celik",2752
DE,"Li",2743
DE,"Sahin",2718
DE,"Groß",2692
DE,"Krämer",2677
DE,"Aydin",2661
DE,"Dietrich",2661
DE,"Bergmann",2634
DE,"Wolff",2605
DE,"Horn",2593
DE,"Pohl",2589
DE,"Jansen",2585
DE,"La",2569
DE,"Seifert",2549
DE,"Ja",2545
DE,"We",2500
DE,"Kühn",2497
DE,"Öztürk",2494
DE,"Schulte",2486
DE,"Franz",2485
DE,"Lindner",2472
DE,"Singh",2464
DE,"Arnold",2457
DE,"Ko",2439
DE,"Maus",2428
DE,"Kramer",2399
DE,"Busch",2398
DE,"Haas",2396
DE,"Beyer",2387
DE,"Ernst",2359
DE,"Arslan",2357
DE,"Kuhn",2318
DE,"Schumann",2303
DE,"Wenzel",2273
DE,"Ziegler",2273
DE,"Ritter",2265
DE,"Petersen",2262
DE,"Sauer",2261
DE,"Jahn",2252
DE,"Ahmad",2248
DE,"Berg",2247
DE,"Rose",2235
DE,"Dogan",2228
DE,"Hermann",2212
DE,"Pfeiffer",2208
DE,"Özdemir",2202
DE,"He",2193
DE,"Weiss",2192
DE,"Reinhardt",2183
DE,"Riedel",2180
DE,"Kruse",2176
DE,"Wilhelm",2163
DE,"Ba",2160
DE,"Arndt",2135
DE,"Lenz",2133
DE,"Fiedler",2120
DE,"Maria",2118
DE,"Haase",2095
DE,"Adam",2091
DE,"Hübner",2085
DE,"Nagel",2079
DE,"Sa",2070
DE,"Nowak",2061
DE,"Grimm",2059
DE,"Walther",2056
DE,"Thiele",2054
DE,"Langer",2047
DE,"Kern",2046
DE,"Bo",2032
DE,"Barth",2024
DE,"Hoppe",2018
DE,"Kaufmann",1996
DE,"Zimmer",1986
DE,"Thiel",1977
DE,"Michel",1974
DE,"Khan",1962
DE,"Ott",1962
DE,"Sander",1921
DE,"Mann",1910
DE,"Förster",1906
DE,"Bock",1904
DE,"Böttcher",1904
DE,"Gashi",1903
DE,"Aslan",1898
DE,"Ra",1876
DE,"Mohr",1863
DE,"Kraft",1858
DE,"Kunze",1858
DE,"Stephan",1853
DE,"Schramm",1851
DE,"Marx",1850
DE,"El",1847
DE,"Fröhlich",1835
DE,"Reuter",1825
DE,"Witt",1816
DE,"Miller",1805
DE,"Ahmed",1799
DE,"Ni",1789
DE,"Fritz",1781
DE,"Ne",1773
DE,"John",1767
DE,"Herzog",1764
DE,"Schilling",1760
DE,"De",1760
DE,"Berisha",1755
DE,"Schindler",1750
DE,"Hesse",1743
DE,"Hein",1737
DE,"Behrens",1733
DE,"Götz",1733
DE,"Janssen",1729
DE,"Mo",1725
DE,"Eckert",1721
DE,"Rudolph",1719
DE,"Chen",1717
DE,"Lee",1711
DE,"Schultz",1710
DE,"Krasniqi",1709
DE,"Kara",1702
DE,"Heinz",1686
DE,"May",1675
DE,"Ebert",1670
DE,"Michael",1617
DE,"Beckmann",1608
DE,"Kilic",1607
DE,"Kunz",1605
DE,"Baum",1603
DE,"Naumann",1599
DE,"Ulrich",1594
DE,"Bachmann",1571
DE,"Klaus",1568
DE,"Marie",1565
DE,"Böhme",1564
DE,"Wegner",1564
DE,"Urban",1564
DE,"Blum",1559
DE,"Wendt",1555
DE,"Bayer",1552
DE,"Wi",1549
DE,"Bach",1549
DE,"Lutz",1547
DE,"Büttner",1545
DE,"Ke",1537
DE,"Steiner",1533
DE,"Voß",1533
DE,"Ro",1533
DE,"Breuer",1532
DE,"Si",1527
DE,"Anders",1524
DE,"Kirchner",1520
DE,"Brand",1511
DE,"Di",1510
DE,"Ibrahim",1509
DE,"Bruns",1506
DE,"Stark",1502
DE,"Schütz",1498
DE,"Wolter",1488
DE,"Gerlach",1483
DE,"Ullrich",1477
DE,"Sy",1469
DE,"Stahl",1463
DE,"Hirsch",1461
DE,"Daniel",1453
DE,"Mi",1453
DE,"Ho",1451
DE,"Gärtner",1449
DE,"Bender",1449
DE,"Mai",1446
DE,"Frey",1443
DE,"Gruber",1442
DE,"Heller",1440
DE,"Schiller",1431
DE,"Menzel",1429
DE,"Reichert",1419
DE,"Buchholz",1419
DE,"Mustafa",1414
DE,"Jakob",1411
DE,"Reimann",1406
DE,"Hinz",1400
DE,"Re",1399
DE,"Brinkmann",1398
DE,"Noack",1396
DE,"Seitz",1393
DE,"Maurer",1392
DE,"Siebert",1392
DE,"Kurz",1386
DE,"Hennig",1385
DE,"Hildebrandt",1383
DE,"Fink",1383
DE,"Kurt",1381
DE,"Schröter",1377
DE,"Dietz",1357
DE,"Lu",1352
DE,"Döring",1352
DE,"Rohde",1347
DE,"Scherer",1341
DE,"Smith",1339
DE,"Moser",1335
DE,"Tran",1324
DE,"Schenk",1319
DE,"Gross",1318
DE,"Henning",1317
DE,"Körner",1316
DE,"Polat",1313
DE,"Bär",1309
DE,"Unger",1309
DE,"Hassan",1300
DE,"Philipp",1292
DE,"Erdmann",1292
DE,"Schaefer",1291
DE,"Sturm",1290
DE,"Freitag",1290
DE,"Bartsch",1289
DE,"Hasan",1288
DE,"Brunner",1288
DE,"Wilke",1285
DE,"Meißner",1282
DE,"Gül",1276
DE,"Linke",1275
DE,"Schlüter",1273
DE,"Steffen",1270
DE,"Hammer",1269
DE,"Engelhardt",1269
DE,"Martens",1268
DE,"Ackermann",1266
DE,"David",1265
DE,"Reich",1263
DE,"Krebs",1262
DE,"Gebhardt",1254
DE,"Westphal",1252
DE,"Nickel",1247
DE,"Schlegel",1243
DE,"Rieger",1242
DE,"Wirth",1241
DE,"Ahrens",1241
DE,"Binder",1238
DE,"Geiger",1235
DE,"Schwab",1233
DE,"Heinze",1232
DE,"Holz",1230
DE,"Will",1222
DE,"Blume",1216
DE,"Mertens",1216
DE,"Berndt",1215
DE,"Funk",1212
DE,"Witte",1207
DE,"Ge",1203
DE,"Conrad",1199
DE,"Pfeifer",1197
DE,"Esser",1196
DE,"Schön",1196
DE,"Bischoff",1194
DE,"Kohl",1194
DE,"Brückner",1194
DE,"Keil",1192
DE,"Wa",1192
DE,"Heine",1191
DE,"Lemke",1189
DE,"Kopp",1185
DE,"Jordan",1183
DE,"Karl",1182
DE,"Da",1178
DE,"Jacob",1175
DE,"Löffler",1173
DE,"Lo",1172
DE,"Adler",1168
DE,"Fuhrmann",1165
DE,"Marquardt",1165
DE,"Pe",1164
DE,"Münch",1161
DE,"Wiese",1150
DE,"Ak",1147
DE,"Kremer",1143
DE,"Decker",1141
DE,"Göbel",1139
DE,"Fricke",1137
DE,"Rothe",1136
DE,"Ri",1134
DE,"Voss",1134
DE,"Harms",1133
DE,"Hamann",1133
DE,"Jan",1131
DE,"Neubauer",1131
DE,"Link",1129
DE,"Lindemann",1129
DE,"Hanke",1128
DE,"Se",1126
DE,"Kluge",1125
DE,"Herbst",1124
DE,"Held",1120
DE,"Korkmaz",1118
DE,"Baier",1117
DE,"Köster",1116
DE,"Henke",1115
DE,"Haupt",1115
DE,"Konrad",1114
DE,"Funke",1113
DE,"Kirsch",1113
DE,"Janßen",1110
DK,"Nielsen",16282
DK,"Jensen",16062
DK,"Hansen",14593
DK,"Andersen",11095
DK,"Pedersen",10047
DK,"Larsen",7997
DK,"Christensen",7786
DK,"Sørensen",7056
DK,"Rasmussen",6399
DK,"Jørgensen",5722
DK,"Petersen",5193
DK,"Madsen",4439
DK,"Kristensen",3990
DK,"Olsen",3437
DK,"Thomsen",3036
DK,"Christiansen",2553
DK,"Møller",2525
DK,"Poulsen",2378
DK,"Johansen",2194
DK,"Knudsen",2135
DK,"Mortensen",2060
DK,"Jakobsen",1978
DK,"Jacobsen",1915
DK,"Ali",1777
DK,"Mikkelsen",1685
DK,"Lund",1610
DK,"Holm",1561
DK,"Olesen",1517
DK,"Frederiksen",1484
DK,"Schmidt",1417
DK,"Laursen",1226
DK,"Henriksen",1194
DK,"Eriksen",1119
DK,"Clausen",1037
DK,"Simonsen",982
DK,"Østergaard",932
DK,"Ahmed",916
DK,"Kristiansen",910
DK,"Khan",843
DK,"Vestergaard",841
DK,"Svendsen",841
DK,"Iversen",834
DK,"Kjær",827
DK,"Andreasen",810
DK,"Dahl",785
DK,"Nissen",779
DK,"Ahmad",775
DK,"Nørgaard",771
DK,"Skov",747
DK,"Søndergaard",724
DK,"Friis",714
DK,"Jeppesen",712
DK,"Jespersen",681
DK,"Hassan",668
DK,"Jessen",661
DK,"Frandsen",658
DK,"Jepsen",651
DK,"Mogensen",643
DK,"Bruun",633
DK,"Lauridsen",620
DK,"Winther",619
DK,"Bach",584
DK,"Carlsen",575
DK,"Bertelsen",549
DK,"Toft",511
DK,"Krogh",510
DK,"Lassen",492
DK,"Berg",483
DK,"Brandt",477
DK,"Ravn",466
DK,"Bech",461
DK,"Hussain",451
DK,"Lind",447
DK,"Christoffersen",446
DK,"Gregersen",434
DK,"Mohamed",426
DK,"Holst",426
DK,"Nygaard",424
DK,"Bang",419
DK,"Johnsen",414
DK,"Juul",412
DK,"Kjeldsen",402
DK,"Damgaard",399
DK,"Ibrahim",397
DK,"Bak",395
DK,"Steffensen",392
DK,"Hedegaard",389
DK,"Hussein",382
DK,"Nguyen",379
DK,"Schou",379
DK,"Andresen",376
DK,"Dam",371
DK,"Bjerregaard",366
DK,"Søgaard",363
DK,"Kruse",361
DK,"Overgaard",359
DK,"Sommer",359
DK,"Aagaard",352
DK,"Danielsen",350
DK,"Lorenzen",338
DK,"Mathiesen",337
DK,"Schultz",337
DK,"Nilsson",332
DK,"Bundgaard",330
DK,"Munk",328
DK,"Koch",327
DK,"Juhl",327
DK,"Lauritsen",326
DK,"Omar",325
DK,"Beck",325
DK,"Dk",323
DK,"Fischer",323
DK,"Bonde",323
DK,"Singh",321
DK,"Mohammed",316
DK,"Osman",316
DK,"Kilic",313
DK,"Thorsen",310
DK,"Lange",309
DK,"Riis",307
DK,"Meyer",306
DK,"Hjorth",302
DK,"Thygesen",297
DK,"Hald",297
DK,"Hermansen",293
DK,"Bjerre",292
DK,"Yilmaz",290
DK,"Gade",288
DK,"Paulsen",287
DK,"Kjærgaard",283
DK,"Hoffmann",282
DK,"Johannsen",277
DK,"Vinther",277
DK,"Lorentzen",274
DK,"Mohammad",273
DK,"Kaya",268
DK,"Svensson",268
DK,"Lykke",265
DK,"Dalsgaard",265
DK,"Davidsen",262
DK,"Storm",259
DK,"Andersson",259
DK,"Mathiasen",258
DK,"Kirkegaard",257
DK,"Karlsen",257
DK,"Carstensen",256
DK,"Smith",255
DK,"Klausen",251
DK,"Lauritzen",251
DK,"Bisgaard",251
DK,"Villadsen",250
DK,"Kristoffersen",248
DK,"Frost",242
DK,"Schrøder",242
DK,"Skovgaard",239
DK,"Kragh",239
DK,"Yildirim",238
DK,"Mohamad",236
DK,"Abdi",231
DK,"Kofoed",230
DK,"Justesen",226
DK,"Bay",225
DK,"Khalil",223
DK,"Persson",223
DK,"Hasan",221
DK,"Ibsen",221
DK,"Hougaard",221
DK,"Müller",219
DK,"Malik",218
DK,"Johansson",218
DK,"Ismail",216
DK,"Mustafa",214
DK,"Dalgaard",214
DK,"Krog",212
DK,"Thøgersen",210
DK,"Celik",209
DK,"Shah",208
DK,"Leth",208
DK,"Sahin",207
DK,"Buch",207
DK,"Mølgaard",207
DK,"Eskildsen",206
DK,"Dogan",205
DK,"Munch",203
DK,"Thorup",202
DK,"Iqbal",201
DK,"Mahmoud",201
DK,"Wagner",201
DK,"Michelsen",199
DK,"Lindberg",198
DK,"Rahbek",197
DK,"Berthelsen",196
DK,"Brix",196
DK,"Andreassen",195
DK,"Johannesen",195
DK,"Sloth",194
DK,"Frank",194
DK,"Due",193
DK,"Bendtsen",191
DK,"Asmussen",191
DK,"Hammer",191
DK,"Greve",189
DK,"Issa",188
DK,"Yildiz",188
DK,"Thomassen",188
DK,"Haugaard",188
DK,"Rask",187
DK,"Saleh",181
DK,"Bjerg",181
DK,"Henningsen",180
DK,"Kirk",180
DK,"Westergaard",180
DK,"Demir",179
DK,"Hartmann",178
DK,"Gram",178
DK,"Nicolaisen",177
DK,"Fisker",176
DK,"Enevoldsen",176
DK,"Brodersen",175
DK,"Borup",175
DK,"Marcussen",174
DK,"Bjørn",174
DK,"Al",172
DK,"Michaelsen",172
DK,"Hemmingsen",171
DK,"Jønsson",171
DK,"Korsgaard",170
DK,"Thrane",170
DK,"Said",169
DK,"Svane",169
DK,"Markussen",169
DK,"Hamid",168
DK,"Laugesen",167
DK,"Sand",167
DK,"Olsson",165
DK,"Bendixen",162
DK,"Dinesen",162
DK,"Turan",161
DK,"Sonne",160
DK,"Abbas",159
DK,"Polat",159
DK,"Nedergaard",159
DK,"Kara",158
DK,"Ipsen",157
DK,"Rohde",155
DK,"Buhl",155
DK,"Clemmensen",155
DK,"Birch",155
DK,"Valentin",154
DK,"Laustsen",154
DK,"Birk",154
DK,"Hjort",154
DK,"Kjærsgaard",153
DK,"Højgaard",152
DK,"Sy",152
DK,"Rashid",151
DK,"Høyer",151
DK,"Damsgaard",151
DK,"Villumsen",150
DK,"Bentsen",150
DK,"Svenningsen",149
DK,"Nikolajsen",148
DK,"Thuesen",148
DK,"Öztürk",146
DK,"El",146
DK,"Storgaard",146
DK,"Torp",146
DK,"Bruhn",146
DK,"Matthiesen",146
DK,"Graversen",146
DK,"Daugaard",146
DK,"Fabricius",145
DK,"Albertsen",145
DK,"Pihl",145
DK,"Stokholm",145
DK,"Mahmood",144
DK,"Axelsen",144
DK,"Steen",144
DK,"Wulff",142
DK,"Kofod",142
DK,"Amin",141
DK,"Therkildsen",141
DK,"Sander",141
DK,"Sorensen",141
DK,"Dall",140
DK,"Busk",140
DK,"Larsson",140
DK,"Ebbesen",139
DK,"Lynge",139
DK,"Bentzen",139
DK,"Boesen",139
DK,"Hviid",137
DK,"Albrechtsen",137
DK,"Meldgaard",136
DK,"Isaksen",136
DK,"Ottesen",136
DK,"Falk",136
DK,"Elkjær",136
DK,"Ottosen",136
DK,"Duus",135
DK,"Høgh",135
DK,"Fuglsang",135
DK,"Kronborg",135
DK,"Høj",134
DK,"Pallesen",134
DK,"Mørch",134
DK,"Skou",133
DK,"Aziz",132
DK,"Mansour",132
DK,"Jan",131
DK,"Bloch",131
DK,"Boysen",131
DK,"Tran",131
DK,"Erichsen",131
DK,"Butt",130
DK,"Rømer",130
DK,"Rose",130
DK,"Weber",130
DK,"Krarup",130
DK,"Magnussen",130
DK,"Boye",129
DK,"Johannessen",129
DK,"Ahmadi",128
DK,"Wang",128
DK,"Vester",128
DK,"Brink",128
DK,"Dupont",128
DK,"Sari",127
DK,"Korkmaz",127
DK,"Borg",127
DK,"Holmgaard",127
DK,"Skaarup",127
DK,"Karlsson",127
DK,"Green",127
DK,"Mørk",126
DK,"Callesen",126
DK,"Abildgaard",125
DK,"Wolff",125
DK,"Vilhelmsen",125
DK,"Avci",124
DK,"Bagger",124
DK,"Rosenberg",124
DK,"Ludvigsen",123
DK,"Lee",123
DK,"Bille",122
DK,"Bülow",122
DK,"Schwartz",121
DK,"Akhtar",121
DK,"Hvid",121
DK,"Awad",121
DK,"Lindegaard",121
DK,"Balle",120
DK,"Lindholm",120
DK,"Keller",120
DK,"Lehmann",119
DK,"Schneider",119
DK,"Abdo",118
DK,"Nørregaard",118
DK,"Krogsgaard",118
DK,"Gammelgaard",117
DK,"Damm",117
DK,"Meier",117
DK,"Maria",116
DK,"Sharma",116
DK,"Brøndum",116
DK,"Klitgaard",116
DK,"Smidt",116
DK,"Ladefoged",116
DK,"Hamad",115
DK,"Strøm",115
DK,"Buus",115
DK,"Vang",114
DK,"Skytte",114
DK,"Joensen",114
DK,"Povlsen",113
DK,"Lundberg",113
DK,"Skriver",113
DK,"Kvist",113
DK,"Qvist",113
DK,"Fogh",112
DK,"Karim",111
DK,"Degn",111
DK,"Ovesen",111
DK,"Bæk",111
DK,"Li",111
DK,"Mouritsen",111
DK,"Tang",111
DK,"محمد",110
DK,"Hein",110
DK,"Wind",110
DK,"Hermann",110
DK,"Kaas",110
DK,"Mark",109
DK,"Pilgaard",109
DK,"Thomasen",109
DK,"Krabbe",109
DK,"Kromann",109
DK,"Jansen",108
DK,"Rytter",108
DK,"Espersen",107
EC,"Zambrano",2807
EC,"Sanchez",1953
EC,"Vera",1795
EC,"Rodriguez",1794
EC,"Garcia",1775
EC,"Lopez",1750
EC,"Torres",1678
EC,"Cedeño",1519
EC,"Castro",1352
EC,"Mendoza",1347
EC,"Flores",1155
EC,"Castillo",1086
EC,"Morales",1075
EC,"Romero",1061
EC,"Macias",1054
EC,"Salazar",1019
EC,"Espinoza",1000
EC,"Ortiz",999
EC,"Delgado",996
EC,"Perez",979
EC,"Gonzalez",978
EC,"Reyes",975
EC,"Moreira",973
EC,"Loor",969
EC,"Bravo",953
EC,"Alvarado",941
EC,"Muñoz",934
EC,"Vargas",928
EC,"Jimenez",920
EC,"Andrade",899
EC,"Ramirez",894
EC,"Guaman",875
EC,"Gomez",849
EC,"Herrera",842
EC,"Martinez",838
EC,"Cevallos",834
EC,"Suarez",807
EC,"Alvarez",789
EC,"Guerrero",787
EC,"Leon",777
EC,"Velez",764
EC,"Ruiz",754
EC,"Mora",753
EC,"Rivera",732
EC,"Bsc",726
EC,"Jaramillo",720
EC,"Medina",704
EC,"Cabrera",704
EC,"Paredes",697
EC,"Cruz",693
EC,"Diaz",688
EC,"Molina",662
EC,"Chavez",651
EC,"Valencia",633
EC,"Ortega",632
EC,"Vega",628
EC,"Moreno",605
EC,"Alcivar",599
EC,"Arias",569
EC,"Morocho",546
EC,"Aguilar",533
EC,"Maldonado",529
EC,"Moran",523
EC,"Ponce",519
EC,"Mera",518
EC,"Ramos",496
EC,"Palacios",495
EC,"Mejia",488
EC,"Hidalgo",487
EC,"Sánchez",486
EC,"Vasquez",482
EC,"Solorzano",479
EC,"Silva",477
EC,"Aguirre",468
EC,"Mero",456
EC,"Intriago",451
EC,"Hernandez",451
EC,"Rojas",450
EC,"Lema",448
EC,"Mendez",447
EC,"Murillo",440
EC,"Naranjo",437
EC,"Acosta",437
EC,"Calderon",417
EC,"Lara",416
EC,"Franco",412
EC,"Caiza",410
EC,"Cordova",409
EC,"Miranda",405
EC,"Tapia",404
EC,"Caicedo",400
EC,"Ochoa",398
EC,"Ordoñez",398
EC,"López",397
EC,"Chicaiza",396
EC,"Briones",389
EC,"Pincay",381
EC,"Escobar",376
EC,"Toapanta",376
EC,"Figueroa",374
EC,"Armijos",370
EC,"Almeida",366
EC,"Avila",361
EC,"Ayala",359
EC,"Palma",357
EC,"Zamora",352
EC,"Guevara",352
EC,"Peralta",350
EC,"Fernandez",348
EC,"Campoverde",344
EC,"Cardenas",343
EC,"Anchundia",340
EC,"Rodríguez",339
EC,"Mosquera",335
EC,"Rosero",335
EC,"Pazmiño",335
EC,"Pozo",334
EC,"Burgos",333
EC,"Pacheco",332
EC,"Peñafiel",331
EC,"Alava",331
EC,"Narvaez",329
EC,"Santana",327
EC,"Benavides",327
EC,"Arteaga",325
EC,"Peña",322
EC,"Cuenca",318
EC,"Saltos",316
EC,"Calle",313
EC,"Santos",312
EC,"Galarza",311
EC,"Orellana",307
EC,"Cortez",307
EC,"Quiñonez",303
EC,"Freire",298
EC,"Bonilla",296
EC,"Gutierrez",295
EC,"Navarrete",294
EC,"García",293
EC,"Arevalo",291
EC,"Villamar",287
EC,"Rivas",287
EC,"Solis",287
EC,"Espinosa",287
EC,"Veliz",287
EC,"Erazo",282
EC,"Quezada",280
EC,"Velasco",275
EC,"Correa",273
EC,"Lucas",272
EC,"Carrillo",270
EC,"Padilla",270
EC,"Contreras",270
EC,"Parra",268
EC,"Coronel",268
EC,"Proaño",267
EC,"Baque",264
EC,"Villacis",263
EC,"Bustamante",263
EC,"Parraga",263
EC,"Luna",263
EC,"Nuñez",262
EC,"Quiroz",262
EC,"Bermeo",261
EC,"Jacome",261
EC,"Hurtado",260
EC,"Guzman",260
EC,"Vaca",259
EC,"González",258
EC,"Velasquez",256
EC,"Montenegro",256
EC,"Carrera",255
EC,"Salinas",254
EC,"Quishpe",252
EC,"Granda",249
EC,"Cueva",248
EC,"Yepez",248
EC,"Holguin",247
EC,"Criollo",245
EC,"Tomala",241
EC,"Jara",240
EC,"Choez",238
EC,"Rios",238
EC,"Villa",236
EC,"Robles",236
EC,"Fajardo",235
EC,"Carvajal",233
EC,"León",233
EC,"Borja",231
EC,"Meza",230
EC,"Cse",229
EC,"Cadena",229
EC,"Jiménez",227
EC,"Sandoval",227
EC,"Astudillo",227
EC,"De La Cruz",227
EC,"Marquez",226
EC,"Montero",226
EC,"Simbaña",225
EC,"Parrales",224
EC,"Gonzales",224
EC,"Zapata",223
EC,"Camacho",222
EC,"Yanez",222
EC,"Vallejo",222
EC,"Pérez",222
EC,"Pineda",221
EC,"Merchan",220
EC,"Dominguez",220
EC,"Bajaña",220
EC,"Enriquez",220
EC,"Guerra",218
EC,"Carrion",217
EC,"Pinargote",216
EC,"Rosado",215
EC,"Alexander",214
EC,"Cando",213
EC,"Sarango",212
EC,"Angulo",212
EC,"David",211
EC,"Marcillo",210
EC,"Coello",209
EC,"Sarmiento",207
EC,"Carpio",207
EC,"Loja",204
EC,"Villegas",202
EC,"Alarcon",201
EC,"Vergara",199
EC,"Vinueza",199
EC,"Cabezas",198
EC,"Aviles",195
EC,"Rosales",194
EC,"Bastidas",194
EC,"Ibarra",194
EC,"Rivadeneira",193
EC,"Haro",193
EC,"Mena",192
EC,"Teran",192
EC,"Macas",191
EC,"Cepeda",190
EC,"Estrada",190
EC,"Valarezo",189
EC,"Gómez",188
EC,"Lozano",186
EC,"Samaniego",186
EC,"Villavicencio",186
EC,"Zuñiga",185
EC,"Valverde",185
EC,"Paucar",184
EC,"Yagual",183
EC,"Alejandro",182
EC,"Montoya",181
EC,"Fuentes",181
EC,"Quijije",181
EC,"Zurita",181
EC,"Abad",180
EC,"Reinoso",179
EC,"Altamirano",179
EC,"Brito",177
EC,"Obando",176
EC,"Santillan",173
EC,"Carrasco",173
EC,"Iza",172
EC,"Quinde",171
EC,"Beltran",170
EC,"Soto",170
EC,"Toala",170
EC,"Viteri",169
EC,"Salas",169
EC,"Oña",169
EC,"Carranza",169
EC,"Suárez",168
EC,"Gavilanes",168
EC,"Toaquiza",166
EC,"Valdez",165
EC,"Solano",165
EC,"Davila",165
EC,"Martínez",164
EC,"Barrera",162
EC,"Moncayo",162
EC,"Patiño",162
EC,"Andres",161
EC,"Quintero",161
EC,"Pico",160
EC,"Montaño",160
EC,"Chamba",159
EC,"Arroyo",159
EC,"Tipan",158
EC,"Arellano",158
EC,"Quito",158
EC,"Heredia",157
EC,"Benitez",157
EC,"Pinto",156
EC,"Gaibor",156
EC,"Garces",156
EC,"Javier",153
EC,"Pilco",153
EC,"Arreaga",153
EC,"Espin",153
EC,"Luis",152
EC,"Naula",152
EC,"Mendieta",152
EC,"Bella",151
EC,"Bone",151
EC,"Araujo",151
EC,"Segura",151
EC,"Pluas",150
EC,"Campos",150
EC,"Jumbo",150
EC,"Ch",149
EC,"Farias",149
EC,"Prado",149
EC,"Chamorro",148
EC,"Serrano",147
EC,"Maza",147
EC,"Vinces",146
EC,"Cajamarca",146
EC,"Cordero",146
EC,"Barahona",145
EC,"Ronquillo",145
EC,"Mina",145
EC,"Cisneros",144
EC,"Cantos",144
EC,"Fernando",143
EC,"Gallardo",143
EC,"Tamayo",143
EC,"Orozco",143
EC,"Plaza",143
EC,"Alban",142
EC,"Crespo",140
EC,"Troya",139
EC,"Gallegos",138
EC,"Salvatierra",138
EC,"Trujillo",138
EC,"Basurto",137
EC,"Marin",137
EC,"Burbano",137
EC,"Ramírez",137
EC,"Encalada",136
EC,"Pesantez",136
EC,"Lino",135
EC,"Valle",135
EC,"Veloz",134
EC,"Portilla",134
EC,"Tobar",133
EC,"Calderón",132
EC,"Arcos",132
EC,"Mayorga",132
EC,"Bolaños",131
EC,"Lucero",131
EC,"Elizabeth",130
EC,"Estrella",130
EC,"Paz",130
EC,"Andrango",129
EC,"Calero",129
EC,"Moya",129
EC,"Moreta",129
EC,"Tello",129
EC,"Olmedo",129
EC,"Jose",128
EC,"Bautista",128
EC,"Merino",128
EC,"Borbor",127
EC,"Ramon",127
EC,"Fernández",126
EC,"Pillajo",125
EC,"Menendez",124
EC,"Roman",124
EC,"Carlos",123
EC,"Valenzuela",123
EC,"Sosa",123
EC,"Ojeda",123
EC,"Garzon",122
EC,"Quimis",122
EC,"Toledo",122
EC,"Farinango",122
EC,"Cornejo",121
EC,"Tumbaco",120
EC,"Barros",120
EC,"Chimbo",119
EC,"Villafuerte",118
EC,"Tacuri",118
EC,"Zavala",118
EC,"Bueno",118
EC,"Collaguazo",117
EC,"Quinatoa",117
EC,"Montalvan",117
EC,"Giler",117
EC,"Recalde",116
EC,"Montalvo",116
EC,"Vivanco",116
EC,"Gavilanez",115
EC,"Robalino",115
EC,"Pin",114
EC,"Rea",114
EC,"Duran",113
EC,"Noboa",113
EC,"Navas",113
EC,"Tenorio",113
EC,"Soria",112
EE,"Tamm",269
EE,"Saar",188
EE,"Kask",167
EE,"Sepp",159
EE,"Ivanova",155
EE,"Mägi",149
EE,"Ivanov",148
EE,"Olen",137
EE,"Kukk",127
EE,"Rebane",113
EE,"Ilves",105
EE,"Oja",97
EE,"Koppel",92
EE,"Karu",91
EE,"Lepik",89
EE,"Luik",86
EE,"Kivi",84
EE,"Peterson",82
EE,"Pärn",80
EE,"Smirnova",76
EE,"Kaasik",76
EE,"Mets",76
EE,"Liiv",75
EE,"Kuusk",72
EE,"Ots",69
EE,"Smirnov",66
EE,"Vaher",66
EE,"Jõgi",66
EE,"Põder",64
EE,"Toom",63
EE,"Kütt",63
EE,"Lepp",62
EE,"Raudsepp",62
EE,"Petrov",60
EE,"Laur",60
EE,"Petrova",58
EE,"Raud",58
EE,"Leppik",58
EE,"Männik",58
EE,"Иванова",57
EE,"Jakobson",57
EE,"Sild",57
EE,"Kuznetsova",56
EE,"Vassiljeva",56
EE,"Kallas",56
EE,"Hein",56
EE,"Иванов",55
EE,"Paju",55
EE,"Teder",55
EE,"Lõhmus",55
EE,"Sarapuu",54
EE,"Pavlova",53
EE,"Kuusik",53
EE,"Nõmm",53
EE,"Tamme",53
EE,"Johanson",50
EE,"Lember",49
EE,"Ka",49
EE,"Laas",49
EE,"Kõiv",49
EE,"Orav",49
EE,"Kull",48
EE,"Kala",48
EE,"Mitt",47
EE,"Kase",47
EE,"Volkova",46
EE,"Pihlak",46
EE,"Kangur",46
EE,"Puusepp",46
EE,"Järv",45
EE,"Kuznetsov",44
EE,"Roos",44
EE,"Mänd",43
EE,"Hunt",43
EE,"Mölder",43
EE,"Palm",42
EE,"Pärna",42
EE,"Tomson",42
EE,"Valk",42
EE,"Mihhailov",41
EE,"Allik",41
EE,"Vassiljev",40
EE,"Valge",40
EE,"Aas",40
EE,"Adamson",40
EE,"Rätsep",40
EE,"Rand",40
EE,"Popova",39
EE,"Mihhailova",39
EE,"Sokolova",38
EE,"Põld",38
EE,"Tali",38
EE,"Roots",38
EE,"Kalda",38
EE,"Jegorova",37
EE,"Lind",37
EE,"Koort",37
EE,"Volkov",36
EE,"Jakovleva",36
EE,"Parts",36
EE,"Popov",35
EE,"Nikolajeva",35
EE,"Sokolov",35
EE,"Kruus",35
EE,"Saks",35
EE,"Jürgenson",35
EE,"Aus",35
EE,"Järve",35
EE,"Kallaste",35
EE,"Liiva",35
EE,"Lebedev",34
EE,"Väli",34
EE,"Uibo",34
EE,"Lill",34
EE,"Rüütel",34
EE,"Morozova",33
EE,"Петров",33
EE,"Semjonova",33
EE,"Pavlov",33
EE,"Mõttus",33
EE,"Sikk",33
EE,"Veski",33
EE,"Rohtla",33
EE,"Post",33
EE,"Vahter",33
EE,"Vahtra",33
EE,"Ott",33
EE,"Aleksejeva",32
EE,"Lebedeva",32
EE,"Pruul",32
EE,"Aavik",32
EE,"Miller",32
EE,"Mäe",32
EE,"Stepanova",31
EE,"Pukk",31
EE,"Tuisk",31
EE,"Männiste",31
EE,"Kikas",31
EE,"Fjodorova",30
EE,"Jakovlev",30
EE,"Nikolajev",30
EE,"Stepanov",30
EE,"Fjodorov",30
EE,"Aleksejev",30
EE,"Ko",30
EE,"Vaino",30
EE,"Juhanson",30
EE,"Must",30
EE,"Toots",30
EE,"Tilk",30
EE,"Mikk",30
EE,"Васильева",29
EE,"Sergejeva",29
EE,"Martinson",29
EE,"Tõnisson",29
EE,"Tammik",29
EE,"Kokk",29
EE,"Taal",29
EE,"Varik",29
EE,"Kurvits",29
EE,"Morozov",28
EE,"Oü",28
EE,"Toome",28
EE,"Õun",28
EE,"Kuus",28
EE,"Maripuu",28
EE,"Kolk",28
EE,"Jürgens",28
EE,"Martin",28
EE,"Erik",28
EE,"Toomsalu",28
EE,"Raja",28
EE,"Orlov",27
EE,"Belova",27
EE,"Singh",27
EE,"Tomingas",27
EE,"Tallinn",27
EE,"Unt",27
EE,"Paas",27
EE,"Bogdanova",26
EE,"Grigorjeva",26
EE,"Андреева",26
EE,"Смирнов",26
EE,"Antonova",26
EE,"Täht",26
EE,"Kurg",26
EE,"Kärner",26
EE,"Kovalenko",26
EE,"Sarv",26
EE,"Kaur",26
EE,"Võsu",26
EE,"Soosaar",26
EE,"Aru",26
EE,"Kesküla",26
EE,"Annus",26
EE,"Arro",26
EE,"Na",25
EE,"Andrejeva",25
EE,"Aleksandrova",25
EE,"Васильев",25
EE,"Novikova",25
EE,"Smith",25
EE,"Hansen",25
EE,"Lauri",25
EE,"Viira",25
EE,"Sokk",25
EE,"Kalmus",25
EE,"Aun",25
EE,"Kirss",25
EE,"Susi",25
EE,"Maksimova",24
EE,"Zaitseva",24
EE,"Maksimov",24
EE,"Novikov",24
EE,"Jegorov",24
EE,"Romanova",24
EE,"Abel",24
EE,"Kangro",24
EE,"Jõesaar",24
EE,"Liivak",24
EE,"Liivamägi",24
EE,"Silm",24
EE,"Saul",24
EE,"Andrejev",23
EE,"Смирнова",23
EE,"Nikitina",23
EE,"Antonov",23
EE,"Lipp",23
EE,"Lehtla",23
EE,"Jalakas",23
EE,"Laane",23
EE,"Kikkas",23
EE,"Maasik",23
EE,"Schmidt",23
EE,"Hendrikson",23
EE,"Sirel",23
EE,"Saare",23
EE,"Nurk",23
EE,"Makarova",22
EE,"Semjonov",22
EE,"Orlova",22
EE,"Makarov",22
EE,"Kalinina",22
EE,"Filippov",22
EE,"Lehtmets",22
EE,"Randmaa",22
EE,"Tooming",22
EE,"Lumiste",22
EE,"Anderson",22
EE,"Tiik",22
EE,"Altmäe",22
EE,"Lukk",22
EE,"Oras",22
EE,"Lang",22
EE,"Malm",22
EE,"Uustalu",22
EE,"Karro",22
EE,"Laan",22
EE,"Hanson",22
EE,"Tuul",22
EE,"Kotkas",22
EE,"Maria",21
EE,"Kuzmina",21
EE,"Кузнецова",21
EE,"Михайлова",21
EE,"Danilova",21
EE,"Vinogradova",21
EE,"Aleksandrov",21
EE,"Kozlov",21
EE,"Erm",21
EE,"Kiisk",21
EE,"Sarapik",21
EE,"Reimann",21
EE,"Soo",21
EE,"Tiits",21
EE,"Eller",21
EE,"Piller",21
EE,"Ojala",21
EE,"Anton",21
EE,"Mäeots",21
EE,"Haidak",21
EE,"Ma",21
EE,"Волков",20
EE,"Волкова",20
EE,"Grigorjev",20
EE,"Nikiforova",20
EE,"Kim",20
EE,"Laanemets",20
EE,"Pärtel",20
EE,"Simson",20
EE,"Joost",20
EE,"Sarap",20
EE,"Pilt",20
EE,"Hallik",20
EE,"Kuusemäe",20
EE,"Kaldma",20
EE,"Meier",20
EE,"Mark",20
EE,"Luts",20
EE,"Sutt",20
EE,"Koit",20
EE,"Sh",20
EE,"Sööt",20
EE,"Kasak",20
EE,"Siim",20
EE,"Tasane",20
EE,"Kirs",20
EE,"Palmiste",20
EE,"Holm",20
EE,"Noor",20
EE,"Kuzmin",19
EE,"Алексеева",19
EE,"Aleksandrovna",19
EE,"Romanov",19
EE,"Dmitrijeva",19
EE,"Kozlova",19
EE,"Kutsar",19
EE,"Ploom",19
EE,"Piho",19
EE,"Rosenberg",19
EE,"Laul",19
EE,"Oks",19
EE,"Kuningas",19
EE,"Kaldoja",19
EE,"Kirsipuu",19
EE,"Meister",19
EE,"Lääne",19
EE,"Tammiste",19
EE,"Loit",19
EE,"Suvi",19
EE,"Visnapuu",19
EE,"Pruuli",19
EE,"Gross",19
EE,"Kolesnikov",18
EE,"Петрова",18
EE,"Melnikova",18
EE,"Panova",18
EE,"Melnikov",18
EE,"Andreeva",18
EE,"Olga",18
EE,"Timofejev",18
EE,"Sorokin",18
EE,"Ja",18
EE,"Salumets",18
EE,"Kass",18
EE,"Randoja",18
EE,"Raid",18
EE,"Kivistik",18
EE,"Härm",18
EE,"Varblane",18
EE,"Mäesalu",18
EE,"Kullamaa",18
EE,"Jänes",18
EE,"Lillemets",18
EE,"Sander",18
EE,"Link",18
EE,"Allas",18
EE,"Kivirand",18
EE,"Urb",18
EE,"Lille",18
EE,"Kaljula",18
EE,"Paat",18
EE,"Klein",18
EE,"Kivimägi",18
EE,"Lass",18
EE,"Trei",18
EE,"Poom",18
EE,"Kimmel",18
EE,"Kroon",18
EE,"Pent",18
EE,"Suur",18
EE,"Jaanson",18
EE,"Solovjova",17
EE,"Liis",17
EE,"Rumjantseva",17
EE,"Vorobjova",17
EE,"Vinogradov",17
EE,"Nikitin",17
EE,"Sergejev",17
EE,"Tsvetkov",17
EE,"Bogdanov",17
EE,"Trofimov",17
EE,"Valdmann",17
EE,"Jefimov",17
EE,"Leht",17
EE,"Sidorenko",17
EE,"Sommer",17
EE,"Ruus",17
EE,"Luht",17
EE,"Laos",17
EE,"Talts",17
EE,"Niit",17
EE,"Vare",17
EE,"Kuusemets",17
EE,"Poll",17
EE,"Müür",17
EE,"Moroz",17
EE,"Käär",17
EE,"Kelder",17
EE,"Piir",17
EG,"Mohamed",961443
EG,"محمد",894319
EG,"Ahmed",824305
EG,"احمد",499309
EG,"Ali",350873
EG,"Mahmoud",260815
EG,"محمود",241895
EG,"Hassan",226840
EG,"Mostafa",177743
EG,"Adel",176111
EG,"Gamal",171211
EG,"علي",152783
EG,"حسن",150281
EG,"Salah",141275
EG,"Ana",136307
EG,"السيد",134113
EG,"Khaled",132722
EG,"يوسف",121308
EG,"ابراهيم",120123
EG,"Ashraf",117679
EG,"Magdy",116446
EG,"Ibrahim",113384
EG,"المصري",110712
EG,"Mohammed",108862
EG,"Saad",108845
EG,"Sayed",107905
EG,"على",103294
EG,"Abdo",99779
EG,"Samir",92495
EG,"جمال",90551
EG,"سعيد",87884
EG,"الرحمن",86333
EG,"سيد",84811
EG,"Hamdy",82753
EG,"Said",81351
EG,"الله",81038
EG,"حسين",79654
EG,"Omar",79213
EG,"Elsayed",79140
EG,"عبدالله",78853
EG,"Tarek",78304
EG,"Fathy",74120
EG,"انا",74117
EG,"Kamal",73655
EG,"خالد",73472
EG,"رمضان",73401
EG,"Samy",70672
EG,"صلاح",70317
EG,"عمر",70136
EG,"Emad",69706
EG,"الحياه",69159
EG,"مصطفي",68875
EG,"سعد",68604
EG,"المصرى",67488
EG,"عبده",67473
EG,"عادل",67242
EG,"Ayman",66119
EG,"مصطفى",65763
EG,"Alaa",65589
EG,"Ramadan",63570
EG,"أحمد",63318
EG,"Osama",62451
EG,"Atef",62097
EG,"Essam",60601
EG,"Reda",58991
EG,"لله",58234
EG,"الجنه",57615
EG,"Nabil",56758
EG,"شعبان",55172
EG,"Hany",55096
EG,"Amr",53508
EG,"النجار",51333
EG,"Saleh",50776
EG,"De Ana",49934
EG,"Ragab",49572
EG,"Salem",49376
EG,"رجب",49238
EG,"Taha",48868
EG,"Yasser",48823
EG,"Fawzy",48789
EG,"Hamed",48773
EG,"Youssef",48632
EG,"Ahmad",47927
EG,"Mohmed",47821
EG,"Kamel",46877
EG,"Maher",46090
EG,"Soliman",45476
EG,"ميدو",44735
EG,"سمير",43649
EG,"Ebrahim",43144
EG,"Saber",42777
EG,"Abdallah",42398
EG,"Hussein",42333
EG,"عيد",42169
EG,"Hesham",42072
EG,"Mido",41514
EG,"Sabry",41025
EG,"اشرف",40734
EG,"Salama",40647
EG,"Elmasry",40610
EG,"Mohsen",40293
EG,"Saeed",40035
EG,"Nasser",39657
EG,"سالم",39431
EG,"Medo",39115
EG,"Mansour",39017
EG,"Eid",38988
EG,"Amer",38735
EG,"Fouad",38704
EG,"كريم",37830
EG,"صالح",37142
EG,"Nasr",37087
EG,"الجزار",36682
EG,"الصعيدي",36357
EG,"Yousef",36245
EG,"الطيب",35972
EG,"Aly",35926
EG,"فتحي",35909
EG,"Hossam",35863
EG,"اسماعيل",35858
EG,"رضا",35846
EG,"كمال",35062
EG,"Gaber",34834
EG,"صابر",34709
EG,"يارب",34492
EG,"الشيخ",34379
EG,"منصور",34131
EG,"Awad",33857
EG,"Khalil",33513
EG,"سليمان",33022
EG,"الحياة",32845
EG,"Osman",32502
EG,"Gomaa",32419
EG,"Farouk",32357
EG,"ناصر",32322
EG,"Badr",32244
EG,"نور",31653
EG,"ربيع",31603
EG,"Sobhy",31336
EG,"Tota",31274
EG,"Sherif",31252
EG,"Amin",31207
EG,"Helmy",30939
EG,"Galal",30937
EG,"Tito",30883
EG,"Zaki",30878
EG,"Ehab",30597
EG,"Ezzat",30458
EG,"Sameh",30370
EG,"العمر",30282
EG,"Gad",30237
EG,"ادم",29855
EG,"الديب",29556
EG,"Ismail",29495
EG,"الشريف",29461
EG,"حماده",29260
EG,"Mamdouh",29179
EG,"Hamada",29162
EG,"عامر",29107
EG,"Hosny",28947
EG,"Farag",28886
EG,"حمدي",28878
EG,"Nour",28823
EG,"كامل",28634
EG,"Shaban",28541
EG,"عمرو",28444
EG,"حامد",28338
EG,"عماد",28242
EG,"Hussien",28212
EG,"سليم",28022
EG,"امل",28010
EG,"عبدالرحمن",27601
EG,"عاطف",27597
EG,"عوض",27220
EG,"الجن",27180
EG,"ياسر",27143
EG,"خليل",27065
EG,"باشا",26749
EG,"Fahmy",26716
EG,"علاء",26715
EG,"طه",26697
EG,"ياسين",26600
EG,"Wael",26263
EG,"ايمن",26001
EG,"وليد",25907
EG,"Mero",25902
EG,"Ibrahem",25886
EG,"جمعه",25813
EG,"Moustafa",25744
EG,"جابر",25424
EG,"عصام",25349
EG,"الشرقاوي",25333
EG,"فارس",25119
EG,"عثمان",24640
EG,"عمار",24627
EG,"Shawky",24626
EG,"الشبح",24605
EG,"Adam",24535
EG,"فتحى",24490
EG,"فرج",24350
EG,"طارق",24163
EG,"العربي",24143
EG,"Emam",24097
EG,"بدر",24044
EG,"Medhat",23834
EG,"Pop",23610
EG,"اسلام",23266
EG,"دي انا",23075
EG,"الاحزان",23070
EG,"Hegazy",22902
EG,"شريف",22812
EG,"Hamza",22615
EG,"شاهين",22517
EG,"حياتى",22459
EG,"Mody",22391
EG,"الروش",22375
EG,"Nagy",21894
EG,"سلامه",21858
EG,"الباشا",21756
EG,"Nona",21747
EG,"Saied",21689
EG,"Mustafa",21482
EG,"البحر",21470
EG,"Koko",21455
EG,"الصعيدى",21450
EG,"Dody",21297
EG,"حمدى",21227
EG,"Naser",21024
EG,"Tamer",20993
EG,"Shehata",20776
EG,"حسام",20739
EG,"عطيه",20735
EG,"Radwan",20717
EG,"Hasan",20429
EG,"انساك",20306
EG,"فاروق",20304
EG,"Samer",20219
EG,"عبد الرحمن",20048
EG,"العمده",19974
EG,"Hafez",19814
EG,"Anwar",19765
EG,"مجدي",19760
EG,"نصر",19719
EG,"Rashad",19506
EG,"Khalifa",19395
EG,"Eslam",19353
EG,"Allam",19325
EG,"عباس",19315
EG,"جلال",19272
EG,"البوب",19217
EG,"إبراهيم",19133
EG,"Mousa",19099
EG,"جاد",19051
EG,"Da Ana",19043
EG,"Sakr",19006
EG,"الصغير",18982
EG,"Mokhtar",18908
EG,"علام",18887
EG,"مريم",18840
EG,"عمري",18828
EG,"Yehia",18812
EG,"الشمس",18789
EG,"Maged",18785
EG,"امين",18769
EG,"الصياد",18646
EG,"Abdalla",18573
EG,"ماهر",18535
EG,"خلف",18450
EG,"Mohamad",18431
EG,"ممدوح",18403
EG,"السعيد",18401
EG,"فؤاد",18352
EG,"رزق",18183
EG,"Helal",18094
EG,"Diab",18014
EG,"الشرقاوى",17957
EG,"عزت",17942
EG,"يونس",17941
EG,"Lolo",17774
EG,"Lotfy",17687
EG,"عبدالعزيز",17665
EG,"حنين",17549
EG,"نبيل",17482
EG,"Aziz",17458
EG,"Bebo",17438
EG,"Zezo",17428
EG,"هشام",17395
EG,"عاشور",17346
EG,"Refaat",17226
EG,"هاني",17221
EG,"زياد",17054
EG,"هاشم",16931
EG,"Waleed",16904
EG,"العيون",16866
EG,"الهواري",16858
EG,"Gogo",16746
EG,"Fathi",16714
EG,"افندينا",16695
EG,"Saed",16689
EG,"البنا",16674
EG,"Selim",16624
EG,"Hashem",16602
EG,"Bakr",16567
EG,"عبد الله",16539
EG,"الجمل",16533
EG,"عبد العزيز",16527
EG,"شحاته",16503
EG,"محسن",16329
EG,"Elsaid",16305
EG,"بالله",16231
EG,"Zakaria",16215
EG,"Ashour",16204
EG,"الخطيب",16177
EG,"Attia",16114
EG,"الحداد",16112
EG,"Talaat",16034
EG,"Malak",15994
EG,"فوزي",15895
EG,"Nada",15895
EG,"Nassar",15850
EG,"عتاب",15824
EG,"رضوان",15821
EG,"سامي",15753
EG,"دياب",15694
EG,"عبدالحميد",15666
EG,"الامير",15658
EG,"Elgendy",15630
EG,"النمر",15587
EG,"Ezz",15558
EG,"حماد",15546
EG,"الدين",15490
EG,"Abdelaziz",15429
EG,"خميس",15427
EG,"Ebrahem",15400
EG,"Esam",15259
EG,"زيدان",15190
EG,"Shaker",14983
EG,"سلطان",14900
EG,"عبد الحميد",14900
EG,"Fares",14895
EG,"قاسم",14892
EG,"ابو",14885
EG,"الجمال",14832
EG,"هلال",14799
EG,"صبري",14742
EG,"Abbas",14735
EG,"الامل",14732
EG,"سامح",14639
EG,"Esmail",14582
EG,"Zidan",14568
EG,"الاسطوره",14523
EG,"صبحي",14512
EG,"Karam",14505
EG,"الجندي",14484
EG,"مجدى",14468
EG,"زيزو",14442
EG,"موسي",14416
EG,"خطاب",14411
EG,"بركات",14385
EG,"البستان",14366
EG,"ابو محمد",14347
EG,"توفيق",14302
EG,"درويش",14270
EG,"حبيب",14269
EG,"مروان",14266
EG,"Koky",14263
EG,"King",14232
EG,"ابو احمد",14222
EG,"ابوزيد",14190
EG,"Tawfik",14169
EG,"سلام",14067
EG,"Morsy",14050
EG,"خليفه",14039
EG,"Shaaban",13994
EG,"البيضاء",13972
EG,"Barakat",13959
EG,"El Sayed",13930
EG,"غريب",13908
EG,"Shalaby",13884
EG,"ابو يوسف",13882
EG,"Safwat",13834
EG,"Hatem",13804
EG,"جميل",13769
EG,"العطار",13675
EG,"Mahmod",13605
EG,"Khalaf",13604
EG,"انور",13497
EG,"مختار",13449
EG,"Walid",13449
EG,"Habib",13436
EG,"الزمان",13401
EG,"الخولي",13389
EG,"Hazem",13384
EG,"نصار",13356
EG,"Badawy",13341
EG,"حسني",13334
EG,"Raafat",13290
EG,"عيسي",13237
EG,"Hisham",13116
EG,"Arafa",13051
ES,"Garcia",89462
ES,"Rodriguez",59158
ES,"Lopez",58764
ES,"Martinez",55068
ES,"Gonzalez",54217
ES,"Fernandez",53720
ES,"Sanchez",52643
ES,"Perez",52103
ES,"Gomez",32128
ES,"Martin",31315
ES,"Ruiz",29958
ES,"Moreno",29856
ES,"Jimenez",27172
ES,"García",26423
ES,"Hernandez",23717
ES,"Diaz",23445
ES,"Muñoz",22761
ES,"González",21104
ES,"Romero",20876
ES,"Rodríguez",20864
ES,"Fernández",20746
ES,"López",19226
ES,"Alvarez",18980
ES,"Sánchez",18772
ES,"Torres",17451
ES,"Martínez",16764
ES,"Alonso",16519
ES,"Pérez",15750
ES,"Navarro",15679
ES,"Ramos",13810
ES,"Gutierrez",12396
ES,"Morales",12170
ES,"Ramirez",12043
ES,"Molina",11565
ES,"Serrano",11137
ES,"Castro",11124
ES,"Gómez",10855
ES,"Blanco",10409
ES,"Dominguez",10391
ES,"Ortega",10317
ES,"Ortiz",10277
ES,"Gil",10250
ES,"Delgado",10094
ES,"Martín",9744
ES,"Santos",9544
ES,"Jiménez",9517
ES,"Hernández",9478
ES,"Castillo",9441
ES,"Medina",9129
ES,"Rubio",8969
ES,"Vazquez",8584
ES,"Flores",8541
ES,"Suarez",8512
ES,"Marin",8089
ES,"Cruz",7828
ES,"Reyes",7824
ES,"Sanz",7746
ES,"Guerrero",7718
ES,"Garrido",7353
ES,"Garcia Garcia",7093
ES,"Herrera",7060
ES,"Lozano",7054
ES,"Cortes",7048
ES,"Iglesias",6944
ES,"Vargas",6675
ES,"Cabrera",6559
ES,"Santana",6514
ES,"Peña",6373
ES,"Cano",6345
ES,"Campos",6243
ES,"Vega",6188
ES,"Mendez",6015
ES,"Gallego",6013
ES,"Silva",5976
ES,"Aguilar",5939
ES,"Nuñez",5936
ES,"Fuentes",5854
ES,"Carrasco",5784
ES,"Vidal",5749
ES,"Caballero",5713
ES,"Rojas",5591
ES,"Prieto",5543
ES,"Santiago",5474
ES,"Montero",5362
ES,"Maria",5334
ES,"Díaz",5322
ES,"Mendoza",5222
ES,"Mora",5186
ES,"Hidalgo",5163
ES,"Carmona",5109
ES,"Ferrer",4997
ES,"Nieto",4967
ES,"Arias",4937
ES,"Leon",4929
ES,"Marquez",4900
ES,"Lorenzo",4864
ES,"Rivera",4820
ES,"Gutiérrez",4807
ES,"Soto",4728
ES,"Calvo",4656
ES,"Pascual",4640
ES,"Benitez",4516
ES,"Gimenez",4485
ES,"Heredia",4477
ES,"Herrero",4427
ES,"Vera",4410
ES,"Álvarez",4399
ES,"Singh",4330
ES,"Gallardo",4172
ES,"Mohamed",4171
ES,"Madrid",4152
ES,"Lara",4149
ES,"Velasco",4138
ES,"Rivas",4114
ES,"Soler",4103
ES,"Franco",4096
ES,"Camacho",4095
ES,"Bravo",4093
ES,"Crespo",4014
ES,"Parra",3999
ES,"Espinosa",3992
ES,"Pastor",3963
ES,"Vicente",3922
ES,"Salazar",3848
ES,"Duran",3840
ES,"Pardo",3813
ES,"Montes",3786
ES,"Roman",3753
ES,"Ali",3742
ES,"Miranda",3739
ES,"Moya",3702
ES,"Contreras",3656
ES,"Diez",3652
ES,"Valencia",3639
ES,"Palacios",3633
ES,"Merino",3620
ES,"Rey",3619
ES,"Acosta",3604
ES,"Esteban",3597
ES,"Pereira",3583
ES,"Carrillo",3576
ES,"Luna",3556
ES,"Segura",3548
ES,"Sierra",3536
ES,"Lopez Lopez",3533
ES,"Robles",3474
ES,"Rios",3426
ES,"Vázquez",3410
ES,"Arroyo",3410
ES,"Domínguez",3404
ES,"Luque",3369
ES,"Izquierdo",3367
ES,"Ahmed",3342
ES,"Soriano",3271
ES,"Bernal",3245
ES,"Marcos",3233
ES,"Garcia Lopez",3227
ES,"Ibañez",3217
ES,"Redondo",3208
ES,"Guerra",3198
ES,"Ramírez",3197
ES,"Padilla",3188
ES,"Aguilera",3185
ES,"Mateo",3125
ES,"De La Torre",3113
ES,"Casado",3107
ES,"Diallo",3101
ES,"Escobar",3101
ES,"Antonio",3071
ES,"Fernandez Fernandez",3068
ES,"De La Cruz",3056
ES,"Valero",3048
ES,"Lopez Garcia",3047
ES,"Pacheco",3040
ES,"Costa",3034
ES,"De La Fuente",3031
ES,"Bueno",3028
ES,"Saez",3025
ES,"Garcia Martinez",2985
ES,"Perez Perez",2985
ES,"Garcia Sanchez",2984
ES,"Martinez Martinez",2978
ES,"Otero",2953
ES,"Miguel",2937
ES,"Martinez Garcia",2929
ES,"Garcia Gonzalez",2909
ES,"Maldonado",2906
ES,"Salas",2897
ES,"Hurtado",2879
ES,"Trujillo",2874
ES,"Sanchez Garcia",2856
ES,"Garcia Fernandez",2850
ES,"Rivero",2844
ES,"Casas",2843
ES,"Rodriguez Rodriguez",2826
ES,"Escudero",2823
ES,"Suárez",2820
ES,"Vila",2819
ES,"Varela",2814
ES,"Quintana",2811
ES,"Montoya",2795
ES,"Fernandez Garcia",2784
ES,"Garcia Rodriguez",2776
ES,"Fdez",2745
ES,"Rodriguez Garcia",2743
ES,"Macias",2739
ES,"Gonzalez Garcia",2736
ES,"Jose",2734
ES,"Sanchez Sanchez",2725
ES,"Amador",2707
ES,"Perez Garcia",2700
ES,"Manuel",2680
ES,"Conde",2677
ES,"Roca",2673
ES,"Garcia Perez",2661
ES,"Gracia",2661
ES,"Gonzalez Gonzalez",2651
ES,"Mateos",2642
ES,"Manzano",2637
ES,"Aparicio",2625
ES,"Guzman",2614
ES,"Villar",2610
ES,"Gonzales",2597
ES,"Rico",2590
ES,"Aranda",2584
ES,"Serra",2584
ES,"Juan",2577
ES,"Benito",2574
ES,"Paredes",2571
ES,"Villanueva",2561
ES,"Ponce",2530
ES,"Jurado",2528
ES,"Luis",2527
ES,"Abad",2480
ES,"Zamora",2474
ES,"Avila",2472
ES,"Plaza",2470
ES,"Rosa",2451
ES,"Cuevas",2416
ES,"García García",2415
ES,"Chen",2395
ES,"Bautista",2383
ES,"Valverde",2373
ES,"Murillo",2371
ES,"Pons",2368
ES,"Mesa",2364
ES,"Rueda",2363
ES,"Camara",2357
ES,"Ndiaye",2350
ES,"Sevilla",2322
ES,"Valle",2306
ES,"Galan",2301
ES,"Marti",2288
ES,"Ballesteros",2279
ES,"Mas",2273
ES,"Villa",2272
ES,"Oliva",2257
ES,"Exposito",2248
ES,"Diop",2245
ES,"Bermudez",2243
ES,"Castaño",2238
ES,"Salvador",2232
ES,"Cm",2220
ES,"Andres",2207
ES,"Calderon",2195
ES,"Guillen",2195
ES,"De La Rosa",2187
ES,"Paz",2179
ES,"Sancho",2179
ES,"Alba",2175
ES,"Roldan",2174
ES,"Pineda",2158
ES,"Cuesta",2149
ES,"Mena",2140
ES,"Aguirre",2115
ES,"Angel",2114
ES,"Cuenca",2109
ES,"Ros",2108
ES,"Beltran",2099
ES,"Villalba",2098
ES,"Estevez",2097
ES,"Ferreira",2083
ES,"Sosa",2080
ES,"Bermejo",2075
ES,"Burgos",2071
ES,"Barrera",2059
ES,"León",2055
ES,"Lucas",2052
ES,"Linares",2052
ES,"Santamaria",2051
ES,"Cordero",2039
ES,"Blasco",2039
ES,"Martos",2023
ES,"Collado",2014
ES,"Zapata",2014
ES,"Rodriguez Gonzalez",2012
ES,"Toledo",2012
ES,"Naranjo",2007
ES,"Lorente",2006
ES,"Ayala",1999
ES,"Quesada",1995
ES,"Galvez",1986
ES,"Gonzalez Rodriguez",1985
ES,"Marín",1963
ES,"Arenas",1963
ES,"Navas",1960
ES,"Puig",1955
ES,"Rm",1952
ES,"Soria",1949
ES,"Pozo",1947
ES,"Vallejo",1946
ES,"Reina",1941
ES,"Rodrigo",1940
ES,"Ojeda",1934
ES,"Quintero",1933
ES,"Barroso",1914
ES,"Rojo",1909
ES,"Galindo",1905
ES,"España",1904
ES,"Bonilla",1904
ES,"Lopez Martinez",1899
ES,"Barcelona",1898
ES,"Martinez Lopez",1897
ES,"Méndez",1896
ES,"Correa",1892
ES,"Rodriguez Fernandez",1891
ES,"Cabello",1890
ES,"Marco",1865
ES,"Pulido",1859
ES,"Gc",1840
ES,"Cg",1839
ES,"Fernandez Gonzalez",1830
ES,"Saavedra",1829
ES,"Cortés",1825
ES,"Salinas",1821
ES,"Duarte",1820
ES,"Polo",1820
ES,"Gr",1819
ES,"Mata",1818
ES,"Pinto",1817
ES,"Del Rio",1815
ES,"Simon",1813
ES,"Gonzalez Fernandez",1812
ES,"Caro",1812
ES,"Núñez",1810
ES,"Oliver",1809
ES,"Mar",1807
ES,"David",1802
ES,"Gimeno",1801
ES,"Sanchez Lopez",1793
ES,"Fernandez Lopez",1793
ES,"Zambrano",1792
ES,"Ma",1785
ES,"Villegas",1774
ES,"Aguado",1772
ES,"Ordoñez",1770
ES,"Domingo",1770
ES,"Lopez Sanchez",1769
ES,"Asensio",1768
ES,"Alarcon",1766
ES,"Menendez",1763
ES,"Smith",1748
ES,"Fernandez Rodriguez",1746
ES,"Martin Martin",1745
ES,"Márquez",1738
ES,"Lopez Fernandez",1729
ES,"Rodriguez Perez",1729
ES,"Escribano",1718
ES,"Leal",1716
ES,"Cr",1712
ES,"Rg",1709
ES,"Lopez Rodriguez",1708
ES,"Vasquez",1698
ES,"Cardona",1698
ES,"Castellano",1698
ES,"Rodriguez Lopez",1695
ES,"Barrios",1695
ES,"Palma",1692
ES,"Lopez Perez",1686
ES,"Amaya",1681
ES,"Carrera",1680
ES,"Martinez Sanchez",1670
ES,"Mp",1663
ES,"Mejia",1661
ES,"Traore",1660
ES,"Da Silva",1653
ES,"Garcia Martin",1650
ES,"Millan",1650
ES,"Peralta",1648
ES,"Tomas",1642
ES,"Alvarado",1640
ES,"Perez Rodriguez",1635
ES,"Andrade",1632
ES,"Gonzalez Perez",1631
ES,"Carbonell",1629
ES,"Salgado",1626
ES,"Martin Garcia",1623
ES,"Caceres",1620
ES,"Calero",1618
ES,"Ventura",1616
FI,"Khan",6271
FI,"Kumar",4679
FI,"Virtanen",4638
FI,"Korhonen",4476
FI,"Nieminen",4328
FI,"Mäkinen",4167
FI,"Mäkelä",3856
FI,"Laine",3687
FI,"Ali",3608
FI,"Koskinen",3600
FI,"Heikkinen",3586
FI,"Hämäläinen",3567
FI,"Lehtonen",3337
FI,"Järvinen",3325
FI,"Lehtinen",3238
FI,"Saarinen",3202
FI,"Salminen",3095
FI,"Niemi",3085
FI,"Heikkilä",2977
FI,"Heinonen",2941
FI,"Salonen",2908
FI,"Kinnunen",2883
FI,"Singh",2848
FI,"Salo",2833
FI,"Jokinen",2621
FI,"Rantanen",2613
FI,"Tuominen",2613
FI,"Mattila",2586
FI,"Turunen",2549
FI,"Karjalainen",2534
FI,"Laitinen",2518
FI,"Lahtinen",2275
FI,"Savolainen",2237
FI,"Ojala",2180
FI,"Kallio",2177
FI,"Ahonen",2171
FI,"Leppänen",2145
FI,"Aaltonen",2088
FI,"Koivisto",2036
FI,"Hakala",2033
FI,"Anttila",2029
FI,"Manninen",2027
FI,"Pitkänen",1968
FI,"Väisänen",1962
FI,"Laaksonen",1954
FI,"Leinonen",1950
FI,"Miettinen",1940
FI,"Hiltunen",1936
FI,"Laakso",1906
FI,"Toivonen",1873
FI,"Lehto",1834
FI,"Hirvonen",1812
FI,"Aalto",1796
FI,"Rantala",1774
FI,"Räsänen",1774
FI,"Nurmi",1746
FI,"Peltonen",1731
FI,"Mustonen",1722
FI,"Seppälä",1722
FI,"Saari",1710
FI,"Niemelä",1694
FI,"Pulkkinen",1674
FI,"Moilanen",1653
FI,"Hänninen",1642
FI,"Lahti",1637
FI,"Koskela",1607
FI,"Salmi",1593
FI,"Kemppainen",1587
FI,"Lappalainen",1566
FI,"Kettunen",1564
FI,"Ahola",1554
FI,"Seppänen",1553
FI,"Aho",1550
FI,"Kauppinen",1542
FI,"Halonen",1541
FI,"Partanen",1517
FI,"Ikonen",1492
FI,"Peltola",1482
FI,"Huttunen",1478
FI,"Suominen",1475
FI,"Pesonen",1465
FI,"Mikkonen",1454
FI,"Oksanen",1447
FI,"Vainio",1427
FI,"Koponen",1413
FI,"Vuorinen",1404
FI,"Mikkola",1391
FI,"Lindholm",1383
FI,"Niskanen",1375
FI,"Koski",1374
FI,"Heiskanen",1370
FI,"Kärkkäinen",1355
FI,"Mäki",1339
FI,"Rissanen",1319
FI,"Honkanen",1317
FI,"Nyman",1315
FI,"Nurminen",1300
FI,"Harju",1300
FI,"Ahmed",1295
FI,"Karppinen",1279
FI,"Rajala",1279
FI,"Kangas",1279
FI,"Määttä",1278
FI,"Immonen",1275
FI,"Heino",1271
FI,"Johansson",1252
FI,"Kokkonen",1237
FI,"Leino",1234
FI,"Yadav",1232
FI,"Laukkanen",1216
FI,"Keränen",1208
FI,"Paananen",1197
FI,"Juntunen",1189
FI,"Uusitalo",1187
FI,"Jääskeläinen",1175
FI,"Hartikainen",1169
FI,"Laurila",1160
FI,"Mäenpää",1156
FI,"Ruotsalainen",1140
FI,"Viitanen",1138
FI,"Parviainen",1128
FI,"Rautiainen",1128
FI,"Tikkanen",1124
FI,"Ranta",1105
FI,"Leskinen",1103
FI,"Salmela",1101
FI,"Kokko",1100
FI,"Tamminen",1095
FI,"Toivanen",1076
FI,"Lindström",1074
FI,"Kuusisto",1073
FI,"Nevalainen",1061
FI,"Hietala",1060
FI,"Hyvärinen",1057
FI,"Korpela",1056
FI,"Makkonen",1047
FI,"Holopainen",1045
FI,"Martikainen",1041
FI,"Häkkinen",1036
FI,"Jokela",1033
FI,"Nykänen",1024
FI,"Jaakkola",1023
FI,"Hakkarainen",1023
FI,"Karvonen",1022
FI,"Pasanen",1020
FI,"Saarela",1019
FI,"Ahmad",1006
FI,"Karhu",994
FI,"Lindroos",994
FI,"Kukkonen",992
FI,"Härkönen",991
FI,"Rautio",984
FI,"Tiainen",984
FI,"Autio",974
FI,"Virta",972
FI,"Sillanpää",969
FI,"Jussila",963
FI,"Kosonen",960
FI,"Hyvönen",947
FI,"Rinne",938
FI,"Kujala",930
FI,"Kivelä",929
FI,"Väänänen",921
FI,"Karlsson",914
FI,"Lindqvist",911
FI,"Lampinen",902
FI,"Timonen",890
FI,"Andersson",882
FI,"Nissinen",879
FI,"Kuusela",875
FI,"Valtonen",874
FI,"Laakkonen",871
FI,"Räisänen",871
FI,"Tolonen",866
FI,"Huhtala",864
FI,"Hokkanen",864
FI,"Malinen",861
FI,"Kolehmainen",844
FI,"Koistinen",841
FI,"Lepistö",837
FI,"Koivunen",825
FI,"Lindberg",820
FI,"Eskelinen",819
FI,"Kulmala",815
FI,"Pelkonen",814
FI,"Nousiainen",811
FI,"Marttila",806
FI,"Eriksson",805
FI,"Koivula",796
FI,"Asikainen",792
FI,"Vartiainen",791
FI,"Hautala",791
FI,"Helenius",783
FI,"Ketola",775
FI,"Takala",772
FI,"Haapala",770
FI,"Hyttinen",770
FI,"Hussain",769
FI,"Kumpulainen",769
FI,"Eskola",768
FI,"Järvenpää",768
FI,"Voutilainen",757
FI,"Viljanen",757
FI,"Liimatainen",757
FI,"Pietilä",751
FI,"Komulainen",747
FI,"Luukkonen",743
FI,"Tuovinen",739
FI,"Luoma",738
FI,"Lehtimäki",737
FI,"Vuori",736
FI,"Ronkainen",735
FI,"Liukkonen",733
FI,"Repo",731
FI,"Paavola",728
FI,"Eklund",728
FI,"Riikonen",728
FI,"Penttinen",727
FI,"Kyllönen",725
FI,"Tolvanen",724
FI,"Haavisto",721
FI,"Viitala",715
FI,"Penttilä",713
FI,"Hautamäki",709
FI,"Ollila",709
FI,"Auvinen",707
FI,"Huotari",705
FI,"Suomalainen",704
FI,"Juvonen",702
FI,"Myllymäki",701
FI,"Karttunen",700
FI,"Suhonen",696
FI,"Kivimäki",694
FI,"Huovinen",693
FI,"Hietanen",692
FI,"Eronen",690
FI,"Saastamoinen",687
FI,"Lindfors",687
FI,"Helin",687
FI,"Nuutinen",686
FI,"Pennanen",685
FI,"Perälä",678
FI,"Lehtola",678
FI,"Kainulainen",677
FI,"Pakarinen",674
FI,"Kanerva",668
FI,"Sharma",667
FI,"Keskinen",666
FI,"Silvennoinen",666
FI,"Jalonen",662
FI,"Välimäki",662
FI,"Lindgren",657
FI,"Ansari",654
FI,"Tuomi",653
FI,"Lähteenmäki",651
FI,"Markkanen",649
FI,"Helminen",647
FI,"Ollikainen",647
FI,"Halme",643
FI,"Ylitalo",642
FI,"Hannula",636
FI,"Taskinen",633
FI,"Matikainen",633
FI,"Kantola",626
FI,"Holm",621
FI,"Sipilä",619
FI,"Kuosmanen",616
FI,"Alatalo",615
FI,"Rintala",612
FI,"Backman",610
FI,"Meriläinen",609
FI,"Laiho",609
FI,"Nylund",608
FI,"Mäntylä",606
FI,"Kähkönen",603
FI,"Kortelainen",599
FI,"Gustafsson",596
FI,"Kivistö",596
FI,"Nguyen",595
FI,"Blomqvist",595
FI,"Soininen",595
FI,"Tervo",594
FI,"Erkkilä",593
FI,"Turpeinen",591
FI,"Matilainen",590
FI,"Haapanen",587
FI,"Rauhala",587
FI,"Kuisma",585
FI,"Kurki",583
FI,"Nyberg",583
FI,"Pääkkönen",578
FI,"Ojanen",577
FI,"Kiviniemi",576
FI,"Pajunen",576
FI,"Lassila",574
FI,"Tanskanen",574
FI,"Peltoniemi",573
FI,"Kankaanpää",573
FI,"Puustinen",569
FI,"Piirainen",568
FI,"Rytkönen",565
FI,"Hytönen",563
FI,"Henriksson",562
FI,"Väyrynen",560
FI,"Pohjola",560
FI,"Alam",555
FI,"Taipale",553
FI,"Haataja",551
FI,"Oinonen",551
FI,"Kaikkonen",546
FI,"Varis",546
FI,"Pekkala",545
FI,"Berg",545
FI,"Kivinen",544
FI,"Sainio",544
FI,"Raatikainen",543
FI,"Tarvainen",541
FI,"Jäntti",541
FI,"Holmberg",540
FI,"Tikka",539
FI,"Karvinen",537
FI,"Kilpeläinen",536
FI,"Niiranen",534
FI,"Ruuskanen",533
FI,"Puhakka",532
FI,"Moisio",531
FI,"Parkkinen",530
FI,"Järvelä",529
FI,"Kärki",529
FI,"Korpi",528
FI,"Rossi",518
FI,"Muhonen",518
FI,"Raj",517
FI,"Valkonen",516
FI,"Jaatinen",515
FI,"Pirinen",514
FI,"Lipponen",514
FI,"Vesterinen",513
FI,"Haverinen",510
FI,"Ylönen",509
FI,"Lehikoinen",509
FI,"Järvi",509
FI,"Kari",508
FI,"Vuorela",508
FI,"Mohamed",506
FI,"Latvala",503
FI,"Pehkonen",503
FI,"Karhunen",503
FI,"Keinänen",499
FI,"Männistö",498
FI,"Nikula",496
FI,"Räty",494
FI,"Ahokas",494
FI,"Ram",492
FI,"Kiuru",491
FI,"Kauppila",490
FI,"Jauhiainen",489
FI,"Venäläinen",489
FI,"Rönkkö",488
FI,"Uotila",487
FI,"Snellman",485
FI,"Eloranta",485
FI,"Linna",483
FI,"Elo",482
FI,"Alanko",482
FI,"Sjöblom",481
FI,"Forsman",481
FI,"Aro",481
FI,"Salomaa",480
FI,"Alanen",477
FI,"Lilja",476
FI,"Holmström",476
FI,"Sirviö",475
FI,"Riihimäki",474
FI,"Soini",474
FI,"Tiihonen",474
FI,"Tirkkonen",472
FI,"Anttonen",469
FI,"Seppä",468
FI,"Tapio",466
FI,"Konttinen",466
FI,"Toivola",466
FI,"Syrjälä",464
FI,"Kovanen",463
FI,"Kuronen",463
FI,"Lammi",462
FI,"Mononen",462
FI,"Kalliokoski",461
FI,"Reinikainen",460
FI,"Jansson",457
FI,"Chauhan",455
FI,"Pekkarinen",455
FI,"Airaksinen",455
FI,"Mohammed",454
FI,"Kauhanen",454
FI,"Palomäki",453
FI,"Sallinen",453
FI,"Koivuniemi",452
FI,"Kämäräinen",452
FI,"Westerlund",452
FR,"Martin",46409
FR,"Bernard",21646
FR,"Dubois",20774
FR,"Thomas",20544
FR,"Garcia",20040
FR,"Petit",19723
FR,"Ben",19352
FR,"Dupont",19329
FR,"Durand",18868
FR,"Michel",18698
FR,"David",18604
FR,"Richard",18311
FR,"Laurent",18064
FR,"Diallo",17725
FR,"Robert",17357
FR,"Simon",16493
FR,"Da Silva",16431
FR,"Leroy",15948
FR,"Moreau",15869
FR,"Lefebvre",15859
FR,"Martinez",15047
FR,"Lopez",14588
FR,"Marie",14447
FR,"Pereira",14224
FR,"Ferreira",14064
FR,"Ali",13262
FR,"Camara",13109
FR,"Vincent",12395
FR,"Sanchez",12390
FR,"Bertrand",11800
FR,"Mohamed",11741
FR,"Nicolas",11728
FR,"Rodrigues",11691
FR,"Legrand",11533
FR,"Fernandes",11464
FR,"Lambert",11360
FR,"Fournier",11269
FR,"Morel",11085
FR,"Pierre",10938
FR,"Muller",10750
FR,"Nguyen",10741
FR,"Rousseau",10649
FR,"Roux",10582
FR,"Perez",10455
FR,"Girard",10418
FR,"Fontaine",10417
FR,"Mercier",10158
FR,"Blanc",9997
FR,"Traore",9925
FR,"Fernandez",9845
FR,"Ahmed",9843
FR,"Jean",9796
FR,"Rodriguez",9754
FR,"Gomes",9692
FR,"Dos Santos",9649
FR,"Bonnet",9582
FR,"Garnier",9576
FR,"Mathieu",9508
FR,"Chevalier",9489
FR,"Martins",9461
FR,"Henry",9269
FR,"Lucas",9237
FR,"Duval",9190
FR,"Lopes",9065
FR,"Denis",8987
FR,"Perrin",8883
FR,"Gauthier",8844
FR,"Philippe",8834
FR,"Silva",8789
FR,"Lefevre",8728
FR,"Roussel",8687
FR,"Robin",8615
FR,"Olivier",8574
FR,"Faure",8518
FR,"Lemaire",8478
FR,"Morin",8407
FR,"Gautier",8317
FR,"Adam",8305
FR,"Masson",8225
FR,"Dumont",8191
FR,"Ba",8170
FR,"Marchand",7916
FR,"Meyer",7840
FR,"Joly",7795
FR,"Boyer",7681
FR,"Rose",7657
FR,"Dufour",7614
FR,"Caron",7569
FR,"Louis",7507
FR,"Ribeiro",7498
FR,"Francois",7477
FR,"Julien",7432
FR,"Santos",7420
FR,"Ndiaye",7378
FR,"Alves",7330
FR,"Arnaud",7299
FR,"Khan",7297
FR,"Mendes",7228
FR,"Costa",7219
FR,"Renard",7199
FR,"Meunier",7167
FR,"Guerin",7164
FR,"Gomez",7142
FR,"Roger",7141
FR,"Leroux",7038
FR,"Gonzalez",7033
FR,"Andre",7005
FR,"Goncalves",7004
FR,"Guillaume",6993
FR,"Roy",6984
FR,"Brunet",6943
FR,"Barbier",6903
FR,"Vidal",6889
FR,"Daniel",6874
FR,"Brun",6816
FR,"Toure",6799
FR,"Blanchard",6726
FR,"Coulibaly",6705
FR,"Schmitt",6628
FR,"Clement",6597
FR,"Fofana",6552
FR,"Colin",6506
FR,"Benoit",6496
FR,"Diaby",6493
FR,"Sylla",6488
FR,"Da Costa",6478
FR,"Noel",6461
FR,"Singh",6439
FR,"Dupuis",6421
FR,"Lemoine",6403
FR,"Gaillard",6286
FR,"Marques",6280
FR,"Leclerc",6199
FR,"Giraud",6194
FR,"Renaud",6136
FR,"El",6133
FR,"Lou",6120
FR,"Charles",6107
FR,"Gerard",6071
FR,"Paul",6038
FR,"Aubert",6019
FR,"Rey",6011
FR,"Cisse",6005
FR,"Carpentier",5949
FR,"Alexandre",5946
FR,"Diarra",5904
FR,"Roche",5888
FR,"Picard",5880
FR,"Leclercq",5845
FR,"Pinto",5840
FR,"Bourgeois",5829
FR,"Fabre",5825
FR,"Lacroix",5819
FR,"Teixeira",5794
FR,"Dumas",5749
FR,"Ly",5748
FR,"Lecomte",5688
FR,"Bou",5616
FR,"Vasseur",5553
FR,"Sow",5495
FR,"Hubert",5441
FR,"Oliveira",5361
FR,"Ma",5337
FR,"Dias",5306
FR,"Hernandez",5293
FR,"Antoine",5266
FR,"Deschamps",5227
FR,"Pascal",5221
FR,"Li",5192
FR,"Keita",5182
FR,"Berger",5146
FR,"Rolland",5138
FR,"Cohen",5133
FR,"Line",5126
FR,"Ruiz",5104
FR,"Klein",5103
FR,"Ch",5053
FR,"France",5051
FR,"François",5040
FR,"Smith",4975
FR,"Said",4970
FR,"Moulin",4965
FR,"Bertin",4958
FR,"Sam",4951
FR,"Diop",4935
FR,"Fleury",4926
FR,"Guillot",4917
FR,"Aubry",4875
FR,"Monteiro",4873
FR,"André",4777
FR,"Baron",4686
FR,"Dupuy",4677
FR,"Momo",4674
FR,"Bah",4660
FR,"Maillard",4634
FR,"Royer",4619
FR,"Schneider",4615
FR,"Didier",4605
FR,"Renault",4598
FR,"Huet",4593
FR,"Guyot",4549
FR,"Leblanc",4511
FR,"Coco",4481
FR,"Lie",4480
FR,"Langlois",4451
FR,"Tran",4422
FR,"Jacquet",4404
FR,"Boucher",4386
FR,"Germain",4383
FR,"Christophe",4382
FR,"Sy",4378
FR,"Charpentier",4378
FR,"Poirier",4364
FR,"Dia",4362
FR,"Cousin",4359
FR,"Amg",4352
FR,"Ramos",4347
FR,"Jacques",4306
FR,"Lebrun",4303
FR,"Sissoko",4294
FR,"Marchal",4274
FR,"Joseph",4264
FR,"Marty",4237
FR,"Boulanger",4223
FR,"Thierry",4206
FR,"Collet",4206
FR,"Bailly",4203
FR,"La",4195
FR,"Moreira",4170
FR,"Bouvier",4147
FR,"Lee",4131
FR,"De Sousa",4130
FR,"Riviere",4127
FR,"Torres",4116
FR,"Wang",4107
FR,"Paris",4098
FR,"Millet",4090
FR,"Marin",4087
FR,"Barry",4084
FR,"Remy",4057
FR,"De Oliveira",4034
FR,"Carvalho",4025
FR,"Georges",4019
FR,"Marc",4006
FR,"Rossi",3997
FR,"Monnier",3970
FR,"Karim",3967
FR,"Weber",3950
FR,"Poulain",3942
FR,"Le",3920
FR,"Ka",3890
FR,"Claude",3889
FR,"Jacob",3879
FR,"Etienne",3862
FR,"Pelletier",3859
FR,"Man",3855
FR,"Correia",3835
FR,"Tavares",3830
FR,"Carlier",3829
FR,"Breton",3827
FR,"Albert",3808
FR,"Bel",3808
FR,"Le Gall",3782
FR,"Perrier",3761
FR,"Na",3752
FR,"Chen",3752
FR,"Mallet",3736
FR,"Perrot",3733
FR,"Gilles",3731
FR,"Navarro",3724
FR,"Gilbert",3723
FR,"Delattre",3719
FR,"Tessier",3709
FR,"Moreno",3696
FR,"Bruno",3693
FR,"Alex",3692
FR,"Chevallier",3672
FR,"Diaz",3655
FR,"Maria",3653
FR,"Cordier",3651
FR,"Hamon",3644
FR,"Drame",3626
FR,"Besson",3624
FR,"Lejeune",3621
FR,"Sauvage",3610
FR,"Zhang",3601
FR,"Collin",3595
FR,"Lemaitre",3577
FR,"Moussa",3557
FR,"Delaunay",3556
FR,"Michaud",3542
FR,"Lesage",3537
FR,"Valentin",3510
FR,"Soares",3509
FR,"Marion",3479
FR,"Vieira",3473
FR,"Lamy",3466
FR,"Perret",3465
FR,"Mary",3461
FR,"Gimenez",3450
FR,"Konate",3432
FR,"Lili",3406
FR,"Maurice",3406
FR,"Guichard",3403
FR,"Chauvin",3399
FR,"Le Roux",3394
FR,"Le Goff",3393
FR,"Humbert",3390
FR,"Levy",3374
FR,"Lenoir",3370
FR,"Ibrahim",3364
FR,"Pasquier",3345
FR,"Gillet",3322
FR,"Kone",3318
FR,"Pons",3291
FR,"Santiago",3286
FR,"New",3285
FR,"Leduc",3269
FR,"Pires",3262
FR,"Diakite",3246
FR,"Sacko",3243
FR,"Leger",3221
FR,"Martel",3213
FR,"Weiss",3195
FR,"Voisin",3192
FR,"Lo",3188
FR,"Gonçalves",3180
FR,"Loulou",3177
FR,"Briand",3170
FR,"Mendy",3162
FR,"Hardy",3160
FR,"Launay",3156
FR,"Clément",3156
FR,"Blondel",3155
FR,"Sarah",3136
FR,"Camus",3131
FR,"Prevost",3130
FR,"Boubou",3127
FR,"James",3091
FR,"Besnard",3089
FR,"Romain",3087
FR,"Payet",3069
FR,"So",3068
FR,"Qlf",3062
FR,"Lacoste",3053
FR,"Diawara",3046
FR,"Jo",3040
FR,"Guy",3031
FR,"Sousa",3023
FR,"Bouchet",3019
FR,"Mas",3018
FR,"Pichon",3016
FR,"Gros",3008
FR,"Thibault",3003
FR,"Bigot",3002
FR,"Laporte",3000
FR,"Anne",2988
FR,"Duhamel",2984
FR,"Guillet",2982
FR,"Kim",2973
FR,"Ollivier",2970
FR,"Raymond",2968
FR,"Buisson",2957
FR,"Evrard",2956
FR,"Traoré",2953
FR,"Sidibe",2940
FR,"Coste",2940
FR,"Cardoso",2938
FR,"Colas",2938
FR,"Menard",2935
FR,"Sa",2928
FR,"Reynaud",2925
FR,"Delorme",2923
FR,"Lm",2922
FR,"Courtois",2909
FR,"Allard",2905
FR,"Hassan",2899
FR,"Devaux",2898
FR,"Guilbert",2890
FR,"Vaillant",2889
FR,"Coulon",2883
FR,"Eric",2879
FR,"Chou",2879
FR,"Lolo",2872
FR,"Almeida",2866
FR,"Machado",2860
FR,"Kaya",2856
FR,"Gaudin",2854
FR,"Leveque",2850
FR,"Del",2848
FR,"Legros",2842
FR,"Abdou",2837
FR,"Blin",2834
FR,"Alain",2832
FR,"Yilmaz",2812
FR,"Herve",2806
FR,"Haddad",2806
FR,"Charrier",2800
FR,"Joubert",2800
FR,"Guillon",2798
GB,"Smith",126252
GB,"Jones",90468
GB,"Williams",59743
GB,"Brown",55937
GB,"Taylor",52055
GB,"Davies",42329
GB,"Wilson",39726
GB,"Khan",35145
GB,"Evans",34297
GB,"Thomas",33177
GB,"Johnson",32395
GB,"Roberts",29157
GB,"Walker",27797
GB,"Thompson",27170
GB,"Ali",26695
GB,"Patel",26655
GB,"Robinson",26573
GB,"Wright",26371
GB,"White",25883
GB,"Hughes",25676
GB,"Green",24479
GB,"Martin",24096
GB,"Lee",23789
GB,"Edwards",23720
GB,"James",23405
GB,"Lewis",23345
GB,"Jackson",23316
GB,"Ahmed",23290
GB,"Singh",23287
GB,"Clarke",22893
GB,"Hall",22815
GB,"Harris",22222
GB,"Scott",21463
GB,"Wood",21436
GB,"Clark",21267
GB,"King",20929
GB,"Moore",20908
GB,"Turner",20554
GB,"Hill",19823
GB,"Ward",19675
GB,"Cooper",19665
GB,"Hussain",19363
GB,"Morgan",18912
GB,"Morris",18896
GB,"Kelly",18753
GB,"Watson",18607
GB,"Anderson",18405
GB,"Campbell",18384
GB,"Young",18229
GB,"Harrison",17615
GB,"Baker",17306
GB,"Allen",17145
GB,"Mitchell",17002
GB,"Bell",16463
GB,"Phillips",16377
GB,"Davis",16004
GB,"Miller",15798
GB,"Murphy",15755
GB,"Stewart",15731
GB,"Parker",15474
GB,"Price",15180
GB,"Bennett",15044
GB,"Shaw",14870
GB,"Simpson",14535
GB,"Collins",14505
GB,"Murray",14155
GB,"Carter",14152
GB,"Richardson",13894
GB,"Cook",13786
GB,"Marshall",13649
GB,"Bailey",13552
GB,"Gray",13527
GB,"Griffiths",13488
GB,"Adams",13385
GB,"Graham",12935
GB,"Richards",12771
GB,"Louise",12156
GB,"Ellis",11714
GB,"Cox",11692
GB,"Foster",11612
GB,"Rose",11325
GB,"Robertson",11240
GB,"Wilkinson",11163
GB,"Russell",11151
GB,"Mason",11123
GB,"Reid",10883
GB,"Chapman",10798
GB,"Matthews",10605
GB,"Powell",10545
GB,"Rogers",10516
GB,"Gibson",10479
GB,"Mills",10462
GB,"Webb",10195
GB,"Owen",10158
GB,"Palmer",10156
GB,"Thomson",10051
GB,"Holmes",10050
GB,"Knight",9856
GB,"Barnes",9755
GB,"Hunt",9744
GB,"Harvey",9679
GB,"Hunter",9632
GB,"Stevens",9612
GB,"Lloyd",9583
GB,"Shah",9422
GB,"Jenkins",9401
GB,"Johnston",9307
GB,"Fisher",9298
GB,"Hamilton",9283
GB,"Butler",9234
GB,"Fox",9204
GB,"Dixon",9113
GB,"Grant",9038
GB,"Walsh",8988
GB,"Ross",8934
GB,"Pearson",8672
GB,"Barker",8616
GB,"Andrews",8606
GB,"Fletcher",8557
GB,"Bradley",8528
GB,"Elliott",8442
GB,"Kennedy",8432
GB,"Reynolds",8404
GB,"West",8379
GB,"Henderson",8378
GB,"Armstrong",8271
GB,"Gill",8242
GB,"Howard",8227
GB,"Burns",8155
GB,"Mcdonald",8137
GB,"Ford",7983
GB,"Oneill",7886
GB,"Day",7865
GB,"Saunders",7841
GB,"Brooks",7799
GB,"Lawrence",7647
GB,"Cole",7583
GB,"Dawson",7512
GB,"Payne",7433
GB,"Obrien",7390
GB,"Morrison",7357
GB,"Ryan",7357
GB,"May",7356
GB,"Kaur",7318
GB,"Woods",7293
GB,"Williamson",7287
GB,"Black",7271
GB,"Pearce",7270
GB,"Davidson",7225
GB,"Atkinson",7199
GB,"Spencer",7180
GB,"Macdonald",7116
GB,"Burton",7069
GB,"Wallace",7038
GB,"Hart",7015
GB,"Quinn",7003
GB,"Gordon",6973
GB,"Francis",6919
GB,"Dunn",6887
GB,"Ball",6789
GB,"Perry",6774
GB,"George",6757
GB,"Hayes",6750
GB,"Ferguson",6749
GB,"Rahman",6722
GB,"Booth",6631
GB,"Stevenson",6576
GB,"Wells",6568
GB,"John",6562
GB,"Webster",6541
GB,"Miah",6533
GB,"Page",6531
GB,"Porter",6527
GB,"Carr",6444
GB,"Cunningham",6424
GB,"Hudson",6408
GB,"Berry",6374
GB,"Watts",6367
GB,"Oliver",6340
GB,"Stone",6336
GB,"Riley",6335
GB,"Begum",6322
GB,"Lowe",6304
GB,"Rees",6298
GB,"Dean",6260
GB,"Barrett",6215
GB,"Newman",6160
GB,"Kerr",6116
GB,"Kumar",6087
GB,"Holland",6061
GB,"Fraser",6052
GB,"Marsh",5996
GB,"Nelson",5896
GB,"Gregory",5851
GB,"Reed",5836
GB,"Gallagher",5829
GB,"Byrne",5776
GB,"Doyle",5748
GB,"Harper",5708
GB,"Gardner",5696
GB,"Jordan",5693
GB,"Bird",5692
GB,"Newton",5692
GB,"Lane",5682
GB,"Hawkins",5675
GB,"Higgins",5659
GB,"Alexander",5618
GB,"Harding",5572
GB,"Parsons",5560
GB,"Shepherd",5527
GB,"Cooke",5515
GB,"Bates",5513
GB,"Duncan",5506
GB,"Long",5495
GB,"Douglas",5495
GB,"Burgess",5490
GB,"Nicholson",5478
GB,"Cross",5394
GB,"Cameron",5343
GB,"Chambers",5325
GB,"Doherty",5318
GB,"Freeman",5303
GB,"Wang",5295
GB,"Robson",5288
GB,"Bishop",5279
GB,"Mccarthy",5279
GB,"Walton",5277
GB,"Parry",5270
GB,"Sharma",5256
GB,"Lynch",5254
GB,"Oconnor",5243
GB,"Warren",5159
GB,"Curtis",5119
GB,"Sharp",5111
GB,"Li",5106
GB,"Yates",5106
GB,"Hardy",5091
GB,"Coleman",5060
GB,"Paterson",5030
GB,"Malik",4994
GB,"Crawford",4991
GB,"Osborne",4976
GB,"Hopkins",4974
GB,"Nicholls",4953
GB,"Baxter",4932
GB,"Moss",4896
GB,"Sutton",4879
GB,"Donnelly",4862
GB,"Allan",4846
GB,"Burke",4841
GB,"Mahmood",4825
GB,"Griffin",4814
GB,"Potter",4787
GB,"Hodgson",4782
GB,"Craig",4765
GB,"Duffy",4765
GB,"Willis",4733
GB,"Mclean",4721
GB,"Marie",4720
GB,"Hutchinson",4710
GB,"Hassan",4707
GB,"Mann",4703
GB,"Watkins",4662
GB,"Lawson",4662
GB,"Mohammed",4628
GB,"Patterson",4618
GB,"Todd",4613
GB,"Austin",4576
GB,"Arnold",4565
GB,"Buckley",4565
GB,"Henry",4564
GB,"Blake",4558
GB,"Hewitt",4545
GB,"Kay",4543
GB,"Gilbert",4539
GB,"Slater",4530
GB,"Stephenson",4529
GB,"Pritchard",4517
GB,"Miles",4517
GB,"Rowe",4508
GB,"Wheeler",4501
GB,"Walters",4493
GB,"Iqbal",4469
GB,"Jane",4458
GB,"Hammond",4438
GB,"Banks",4436
GB,"Mckenzie",4431
GB,"Sullivan",4399
GB,"Stephens",4394
GB,"Bond",4381
GB,"Chen",4377
GB,"Peters",4375
GB,"Barber",4373
GB,"Paul",4356
GB,"Read",4338
GB,"Barton",4336
GB,"Zhang",4334
GB,"Frost",4264
GB,"Lambert",4217
GB,"Nash",4198
GB,"Middleton",4193
GB,"Goodwin",4191
GB,"Kemp",4187
GB,"Boyle",4181
GB,"Ahmad",4180
GB,"Islam",4179
GB,"Fleming",4166
GB,"Clayton",4154
GB,"Sinclair",4140
GB,"Carroll",4129
GB,"Jennings",4125
GB,"Morton",4104
GB,"Boyd",4103
GB,"Stokes",4023
GB,"Greenwood",4019
GB,"Tucker",4015
GB,"Mackenzie",4013
GB,"Lucas",4012
GB,"Mclaughlin",3985
GB,"French",3950
GB,"Barnett",3948
GB,"Stanley",3938
GB,"Law",3928
GB,"Holt",3902
GB,"Woodward",3881
GB,"Fowler",3881
GB,"Norman",3880
GB,"Jarvis",3879
GB,"Whitehead",3871
GB,"Preston",3867
GB,"Lamb",3860
GB,"Mccann",3824
GB,"Fernandes",3821
GB,"Love",3821
GB,"Poole",3815
GB,"Daniels",3774
GB,"Bruce",3759
GB,"Flynn",3753
GB,"Farrell",3752
GB,"Smart",3749
GB,"Simmons",3748
GB,"Gibbs",3745
GB,"Brennan",3741
GB,"Kirk",3736
GB,"Connolly",3724
GB,"Heath",3722
GB,"Liu",3714
GB,"Chan",3712
GB,"Smyth",3711
GB,"Uddin",3692
GB,"Akhtar",3692
GB,"Mohamed",3666
GB,"Barlow",3666
GB,"Thornton",3655
GB,"Hartley",3653
GB,"Millar",3650
GB,"Joseph",3649
GB,"Wong",3643
GB,"Knowles",3641
GB,"Mckay",3637
GB,"Reilly",3617
GB,"Parkinson",3600
GB,"Burrows",3594
GB,"Davison",3563
GB,"Dickson",3554
GB,"Hayward",3554
GB,"Sanders",3544
GB,"Mckenna",3533
GB,"Field",3531
GB,"Connor",3529
GB,"Steele",3525
GB,"Norris",3524
GB,"Leigh",3515
GB,"Noble",3507
GB,"Townsend",3486
GB,"Kent",3461
GB,"Ashton",3458
GB,"Vaughan",3457
GB,"Owens",3455
GB,"Davey",3454
GB,"Holden",3453
GB,"Tomlinson",3444
GB,"Johnstone",3439
GB,"Dale",3429
GB,"Park",3428
GB,"Skinner",3414
GB,"Reeves",3413
GB,"Briggs",3409
GB,"Brady",3402
GB,"Fuller",3397
GB,"Rhodes",3389
GB,"Silva",3380
GB,"Mackay",3374
GB,"Odonnell",3372
GB,"Bolton",3369
GB,"Dickinson",3367
GB,"Abbott",3365
GB,"Glover",3350
GB,"Moran",3350
GB,"Thorpe",3323
GR,"Ali",4501
GR,"Singh",1755
GR,"Ahmed",1521
GR,"Papadopoulos",1476
GR,"Gujjar",1282
GR,"Papadopoulou",1104
GR,"Jutt",1078
GR,"Hussain",870
GR,"Ahmad",834
GR,"Hoxha",711
GR,"Butt",683
GR,"Iqbal",559
GR,"Maria",549
GR,"Papa",492
GR,"Georgiou",488
GR,"Pappas",484
GR,"Papageorgiou",480
GR,"Mustafa",462
GR,"Abbas",447
GR,"Malik",428
GR,"Nikolaou",404
GR,"Shah",400
GR,"Cheema",396
GR,"Raza",388
GR,"Nikos",371
GR,"Dimitris",369
GR,"Papaioannou",364
GR,"Gondal",358
GR,"Papadimitriou",356
GR,"Παπαδόπουλος",354
GR,"George",349
GR,"Papadakis",340
GR,"Pappa",339
GR,"Ahmet",339
GR,"Kostas",336
GR,"Oikonomou",328
GR,"Cela",323
GR,"Dimitriou",314
GR,"Muhammad",307
GR,"Georgiadis",305
GR,"Khan",300
GR,"Miah",299
GR,"Marku",299
GR,"Ioannou",298
GR,"Ioannidis",297
GR,"Kola",297
GR,"Mehar",295
GR,"Kumar",293
GR,"Mehmet",290
GR,"Antoniou",290
GR,"Kara",289
GR,"Παπαδοπουλος",285
GR,"Karagiannis",283
GR,"Molla",279
GR,"Islam",276
GR,"Papanikolaou",273
GR,"Huseyin",271
GR,"Makris",270
GR,"Παπαδοπουλου",269
GR,"Konstantinidis",269
GR,"Athanasiou",265
GR,"Nikolaidis",261
GR,"Raja",249
GR,"Markou",249
GR,"Giannis",246
GR,"Shahzad",244
GR,"محمد",244
GR,"Papas",239
GR,"Παπαδοπούλου",235
GR,"Pap",233
GR,"Vlachos",232
GR,"Ullah",229
GR,"Bhatti",226
GR,"Rahman",225
GR,"Ismail",222
GR,"Papadaki",221
GR,"Rana",219
GR,"Lleshi",219
GR,"Warraich",216
GR,"Anna",216
GR,"Jani",215
GR,"Hossain",214
GR,"Sandhu",213
GR,"Gjoka",211
GR,"Christodoulou",209
GR,"Prifti",209
GR,"Theodorou",208
GR,"Elezi",204
GR,"Giorgos",200
GR,"Vasileiou",200
GR,"Dimitriadis",199
GR,"Hysa",199
GR,"Anastasiou",199
GR,"Ibrahim",198
GR,"Muca",194
GR,"Dervishi",194
GR,"Leka",194
GR,"Toska",194
GR,"Giannopoulos",193
GR,"Uddin",191
GR,"Halil",190
GR,"Jaan",189
GR,"Lazaridis",188
GR,"Imran",187
GR,"Konstantinos",186
GR,"Konstantinou",186
GR,"Dimou",186
GR,"Mehmood",183
GR,"Ioannidou",182
GR,"Bajwa",182
GR,"Makri",182
GR,"Osman",181
GR,"Stergiou",180
GR,"Dimopoulos",179
GR,"Shehu",179
GR,"Petrou",176
GR,"Karagianni",175
GR,"Hasan",175
GR,"Kaur",173
GR,"Georgiadou",173
GR,"Panagiotis",173
GR,"Gill",170
GR,"Sali",170
GR,"Panagiotopoulos",169
GR,"Kurti",167
GR,"Memet",167
GR,"Koci",167
GR,"Alexiou",167
GR,"Pavlidis",166
GR,"Konstantinidou",164
GR,"Theodoridis",164
GR,"Politis",163
GR,"Nikolopoulos",162
GR,"Eleni",162
GR,"Papazoglou",161
GR,"Mahmood",160
GR,"Mughal",160
GR,"Meta",159
GR,"Tarar",158
GR,"Sinani",158
GR,"Papakonstantinou",158
GR,"Kontos",157
GR,"Triantafyllou",157
GR,"Mema",156
GR,"Lika",156
GR,"Petropoulos",155
GR,"Papathanasiou",155
GR,"Antonopoulos",153
GR,"Balla",152
GR,"Panagopoulos",151
GR,"Giannakopoulos",151
GR,"Vlachou",150
GR,"Gjoni",150
GR,"John",149
GR,"Hoxhaj",149
GR,"Gega",149
GR,"Awan",148
GR,"Ioannis",148
GR,"Spanos",147
GR,"Alexopoulos",147
GR,"Anagnostou",147
GR,"Iliopoulos",146
GR,"Anagnostopoulos",146
GR,"Tafa",145
GR,"Nika",145
GR,"Michailidis",144
GR,"Gjini",144
GR,"Stefanou",144
GR,"Antoniadis",143
GR,"Petridis",143
GR,"Sula",143
GR,"Stavrou",143
GR,"Maher",142
GR,"Christos",142
GR,"Christou",142
GR,"Raptis",140
GR,"Grigoriadis",140
GR,"Arif",140
GR,"Chris",140
GR,"Anastasiadis",139
GR,"Katerina",139
GR,"Amet",139
GR,"Stefanidis",137
GR,"Ivanova",136
GR,"Mohammad",135
GR,"Galanis",134
GR,"Iliadis",133
GR,"Panos",133
GR,"Sarris",132
GR,"Ashraf",131
GR,"Andreou",131
GR,"Pavlou",131
GR,"Apostolidis",130
GR,"Roussos",130
GR,"Vasilis",130
GR,"Kritikos",129
GR,"Samara",129
GR,"Pepa",129
GR,"Apostolou",129
GR,"Lamprou",129
GR,"Mirza",128
GR,"Tabaku",128
GR,"Mavridis",126
GR,"Christopoulos",126
GR,"Bardhi",126
GR,"Smith",125
GR,"Dimopoulou",124
GR,"Paraskevopoulos",124
GR,"Manolis",124
GR,"احمد",124
GR,"Afzal",123
GR,"Apostolopoulos",123
GR,"Nikolaidou",123
GR,"Fotiadis",123
GR,"Panagiotopoulou",123
GR,"Stavropoulos",122
GR,"Adam",122
GR,"Asif",121
GR,"Kostopoulos",121
GR,"Samaras",121
GR,"Diamantis",121
GR,"Saab",120
GR,"Panagiotidis",120
GR,"Petropoulou",120
GR,"علي",120
GR,"Mohamed",120
GR,"Hamza",119
GR,"Nawaz",118
GR,"Pantazis",118
GR,"Manos",118
GR,"Chasan",118
GR,"Sotiriou",118
GR,"Sidiropoulou",117
GR,"Savvidis",117
GR,"Bilal",117
GR,"Petrakis",116
GR,"Sotiropoulos",116
GR,"Karras",116
GR,"Vasiliadis",115
GR,"Baba",115
GR,"Arvanitis",115
GR,"Thomas",115
GR,"Ahmadi",115
GR,"Akhtar",114
GR,"Aslam",114
GR,"Elena",114
GR,"Panou",114
GR,"Giannopoulou",113
GR,"Salih",113
GR,"Triantafillou",113
GR,"Alexopoulou",112
GR,"Rajpoot",112
GR,"Economou",111
GR,"Sideris",110
GR,"Aliaj",110
GR,"Vasilakis",109
GR,"Murati",109
GR,"Efstathiou",109
GR,"Filippou",109
GR,"Arapi",108
GR,"Prenga",108
GR,"Γεωργίου",108
GR,"Akram",107
GR,"Ranjha",107
GR,"Margaritis",107
GR,"Giannakopoulou",107
GR,"Sofia",107
GR,"Angelopoulos",107
GR,"Kyriakou",107
GR,"Virk",106
GR,"Andreas",106
GR,"Ndoj",106
GR,"Ch",106
GR,"Duka",106
GR,"Vasiliou",106
GR,"Rigas",105
GR,"Nikou",105
GR,"Arshad",104
GR,"Nadeem",104
GR,"Munda",104
GR,"Dimas",104
GR,"Theodoridou",104
GR,"Stathopoulos",104
GR,"Emin",104
GR,"Stamatiou",104
GR,"Bushi",103
GR,"Alla",103
GR,"Serif",103
GR,"Christopoulou",102
GR,"Farooq",101
GR,"Kollias",101
GR,"Katsaros",101
GR,"Beqiri",101
GR,"Yusuf",101
GR,"Bregu",101
GR,"Noor",101
GR,"Οικονόμου",101
GR,"Bali",101
GR,"Diamantopoulos",100
GR,"Georgopoulos",100
GR,"Biba",100
GR,"Hüseyin",100
GR,"Kapa",100
GR,"Kalogeropoulos",99
GR,"Lazaridou",99
GR,"Vasilopoulos",99
GR,"Mylonas",99
GR,"Theodoropoulos",99
GR,"Παπα",99
GR,"Halili",99
GR,"Panagiotou",99
GR,"Jatt",98
GR,"Anastasiadou",98
GR,"Avramidis",98
GR,"Irfan",98
GR,"Alexandros",98
GR,"Nikolli",98
GR,"Παπαγεωργίου",98
GR,"Malaj",97
GR,"Lazarou",97
GR,"Riaz",96
GR,"Mouratidis",96
GR,"Usman",96
GR,"Rizos",96
GR,"Daskalakis",96
GR,"Dimitriadou",96
GR,"Stavropoulou",96
GR,"Georgios",96
GR,"Prendi",96
GR,"Panagiotidou",95
GR,"Kontou",95
GR,"Afghan",95
GR,"Marinos",95
GR,"Rajput",95
GR,"Doukas",95
GR,"Iliopoulou",95
GR,"Sahi",94
GR,"Javed",94
GR,"Sideri",94
GR,"Antonis",94
GR,"Rapti",94
GR,"Karra",94
GR,"Lamaj",94
GR,"Bekir",94
GR,"Νικολάου",94
GR,"Savvidou",93
GR,"Petridou",93
GR,"Dimitrios",93
GR,"Athanasopoulou",93
GR,"Athanasiadis",93
GR,"Pavlidou",92
GR,"Kontogiannis",92
GR,"Kanellopoulos",92
GR,"Anagnostopoulou",92
GR,"Anastasopoulos",92
GR,"Karaj",92
GR,"Sulaj",92
GR,"Chatzis",91
GR,"Spanou",91
GR,"Kosmidis",91
GR,"Michailidou",91
GR,"Georgopoulou",91
GR,"Giannoulis",91
GR,"Ilias",91
GR,"Mohammadi",91
GR,"Γεωργιου",91
GR,"Sakellariou",91
GR,"Moraitis",90
GR,"Sidiropoulos",90
GR,"Antonopoulou",90
GR,"Lena",90
GR,"Hasa",90
GR,"Kasa",90
GR,"Athanasiadou",89
GR,"Michalopoulos",89
GR,"Sotiropoulou",89
GR,"Rani",89
GR,"Michael",89
GR,"Deli",89
GR,"Georgakopoulos",88
GR,"Antoniadou",88
GR,"Roussou",88
GR,"Spyropoulos",88
GR,"Stamou",88
GR,"Gjata",88
GR,"Balliu",88
GR,"Ghumman",87
GR,"Vasileiadis",87
GR,"Aslanidis",87
GR,"Kokkinos",87
GR,"Deda",87
GR,"Kehaya",87
GR,"Οικονομου",87
GR,"Panagopoulou",86
GR,"Eleftheriadis",86
GR,"Zervas",86
GR,"Αντωνίου",86
GR,"Imam",86
GR,"Kosta",86
GR,"Jarral",85
GT,"Lopez",51764
GT,"Perez",31997
GT,"Garcia",31195
GT,"Hernandez",25910
GT,"Morales",22487
GT,"Ramirez",16901
GT,"Gomez",15075
GT,"Gonzalez",15049
GT,"López",12433
GT,"Vasquez",10799
GT,"Martinez",10692
GT,"Mendez",10036
GT,"Rodriguez",9752
GT,"Ramos",9659
GT,"Reyes",9184
GT,"Aguilar",8671
GT,"Castillo",8669
GT,"Hernández",7887
GT,"Velasquez",7687
GT,"De Leon",7437
GT,"Diaz",7339
GT,"Estrada",6960
GT,"Alvarez",6833
GT,"Alvarado",6814
GT,"Marroquin",6694
GT,"Cruz",6688
GT,"Pérez",6667
GT,"Mejia",6553
GT,"García",6537
GT,"Gonzales",6377
GT,"Escobar",6283
GT,"Ortiz",6277
GT,"Mendoza",6275
GT,"Juarez",6042
GT,"Castro",6031
GT,"Barrios",5971
GT,"Flores",5948
GT,"Sanchez",5908
GT,"Herrera",5638
GT,"Caal",5450
GT,"González",5216
GT,"Santos",5050
GT,"Rivera",5045
GT,"Chavez",4523
GT,"Pineda",4485
GT,"Rodas",4438
GT,"Fuentes",4396
GT,"Ruiz",4284
GT,"Contreras",3889
GT,"Lemus",3873
GT,"Jimenez",3866
GT,"Salazar",3810
GT,"Orellana",3786
GT,"Mazariegos",3777
GT,"Rosales",3771
GT,"Gutierrez",3760
GT,"Orozco",3743
GT,"Gómez",3734
GT,"Sandoval",3692
GT,"Guzman",3590
GT,"Maldonado",3554
GT,"Ramírez",3544
GT,"Ordoñez",3517
GT,"Cabrera",3508
GT,"De León",3502
GT,"Cardona",3460
GT,"Vicente",3405
GT,"Miranda",3383
GT,"Carrillo",3344
GT,"Cifuentes",3315
GT,"Guerra",3145
GT,"Torres",3101
GT,"Osorio",3078
GT,"Choc",2954
GT,"Alonzo",2797
GT,"Rodríguez",2703
GT,"Monterroso",2669
GT,"Soto",2646
GT,"Figueroa",2571
GT,"Barrera",2541
GT,"Martínez",2516
GT,"Rivas",2499
GT,"Muñoz",2478
GT,"Samayoa",2443
GT,"Franco",2431
GT,"Solis",2421
GT,"Paz",2421
GT,"Molina",2384
GT,"Argueta",2356
GT,"Giron",2350
GT,"Vásquez",2305
GT,"Vargas",2292
GT,"Romero",2243
GT,"Lima",2226
GT,"Cortez",2135
GT,"Méndez",2128
GT,"Monroy",2126
GT,"Ruano",2072
GT,"Recinos",2053
GT,"Avila",2048
GT,"Sosa",2037
GT,"Castañeda",2036
GT,"De La Cruz",2034
GT,"Calderon",2024
GT,"Villatoro",2017
GT,"Pop",2003
GT,"Ochoa",1995
GT,"Godoy",1991
GT,"Aldana",1964
GT,"Rojas",1930
GT,"Ventura",1904
GT,"Castellanos",1903
GT,"Salguero",1872
GT,"Lux",1837
GT,"Ortega",1800
GT,"Valenzuela",1782
GT,"Barrientos",1768
GT,"Corado",1756
GT,"Mateo",1754
GT,"Santizo",1741
GT,"Palacios",1732
GT,"Lopes",1720
GT,"Monzon",1683
GT,"Bautista",1682
GT,"Galicia",1679
GT,"Sánchez",1652
GT,"Velásquez",1647
GT,"Godinez",1643
GT,"Moran",1633
GT,"Ramires",1631
GT,"Najera",1617
GT,"Cano",1613
GT,"Calel",1589
GT,"Merida",1588
GT,"Del Cid",1579
GT,"Lucas",1576
GT,"Duarte",1544
GT,"Valdez",1536
GT,"Barillas",1530
GT,"Oliva",1522
GT,"Veliz",1519
GT,"Raymundo",1507
GT,"Aguirre",1501
GT,"Pirir",1470
GT,"Pacheco",1454
GT,"Portillo",1452
GT,"Coc",1445
GT,"Leon",1436
GT,"Macario",1434
GT,"De Paz",1422
GT,"Luna",1416
GT,"Chacon",1414
GT,"Jiménez",1406
GT,"Donis",1403
GT,"Juárez",1399
GT,"Peres",1392
GT,"Marroquín",1367
GT,"Paredes",1362
GT,"Gramajo",1354
GT,"Coronado",1352
GT,"Guzmán",1342
GT,"Arias",1341
GT,"Arevalo",1318
GT,"Galindo",1314
GT,"Hernandes",1289
GT,"Pablo",1281
GT,"Patzan",1268
GT,"Chan",1262
GT,"Solares",1254
GT,"Galvez",1253
GT,"Sagastume",1250
GT,"Lorenzo",1240
GT,"Zacarias",1231
GT,"Zamora",1229
GT,"Gomes",1227
GT,"Arana",1223
GT,"Montenegro",1223
GT,"Davila",1204
GT,"Campos",1204
GT,"Esquivel",1193
GT,"Agustin",1188
GT,"Mejía",1171
GT,"Palma",1167
GT,"Ajanel",1158
GT,"Melgar",1155
GT,"Chinchilla",1151
GT,"Roblero",1141
GT,"Elias",1140
GT,"Linares",1140
GT,"Gutiérrez",1136
GT,"Santiago",1122
GT,"Domingo",1116
GT,"Medina",1114
GT,"Morataya",1113
GT,"Díaz",1108
GT,"Gabriel",1102
GT,"Fajardo",1102
GT,"Alfaro",1098
GT,"Zepeda",1095
GT,"Quiñonez",1090
GT,"Fernandez",1085
GT,"Aquino",1082
GT,"Carrera",1081
GT,"Larios",1074
GT,"Escalante",1066
GT,"Martin",1058
GT,"Lara",1058
GT,"Vega",1041
GT,"Matias",1040
GT,"Tobar",1031
GT,"Espinoza",1029
GT,"Leiva",1027
GT,"Salvador",1026
GT,"Felipe",1025
GT,"Ovalle",1016
GT,"Reynoso",1015
GT,"Enriquez",998
GT,"Tiul",969
GT,"Ambrocio",967
GT,"Peña",966
GT,"Xol",952
GT,"Puac",952
GT,"Chen",951
GT,"Navarro",950
GT,"Bonilla",948
GT,"Alexander",946
GT,"Ixcoy",941
GT,"Blanco",941
GT,"Revolorio",930
GT,"Batz",930
GT,"Camey",929
GT,"Mayen",923
GT,"Esteban",923
GT,"Valle",912
GT,"Ayala",912
GT,"Antonio",911
GT,"Martines",911
GT,"Juan",909
GT,"Navas",908
GT,"Carias",900
GT,"Chávez",899
GT,"Polanco",898
GT,"Garsia",897
GT,"Arreaga",896
GT,"Calderón",895
GT,"Batres",889
GT,"Chun",887
GT,"Moreno",886
GT,"Baten",882
GT,"Paiz",882
GT,"Guevara",863
GT,"España",862
GT,"Dominguez",858
GT,"Gonsales",858
GT,"Archila",855
GT,"Gonsalez",850
GT,"Coy",849
GT,"Cucul",848
GT,"Tomas",831
GT,"Peralta",831
GT,"Robles",829
GT,"Solorzano",826
GT,"Yat",824
GT,"Palencia",824
GT,"Chajon",821
GT,"Miguel",814
GT,"Luis",812
GT,"Carranza",811
GT,"Catalan",808
GT,"Medrano",805
GT,"Yax",798
GT,"Urizar",791
GT,"Grijalva",784
GT,"Chay",782
GT,"Saquic",774
GT,"Yoc",772
GT,"Rios",770
GT,"Suchite",768
GT,"Gudiel",762
GT,"Bran",758
GT,"Ical",752
GT,"Linda",749
GT,"Francisco",749
GT,"Bravo",747
GT,"Zuñiga",740
GT,"Pinto",738
GT,"Barahona",736
GT,"Delgado",734
GT,"Colindres",730
GT,"Padilla",726
GT,"Chilel",724
GT,"Roldan",719
GT,"Cuc",716
GT,"Álvarez",716
GT,"Mijangos",713
GT,"Arriola",711
GT,"Gil",707
GT,"Arriaza",707
GT,"Acevedo",707
GT,"Jose",706
GT,"Itzep",700
GT,"Garrido",697
GT,"Hidalgo",694
GT,"Marcos",688
GT,"Yac",687
GT,"Pelico",687
GT,"Bamaca",686
GT,"Macz",684
GT,"Cordero",678
GT,"Cordon",677
GT,"Zapeta",671
GT,"Sontay",671
GT,"Manuel",669
GT,"Villeda",668
GT,"Tzoc",666
GT,"Villagran",664
GT,"Lorenzana",658
GT,"Quevedo",654
GT,"Granados",653
GT,"Florian",648
GT,"Girón",648
GT,"Angel",646
GT,"Dias",645
GT,"Sarceño",644
GT,"Melendez",642
GT,"Rodrigues",638
GT,"Dubon",637
GT,"Tubac",636
GT,"Pascual",636
GT,"Sequen",636
GT,"Noriega",635
GT,"Us",632
GT,"Mayorga",632
GT,"Gregorio",630
GT,"Trujillo",630
GT,"Sierra",629
GT,"Chamale",629
GT,"Pastor",628
GT,"Segura",622
GT,"Andrade",622
GT,"Canel",621
GT,"Cordova",621
GT,"Tello",618
GT,"Pu",613
GT,"Quino",610
GT,"Guarcas",610
GT,"Toj",608
GT,"Lobos",608
GT,"Orantes",608
GT,"Sanches",608
GT,"Xiloj",602
GT,"Carlos",600
GT,"Pereira",595
GT,"Acabal",593
GT,"Toledo",593
GT,"Deleon",591
GT,"Marin",591
GT,"Olivares",589
GT,"Valladares",588
GT,"Pedro",586
GT,"Alvizures",586
GT,"Monzón",585
GT,"Jeronimo",582
GT,"Sis",581
GT,"Muralles",580
GT,"Leal",574
GT,"Tum",571
GT,"Boror",569
GT,"Gallardo",564
GT,"Culajay",562
GT,"Herrarte",561
GT,"Montufar",561
GT,"Lucero",561
GT,"Jacinto",560
GT,"Ch",557
GT,"Carreto",556
GT,"Funes",555
GT,"Milian",553
GT,"Madrid",549
GT,"De Lopez",547
GT,"Alejandro",546
GT,"Gt",546
GT,"Cac",545
GT,"Sian",545
GT,"Sac",545
GT,"Chiroy",544
GT,"Chumil",544
GT,"Menendez",544
GT,"Can",542
GT,"Asencio",541
GT,"Arriaga",538
GT,"Fernando",537
GT,"Roman",536
GT,"David",535
GT,"Colop",532
GT,"Xicay",531
GT,"León",521
GT,"Toc",519
GT,"Juares",516
GT,"Mendes",515
HK,"Chan",172164
HK,"Wong",150458
HK,"Lee",71307
HK,"Leung",69440
HK,"Lam",66893
HK,"Cheung",63629
HK,"Ng",60774
HK,"Lau",52233
HK,"Ho",49139
HK,"Li",48694
HK,"Cheng",33569
HK,"Lai",30635
HK,"Yeung",30180
HK,"Lo",28678
HK,"Tang",26574
HK,"Tsang",23815
HK,"Chow",23100
HK,"Kwok",22995
HK,"Fung",22470
HK,"Chung",21960
HK,"Yu",20944
HK,"Tam",20697
HK,"Law",18768
HK,"Yip",18386
HK,"Tse",17853
HK,"So",17223
HK,"Chu",17022
HK,"Liu",16457
HK,"Wu",15407
HK,"Mak",15224
HK,"Choi",15137
HK,"Hui",14746
HK,"Ma",14568
HK,"Yuen",13805
HK,"Chiu",12811
HK,"Kwan",11676
HK,"Chau",11528
HK,"Au",11373
HK,"Poon",11220
HK,"Yau",11204
HK,"Wan",11075
HK,"Hung",11010
HK,"Lui",10797
HK,"Siu",10613
HK,"Man",10226
HK,"Chen",9952
HK,"Tong",9715
HK,"Tsui",9603
HK,"Pang",9495
HK,"Ip",9440
HK,"Fong",9261
HK,"Mok",7986
HK,"Kong",7962
HK,"Ko",7613
HK,"Kwong",7492
HK,"Lin",6997
HK,"Yan",6995
HK,"To",6818
HK,"Chong",6784
HK,"Yiu",6766
HK,"Wang",6720
HK,"Luk",6371
HK,"Fan",6130
HK,"Chui",5792
HK,"Yung",5757
HK,"Sin",5615
HK,"Wai",5372
HK,"Zhang",5052
HK,"Ling",5030
HK,"Ching",4864
HK,"Tsoi",4836
HK,"Tai",4716
HK,"Sze",4715
HK,"Fu",4668
HK,"Yim",4254
HK,"Shum",4183
HK,"Huang",4181
HK,"Ngai",4177
HK,"Kam",4035
HK,"Kan",4014
HK,"Yang",3907
HK,"Chang",3899
HK,"Choy",3840
HK,"Lok",3455
HK,"Suen",3442
HK,"Shek",3302
HK,"Woo",3279
HK,"Tung",3171
HK,"Sun",3164
HK,"Fok",3102
HK,"Ngan",3049
HK,"Pun",3046
HK,"Ting",3031
HK,"Mo",3009
HK,"Ming",2939
HK,"Chun",2889
HK,"Wing",2812
HK,"Gurung",2783
HK,"Hon",2675
HK,"Keung",2616
HK,"Hong",2544
HK,"Ying",2447
HK,"Tan",2421
HK,"Lu",2402
HK,"Yin",2313
HK,"Yee",2305
HK,"Cho",2206
HK,"Xu",2203
HK,"Lung",2201
HK,"Yam",2160
HK,"Ku",2103
HK,"Kit",2063
HK,"Chin",2039
HK,"Hk",2019
HK,"Po",1969
HK,"Liang",1966
HK,"Cheuk",1945
HK,"Mui",1911
HK,"Chi",1907
HK,"Khan",1904
HK,"Sung",1898
HK,"Szeto",1841
HK,"Kung",1803
HK,"Sam",1792
HK,"Ha",1758
HK,"Ka",1738
HK,"King",1706
HK,"Zhou",1705
HK,"Or",1705
HK,"Sit",1699
HK,"Koo",1697
HK,"Sum",1697
HK,"May",1659
HK,"Fai",1648
HK,"Shing",1587
HK,"Au Yeung",1564
HK,"Hu",1528
HK,"Tso",1526
HK,"Hau",1514
HK,"Tin",1498
HK,"Ken",1490
HK,"He",1478
HK,"Kim",1449
HK,"Zhu",1441
HK,"Lim",1431
HK,"Yue",1428
HK,"Luo",1373
HK,"Lun",1367
HK,"Shiu",1352
HK,"Rai",1335
HK,"Ki",1330
HK,"Sham",1324
HK,"Zheng",1313
HK,"Pan",1297
HK,"Chiang",1290
HK,"Singh",1251
HK,"Lei",1250
HK,"Zhao",1240
HK,"Leong",1233
HK,"Kin",1227
HK,"Yi",1226
HK,"Wah",1211
HK,"Young",1165
HK,"Pak",1162
HK,"Cai",1092
HK,"Putri",1086
HK,"Wei",1078
HK,"Andy",1074
HK,"Amy",1067
HK,"Chak",1066
HK,"Limbu",1062
HK,"Jiang",1057
HK,"Heung",1057
HK,"Zeng",1055
HK,"Su",1046
HK,"Pong",1035
HK,"Ye",1014
HK,"Cheong",1012
HK,"Chim",1009
HK,"Mei",1008
HK,"Peter",998
HK,"Shi",996
HK,"Tony",983
HK,"Ping",982
HK,"Deng",980
HK,"Jason",975
HK,"Xie",973
HK,"Feng",971
HK,"Alex",958
HK,"Kei",952
HK,"Sing",949
HK,"Lan",947
HK,"Guo",947
HK,"Eric",926
HK,"Joe",925
HK,"Hei",919
HK,"Shan",912
HK,"Jacky",902
HK,"Ben",879
HK,"Han",878
HK,"Zhong",869
HK,"Wati",857
HK,"Hang",857
HK,"Ar",844
HK,"David",842
HK,"Chik",839
HK,"Wen",832
HK,"Angel",827
HK,"Wa",820
HK,"Candy",813
HK,"Xiao",810
HK,"Ch",806
HK,"Cat",801
HK,"Ali",792
HK,"Yao",782
HK,"Long",780
HK,"Peng",778
HK,"Tao",765
HK,"Sari",763
HK,"Jim",760
HK,"Chou",759
HK,"Hsu",752
HK,"John",749
HK,"Yuan",734
HK,"Liao",732
HK,"Leo",729
HK,"Nam",725
HK,"Ayu",712
HK,"Simon",710
HK,"Hin",708
HK,"Kelvin",706
HK,"Michael",695
HK,"Fang",691
HK,"Thapa",691
HK,"Tsai",689
HK,"On",684
HK,"Kok",683
HK,"Gao",677
HK,"Dai",670
HK,"Winnie",669
HK,"Kai",664
HK,"Ding",657
HK,"Iu",654
HK,"Alan",652
HK,"Love",644
HK,"Shen",644
HK,"Song",642
HK,"Ray",640
HK,"Jack",638
HK,"Garcia",624
HK,"Huen",616
HK,"Wat",612
HK,"Jenny",607
HK,"Tom",605
HK,"Mandy",603
HK,"Chris",599
HK,"Chai",597
HK,"Raymond",594
HK,"Lou",592
HK,"Ivan",590
HK,"Pui",586
HK,"Yo",581
HK,"Nguyen",579
HK,"Tommy",575
HK,"Ck",574
HK,"Tsz",573
HK,"Wo",567
HK,"James",562
HK,"Sy",559
HK,"Fat",557
HK,"Qiu",555
HK,"Ah",555
HK,"Nip",547
HK,"San",546
HK,"Thomas",544
HK,"Cherry",537
HK,"Tim",537
HK,"司徒",536
HK,"Hing",535
HK,"Loo",535
HK,"Yuk",533
HK,"Hi",530
HK,"Pau",530
HK,"See",529
HK,"Ramos",528
HK,"Sandy",526
HK,"Apple",525
HK,"Go",524
HK,"Anna",523
HK,"Ricky",523
HK,"Gary",521
HK,"Paul",519
HK,"歐陽",519
HK,"Kee",518
HK,"Hoi",518
HK,"Lily",517
HK,"Kenny",516
HK,"Cruz",512
HK,"Yik",512
HK,"Ada",505
HK,"Mai",505
HK,"Na",504
HK,"Henry",503
HK,"Cao",502
HK,"Kuen",502
HK,"Sunny",500
HK,"Yick",499
HK,"Dong",498
HK,"Miu",496
HK,"Reyes",495
HK,"Grg",495
HK,"Eva",492
HK,"You",491
HK,"Le",489
HK,"Mark",483
HK,"Tak",480
HK,"Cinta",477
HK,"Che",476
HK,"Auyeung",476
HK,"Dewi",475
HK,"Santos",472
HK,"Moon",470
HK,"Rose",467
HK,"Hou",467
HK,"Smith",467
HK,"Ann",464
HK,"Lao",464
HK,"Wendy",462
HK,"Grace",460
HK,"Ngo",460
HK,"Maggie",459
HK,"Chuen",458
HK,"Ou",456
HK,"Park",456
HK,"Cham",456
HK,"Cindy",453
HK,"Billy",452
HK,"Lopez",450
HK,"Dela Cruz",448
HK,"Jimmy",446
HK,"Du",446
HK,"Alice",445
HK,"Chao",443
HK,"Wilson",442
HK,"Yun",442
HK,"Kelly",441
HK,"Foo",441
HK,"Lie",440
HK,"Connie",435
HK,"Jin",432
HK,"William",430
HK,"Ana",429
HK,"Kevin",428
HK,"Daniel",428
HK,"Fanny",426
HK,"Yuki",425
HK,"Anson",425
HK,"Vincent",424
HK,"Gu",424
HK,"Shah",424
HK,"Seto",424
HK,"Ivy",423
HK,"Shih",421
HK,"Annie",420
HK,"Koon",420
HK,"Jai",418
HK,"Guan",418
HK,"Ryan",417
HK,"Mendoza",410
HK,"Low",409
HK,"Shirley",408
HK,"Ong",407
HK,"Roy",405
HK,"Kaur",401
HK,"Wun",401
HK,"Him",400
HK,"Karen",399
HK,"Mi",398
HK,"Yoyo",396
HK,"Sky",393
HK,"Martin",392
HK,"Ning",392
HK,"Lestari",389
HK,"Chua",386
HK,"Tina",385
HK,"Yanti",383
HK,"Hussain",378
HK,"Chum",378
HK,"Lum",378
HK,"Kc",377
HK,"Shu",377
HK,"Marco",376
HK,"Fish",375
HK,"Soo",375
HK,"Emily",374
HK,"Ani",373
HK,"Kiu",371
HK,"Qin",369
HK,"Bee",367
HK,"Shun",366
HR,"Horvat",3150
HR,"Marić",1379
HR,"Novak",1334
HR,"Kovačević",1312
HR,"Jurić",1310
HR,"Babić",1179
HR,"Matić",1102
HR,"Kovačić",1072
HR,"Vuković",987
HR,"Knežević",945
HR,"Tomić",922
HR,"Marković",918
HR,"Perić",917
HR,"Maric",882
HR,"Grgić",879
HR,"Kovač",849
HR,"Šarić",829
HR,"Šimić",826
HR,"Pavlović",818
HR,"Božić",785
HR,"Pavić",783
HR,"Petrović",783
HR,"Jukić",779
HR,"Lovrić",778
HR,"Kralj",771
HR,"Blažević",757
HR,"Radić",755
HR,"Juric",744
HR,"Bašić",733
HR,"Kos",716
HR,"Barišić",702
HR,"Perković",686
HR,"Matic",671
HR,"Peric",658
HR,"Vidović",651
HR,"Bošnjak",651
HR,"Filipović",645
HR,"Babic",626
HR,"Kovacevic",613
HR,"Markovic",613
HR,"Klarić",596
HR,"Galić",595
HR,"Novosel",588
HR,"Poljak",579
HR,"Mandić",573
HR,"Lončar",572
HR,"Nikolić",553
HR,"Barić",553
HR,"Živković",549
HR,"Popović",544
HR,"Brkić",531
HR,"Bilić",526
HR,"Martinović",526
HR,"Herceg",518
HR,"Tomic",504
HR,"Petrovic",499
HR,"Stanić",472
HR,"Ćosić",470
HR,"Knezevic",465
HR,"Vukovic",464
HR,"Radic",463
HR,"Rukavina",456
HR,"Vrdoljak",456
HR,"Jelić",454
HR,"Lukić",454
HR,"Posavec",444
HR,"Jurković",444
HR,"Lučić",433
HR,"Ban",432
HR,"Matijević",431
HR,"Šimunović",426
HR,"Matković",423
HR,"Pavlovic",422
HR,"Mihaljević",419
HR,"Filipovic",418
HR,"Kovacic",414
HR,"Erceg",410
HR,"Jurišić",404
HR,"Katić",402
HR,"Jukic",400
HR,"Marinović",398
HR,"Ivančić",393
HR,"Ivić",385
HR,"Jozić",382
HR,"Jerković",382
HR,"Topić",381
HR,"Car",381
HR,"Pavic",380
HR,"Budimir",380
HR,"Lovric",379
HR,"Tadić",371
HR,"Milić",364
HR,"Bozic",363
HR,"Janković",360
HR,"Ivanković",357
HR,"Miletić",357
HR,"Grgic",356
HR,"Cindrić",355
HR,"Marušić",354
HR,"Kolar",353
HR,"Mikulić",350
HR,"Vidovic",347
HR,"Blazevic",345
HR,"Vučković",345
HR,"Marjanović",343
HR,"Perkovic",342
HR,"Buljan",342
HR,"Sever",342
HR,"Varga",341
HR,"Ivanović",340
HR,"Bilic",337
HR,"Gudelj",333
HR,"Ivan",329
HR,"Pranjić",328
HR,"Nikolic",327
HR,"Ilić",327
HR,"Vuk",326
HR,"Kovac",322
HR,"Mandic",318
HR,"Klaric",315
HR,"Bačić",313
HR,"Tolić",311
HR,"Tokić",311
HR,"Saric",310
HR,"Maras",309
HR,"Anić",308
HR,"Pavičić",307
HR,"Grubišić",306
HR,"Turkalj",304
HR,"Dujmović",303
HR,"Medved",303
HR,"Galic",302
HR,"Petrić",302
HR,"Duvnjak",302
HR,"Radoš",299
HR,"Špoljarić",299
HR,"Mamić",299
HR,"Đurić",298
HR,"Bogdan",297
HR,"Barisic",296
HR,"Hodak",293
HR,"Martinovic",291
HR,"Majić",291
HR,"Popovic",290
HR,"Baričević",290
HR,"Antunović",287
HR,"Petric",285
HR,"Radman",285
HR,"Lukic",284
HR,"Salopek",280
HR,"Šimunić",277
HR,"Vidaković",277
HR,"Simic",275
HR,"Štimac",275
HR,"Rašić",275
HR,"Josipović",274
HR,"Jović",274
HR,"Basic",273
HR,"Bosnjak",272
HR,"Kelava",266
HR,"Horvatić",264
HR,"Brkic",263
HR,"Petković",262
HR,"Golub",261
HR,"Burić",261
HR,"Ivic",260
HR,"Pavlić",260
HR,"Delić",260
HR,"Matijevic",257
HR,"Ivković",256
HR,"Martić",256
HR,"Balić",255
HR,"Jovanović",255
HR,"Čović",255
HR,"Novaković",255
HR,"Ljubičić",254
HR,"Starčević",253
HR,"Lončarić",252
HR,"Soldo",252
HR,"Pejić",252
HR,"Boban",251
HR,"Tadic",251
HR,"Tomas",251
HR,"Miličević",251
HR,"Matkovic",250
HR,"Stanic",249
HR,"Brajković",249
HR,"Golubić",248
HR,"Ružić",248
HR,"Ljubić",247
HR,"Jakšić",247
HR,"Vlašić",246
HR,"Zovko",246
HR,"Knez",244
HR,"Ćurić",244
HR,"Prpić",242
HR,"Zg",240
HR,"Vukelić",239
HR,"Brekalo",237
HR,"Lucic",237
HR,"Perica",237
HR,"Mijatović",237
HR,"Mlinarić",236
HR,"Marinovic",235
HR,"Mitrović",233
HR,"Orešković",232
HR,"Marin",231
HR,"Baric",231
HR,"Rožić",231
HR,"Jozic",229
HR,"Franić",229
HR,"Abramović",228
HR,"Kolarić",227
HR,"Zec",225
HR,"Šoštarić",225
HR,"Milic",225
HR,"Ivanovic",224
HR,"Vukić",224
HR,"Barać",223
HR,"Pintarić",222
HR,"Matošević",222
HR,"Petričević",219
HR,"Grgurić",218
HR,"Roso",216
HR,"Nekić",215
HR,"Cvitković",215
HR,"Jurčević",214
HR,"Stanković",214
HR,"Crnković",214
HR,"Ana",213
HR,"Galović",213
HR,"Sertić",213
HR,"Stipić",213
HR,"Miloš",212
HR,"Mijić",211
HR,"Bekavac",211
HR,"Jurkovic",210
HR,"Kozina",209
HR,"Jelic",209
HR,"Lacković",208
HR,"Sabljak",208
HR,"Turković",208
HR,"Banović",208
HR,"Andrić",207
HR,"Mršić",206
HR,"Leko",205
HR,"Zorić",205
HR,"Puškarić",205
HR,"Ilic",204
HR,"Mihalić",204
HR,"Palić",204
HR,"Ćurković",204
HR,"Čuljak",204
HR,"Vlahović",204
HR,"Anic",203
HR,"Marijanović",203
HR,"Dragičević",203
HR,"Gavran",202
HR,"Meštrović",202
HR,"Mišković",201
HR,"Sučić",201
HR,"Jerkovic",200
HR,"Špoljar",200
HR,"Kraljević",199
HR,"Vrban",199
HR,"Domazet",199
HR,"Modrić",199
HR,"Jurisic",198
HR,"Loncar",198
HR,"Barbir",198
HR,"Mišić",198
HR,"Rončević",198
HR,"Marko",197
HR,"Marusic",197
HR,"Katic",197
HR,"Marinić",197
HR,"Cosic",197
HR,"Mikulic",197
HR,"Knezović",197
HR,"Bušić",197
HR,"Glavaš",196
HR,"Bulić",196
HR,"Josipovic",195
HR,"Matas",195
HR,"Dodig",194
HR,"Majstorović",194
HR,"Mikić",192
HR,"Špehar",191
HR,"Medić",191
HR,"Samardžić",191
HR,"Rajković",191
HR,"Ivana",190
HR,"Topic",190
HR,"Stojanović",190
HR,"Raguž",190
HR,"Zelić",190
HR,"Marjanovic",189
HR,"Župan",189
HR,"Milković",189
HR,"Benić",189
HR,"Baković",189
HR,"Begić",188
HR,"Zivkovic",188
HR,"Miletic",187
HR,"Grbavac",187
HR,"Petek",187
HR,"Jurjević",186
HR,"Lucić",186
HR,"Milanović",186
HR,"Vukušić",185
HR,"Magdić",185
HR,"Jelavić",184
HR,"Vuletić",184
HR,"Rogić",184
HR,"Tkalec",183
HR,"Milas",183
HR,"Krpan",182
HR,"Đaković",182
HR,"Delic",181
HR,"Kolak",181
HR,"Matanović",181
HR,"Majic",180
HR,"Ćorić",179
HR,"Jankovic",179
HR,"Jovic",179
HR,"Devčić",179
HR,"Turk",179
HR,"Valentić",179
HR,"Čičak",177
HR,"Jakovljević",177
HR,"Botica",177
HR,"Marija",176
HR,"Mihaljevic",176
HR,"Gašpar",176
HR,"Ivancic",175
HR,"Čulina",175
HR,"Lalić",175
HR,"Ivankovic",174
HR,"Papić",174
HR,"Butorac",174
HR,"Kolić",174
HR,"Uzelac",174
HR,"Maričić",174
HR,"Kardum",173
HR,"Lasić",173
HR,"Borić",173
HR,"Lisica",172
HR,"Brčić",172
HR,"Tot",172
HR,"Radošević",172
HR,"Jovanovic",171
HR,"Kljajić",171
HR,"Smolčić",171
HR,"Bešlić",170
HR,"Vidak",169
HR,"Skender",169
HR,"Pervan",169
HR,"Perišić",169
HR,"Sabo",169
HR,"Banić",169
HR,"Pejic",169
HR,"Žilić",169
HR,"Bartulović",168
HR,"Dujmovic",168
HR,"Pavelić",168
HR,"Damjanović",167
HR,"Levak",167
HR,"Kordić",167
HR,"Mesić",165
HR,"Malenica",165
HR,"Vučić",165
HR,"Čačić",164
HR,"Tolic",162
HR,"Prgomet",162
HR,"Tomašić",162
HR,"Juričić",162
HR,"Štefanac",161
HR,"Pintar",161
HR,"Juras",161
HR,"Benko",161
HR,"Batur",161
HR,"Antolović",161
HR,"Vidakovic",161
HR,"Radović",161
HR,"Ramljak",161
HR,"Balog",160
HR,"Anđelić",160
HR,"Krizmanić",160
HR,"Koren",160
HR,"Tomičić",160
HR,"Bošković",159
HR,"Vranić",159
HR,"Vinković",159
HR,"Zagreb",158
HR,"Klanac",158
HR,"Antić",158
HR,"Vukoja",158
HR,"Marinković",158
HR,"Tomašević",158
HR,"Martic",157
HU,"Nagy",6536
HU,"Kovács",5096
HU,"Tóth",4796
HU,"Szabó",4711
HU,"Horváth",4374
HU,"Kiss",3931
HU,"Varga",3632
HU,"Molnár",2442
HU,"Németh",2277
HU,"Farkas",2051
HU,"Balogh",1845
HU,"László",1702
HU,"Tamás",1380
HU,"Papp",1363
HU,"Gábor",1334
HU,"Péter",1292
HU,"Takács",1255
HU,"Zoltán",1200
HU,"Balázs",1120
HU,"Juhász",1077
HU,"Simon",1046
HU,"Attila",999
HU,"Sándor",984
HU,"István",960
HU,"Fekete",953
HU,"Mészáros",931
HU,"Kovacs",886
HU,"Lakatos",870
HU,"Toth",856
HU,"Zsolt",852
HU,"Horvath",852
HU,"Kis",801
HU,"Szabo",786
HU,"Szilágyi",747
HU,"János",719
HU,"Rácz",710
HU,"Dávid",685
HU,"József",672
HU,"Kocsis",665
HU,"Csaba",656
HU,"Török",655
HU,"Szűcs",632
HU,"Ádám",625
HU,"Ferenc",612
HU,"András",610
HU,"Oláh",607
HU,"Fodor",605
HU,"Magyar",593
HU,"Gál",591
HU,"Fehér",577
HU,"Tibor",569
HU,"Szalai",557
HU,"Máté",556
HU,"Antal",547
HU,"Sipos",540
HU,"Bálint",537
HU,"Pintér",523
HU,"Katona",518
HU,"György",511
HU,"Andrea",502
HU,"Katalin",498
HU,"Gergely",488
HU,"Éva",480
HU,"Király",476
HU,"Imre",470
HU,"Jakab",468
HU,"Boros",466
HU,"Pál",458
HU,"Somogyi",449
HU,"Dániel",446
HU,"Judit",443
HU,"Fülöp",439
HU,"Krisztián",434
HU,"Fazekas",433
HU,"Kelemen",432
HU,"Krisztina",423
HU,"Lukács",417
HU,"Vincze",416
HU,"Norbert",415
HU,"Gulyás",389
HU,"Veres",388
HU,"Vass",387
HU,"Orosz",386
HU,"Márton",383
HU,"Balog",383
HU,"Székely",379
HU,"Molnar",379
HU,"Deák",377
HU,"Bence",374
HU,"Hegedűs",372
HU,"Lengyel",371
HU,"Pap",363
HU,"Budai",359
HU,"Vörös",358
HU,"Major",357
HU,"Zsuzsanna",352
HU,"Erika",348
HU,"Miklós",346
HU,"Róbert",343
HU,"Hajdu",340
HU,"Lajos",339
HU,"Illés",332
HU,"Mária",331
HU,"Ildikó",330
HU,"Ágnes",330
HU,"Nemes",324
HU,"Roland",321
HU,"Fábián",321
HU,"Kozma",320
HU,"Szőke",317
HU,"Barna",317
HU,"Váradi",317
HU,"Bíró",316
HU,"Halász",312
HU,"Mihály",311
HU,"Mónika",307
HU,"Bognár",307
HU,"Kerekes",306
HU,"Virág",302
HU,"Anita",300
HU,"Bogdán",299
HU,"Szilvia",298
HU,"Márk",297
HU,"Gergő",296
HU,"Vajda",290
HU,"Marton",289
HU,"Bakos",288
HU,"Orbán",287
HU,"Gabriella",286
HU,"Pásztor",286
HU,"Soós",284
HU,"Szabolcs",282
HU,"Viktor",281
HU,"Szekeres",281
HU,"Bodnár",280
HU,"Balla",279
HU,"Gáspár",274
HU,"Nemeth",274
HU,"Dobos",267
HU,"Eszter",264
HU,"Anna",264
HU,"Mezei",262
HU,"Novák",260
HU,"Barta",257
HU,"Pataki",257
HU,"Sebestyén",256
HU,"Csonka",255
HU,"Orsós",255
HU,"Borbély",254
HU,"Kálmán",252
HU,"Károly",249
HU,"Végh",249
HU,"Erdei",248
HU,"Demeter",247
HU,"Faragó",247
HU,"Kun",246
HU,"Cseh",241
HU,"Ákos",240
HU,"Hegyi",239
HU,"Biró",238
HU,"Kertész",238
HU,"Dudás",238
HU,"Dóra",234
HU,"Lőrincz",234
HU,"Erdélyi",234
HU,"Kardos",233
HU,"Vida",232
HU,"Szántó",230
HU,"Viktória",225
HU,"Huszár",225
HU,"Martin",224
HU,"Szigeti",218
HU,"Gyula",217
HU,"Ács",217
HU,"Győri",217
HU,"Szász",216
HU,"Rózsa",216
HU,"Anikó",212
HU,"Schmidt",210
HU,"Erzsébet",209
HU,"Herczeg",209
HU,"Müller",209
HU,"Berta",207
HU,"Richárd",205
HU,"Béla",205
HU,"Szalay",204
HU,"Lázár",203
HU,"Szücs",202
HU,"Alexandra",201
HU,"Seres",201
HU,"Hegedüs",201
HU,"Melinda",200
HU,"Mátyás",200
HU,"Ferenczi",200
HU,"Edit",197
HU,"Laszlo",197
HU,"Kalmár",197
HU,"Szegedi",196
HU,"Benedek",195
HU,"Baranyai",194
HU,"Fejes",194
HU,"Szabados",191
HU,"Kurucz",190
HU,"Koncz",190
HU,"Csilla",189
HU,"Csizmadia",189
HU,"Bódi",189
HU,"Kulcsár",186
HU,"Tímea",183
HU,"Kristóf",183
HU,"Kósa",181
HU,"Mayer",181
HU,"Kecskés",180
HU,"Márkus",180
HU,"Dénes",179
HU,"Gaál",179
HU,"Baranyi",179
HU,"Béres",178
HU,"Jónás",178
HU,"Vas",178
HU,"Pető",177
HU,"Dani",175
HU,"Levente",174
HU,"Szakács",174
HU,"Nikolett",172
HU,"Kollár",172
HU,"Gabor",171
HU,"Ambrus",171
HU,"Tünde",170
HU,"Barbara",170
HU,"Bartha",170
HU,"Albert",170
HU,"Kádár",170
HU,"Szatmári",170
HU,"Polgár",170
HU,"Juhasz",170
HU,"Kata",169
HU,"Márta",169
HU,"Berki",169
HU,"Adrienn",167
HU,"Császár",167
HU,"Urbán",167
HU,"Józsa",166
HU,"Patrik",163
HU,"Borsos",161
HU,"Sárközi",160
HU,"Edina",159
HU,"Erdős",158
HU,"Puskás",158
HU,"Galambos",157
HU,"Zsuzsa",156
HU,"Réka",156
HU,"Vivien",155
HU,"Mester",155
HU,"Jenei",155
HU,"Ilona",153
HU,"Tar",152
HU,"Angyal",152
HU,"Rita",151
HU,"Bakó",151
HU,"Benkő",151
HU,"Hajnal",151
HU,"Peter",149
HU,"Ferencz",149
HU,"Boda",149
HU,"Radics",148
HU,"Fenyvesi",148
HU,"Lovas",148
HU,"Renáta",147
HU,"Lévai",147
HU,"Bencze",147
HU,"Pusztai",146
HU,"Balazs",145
HU,"Csontos",145
HU,"Torma",145
HU,"Barabás",145
HU,"Gyarmati",144
HU,"Elek",144
HU,"Bene",144
HU,"Bodor",143
HU,"Keresztes",142
HU,"Olah",141
HU,"Földi",141
HU,"Hajdú",141
HU,"Sandor",140
HU,"Sebők",140
HU,"Beáta",137
HU,"Pálfi",137
HU,"Bokor",137
HU,"Bernadett",136
HU,"Takacs",136
HU,"Orsolya",135
HU,"Majoros",135
HU,"Biro",135
HU,"Beke",134
HU,"Istvan",133
HU,"Enikő",132
HU,"Szarka",132
HU,"Vigh",132
HU,"Kárpáti",131
HU,"Zoltan",130
HU,"Tamas",130
HU,"Bodó",129
HU,"Brigitta",128
HU,"Zsófia",128
HU,"Csordás",128
HU,"Bakonyi",128
HU,"Asztalos",128
HU,"Gombos",128
HU,"Csapó",128
HU,"Kinga",127
HU,"Csorba",127
HU,"Petra",126
HU,"Veronika",125
HU,"Anett",125
HU,"Jozsef",124
HU,"Bán",124
HU,"Bereczki",124
HU,"Sánta",124
HU,"Benke",123
HU,"Botos",123
HU,"Havasi",122
HU,"Sallai",121
HU,"Bencsik",120
HU,"Salamon",120
HU,"Kónya",120
HU,"Madarász",120
HU,"Nyári",119
HU,"Ágoston",118
HU,"Laczkó",118
HU,"Lendvai",118
HU,"Racz",117
HU,"David",116
HU,"Egri",116
HU,"Harsányi",116
HU,"Erős",116
HU,"Vadász",116
HU,"Sz",116
HU,"Baráth",116
HU,"Kántor",116
HU,"Ábrahám",115
HU,"Pápai",115
HU,"Nóra",114
HU,"Iván",114
HU,"Berényi",114
HU,"Sütő",114
HU,"Joó",113
HU,"Csikós",112
HU,"Sági",111
HU,"Adam",110
HU,"Kitti",109
HU,"Lilla",109
HU,"Pálinkás",108
HU,"Révész",108
HU,"Kállai",107
HU,"Kővári",107
HU,"Domokos",107
HU,"Markó",107
HU,"Csányi",107
HU,"Bertalan",106
HU,"Bagi",106
HU,"Czakó",105
HU,"Szilagyi",105
HU,"Berecz",105
HU,"Nikoletta",103
HU,"Csiszár",103
HU,"Gyöngyösi",103
HU,"Bányai",103
HU,"Mező",103
HU,"Janos",102
HU,"Kozák",102
HU,"Szarvas",102
HU,"Makai",102
HU,"Polyák",102
HU,"Frank",102
HU,"Gazdag",101
HU,"Megyeri",101
HU,"Hajnalka",100
HU,"Noémi",100
HU,"Milán",100
HU,"Marianna",100
HU,"Csillag",100
HU,"Bartos",100
HU,"Kaszás",100
HU,"Kasza",100
HU,"Laci",99
HU,"Forgács",99
HU,"Bihari",99
HU,"Lantos",99
HU,"Rigó",99
HU,"Dömötör",99
HU,"Gonda",99
HU,"Nagyné",98
HU,"Turi",98
HU,"Egyed",98
HU,"Wolf",98
HU,"Hornyák",98
HU,"Lovász",98
HU,"Szöllősi",97
HU,"Schneider",97
ID,"Wijaya",741
ID,"Gunawan",673
ID,"Setiawan",520
ID,"Santoso",491
ID,"Kurniawan",428
ID,"Tan",414
ID,"Halim",350
ID,"Chandra",342
ID,"Susanto",327
ID,"Putra",321
ID,"Hidayat",321
ID,"Lim",321
ID,"Widjaja",306
ID,"Wibowo",292
ID,"Lie",282
ID,"Nugroho",269
ID,"Sari",258
ID,"Dewi",256
ID,"Saputra",242
ID,"Hartono",236
ID,"Siregar",189
ID,"Salim",185
ID,"Lee",184
ID,"Ahmad",179
ID,"Putri",177
ID,"Irawan",176
ID,"Kusuma",175
ID,"Pratama",168
ID,"Iskandar",168
ID,"Arifin",167
ID,"Prasetyo",159
ID,"Hadi",153
ID,"Purnomo",150
ID,"Wati",149
ID,"Budiman",147
ID,"Lestari",146
ID,"Wahyudi",146
ID,"Chen",146
ID,"Jaya",144
ID,"Yusuf",141
ID,"Hermawan",140
ID,"Anwar",140
ID,"Widodo",139
ID,"Sutanto",138
ID,"Susilo",138
ID,"Muhammad",136
ID,"Maulana",135
ID,"Yanto",131
ID,"Rahman",131
ID,"Utomo",130
ID,"Nugraha",128
ID,"Susanti",125
ID,"Darmawan",124
ID,"Tjandra",120
ID,"Hasan",119
ID,"Handayani",117
ID,"Ali",117
ID,"Wong",116
ID,"Adi",115
ID,"Purwanto",112
ID,"Surya",111
ID,"Lubis",111
ID,"Hartanto",110
ID,"Huang",109
ID,"Rahayu",108
ID,"Budi",107
ID,"Hakim",105
ID,"Nasution",105
ID,"Rusli",104
ID,"Simanjuntak",101
ID,"Rahardjo",99
ID,"Ong",98
ID,"Sanjaya",97
ID,"Liem",96
ID,"Ang",96
ID,"Ramadhan",95
ID,"Abdullah",95
ID,"Effendi",94
ID,"Rachman",94
ID,"Winata",93
ID,"Yanti",92
ID,"Haryanto",92
ID,"Setiadi",90
ID,"Ibrahim",89
ID,"Lesmana",89
ID,"Anto",88
ID,"Sinaga",88
ID,"Astuti",86
ID,"Permana",86
ID,"Mulyadi",85
ID,"Wahyuni",84
ID,"Hendra",83
ID,"Harahap",83
ID,"Handoko",82
ID,"Ismail",82
ID,"Firmansyah",81
ID,"Wibisono",80
ID,"Santosa",79
ID,"Kurnia",79
ID,"Agustina",78
ID,"Pratiwi",78
ID,"Akbar",78
ID,"Wirawan",78
ID,"Aja",78
ID,"Rizal",77
ID,"Fauzi",77
ID,"Prabowo",77
ID,"Sugianto",77
ID,"Chan",77
ID,"Sugiarto",76
ID,"Tobing",76
ID,"Utama",75
ID,"Purnama",75
ID,"Indra",75
ID,"Wulandari",74
ID,"Achmad",74
ID,"Wicaksono",73
ID,"Ng",73
ID,"Kosasih",72
ID,"Utami",71
ID,"Yulianto",71
ID,"Hamid",71
ID,"Lukman",71
ID,"Agus",70
ID,"Kartika",70
ID,"Chang",70
ID,"Tambunan",70
ID,"Syah",69
ID,"Purba",69
ID,"Tarigan",69
ID,"Arief",68
ID,"Setiawati",67
ID,"Amin",67
ID,"Aziz",67
ID,"Ginting",67
ID,"Candra",67
ID,"Siahaan",67
ID,"Effendy",66
ID,"Damayanti",64
ID,"Siswanto",64
ID,"Suryadi",64
ID,"Pramono",64
ID,"Ridwan",64
ID,"Aditya",63
ID,"Tea",63
ID,"Cahyadi",63
ID,"Prasetya",63
ID,"Wardhana",63
ID,"Kho",63
ID,"Yani",63
ID,"Liu",63
ID,"Nur",63
ID,"Sutrisno",62
ID,"Mulyana",62
ID,"Anggraini",61
ID,"Agung",61
ID,"Maria",60
ID,"Sihombing",60
ID,"Aulia",60
ID,"Setyawan",59
ID,"Wahyu",59
ID,"Firdaus",59
ID,"Ho",59
ID,"Wang",59
ID,"Pribadi",58
ID,"Raharjo",58
ID,"Sofyan",58
ID,"Sitorus",58
ID,"Wu",58
ID,"Hutabarat",58
ID,"Mulyono",57
ID,"Abidin",57
ID,"Herman",57
ID,"Sulaiman",57
ID,"Go",57
ID,"Pasaribu",56
ID,"Sembiring",56
ID,"Hariyanto",55
ID,"Kusnadi",55
ID,"Bachtiar",55
ID,"Ayu",54
ID,"Riyanto",54
ID,"Cahyono",54
ID,"Ningsih",54
ID,"Hermanto",54
ID,"Dwi",54
ID,"Yono",53
ID,"Christian",53
ID,"Silalahi",53
ID,"Herawati",52
ID,"Nurdin",52
ID,"Ling",52
ID,"Umar",52
ID,"Saleh",52
ID,"Id",52
ID,"Noor",52
ID,"Usman",52
ID,"Situmorang",52
ID,"Satria",51
ID,"Andriani",51
ID,"Yap",51
ID,"Bali",51
ID,"Andi",50
ID,"Basuki",50
ID,"As",50
ID,"Manurung",50
ID,"Yahya",50
ID,"Hendrawan",49
ID,"Taufik",49
ID,"Budiono",49
ID,"Joe",49
ID,"Tanjung",49
ID,"Zhang",49
ID,"Kurniawati",48
ID,"Yadi",48
ID,"Doank",48
ID,"Siagian",48
ID,"Gozali",48
ID,"Arif",47
ID,"Sudrajat",47
ID,"Sugiharto",47
ID,"Ramadhani",47
ID,"Lo",47
ID,"Bahri",46
ID,"Yuwono",46
ID,"Saputro",46
ID,"Kristanto",46
ID,"Widjaya",46
ID,"Yang",46
ID,"Wiyono",45
ID,"Napitupulu",45
ID,"Supriyanto",44
ID,"Aji",44
ID,"Johan",44
ID,"Riyadi",44
ID,"Efendi",44
ID,"Alexander",44
ID,"Kim",44
ID,"Tampubolon",44
ID,"Tjahjadi",44
ID,"Herlina",43
ID,"Natalia",43
ID,"Budianto",43
ID,"Hasibuan",43
ID,"Mulia",43
ID,"Leo",43
ID,"Rahmawati",42
ID,"Nurhayati",42
ID,"Saragih",42
ID,"Rasyid",42
ID,"Tjong",42
ID,"Bambang",42
ID,"Suwandi",42
ID,"Amelia",41
ID,"Ana",41
ID,"Prayitno",41
ID,"Irawati",41
ID,"Adam",41
ID,"Fahmi",41
ID,"Hamzah",41
ID,"Ardiansyah",41
ID,"Pamungkas",41
ID,"Pranoto",41
ID,"Yunus",41
ID,"Karim",41
ID,"Handoyo",41
ID,"Pranata",41
ID,"Sirait",41
ID,"San",41
ID,"Gani",41
ID,"Tio",41
ID,"Liong",41
ID,"Se",40
ID,"Rizky",40
ID,"Anggraeni",40
ID,"Iwan",40
ID,"Rahardja",40
ID,"Panjaitan",40
ID,"Lin",40
ID,"Suryanto",39
ID,"Indrawati",39
ID,"Fitri",39
ID,"Han",39
ID,"Tjahjono",39
ID,"Jakarta",39
ID,"Gunadi",39
ID,"Udin",38
ID,"Suryani",38
ID,"Junaidi",38
ID,"Setiono",38
ID,"Faisal",38
ID,"Irwan",38
ID,"Rahmat",38
ID,"Indah",38
ID,"Adrian",38
ID,"Syarif",38
ID,"Bong",38
ID,"Wongso",38
ID,"Hutapea",38
ID,"Supriyadi",37
ID,"Suherman",37
ID,"Reza",37
ID,"Yulianti",37
ID,"Wibawa",37
ID,"Hasyim",37
ID,"Harianto",37
ID,"Kusumo",37
ID,"Simamora",37
ID,"Martin",37
ID,"Haryono",37
ID,"Saja",37
ID,"Said",37
ID,"Simatupang",37
ID,"Nainggolan",37
ID,"Rini",36
ID,"Mahendra",36
ID,"Andy",36
ID,"Dharma",36
ID,"Himawan",36
ID,"Kurniadi",36
ID,"Lukito",36
ID,"Oei",36
ID,"Hutagalung",36
ID,"Slamet",35
ID,"Andreas",35
ID,"Jonathan",35
ID,"Thomas",35
ID,"Ilham",35
ID,"Gultom",35
ID,"Harsono",35
ID,"Sitompul",35
ID,"Puspitasari",34
ID,"Huda",34
ID,"Rachmat",34
ID,"Abadi",34
ID,"Dani",34
ID,"Waluyo",34
ID,"Zain",34
ID,"Azis",34
ID,"Daniel",34
ID,"Dahlan",34
ID,"Lau",34
ID,"Sulistyo",34
ID,"Jo",34
ID,"Hidayati",33
ID,"Agustin",33
ID,"Hamdani",33
ID,"Ar",33
ID,"Haris",33
ID,"Mulya",33
ID,"Motor",33
ID,"Winarto",33
ID,"Ramli",33
ID,"Arya",33
ID,"Hong",33
ID,"Rizki",33
ID,"Djohan",33
ID,"Malik",33
ID,"Hartati",32
ID,"Amalia",32
ID,"Iqbal",32
ID,"Fajar",32
ID,"William",32
ID,"Zakaria",32
ID,"Pangestu",32
ID,"Chaniago",32
ID,"Puspita",32
ID,"Latief",32
ID,"Dharmawan",32
ID,"Sidharta",32
ID,"Sie",32
ID,"Ratna",31
ID,"Bagus",31
ID,"Wardhani",31
ID,"Fang",31
ID,"Andrian",31
ID,"Basri",31
ID,"Teguh",31
ID,"Yuli",31
ID,"Suwito",31
ID,"Jap",31
ID,"Idris",31
ID,"Li",31
ID,"Arianto",30
ID,"Diana",30
ID,"Hasanah",30
ID,"Hapsari",30
ID,"Maharani",30
ID,"Salam",30
ID,"Sumantri",30
ID,"Syam",30
ID,"Thio",30
ID,"Tanuwijaya",30
ID,"Marpaung",30
ID,"Simon",30
ID,"Tjoa",30
ID,"Tjia",30
ID,"Wanto",29
ID,"Farida",29
ID,"Sri",29
IE,"Murphy",19423
IE,"Kelly",15363
IE,"Byrne",13031
IE,"Ryan",11697
IE,"Walsh",11571
IE,"Doyle",8457
IE,"Obrien",6937
IE,"Lynch",6061
IE,"Smith",6057
IE,"Oconnor",5783
IE,"Dunne",5761
IE,"Murray",5561
IE,"Mccarthy",5336
IE,"Brennan",5275
IE,"Daly",5070
IE,"Burke",4953
IE,"Nolan",4923
IE,"Osullivan",4775
IE,"Kennedy",4740
IE,"Farrell",4633
IE,"Oneill",4504
IE,"Power",4414
IE,"Kavanagh",4314
IE,"Quinn",4270
IE,"Carroll",4242
IE,"Gallagher",4184
IE,"Flynn",4041
IE,"Collins",4014
IE,"Fitzgerald",3972
IE,"O Connor",3882
IE,"Connolly",3855
IE,"Whelan",3809
IE,"O Brien",3787
IE,"Reilly",3779
IE,"Doherty",3706
IE,"Duffy",3680
IE,"Clarke",3674
IE,"Kenny",3539
IE,"Moore",3529
IE,"Brady",3524
IE,"O Sullivan",3505
IE,"Healy",3443
IE,"Keane",3218
IE,"Moran",3203
IE,"Oreilly",3172
IE,"Martin",3120
IE,"Fitzpatrick",3077
IE,"Maher",3047
IE,"Hayes",3013
IE,"Ward",2990
IE,"Barry",2970
IE,"Roche",2961
IE,"Browne",2931
IE,"Foley",2879
IE,"Mcgrath",2807
IE,"Casey",2776
IE,"Buckley",2774
IE,"Hughes",2744
IE,"Hogan",2670
IE,"Sweeney",2651
IE,"Maguire",2602
IE,"Griffin",2602
IE,"Cullen",2589
IE,"Delaney",2534
IE,"Butler",2526
IE,"Smyth",2507
IE,"White",2475
IE,"Keogh",2310
IE,"Egan",2289
IE,"Oconnell",2243
IE,"Cunningham",2230
IE,"Hickey",2206
IE,"Lyons",2183
IE,"Higgins",2180
IE,"Sheridan",2165
IE,"Mooney",2124
IE,"Sheehan",2118
IE,"Cronin",2115
IE,"Curran",2106
IE,"Molloy",2095
IE,"Jones",2090
IE,"Cahill",2070
IE,"Sullivan",2070
IE,"King",2050
IE,"O Neill",2043
IE,"Barrett",2038
IE,"Odonnell",2037
IE,"Boyle",2030
IE,"Moloney",2024
IE,"Kearney",2007
IE,"Fox",2004
IE,"Lee",1998
IE,"Flanagan",1973
IE,"Mccormack",1952
IE,"Corcoran",1947
IE,"Dempsey",1939
IE,"Oshea",1938
IE,"Donnelly",1929
IE,"Hennessy",1918
IE,"Mcmahon",1907
IE,"Crowley",1897
IE,"Malone",1893
IE,"Lawlor",1855
IE,"Conway",1852
IE,"Phelan",1823
IE,"Dowling",1820
IE,"Oleary",1817
IE,"Carey",1786
IE,"Costello",1780
IE,"Joyce",1683
IE,"Duggan",1675
IE,"Redmond",1674
IE,"Campbell",1660
IE,"Kinsella",1656
IE,"Mcloughlin",1648
IE,"Mckenna",1617
IE,"Mcdonnell",1614
IE,"Mcdonagh",1612
IE,"Connor",1579
IE,"Dolan",1564
IE,"Cleary",1560
IE,"O Reilly",1559
IE,"Cummins",1555
IE,"Morrissey",1553
IE,"Okeeffe",1551
IE,"Coleman",1537
IE,"Mahon",1529
IE,"Kelleher",1529
IE,"Keating",1521
IE,"Long",1503
IE,"Coughlan",1497
IE,"Conroy",1484
IE,"Fleming",1481
IE,"Gleeson",1473
IE,"Rooney",1466
IE,"Greene",1464
IE,"Mcnamara",1443
IE,"Dillon",1415
IE,"Reynolds",1409
IE,"Mccabe",1407
IE,"Doran",1404
IE,"Finnegan",1402
IE,"Finn",1399
IE,"Forde",1392
IE,"Breen",1381
IE,"Leonard",1376
IE,"O Connell",1363
IE,"Heffernan",1353
IE,"Madden",1353
IE,"Hurley",1336
IE,"Cassidy",1327
IE,"Williams",1313
IE,"Coffey",1301
IE,"Kirwan",1299
IE,"Larkin",1295
IE,"Morris",1290
IE,"Orourke",1288
IE,"Otoole",1285
IE,"Jordan",1282
IE,"Clancy",1280
IE,"Mulligan",1280
IE,"Kiely",1280
IE,"Kane",1274
IE,"Mcdermott",1268
IE,"Callaghan",1268
IE,"Tobin",1259
IE,"Woods",1245
IE,"Keenan",1242
IE,"Ocallaghan",1230
IE,"Cooney",1222
IE,"Gorman",1210
IE,"Brown",1208
IE,"Wilson",1208
IE,"Bourke",1206
IE,"O Shea",1202
IE,"Leahy",1200
IE,"Hegarty",1200
IE,"Hynes",1186
IE,"Reid",1184
IE,"Russell",1169
IE,"Coyle",1164
IE,"Omahony",1155
IE,"O Leary",1153
IE,"Geraghty",1150
IE,"Dalton",1150
IE,"Morgan",1147
IE,"Farrelly",1140
IE,"Wall",1138
IE,"Thompson",1137
IE,"Mcdonald",1135
IE,"Monaghan",1134
IE,"O Donnell",1133
IE,"Davis",1131
IE,"Fagan",1129
IE,"Harrington",1126
IE,"Brien",1122
IE,"Odonovan",1120
IE,"Allen",1116
IE,"Mchugh",1116
IE,"Odonoghue",1106
IE,"Fahy",1100
IE,"Quigley",1098
IE,"Flood",1092
IE,"Donovan",1089
IE,"Meehan",1088
IE,"Keegan",1080
IE,"Mullen",1077
IE,"Kearns",1076
IE,"Carr",1072
IE,"Odwyer",1062
IE,"Mitchell",1061
IE,"Mc Carthy",1059
IE,"Conlon",1053
IE,"Darcy",1052
IE,"Noonan",1050
IE,"Mcevoy",1050
IE,"Dwyer",1046
IE,"Burns",1046
IE,"Galvin",1043
IE,"O Mahony",1042
IE,"Dooley",1040
IE,"Kehoe",1040
IE,"Lennon",1036
IE,"Bradley",1032
IE,"Mulcahy",1031
IE,"Mcgovern",1025
IE,"Fogarty",1022
IE,"Twomey",1022
IE,"Horgan",1021
IE,"Boland",1020
IE,"Treacy",1020
IE,"Grant",1020
IE,"O Callaghan",1015
IE,"Mccann",1005
IE,"Glynn",1004
IE,"Corrigan",1000
IE,"Regan",999
IE,"Purcell",998
IE,"Tierney",992
IE,"Murtagh",987
IE,"Kiernan",983
IE,"Gannon",973
IE,"Horan",972
IE,"Nugent",954
IE,"Khan",953
IE,"Gibbons",950
IE,"Rogers",948
IE,"Shanahan",948
IE,"Harte",947
IE,"Cotter",946
IE,"Hanley",944
IE,"Donohoe",943
IE,"Taylor",936
IE,"Johnson",934
IE,"Johnston",934
IE,"Wallace",932
IE,"Odriscoll",928
IE,"O Donovan",926
IE,"Bolger",922
IE,"Scanlon",919
IE,"Bennett",913
IE,"Scully",913
IE,"Fallon",904
IE,"Hannon",899
IE,"Connors",899
IE,"Hyland",896
IE,"Lane",894
IE,"O Keeffe",893
IE,"Flaherty",889
IE,"Thomas",886
IE,"Matthews",884
IE,"Naughton",880
IE,"Connell",879
IE,"Slattery",878
IE,"Lawless",878
IE,"Downey",875
IE,"Gavin",872
IE,"Ahern",869
IE,"Behan",866
IE,"Robinson",860
IE,"Donoghue",853
IE,"Cox",843
IE,"Mcguinness",839
IE,"Gray",839
IE,"Mannion",833
IE,"Gill",832
IE,"Quinlan",827
IE,"Curtin",827
IE,"Graham",822
IE,"Prendergast",821
IE,"Gaffney",821
IE,"Moriarty",820
IE,"Jackson",810
IE,"Fitzsimons",804
IE,"O Donoghue",801
IE,"Mahony",800
IE,"Carolan",798
IE,"Omalley",795
IE,"Ennis",791
IE,"Young",790
IE,"Mullins",787
IE,"Crowe",785
IE,"Clifford",785
IE,"Geoghegan",778
IE,"Feeney",776
IE,"Quirke",768
IE,"Scott",765
IE,"Stewart",765
IE,"Henry",763
IE,"Boylan",762
IE,"Hayden",760
IE,"Howard",759
IE,"Owens",757
IE,"Condon",755
IE,"Shannon",752
IE,"Oriordan",749
IE,"Harris",748
IE,"Coyne",747
IE,"Hanlon",746
IE,"Bergin",746
IE,"Walker",745
IE,"Halpin",738
IE,"Mangan",732
IE,"Ogrady",728
IE,"Furlong",727
IE,"Oregan",726
IE,"Sheehy",724
IE,"O Driscoll",718
IE,"Cooke",718
IE,"Devlin",716
IE,"Mclaughlin",713
IE,"Brophy",712
IE,"Rice",712
IE,"Mc Donnell",708
IE,"Whyte",708
IE,"Hamilton",702
IE,"Ogorman",699
IE,"Anderson",696
IE,"Brosnan",695
IE,"English",688
IE,"Deegan",679
IE,"Wright",670
IE,"Hall",666
IE,"Thornton",662
IE,"Mc",661
IE,"Moynihan",660
IE,"Devine",657
IE,"Courtney",656
IE,"Neill",655
IE,"Enright",654
IE,"Ali",651
IE,"Walshe",650
IE,"Phillips",648
IE,"Holland",646
IE,"Riordan",645
IE,"Manning",641
IE,"Ohara",638
IE,"Caffrey",638
IE,"Curley",636
IE,"O Rourke",634
IE,"Reidy",633
IE,"Tyrrell",633
IE,"Grace",626
IE,"Maloney",626
IE,"Dunphy",623
IE,"Hunt",623
IE,"Stokes",622
IE,"Mcgee",622
IE,"Jennings",616
IE,"Bell",615
IE,"Broderick",612
IE,"Ohalloran",612
IE,"Garvey",606
IE,"Mcmanus",602
IE,"O Toole",598
IE,"Mc Mahon",598
IE,"Evans",597
IE,"Mcnally",593
IE,"Mcgowan",593
IE,"Mc Dermott",589
IE,"Silva",586
IE,"Blake",585
IE,"Stack",584
IE,"Carthy",583
IE,"James",582
IE,"Masterson",582
IE,"Sexton",579
IE,"Mc Grath",571
IE,"Stapleton",570
IE,"Vaughan",568
IE,"Singh",566
IE,"O Riordan",566
IE,"Curtis",566
IE,"Comerford",566
IE,"Sinnott",566
IE,"Ahmed",564
IE,"Hoey",563
IE,"Bracken",562
IE,"O Regan",561
IE,"O Dwyer",559
IL,"כהן",31059
IL,"Cohen",29414
IL,"לוי",19130
IL,"محمد",12959
IL,"Levi",11437
IL,"Levy",7578
IL,"احمد",6844
IL,"Ahmad",6510
IL,"פרץ",6086
IL,"ביטון",5838
IL,"מזרחי",5176
IL,"Ali",4784
IL,"דהן",4155
IL,"Dahan",3939
IL,"David",3813
IL,"אברהם",3685
IL,"Mizrahi",3640
IL,"מלכה",3463
IL,"אזולאי",3416
IL,"Biton",3298
IL,"Peretz",3236
IL,"Amar",3233
IL,"Taha",3197
IL,"אוחיון",3085
IL,"עמר",3061
IL,"Bar",3048
IL,"Tal",3045
IL,"יוסף",2993
IL,"Katz",2959
IL,"Malka",2925
IL,"علي",2881
IL,"חדד",2868
IL,"אדרי",2788
IL,"Omar",2754
IL,"محمود",2717
IL,"Yosef",2706
IL,"דוד",2675
IL,"Avraham",2665
IL,"Mor",2638
IL,"Awad",2617
IL,"Jaber",2613
IL,"משה",2579
IL,"Vaknin",2560
IL,"Golan",2552
IL,"Hadad",2550
IL,"אוחנה",2529
IL,"וקנין",2498
IL,"Sh",2457
IL,"Ana",2420
IL,"גבאי",2393
IL,"חן",2386
IL,"Moshe",2376
IL,"Mohammad",2314
IL,"בן דוד",2279
IL,"Ohayon",2269
IL,"Odeh",2262
IL,"Abed",2237
IL,"Khoury",2213
IL,"Levin",2194
IL,"Amer",2160
IL,"Saleh",2127
IL,"انا",2125
IL,"Ahmed",2124
IL,"יצחק",2118
IL,"Mohammed",2106
IL,"يوسف",2100
IL,"Hassan",2097
IL,"Mansour",2078
IL,"Azulay",2071
IL,"סויסה",2055
IL,"Nassar",1990
IL,"אליהו",1988
IL,"Shalom",1965
IL,"Edri",1942
IL,"שלום",1938
IL,"Hamdan",1936
IL,"Alon",1936
IL,"בר",1909
IL,"אטיאס",1908
IL,"טל",1905
IL,"חזן",1895
IL,"Ohana",1895
IL,"Segal",1886
IL,"Salah",1880
IL,"Gabay",1865
IL,"فلسطين",1863
IL,"Kh",1863
IL,"Hazan",1850
IL,"Israel",1840
IL,"Elbaz",1824
IL,"جبارين",1807
IL,"Aharon",1783
IL,"יעקב",1770
IL,"תורגמן",1763
IL,"ממן",1758
IL,"عمر",1729
IL,"Khateeb",1704
IL,"Dayan",1703
IL,"Chen",1702
IL,"حسن",1693
IL,"מור",1691
IL,"חיים",1682
IL,"خالد",1673
IL,"Gal",1670
IL,"Zoabi",1663
IL,"אשכנזי",1661
IL,"אהרון",1652
IL,"Shemesh",1643
IL,"אלבז",1641
IL,"אסולין",1636
IL,"בן חמו",1633
IL,"גולן",1631
IL,"Ashkenazi",1617
IL,"Salem",1610
IL,"Raz",1608
IL,"Zohar",1601
IL,"ابراهيم",1598
IL,"Khalil",1594
IL,"Lev",1589
IL,"الحياة",1580
IL,"Yousef",1565
IL,"דיין",1562
IL,"Shitrit",1560
IL,"Naser",1558
IL,"Salman",1552
IL,"נחום",1549
IL,"Ben David",1547
IL,"Harel",1536
IL,"Shaheen",1534
IL,"Koren",1533
IL,"יפרח",1531
IL,"Maman",1522
IL,"Lavi",1521
IL,"Mahmoud",1518
IL,"المصري",1511
IL,"Sharon",1510
IL,"محاميد",1509
IL,"Sabag",1509
IL,"מימון",1503
IL,"Hasan",1501
IL,"שטרית",1479
IL,"Diab",1477
IL,"אמסלם",1475
IL,"שמש",1473
IL,"Amir",1460
IL,"Issa",1459
IL,"Shapira",1459
IL,"Weiss",1454
IL,"Ezra",1447
IL,"Haim",1445
IL,"Daniel",1440
IL,"בכר",1436
IL,"Haj",1433
IL,"הרוש",1415
IL,"Ibrahim",1411
IL,"דדון",1407
IL,"אלון",1396
IL,"סבג",1391
IL,"Klein",1387
IL,"Oren",1383
IL,"Khaled",1375
IL,"עזרא",1374
IL,"Barak",1368
IL,"Bader",1364
IL,"Shalev",1363
IL,"Feldman",1358
IL,"Adam",1351
IL,"שרעבי",1347
IL,"Solomon",1341
IL,"Rubin",1335
IL,"خطيب",1330
IL,"Khatib",1311
IL,"אלימלך",1311
IL,"Perez",1307
IL,"Atias",1306
IL,"קדוש",1304
IL,"Baruch",1304
IL,"ישראל",1300
IL,"حسين",1295
IL,"Schwartz",1290
IL,"Ziv",1289
IL,"Assi",1281
IL,"Nasser",1279
IL,"Bitton",1279
IL,"גואטה",1272
IL,"Mohamad",1269
IL,"أحمد",1267
IL,"אבוטבול",1260
IL,"שחר",1260
IL,"דניאל",1256
IL,"עובדיה",1256
IL,"Haddad",1254
IL,"Meir",1250
IL,"לביא",1249
IL,"Hamad",1240
IL,"כץ",1240
IL,"خليل",1239
IL,"Fridman",1233
IL,"ياسين",1226
IL,"Masri",1225
IL,"ששון",1220
IL,"Shahar",1220
IL,"Mousa",1212
IL,"אסרף",1209
IL,"רחמים",1208
IL,"ברוך",1201
IL,"Davidov",1201
IL,"שושן",1187
IL,"Elias",1183
IL,"Eliyahu",1183
IL,"سليمان",1179
IL,"ויצמן",1175
IL,"Kadosh",1174
IL,"Sela",1171
IL,"Mohamed",1169
IL,"Peled",1168
IL,"طه",1164
IL,"Jamal",1162
IL,"حمدان",1158
IL,"Younis",1155
IL,"جابر",1154
IL,"Dadon",1148
IL,"Saad",1144
IL,"موسى",1138
IL,"Najjar",1138
IL,"Kaplan",1136
IL,"Sharabi",1133
IL,"النجار",1130
IL,"عواد",1128
IL,"Mizrachi",1125
IL,"عيسى",1121
IL,"الخطيب",1119
IL,"פרידמן",1119
IL,"Friedman",1119
IL,"יהודה",1118
IL,"Awwad",1116
IL,"البيضاء",1115
IL,"عبدالله",1113
IL,"Halabi",1107
IL,"صلاح",1107
IL,"Amsalem",1105
IL,"מאיר",1097
IL,"שמואל",1094
IL,"Abramov",1094
IL,"Israeli",1094
IL,"לוגסי",1092
IL,"זוהר",1090
IL,"Goldberg",1090
IL,"Turgeman",1086
IL,"יחזקאל",1085
IL,"الامل",1077
IL,"מלול",1077
IL,"Nahum",1069
IL,"Peleg",1069
IL,"חסון",1064
IL,"Salameh",1064
IL,"Ovadia",1064
IL,"Samara",1059
IL,"סואעד",1053
IL,"Hamed",1050
IL,"Sasson",1050
IL,"Hen",1049
IL,"Bachar",1046
IL,"صالح",1043
IL,"חטיב",1042
IL,"חיון",1039
IL,"Abu",1037
IL,"Amro",1034
IL,"Nagar",1031
IL,"Shaked",1029
IL,"Keren",1027
IL,"Kogan",1024
IL,"אביטן",1019
IL,"Goldstein",1019
IL,"שוורץ",1011
IL,"Hammad",1008
IL,"נגר",1006
IL,"יצחקי",998
IL,"דרעי",996
IL,"בן שושן",996
IL,"גל",995
IL,"Kabha",994
IL,"الحياه",991
IL,"Segev",990
IL,"شاهين",988
IL,"סופר",987
IL,"Aviv",986
IL,"בוזגלו",980
IL,"אלפסי",975
IL,"Dagan",973
IL,"כחלון",970
IL,"نصار",960
IL,"סגל",960
IL,"Maimon",956
IL,"Yehuda",954
IL,"ישראלי",952
IL,"Miller",952
IL,"מועלם",949
IL,"Shmuel",947
IL,"מויאל",947
IL,"Paz",946
IL,"בנימין",941
IL,"צור",940
IL,"רז",940
IL,"الربيع",937
IL,"Morad",937
IL,"Ron",936
IL,"منصور",934
IL,"חגג",932
IL,"Swisa",930
IL,"Naim",929
IL,"נעים",928
IL,"Dror",928
IL,"Natsheh",923
IL,"עטיה",922
IL,"מכלוף",921
IL,"سعيد",919
IL,"Stern",915
IL,"Aharoni",914
IL,"אהרוני",912
IL,"שרון",909
IL,"Jbareen",908
IL,"שוקרון",908
IL,"Michaeli",908
IL,"Abbas",906
IL,"פחימה",902
IL,"Moyal",900
IL,"Badran",897
IL,"Avital",894
IL,"אלמליח",892
IL,"عوده",884
IL,"Tamir",884
IL,"Sultan",880
IL,"צרפתי",874
IL,"הראל",872
IL,"Harush",872
IL,"Regev",870
IL,"Sofer",869
IL,"Tamimi",866
IL,"אילוז",866
IL,"חסן",865
IL,"Zedan",861
IL,"אלקיים",860
IL,"Essa",859
IL,"Elimelech",859
IL,"Zoubi",857
IL,"Hadar",857
IL,"اغباريه",854
IL,"Shani",854
IL,"Amara",852
IL,"عوض",850
IL,"Erez",849
IL,"عامر",847
IL,"Asulin",846
IL,"سالم",843
IL,"Abo",843
IL,"וייס",843
IL,"ראובן",842
IL,"Grinberg",840
IL,"אבו",838
IL,"Or",838
IL,"حجازي",837
IL,"كبها",836
IL,"الجعبري",834
IL,"Goren",834
IL,"Azzam",833
IL,"Ghanem",833
IL,"Yaseen",831
IL,"אברמוב",831
IL,"Mosa",830
IL,"Nir",829
IL,"לוין",826
IL,"זועבי",825
IL,"ناصر",825
IL,"Abdallah",825
IL,"Rahamim",824
IL,"מיכאלי",824
IL,"Greenberg",824
IL,"חמו",823
IL,"לב",819
IL,"عمرو",817
IL,"אברגל",817
IL,"בוסקילה",816
IL,"אורן",816
IL,"حماد",815
IL,"אחמד",813
IL,"אמיר",813
IL,"Said",810
IL,"Goldman",810
IL,"Mhamed",809
IL,"דוידוב",807
IL,"Avitan",802
IL,"King",798
IL,"מרדכי",797
IL,"Dvir",797
IL,"Shamir",796
IL,"Pinto",795
IL,"Sapir",795
IL,"عودة",794
IL,"ريان",793
IN,"Kumar",367597
IN,"Singh",175655
IN,"Khan",125482
IN,"Sharma",95202
IN,"Yadav",86625
IN,"Patel",69661
IN,"Das",61896
IN,"Raj",48058
IN,"Gupta",41835
IN,"Ali",38773
IN,"Ansari",34510
IN,"Thakur",33832
IN,"Roy",32929
IN,"Rajput",28940
IN,"Kumari",27963
IN,"Shaikh",26718
IN,"Patil",25049
IN,"Verma",24616
IN,"Chauhan",23025
IN,"Mishra",20808
IN,"Sk",20725
IN,"Sahu",20404
IN,"Alam",19563
IN,"Choudhary",18088
IN,"Rana",16319
IN,"Parmar",16070
IN,"Mondal",15925
IN,"Pandey",15614
IN,"Pal",15313
IN,"Shah",14932
IN,"Saini",14729
IN,"Ram",14241
IN,"Jain",14081
IN,"Prajapati",13999
IN,"Rathod",13860
IN,"Tiwari",13581
IN,"Nayak",13453
IN,"Soni",12649
IN,"Sarkar",12355
IN,"Mandal",12228
IN,"Malik",11959
IN,"Ahmad",11851
IN,"Meena",11287
IN,"Solanki",11201
IN,"Ahmed",11188
IN,"Chaudhary",11168
IN,"Hussain",11078
IN,"Jadhav",10996
IN,"Ghosh",10907
IN,"Jha",10854
IN,"Pawar",10644
IN,"Bhai",10465
IN,"Islam",10417
IN,"Devi",10395
IN,"Prasad",10055
IN,"Raja",9980
IN,"Kashyap",9795
IN,"Saha",9582
IN,"Biswas",9492
IN,"Rawat",9290
IN,"Behera",9264
IN,"Pradhan",9213
IN,"Thakor",9168
IN,"Ray",9083
IN,"Reddy",8736
IN,"Sahoo",8720
IN,"Joshi",8535
IN,"Rai",8218
IN,"Babu",7970
IN,"Paul",7945
IN,"Nath",7883
IN,"Naik",7744
IN,"Sinha",7636
IN,"Jaiswal",7607
IN,"Shinde",7557
IN,"Dey",7353
IN,"Dutta",7052
IN,"Rathore",6778
IN,"Agarwal",6705
IN,"Paswan",6607
IN,"Barman",6596
IN,"Gurjar",6538
IN,"Lal",6530
IN,"Sah",6397
IN,"Kushwaha",6338
IN,"Pandit",6221
IN,"Chouhan",6205
IN,"Shukla",6181
IN,"Prakash",6064
IN,"Mehta",6061
IN,"Sen",6049
IN,"Goswami",5915
IN,"Rao",5814
IN,"Pathan",5657
IN,"Raju",5607
IN,"Chavan",5553
IN,"Dubey",5507
IN,"Gogoi",5456
IN,"Chaudhari",5401
IN,"Kamble",5389
IN,"Qureshi",5368
IN,"Rani",5366
IN,"Maurya",5348
IN,"Gautam",5313
IN,"Vishwakarma",5189
IN,"Mali",5134
IN,"Gowda",5134
IN,"Bhardwaj",5131
IN,"Panchal",5101
IN,"Rahman",4851
IN,"Sheikh",4783
IN,"Mahato",4764
IN,"King",4755
IN,"Mahto",4737
IN,"More",4722
IN,"Kalita",4719
IN,"Chakraborty",4650
IN,"Vijay",4642
IN,"Patra",4613
IN,"Giri",4609
IN,"Debnath",4606
IN,"Gaikwad",4599
IN,"Pathak",4580
IN,"Sagar",4546
IN,"Uddin",4518
IN,"Agrawal",4494
IN,"Ravi",4482
IN,"Negi",4456
IN,"Desai",4437
IN,"Varma",4435
IN,"Raza",4408
IN,"Nishad",4377
IN,"Kumawat",4278
IN,"Mani",4256
IN,"Vasava",4255
IN,"Ranjan",4244
IN,"Shaw",4213
IN,"Krishna",4168
IN,"Chand",4120
IN,"Kaur",4103
IN,"Ji",4101
IN,"Sahani",4080
IN,"Deka",4005
IN,"Sonu",3997
IN,"Sing",3975
IN,"Rahul",3969
IN,"Jena",3966
IN,"Kadam",3964
IN,"Majhi",3954
IN,"Saikia",3925
IN,"Srivastava",3873
IN,"Suresh",3843
IN,"Bhagat",3839
IN,"Vaghela",3818
IN,"Borah",3788
IN,"Ramesh",3772
IN,"Anand",3732
IN,"Makwana",3710
IN,"Mallick",3675
IN,"Bharti",3657
IN,"Jat",3640
IN,"Arya",3537
IN,"Boro",3493
IN,"Raut",3486
IN,"Priya",3457
IN,"Arora",3442
IN,"Sardar",3417
IN,"Tomar",3416
IN,"Mehra",3415
IN,"Garg",3378
IN,"Bhatt",3367
IN,"Swain",3342
IN,"Sarma",3273
IN,"कुमार",3271
IN,"Koli",3244
IN,"Bhat",3226
IN,"Panda",3211
IN,"Rajpoot",3190
IN,"Upadhyay",3188
IN,"Suthar",3182
IN,"Halder",3172
IN,"Bisht",3167
IN,"Laskar",3152
IN,"Rajesh",3146
IN,"Molla",3117
IN,"Saifi",3116
IN,"Ahir",3103
IN,"Shaik",3090
IN,"Khatun",3082
IN,"Chandra",3076
IN,"Gujjar",3053
IN,"Thapa",3052
IN,"Goyal",3046
IN,"Tripathi",3045
IN,"Rajak",3037
IN,"Bhati",2990
IN,"Mohanty",2983
IN,"Kushwah",2978
IN,"Rock",2939
IN,"Hoque",2936
IN,"Bora",2930
IN,"Suman",2929
IN,"Ajay",2922
IN,"Tyagi",2898
IN,"Prajapat",2878
IN,"Saxena",2858
IN,"Barik",2826
IN,"Deshmukh",2786
IN,"Panwar",2785
IN,"Rout",2779
IN,"Shankar",2768
IN,"Dev",2744
IN,"Shekh",2723
IN,"Mohan",2710
IN,"Mansuri",2702
IN,"Baghel",2692
IN,"Murmu",2659
IN,"Gohil",2645
IN,"Sunil",2621
IN,"Kapoor",2616
IN,"Siddiqui",2587
IN,"Sanjay",2583
IN,"Jaat",2577
IN,"Mukherjee",2577
IN,"Modi",2575
IN,"Basumatary",2566
IN,"Banerjee",2543
IN,"Singha",2532
IN,"Karmakar",2532
IN,"Choudhury",2523
IN,"Mahesh",2521
IN,"Sawant",2492
IN,"Raval",2490
IN,"Rathor",2469
IN,"Mane",2460
IN,"Shetty",2453
IN,"Baba",2431
IN,"Dash",2377
IN,"Patidar",2375
IN,"Kale",2375
IN,"Jana",2306
IN,"Jangid",2300
IN,"Chavda",2299
IN,"Begum",2290
IN,"Maity",2287
IN,"Bansal",2276
IN,"Nagar",2252
IN,"Deb",2236
IN,"Bala",2234
IN,"Anil",2232
IN,"Parihar",2209
IN,"Siva",2191
IN,"Bhandari",2180
IN,"Dhiman",2167
IN,"Khatri",2146
IN,"Chatterjee",2144
IN,"Bhoi",2142
IN,"Ganesh",2135
IN,"Damor",2116
IN,"Gamit",2113
IN,"Sri",2105
IN,"Ashok",2100
IN,"Rohit",2098
IN,"Rakesh",2085
IN,"Sethi",2078
IN,"Dixit",2076
IN,"Mir",2045
IN,"Hazarika",2042
IN,"Dinesh",2038
IN,"Debbarma",2038
IN,"Chowdhury",2032
IN,"Rajbhar",2029
IN,"Murugan",2025
IN,"Kaushik",2021
IN,"Zala",2019
IN,"Bishnoi",2011
IN,"Saroj",2007
IN,"Manoj",2005
IN,"Swami",1986
IN,"Sonawane",1978
IN,"Prince",1976
IN,"Ojha",1960
IN,"Sai",1950
IN,"Oraon",1948
IN,"Arun",1948
IN,"Vyas",1945
IN,"Imran",1944
IN,"Mahajan",1931
IN,"Dwivedi",1930
IN,"Goud",1929
IN,"Husain",1924
IN,"Biswal",1918
IN,"Jadav",1904
IN,"Parida",1899
IN,"Manju",1896
IN,"Sekh",1893
IN,"Akhtar",1893
IN,"Hasan",1879
IN,"Mukesh",1876
IN,"Deepak",1876
IN,"Don",1875
IN,"Sayyed",1874
IN,"Hossain",1871
IN,"Baruah",1860
IN,"Pasha",1859
IN,"Bag",1858
IN,"Mistry",1851
IN,"Kar",1847
IN,"Naidu",1833
IN,"Shakya",1816
IN,"Surya",1812
IN,"Vaishnav",1811
IN,"Mohammad",1801
IN,"Haque",1799
IN,"Trivedi",1796
IN,"Kiran",1788
IN,"Hari",1773
IN,"Mirza",1773
IN,"Sain",1765
IN,"Lucky",1755
IN,"Naskar",1748
IN,"Panday",1734
IN,"Wani",1721
IN,"Thakkar",1713
IN,"Vicky",1709
IN,"Kundu",1696
IN,"Malhotra",1691
IN,"Gandhi",1691
IN,"Aryan",1688
IN,"Jadeja",1687
IN,"Bhosale",1684
IN,"Gopal",1683
IN,"Sha",1671
IN,"Waghmare",1670
IN,"Kulkarni",1667
IN,"Samanta",1659
IN,"Soren",1655
IN,"Rabha",1651
IN,"Acharya",1643
IN,"Karan",1641
IN,"Shiva",1636
IN,"Kr",1632
IN,"Saw",1631
IN,"Mahi",1629
IN,"Pandya",1623
IN,"Sangma",1618
IN,"Lohar",1611
IN,"Bera",1611
IN,"Mittal",1606
IN,"Jaan",1603
IN,"Mohd",1598
IN,"Muthu",1597
IN,"Rajkumar",1587
IN,"Kannan",1584
IN,"Nag",1584
IN,"Gouda",1582
IN,"Ralte",1578
IN,"Naresh",1575
IN,"Wagh",1575
IN,"Chandel",1572
IN,"Purohit",1559
IN,"Meshram",1552
IN,"Lakshmi",1549
IN,"Baria",1545
IN,"Rahaman",1543
IN,"Rajpurohit",1538
IN,"Talukdar",1531
IN,"Samal",1529
IN,"Tanwar",1525
IN,"Lodhi",1507
IN,"Sahni",1506
IN,"Kishor",1504
IN,"Maheshwari",1503
IN,"Gaur",1502
IN,"Amit",1501
IN,"Sanju",1498
IN,"Kujur",1492
IN,"Irfan",1487
IN,"यादव",1487
IN,"Momin",1481
IN,"Meher",1473
IN,"Dave",1470
IN,"Karthik",1466
IN,"Chetry",1462
IN,"Mahanta",1461
IN,"Jagtap",1458
IN,"Rajan",1456
IN,"Sankar",1448
IN,"Bhatia",1446
IN,"Yogi",1445
IN,"Tudu",1443
IN,"Malviya",1439
IN,"Gour",1429
IN,"Dabhi",1428
IN,"Ch",1428
IN,"Santosh",1425
IN,"Rathva",1424
IN,"Mallik",1419
IN,"Basha",1418
IN,"Akash",1417
IS,"Jónsson",421
IS,"Jónsdóttir",384
IS,"Guðmundsson",363
IS,"Sigurðsson",329
IS,"Sigurðardóttir",321
IS,"Guðmundsdóttir",311
IS,"Gunnarsson",304
IS,"Ólafsson",237
IS,"Ólafsdóttir",232
IS,"Einarsson",226
IS,"Gunnarsdóttir",215
IS,"Magnússon",192
IS,"Magnúsdóttir",192
IS,"Einarsdóttir",171
IS,"Kristjánsson",164
IS,"Björnsson",152
IS,"Helgason",152
IS,"Kristjánsdóttir",150
IS,"Stefánsson",140
IS,"Bjarnason",138
IS,"Björnsdóttir",134
IS,"Árnason",128
IS,"Jóhannsson",127
IS,"Jóhannsdóttir",126
IS,"Halldórsson",122
IS,"Gíslason",119
IS,"Pálsson",118
IS,"Sveinsson",118
IS,"Stefánsdóttir",112
IS,"Helgadóttir",111
IS,"Halldórsdóttir",110
IS,"Bjarnadóttir",108
IS,"Þorsteinsson",104
IS,"Kristinsson",100
IS,"Kristinsdóttir",100
IS,"Pétursson",100
IS,"Ragnarsson",97
IS,"Guðjónsdóttir",96
IS,"Árnadóttir",96
IS,"Pálsdóttir",95
IS,"Guðjónsson",94
IS,"Pétursdóttir",92
IS,"Birgisson",91
IS,"Þorsteinsdóttir",90
IS,"Gísladóttir",87
IS,"Haraldsson",85
IS,"Jóhannesson",85
IS,"Sveinsdóttir",84
IS,"Jonsson",82
IS,"Hauksson",78
IS,"Karlsson",75
IS,"Sigurjónsson",74
IS,"Ragnarsdóttir",74
IS,"Ásgeirsdóttir",72
IS,"Gudmundsson",71
IS,"Jónasson",71
IS,"Harðardóttir",69
IS,"Baldursson",67
IS,"Óskarsson",67
IS,"Jóhannesdóttir",67
IS,"Óskarsdóttir",66
IS,"Harðarson",65
IS,"Þórðardóttir",65
IS,"Sigurðarson",64
IS,"Haraldsdóttir",64
IS,"Arnarson",63
IS,"Birgisdóttir",63
IS,"Ásgeirsson",62
IS,"Sverrisson",61
IS,"Arnardóttir",61
IS,"Þórðarson",60
IS,"Ágústsson",60
IS,"Hilmarsson",60
IS,"Sigurdsson",60
IS,"Sigurjónsdóttir",58
IS,"Kjartansson",56
IS,"Sigurdardottir",56
IS,"Hauksdóttir",54
IS,"Jónasdóttir",53
IS,"Jonsdottir",53
IS,"Reynisson",50
IS,"Rúnarsson",49
IS,"Eiríksson",49
IS,"Friðriksson",49
IS,"Friðriksdóttir",49
IS,"Karlsdóttir",49
IS,"Gunnlaugsson",48
IS,"Þórisdóttir",47
IS,"Kjartansdóttir",47
IS,"Gylfason",46
IS,"Ágústsdóttir",46
IS,"Skúladóttir",46
IS,"Gudmundsdottir",45
IS,"Valdimarsson",45
IS,"Eiríksdóttir",45
IS,"Björgvinsson",44
IS,"Egilsson",44
IS,"Ingvarsson",43
IS,"Benediktsson",43
IS,"Arnarsson",43
IS,"Þórisson",42
IS,"Sævarsson",42
IS,"Sverrisdóttir",42
IS,"Guðnadóttir",42
IS,"Olafsson",42
IS,"Baldursdóttir",41
IS,"Hilmarsdóttir",41
IS,"Tryggvadóttir",41
IS,"Þórarinsdóttir",40
IS,"Reynisdóttir",39
IS,"Hafsteinsson",39
IS,"Ingason",39
IS,"Magnusson",39
IS,"Skúlason",39
IS,"Sævarsdóttir",39
IS,"Tryggvason",38
IS,"Ómarsson",38
IS,"Ingólfsdóttir",38
IS,"Björgvinsdóttir",38
IS,"Benediktsdóttir",38
IS,"Hermannsson",37
IS,"Ingólfsson",37
IS,"Valsson",37
IS,"Snorrason",37
IS,"Rúnarsdóttir",37
IS,"Kristjansson",37
IS,"Hannesson",36
IS,"Aðalsteinsson",36
IS,"Garðarsdóttir",36
IS,"Grétarsson",35
IS,"Hallgrímsson",35
IS,"Stefansson",35
IS,"Hermannsdóttir",35
IS,"Ingvarsdóttir",35
IS,"Garðarsson",34
IS,"Bragadóttir",34
IS,"Olafsdottir",34
IS,"Júlíusson",34
IS,"Björk",34
IS,"Ómarsdóttir",34
IS,"Blöndal",34
IS,"Sigurbjörnsson",33
IS,"Gylfadóttir",33
IS,"Tómasdóttir",33
IS,"Guðnason",33
IS,"Ósk",33
IS,"Bragason",32
IS,"Þorvaldsson",32
IS,"Rafnsson",32
IS,"Viðarsson",32
IS,"Guðlaugsson",32
IS,"Grétarsdóttir",32
IS,"Hjaltason",31
IS,"Þórarinsson",31
IS,"Sigurgeirsson",31
IS,"Gunnlaugsdóttir",31
IS,"Kárason",31
IS,"Vilhjálmsdóttir",30
IS,"Hjartarson",30
IS,"Erlingsdóttir",30
IS,"Vilhjálmsson",29
IS,"Tómasson",29
IS,"Leifsson",29
IS,"Hallgrímsdóttir",29
IS,"Eggertsson",29
IS,"Hafsteinsdóttir",29
IS,"Þór",28
IS,"Jakobsson",28
IS,"Viðarsdóttir",28
IS,"Svavarsson",28
IS,"Erlingsson",28
IS,"Ólason",28
IS,"Lárusdóttir",28
IS,"Þórsson",28
IS,"Valdimarsdóttir",28
IS,"Elíasson",27
IS,"Baldvinsson",27
IS,"Axelsson",27
IS,"Bjornsson",27
IS,"Lárusson",27
IS,"Andrésdóttir",27
IS,"Gunnarsdottir",27
IS,"Hreinsson",27
IS,"Guðlaugsdóttir",27
IS,"Hjartardóttir",26
IS,"Andrésson",26
IS,"Eyjólfsdóttir",26
IS,"Gestsson",26
IS,"Júlíusdóttir",26
IS,"Aðalsteinsdóttir",26
IS,"Þorgeirsdóttir",25
IS,"Erlendsson",25
IS,"Snorradóttir",25
IS,"Magnusdottir",25
IS,"Geirsson",24
IS,"Þorkelsdóttir",24
IS,"Steinarsson",24
IS,"Einarsdottir",24
IS,"Hannesdóttir",24
IS,"Kristjansdottir",24
IS,"Örn",24
IS,"Geirsdóttir",24
IS,"Steingrímsdóttir",23
IS,"Gudjonsson",23
IS,"Sigfússon",23
IS,"Arnarsdóttir",23
IS,"Þorvaldsdóttir",23
IS,"Thoroddsen",23
IS,"Briem",23
IS,"Ingimarsson",22
IS,"Arnason",22
IS,"Þrastarson",22
IS,"Atlason",22
IS,"Þórsdóttir",22
IS,"Sigurgeirsdóttir",22
IS,"Sæmundsson",22
IS,"Brynjarsson",22
IS,"Davíðsson",22
IS,"Thorarensen",22
IS,"Bergmann",22
IS,"Eyjólfsson",21
IS,"Svavarsdóttir",21
IS,"Sigurbjörnsdóttir",21
IS,"Jensson",21
IS,"Svansson",21
IS,"Halldorsson",21
IS,"Davíðsdóttir",21
IS,"Johannsson",21
IS,"Steinþórsson",21
IS,"Agnarsson",21
IS,"Ásmundsson",21
IS,"Albertsson",20
IS,"Sigfúsdóttir",20
IS,"Björg",20
IS,"Þrastardóttir",20
IS,"Aradóttir",20
IS,"Smith",20
IS,"Hansen",20
IS,"Pálmason",19
IS,"Torfadóttir",19
IS,"Sveinbjörnsson",19
IS,"Hjaltadóttir",19
IS,"Steingrímsson",19
IS,"Eggertsdóttir",19
IS,"Stefansdottir",19
IS,"Steinþórsdóttir",19
IS,"Jakobsdóttir",19
IS,"Thorsteinsson",19
IS,"Bjarnadottir",19
IS,"Leifsdóttir",19
IS,"Möller",19
IS,"Þorkelsson",18
IS,"Hrafnsson",18
IS,"Steinsson",18
IS,"Oddsson",18
IS,"Rögnvaldsdóttir",18
IS,"Hinriksson",18
IS,"Andersen",18
IS,"Palsson",18
IS,"Arason",18
IS,"Finnsdóttir",18
IS,"Petersen",18
IS,"Guðbjörnsson",17
IS,"Erlendsdóttir",17
IS,"Freyr",17
IS,"Finnsson",17
IS,"Pálmadóttir",17
IS,"Ingi",17
IS,"Brynjólfsson",17
IS,"Sveinbjörnsdóttir",17
IS,"Þórhallsdóttir",17
IS,"Traustason",17
IS,"Gestsdóttir",17
IS,"Ingimarsdóttir",17
IS,"Brynjarsdóttir",17
IS,"Heimisdóttir",17
IS,"Elíasdóttir",17
IS,"Ingadóttir",17
IS,"Egilsdóttir",17
IS,"Jensen",17
IS,"Másson",16
IS,"Ingimundarson",16
IS,"Steinarsdóttir",16
IS,"Ægisson",16
IS,"Þorgeirsson",16
IS,"Finnbogadóttir",16
IS,"Sæmundsdóttir",16
IS,"Ívarsson",16
IS,"Thor",16
IS,"Rós",16
IS,"Rögnvaldsson",16
IS,"Oskarsson",16
IS,"Asgeirsson",16
IS,"María",16
IS,"Hjaltested",16
IS,"Waage",16
IS,"Ásmundsdóttir",15
IS,"Þorleifsson",15
IS,"Kolbeinsson",15
IS,"Emilsson",15
IS,"Valgeirsson",15
IS,"Gislason",15
IS,"Arnórsson",15
IS,"Már",15
IS,"Marteinsdóttir",15
IS,"Anna",15
IS,"Theodórsson",15
IS,"Finnbogason",15
IS,"Brynjólfsdóttir",15
IS,"Georgsson",15
IS,"Smárason",15
IS,"Matthíasson",15
IS,"Thordarson",15
IS,"Oddsdóttir",15
IS,"Baldvinsdóttir",15
IS,"Axelsdóttir",15
IS,"Atladóttir",15
IS,"Þráinsdóttir",15
IS,"Hólm",15
IS,"Iceland",15
IS,"Káradóttir",15
IS,"Hreinsdóttir",15
IS,"Sig",15
IS,"Sigmarsson",14
IS,"Petursson",14
IS,"Ragnarsdottir",14
IS,"Helgadottir",14
IS,"Heimisson",14
IS,"Bjornsdottir",14
IS,"Óladóttir",14
IS,"Hjálmarsdóttir",14
IS,"Ingvadóttir",14
IS,"Jensdóttir",14
IS,"Traustadóttir",14
IS,"Torfason",14
IS,"Antonsdóttir",14
IS,"Daníelsson",14
IS,"Olsen",14
IS,"Arnadottir",14
IS,"Þráinsson",14
IS,"Nielsen",14
IS,"Heiðarsson",13
IS,"Hákonarson",13
IS,"Vignisson",13
IS,"Bergsson",13
IS,"Sigmundsson",13
IS,"Albertsdóttir",13
IS,"Auðunsdóttir",13
IS,"Gisladottir",13
IS,"Kolbeinsdóttir",13
IS,"Þorleifsdóttir",13
IS,"Marteinsson",13
IS,"Thorisson",13
IS,"Unnarsson",13
IS,"Petursdottir",13
IS,"Auðunsson",13
IS,"Sigþórsson",13
IS,"Höskuldsdóttir",13
IS,"Lind",13
IS,"Scheving",13
IS,"Jóns",13
IS,"Guðbjartsdóttir",12
IS,"Hjálmarsson",12
IS,"Hafliðadóttir",12
IS,"Daníelsdóttir",12
IS,"Gústafsdóttir",12
IS,"Hafliðason",12
IS,"Róbertsson",12
IS,"Ásbjörnsson",12
IS,"Alfreðsson",12
IS,"Bergþórsdóttir",12
IS,"Margeirsson",12
IS,"Johannesson",12
IS,"Hjörleifsson",12
IS,"Eyþórsdóttir",12
IS,"Böðvarsdóttir",12
IS,"Másdóttir",12
IS,"Ármannsson",12
IS,"Þórhallsson",12
IS,"Matthíasdóttir",12
IS,"Vigfússon",12
IS,"Agnarsdóttir",12
IS,"Valgeirsdóttir",12
IS,"Ríkharðsdóttir",12
IS,"Ívarsdóttir",12
IS,"Róbertsdóttir",12
IS,"Kristinsdottir",12
IS,"Konráðsdóttir",12
IS,"Svansdóttir",12
IS,"Rodriguez",12
IS,"Bergsdóttir",12
IS,"Guðbrandsson",12
IS,"Steingrimsson",12
IS,"Helga",12
IS,"Fjeldsted",12
IS,"Maria",12
IS,"Berndsen",12
IS,"Richter",12
IS,"Friðjónsson",11
IS,"Hafþórsson",11
IT,"Rossi",132982
IT,"Russo",110176
IT,"Esposito",101387
IT,"Romano",54549
IT,"Ferrari",43652
IT,"Marino",43408
IT,"Bruno",39510
IT,"Bianchi",38586
IT,"Greco",38479
IT,"Giordano",36254
IT,"Singh",36099
IT,"De Luca",35512
IT,"Gallo",35416
IT,"Rizzo",33338
IT,"Ricci",30842
IT,"Caruso",30588
IT,"Costa",30273
IT,"Ferrara",29424
IT,"Santoro",28291
IT,"Leone",27628
IT,"Colombo",26577
IT,"Vitale",26375
IT,"Mancini",26375
IT,"Coppola",26272
IT,"Dangelo",25895
IT,"Conti",25622
IT,"Lombardi",25469
IT,"Amato",25047
IT,"Conte",24716
IT,"Maria",24633
IT,"Longo",24302
IT,"Messina",24070
IT,"Lombardo",23345
IT,"Gentile",23060
IT,"Parisi",22941
IT,"Fiore",22852
IT,"Bianco",22843
IT,"Palumbo",22015
IT,"De Rosa",21858
IT,"Serra",21857
IT,"Rinaldi",21639
IT,"Giuseppe",21549
IT,"Franco",21314
IT,"Fontana",21060
IT,"Ferraro",20305
IT,"Grasso",20202
IT,"Caputo",19997
IT,"Martino",19873
IT,"Sorrentino",19808
IT,"Moretti",19671
IT,"Barone",19471
IT,"Carbone",18831
IT,"Basile",18761
IT,"Pellegrino",18670
IT,"Sanna",18601
IT,"Damico",18197
IT,"De Santis",18046
IT,"Romeo",17964
IT,"Pagano",17957
IT,"Orlando",17724
IT,"Martini",17628
IT,"Ruggiero",17592
IT,"Barbieri",17521
IT,"Testa",17383
IT,"Mariani",17358
IT,"De Angelis",17346
IT,"Martinelli",16752
IT,"Piras",16504
IT,"Mauro",16324
IT,"Rosa",16193
IT,"Salvatore",16084
IT,"Marini",16075
IT,"Fusco",16065
IT,"Antonio",16004
IT,"Marco",15865
IT,"Ferri",15789
IT,"Morelli",15757
IT,"Francesco",15720
IT,"Napoli",15683
IT,"Dagostino",15620
IT,"Stella",15585
IT,"Catalano",15569
IT,"Palmieri",15563
IT,"De Simone",15504
IT,"Garofalo",15474
IT,"Farina",15314
IT,"Calabrese",15244
IT,"Galli",15156
IT,"Mazza",15093
IT,"Napolitano",14792
IT,"Silvestri",14596
IT,"Luca",14557
IT,"Pinna",14377
IT,"Cirillo",14204
IT,"Marchetti",14194
IT,"Battaglia",14110
IT,"Pepe",14099
IT,"Simone",14047
IT,"Costanzo",13877
IT,"Valente",13818
IT,"Monti",13796
IT,"Grimaldi",13794
IT,"Pellegrini",13777
IT,"Ali",13755
IT,"Pace",13737
IT,"Perrone",13702
IT,"Melis",13698
IT,"Monaco",13656
IT,"Arena",13654
IT,"Aiello",13587
IT,"Volpe",13562
IT,"Viola",13552
IT,"Carta",13540
IT,"Ferro",13522
IT,"Guerra",13495
IT,"Salerno",13461
IT,"Mele",13401
IT,"Rizzi",13308
IT,"Ferrante",13200
IT,"Neri",13195
IT,"Palma",13154
IT,"Piccolo",13107
IT,"Milano",13019
IT,"Fabbri",12971
IT,"Villa",12939
IT,"Giovanni",12923
IT,"Gatti",12908
IT,"Dambrosio",12900
IT,"Pinto",12872
IT,"Mancuso",12822
IT,"Grassi",12775
IT,"Valentini",12765
IT,"Leo",12614
IT,"Giuliani",12578
IT,"Ahmed",12520
IT,"Dalessandro",12501
IT,"Ventura",12478
IT,"Khan",12476
IT,"Spina",12471
IT,"Sala",12373
IT,"Marchese",12238
IT,"Pastore",12230
IT,"Pugliese",12223
IT,"Bevilacqua",12188
IT,"Roberto",12180
IT,"Manca",12143
IT,"Meloni",12106
IT,"Marra",12090
IT,"Palermo",12085
IT,"Izzo",11889
IT,"Benedetti",11756
IT,"Spinelli",11701
IT,"Capasso",11690
IT,"Guarino",11657
IT,"Daniele",11637
IT,"Piazza",11632
IT,"Roma",11618
IT,"Grillo",11596
IT,"Valenti",11515
IT,"Forte",11496
IT,"Natale",11406
IT,"Rossetti",11376
IT,"Andrea",11367
IT,"Riccio",11291
IT,"Stefano",11243
IT,"Oliva",11243
IT,"De Marco",11228
IT,"Bernardi",11206
IT,"Di Stefano",11148
IT,"Gargiulo",11130
IT,"Rubino",11088
IT,"Guida",11067
IT,"Cavallo",11067
IT,"Falcone",11060
IT,"Diana",11005
IT,"Sacco",10951
IT,"Elena",10937
IT,"Giuliano",10934
IT,"Pisano",10881
IT,"Moro",10795
IT,"Albanese",10770
IT,"Leonardi",10718
IT,"Castelli",10706
IT,"Marinelli",10625
IT,"Olivieri",10601
IT,"Bellini",10568
IT,"Gagliardi",10445
IT,"Costantini",10417
IT,"Mura",10391
IT,"Lorusso",10351
IT,"Borrelli",10276
IT,"Poli",10196
IT,"Cozzolino",10148
IT,"Bruni",10135
IT,"Ruggeri",10109
IT,"Costantino",10070
IT,"Tarantino",10016
IT,"Paolo",10012
IT,"Hu",9998
IT,"Cavallaro",9968
IT,"Gatto",9936
IT,"Ndiaye",9825
IT,"La Rosa",9816
IT,"Fernando",9809
IT,"Graziano",9797
IT,"Mosca",9794
IT,"Ferretti",9782
IT,"Fazio",9779
IT,"Massa",9772
IT,"Ranieri",9760
IT,"Barbato",9753
IT,"Falco",9743
IT,"Lopez",9739
IT,"Vinci",9670
IT,"Riva",9657
IT,"Maggio",9656
IT,"Proietti",9618
IT,"De Martino",9610
IT,"Catania",9596
IT,"Fortunato",9498
IT,"Iorio",9469
IT,"Santini",9454
IT,"Vitali",9446
IT,"Alessandro",9427
IT,"Genovese",9420
IT,"Tedesco",9401
IT,"Rocco",9400
IT,"Bella",9356
IT,"Basso",9347
IT,"Lupo",9333
IT,"Manzo",9331
IT,"Federico",9318
IT,"Vaccaro",9285
IT,"Giorgi",9284
IT,"Dandrea",9238
IT,"Antonelli",9234
IT,"Marotta",9196
IT,"Lai",9191
IT,"Donati",9184
IT,"Milani",9138
IT,"Hossain",9110
IT,"Ricciardi",9099
IT,"Damato",9070
IT,"Colucci",9069
IT,"Cosentino",9068
IT,"Vincenzo",9064
IT,"Pappalardo",9062
IT,"Donato",9029
IT,"Villani",9024
IT,"Chen",9024
IT,"Abate",9018
IT,"Vitiello",8991
IT,"Alfano",8965
IT,"Scognamiglio",8940
IT,"Cocco",8929
IT,"Cattaneo",8895
IT,"Diop",8890
IT,"Giannini",8874
IT,"Angelini",8824
IT,"Giglio",8790
IT,"Landi",8784
IT,"Colella",8779
IT,"Bosco",8735
IT,"Toscano",8727
IT,"Liguori",8706
IT,"Castaldo",8703
IT,"Gabriele",8668
IT,"Puglisi",8645
IT,"Motta",8625
IT,"Nigro",8590
IT,"Di Martino",8580
IT,"Valentino",8575
IT,"Sartori",8525
IT,"Bello",8521
IT,"Verde",8491
IT,"Mantovani",8481
IT,"Marchi",8452
IT,"Montanari",8432
IT,"Anna",8412
IT,"Mario",8407
IT,"Massaro",8349
IT,"Maggi",8341
IT,"Capuano",8338
IT,"Perna",8333
IT,"Nardi",8303
IT,"Delia",8303
IT,"Clemente",8295
IT,"Grossi",8276
IT,"Trovato",8272
IT,"Mohamed",8266
IT,"Berti",8258
IT,"Pesce",8256
IT,"Leoni",8248
IT,"Guidi",8238
IT,"Rosati",8199
IT,"Albano",8191
IT,"Di Mauro",8189
IT,"Biondi",8185
IT,"Baldi",8181
IT,"Rota",8175
IT,"Bucci",8160
IT,"Di Marco",8140
IT,"Alberti",8133
IT,"Molinari",8133
IT,"Massimo",8120
IT,"Grieco",8114
IT,"Rodriguez",8110
IT,"Cavaliere",8105
IT,"Michele",8093
IT,"Cuomo",8093
IT,"Gioia",8061
IT,"Rosso",8054
IT,"Giorgio",7976
IT,"Schiavone",7947
IT,"Rossini",7947
IT,"Vacca",7934
IT,"Belli",7914
IT,"Pozzi",7912
IT,"Agostini",7911
IT,"Bassi",7911
IT,"Locatelli",7902
IT,"Bianchini",7894
IT,"Zito",7876
IT,"Simonetti",7869
IT,"Serafini",7842
IT,"Rocca",7837
IT,"Lanza",7818
IT,"Cortese",7818
IT,"Scala",7784
IT,"Abbate",7763
IT,"Spada",7753
IT,"Orlandi",7753
IT,"Miceli",7718
IT,"Del Prete",7705
IT,"Bernardini",7701
IT,"Capone",7690
IT,"Mari",7666
IT,"Papa",7663
IT,"Luciano",7659
IT,"Donofrio",7656
IT,"Negri",7624
IT,"Carboni",7623
IT,"Randazzo",7623
IT,"Giusti",7617
IT,"Adamo",7607
IT,"Fiorentino",7593
IT,"Zanetti",7591
IT,"Luongo",7571
IT,"Riccardi",7565
IT,"Pucci",7512
IT,"Pasquale",7493
IT,"Turco",7471
IT,"Buono",7466
IT,"Ceccarelli",7420
IT,"Brunetti",7408
IT,"Venturini",7393
IT,"Di Pietro",7371
IT,"Fabio",7351
IT,"Grande",7347
IT,"Corrado",7344
IT,"Cioffi",7307
IT,"Manfredi",7303
IT,"Di Benedetto",7288
IT,"Elia",7248
IT,"Berardi",7241
IT,"Filippi",7231
IT,"Murgia",7220
IT,"Cristina",7209
IT,"Granata",7207
IT,"Garcia",7175
IT,"Luciani",7161
IT,"Luigi",7152
IT,"La Rocca",7134
IT,"Torre",7117
IT,"Domenico",7115
IT,"Brambilla",7108
IT,"Di Maio",7107
IT,"Cipriani",7103
IT,"Loi",7082
IT,"Pisani",7069
IT,"Panico",7039
IT,"Di Lorenzo",7030
IT,"Cossu",7024
IT,"Sanfilippo",7011
IT,"Manna",7007
IT,"Santi",7006
IT,"De Stefano",7005
IT,"Masi",7000
IT,"Annunziata",6997
IT,"Porcu",6987
IT,"Durante",6947
IT,"Trevisan",6937
IT,"Islam",6932
IT,"Dauria",6925
IT,"Quaranta",6907
IT,"Angelo",6902
IT,"Popa",6897
IT,"Vasile",6883
IT,"Pagani",6866
IT,"Foti",6864
JP,"Suzuki",2814
JP,"Sato",2754
JP,"Tanaka",2467
JP,"Watanabe",2165
JP,"Takahashi",2124
JP,"Yamamoto",1915
JP,"Nakamura",1852
JP,"Ito",1684
JP,"Kobayashi",1646
JP,"Saito",1469
JP,"Yamada",1390
JP,"Kato",1366
JP,"Yoshida",1316
JP,"Inoue",1111
JP,"Matsumoto",1071
JP,"Hayashi",1042
JP,"Kimura",1015
JP,"Sasaki",980
JP,"Yamaguchi",972
JP,"Khan",905
JP,"Shimizu",888
JP,"Mori",859
JP,"Abe",823
JP,"Ikeda",787
JP,"Hashimoto",787
JP,"Yamashita",700
JP,"Maeda",696
JP,"佐藤",694
JP,"Singh",687
JP,"Sakamoto",681
JP,"Ono",663
JP,"Okada",663
JP,"Ishikawa",661
JP,"Aoki",655
JP,"鈴木",652
JP,"Ogawa",652
JP,"田中",638
JP,"Murakami",637
JP,"Ishii",635
JP,"Sakai",628
JP,"Fujita",621
JP,"Ueda",619
JP,"Lee",606
JP,"Hasegawa",604
JP,"Nakagawa",572
JP,"Nakano",569
JP,"Kondo",564
JP,"Fujii",564
JP,"Okamoto",554
JP,"Endo",545
JP,"Nishimura",542
JP,"Goto",537
JP,"Takeda",534
JP,"Matsuda",521
JP,"Arai",517
JP,"Takeuchi",510
JP,"Yamazaki",508
JP,"Miura",507
JP,"Fukuda",501
JP,"Silva",499
JP,"Tamura",499
JP,"Nakayama",497
JP,"Nakajima",493
JP,"Morita",489
JP,"Harada",488
JP,"Ota",483
JP,"Kim",477
JP,"Honda",476
JP,"Wada",463
JP,"Kikuchi",459
JP,"山本",454
JP,"Kaneko",451
JP,"高橋",447
JP,"Miyamoto",434
JP,"Hara",431
JP,"Kojima",424
JP,"中村",422
JP,"Miyazaki",419
JP,"Yokoyama",403
JP,"Shimada",403
JP,"Ishida",399
JP,"Shibata",398
JP,"Fujiwara",395
JP,"山田",392
JP,"Masuda",390
JP,"Uchida",384
JP,"小林",380
JP,"Santos",376
JP,"Ando",372
JP,"Fujimoto",370
JP,"Ali",369
JP,"伊藤",368
JP,"Hirano",366
JP,"Higa",361
JP,"Ueno",359
JP,"Hirata",351
JP,"Hamada",346
JP,"Taniguchi",346
JP,"Matsui",345
JP,"Kawamura",344
JP,"Maruyama",342
JP,"Noguchi",338
JP,"Murata",336
JP,"Wang",331
JP,"Mizuno",329
JP,"Kinoshita",328
JP,"Nagai",328
JP,"Takagi",327
JP,"Kawai",327
JP,"Imai",326
JP,"Matsuo",324
JP,"Chen",324
JP,"吉田",320
JP,"Kubota",320
JP,"Koyama",317
JP,"Sakurai",316
JP,"加藤",315
JP,"Nagata",314
JP,"Takano",314
JP,"Iwasaki",314
JP,"Yamanaka",310
JP,"Yano",309
JP,"Kubo",306
JP,"Fukushima",305
JP,"Takada",304
JP,"Kawasaki",303
JP,"Sano",302
JP,"Uehara",299
JP,"Seki",298
JP,"Sugiyama",296
JP,"Yasuda",295
JP,"Nomura",295
JP,"Nishida",290
JP,"Sugimoto",289
JP,"Nakashima",288
JP,"Koga",287
JP,"Yoshikawa",286
JP,"Kawakami",284
JP,"Nishikawa",283
JP,"Hattori",282
JP,"Nakanishi",281
JP,"Hirose",280
JP,"Kitamura",279
JP,"Akiyama",278
JP,"Thapa",275
JP,"Adachi",275
JP,"Chan",272
JP,"Shrestha",271
JP,"Yoshimura",270
JP,"Oda",268
JP,"Li",268
JP,"Tsuji",267
JP,"Araki",266
JP,"Sharma",262
JP,"Matsuoka",261
JP,"Morimoto",261
JP,"Kudo",260
JP,"Komatsu",260
JP,"Ishihara",259
JP,"Onishi",259
JP,"Kumar",258
JP,"Chiba",258
JP,"Iwata",257
JP,"Furukawa",256
JP,"Otsuka",255
JP,"Oliveira",253
JP,"Noda",253
JP,"Yoshioka",253
JP,"Ichikawa",253
JP,"佐々木",252
JP,"Asano",249
JP,"Igarashi",248
JP,"Kawashima",248
JP,"Katayama",247
JP,"渡辺",246
JP,"松本",246
JP,"Oshiro",246
JP,"Hoshino",245
JP,"Koike",244
JP,"Matsuura",243
JP,"Tsuchiya",242
JP,"Tanabe",241
JP,"Ogata",239
JP,"Ohashi",238
JP,"山口",237
JP,"Ozawa",237
JP,"Baba",236
JP,"Higuchi",236
JP,"Yuki",236
JP,"Iida",235
JP,"Kawaguchi",234
JP,"Yamasaki",233
JP,"Iwamoto",229
JP,"Kawano",229
JP,"Nishi",227
JP,"Tomita",227
JP,"木村",226
JP,"Yamauchi",226
JP,"Hori",226
JP,"井上",224
JP,"Taguchi",224
JP,"Minami",224
JP,"Shinohara",223
JP,"Ahmed",222
JP,"Hayakawa",222
JP,"Kodama",222
JP,"Zhang",221
JP,"Matsunaga",218
JP,"Sugawara",218
JP,"Miki",218
JP,"Oshima",218
JP,"Matsushita",217
JP,"Nakata",216
JP,"Takayama",215
JP,"Kitagawa",214
JP,"Nishiyama",210
JP,"Matsumura",209
JP,"Nakao",209
JP,"Perera",208
JP,"Sawada",207
JP,"Uemura",207
JP,"Liu",207
JP,"Kuroda",206
JP,"Miyata",205
JP,"Sakata",205
JP,"Sakaguchi",205
JP,"Yokota",204
JP,"Okumura",204
JP,"Ozaki",203
JP,"Naito",199
JP,"Shiraishi",198
JP,"Hirai",197
JP,"Oyama",197
JP,"Mochizuki",197
JP,"清水",196
JP,"Konishi",196
JP,"Nagano",195
JP,"Oka",195
JP,"Wong",195
JP,"Fernando",194
JP,"Ishibashi",192
JP,"Yagi",191
JP,"Okuda",191
JP,"Otani",191
JP,"Doi",190
JP,"Makino",190
JP,"Miyake",190
JP,"Ogura",189
JP,"Okubo",186
JP,"Smith",186
JP,"Souza",186
JP,"Okazaki",186
JP,"Okamura",186
JP,"Yoshino",185
JP,"Kawamoto",184
JP,"Imamura",183
JP,"Narita",183
JP,"Amano",182
JP,"Kurihara",182
JP,"Kono",181
JP,"Izumi",181
JP,"Arakaki",180
JP,"Koizumi",180
JP,"Garcia",180
JP,"Kataoka",178
JP,"Tan",178
JP,"Matsubara",177
JP,"Rana",176
JP,"Jp",176
JP,"Kumagai",176
JP,"Nakai",175
JP,"Tani",174
JP,"Nagao",173
JP,"Uchiyama",172
JP,"Yu",171
JP,"Yang",171
JP,"Asai",170
JP,"Gurung",169
JP,"Muhammad",168
JP,"Sapkota",168
JP,"Lin",168
JP,"Higashi",167
JP,"Azuma",167
JP,"Sekiguchi",167
JP,"Omori",167
JP,"橋本",164
JP,"Sakuma",164
JP,"Tsukamoto",164
JP,"Hirayama",163
JP,"Konno",162
JP,"Bhandari",161
JP,"Shoji",161
JP,"Nakazawa",161
JP,"池田",160
JP,"Kamiya",160
JP,"Sonoda",159
JP,"Kanda",158
JP,"Kc",157
JP,"Aoyama",157
JP,"Furuya",157
JP,"Nguyen",156
JP,"Fukui",155
JP,"Terada",155
JP,"Inagaki",154
JP,"Tashiro",153
JP,"Nemoto",152
JP,"阿部",151
JP,"Sugiura",151
JP,"Morishita",151
JP,"Kawabata",151
JP,"Rawat",150
JP,"Miyoshi",150
JP,"Kanno",150
JP,"Oikawa",150
JP,"石川",149
JP,"Ohara",149
JP,"Nakahara",149
JP,"Rodrigues",149
JP,"Naka",149
JP,"Okabe",149
JP,"Murayama",149
JP,"長谷川",148
JP,"Kanashiro",147
JP,"Toda",147
JP,"Shah",146
JP,"Shibuya",146
JP,"Yamakawa",146
JP,"Lama",145
JP,"Ohno",145
JP,"Kai",145
JP,"Tada",145
JP,"村上",144
JP,"Oishi",144
JP,"Hirota",143
JP,"Kishimoto",143
JP,"Hayashida",143
JP,"Tajima",143
JP,"Yamane",143
JP,"Okawa",142
JP,"Enomoto",141
JP,"Tsuda",141
JP,"Park",141
JP,"Mizutani",141
JP,"山下",140
JP,"Sekine",140
JP,"Miyashita",140
JP,"齋藤",139
JP,"Da Silva",139
JP,"Iwai",139
JP,"後藤",138
JP,"藤田",138
JP,"Matsuzaki",138
JP,"Shirai",138
JP,"小川",137
JP,"Hata",137
JP,"Uno",137
JP,"Kano",137
JP,"Shimabukuro",137
JP,"Wu",137
JP,"Eguchi",136
JP,"Lima",136
JP,"Fukumoto",136
JP,"Taira",136
JP,"Tsutsumi",136
JP,"Usui",135
JP,"Osawa",135
JP,"Moriyama",135
JP,"Murai",134
JP,"Chang",134
JP,"Kandel",133
JP,"Kanazawa",133
JP,"石井",133
JP,"Iijima",133
JP,"Ide",132
JP,"Muto",132
JP,"Ahmad",131
JP,"岡田",131
JP,"Moriya",131
JP,"Mohamed",130
JP,"Rahman",130
JP,"藤井",130
JP,"Morikawa",130
JP,"Maekawa",130
JP,"Satou",130
JP,"Alves",129
JP,"Toyama",129
JP,"山崎",128
JP,"Ogasawara",128
JP,"近藤",128
JP,"中島",128
JP,"Homma",128
JP,"Horiuchi",128
JP,"Matsuyama",128
JP,"Hagiwara",127
JP,"Okuyama",127
JP,"Mikami",127
JP,"Muramatsu",126
JP,"Shima",126
JP,"Oki",126
JP,"前田",125
KR,"Kim",3442
KR,"Lee",2665
KR,"Park",1326
KR,"Choi",636
KR,"Cho",398
KR,"Kang",387
KR,"Jung",356
KR,"Shin",336
KR,"Han",275
KR,"Jang",246
KR,"Song",243
KR,"Lim",242
KR,"Jeong",233
KR,"Oh",230
KR,"Kwon",227
KR,"Hong",217
KR,"Seo",212
KR,"Hwang",199
KR,"Yoon",190
KR,"Yang",165
KR,"Jeon",137
KR,"Son",136
KR,"Moon",128
KR,"Yoo",119
KR,"Yun",119
KR,"Ahn",118
KR,"An",110
KR,"Bae",106
KR,"Jo",103
KR,"Ryu",101
KR,"Nam",100
KR,"남성",95
KR,"Ko",94
KR,"Chung",89
KR,"Baek",86
KR,"Yu",79
KR,"Min",72
KR,"Yi",71
KR,"Chang",67
KR,"남자",65
KR,"Jin",64
KR,"Woo",64
KR,"Ha",64
KR,"남궁",62
KR,"Jun",56
KR,"Kwak",54
KR,"Koo",52
KR,"Cha",51
KR,"Na",50
KR,"Im",49
KR,"Heo",47
KR,"Shim",45
KR,"You",43
KR,"Joo",43
KR,"Chun",40
KR,"Byun",40
KR,"Won",39
KR,"Sung",38
KR,"Ji",36
KR,"Roh",35
KR,"Chae",32
KR,"Klm",31
KR,"Bang",31
KR,"Hyun",31
KR,"Do",30
KR,"Yeo",30
KR,"Youn",30
KR,"Noh",28
KR,"Sim",25
KR,"Kong",24
KR,"Huh",24
KR,"Yim",24
KR,"Ju",23
KR,"Suh",23
KR,"Koh",23
KR,"Choe",23
KR,"Ham",21
KR,"Mun",21
KR,"황보",20
KR,"Nguyen",20
KR,"Sun",20
KR,"Eom",20
KR,"Seong",20
KR,"여성",19
KR,"Ma",19
KR,"So",19
KR,"Sohn",19
KR,"Seok",18
KR,"Sin",18
KR,"Um",18
KR,"여자",16
KR,"No",16
KR,"Go",16
KR,"Ku",16
KR,"Joung",14
KR,"Rhee",14
KR,"Back",14
KR,"Cheon",13
KR,"Jee",13
KR,"Pyo",12
KR,"Wang",12
KR,"Hur",12
KR,"Gu",12
KR,"Choo",11
KR,"Man",11
KR,"선우",11
KR,"Bak",11
KR,"Pak",10
KR,"Chong",10
KR,"Her",10
KR,"Ro",10
KR,"Ki",10
KR,"Chu",10
KR,"Cheong",10
KR,"Yeon",9
KR,"Joe",9
KR,"Paek",9
KR,"Bong",8
KR,"사공",8
KR,"Yeom",8
KR,"Kil",8
KR,"Ho",8
KR,"In",8
KR,"Jeung",8
KR,"Ban",8
KR,"Seol",8
KR,"Young",8
KR,"Shon",7
KR,"Tak",7
KR,"제갈",7
KR,"Sarah",7
KR,"Je",7
KR,"Gwak",7
KR,"Gong",7
KR,"Gil",7
KR,"Paik",7
KR,"Ok",7
KR,"Su",7
KR,"Youm",7
KR,"Byeon",7
KR,"Yuk",6
KR,"Gwon",6
KR,"Kyung",6
KR,"Chol",6
KR,"Saputra",6
KR,"Ryoo",6
KR,"Rim",6
KR,"Kook",6
KR,"Maeng",6
KR,"Ann",6
KR,"Jeun",6
KR,"Baik",6
KR,"Myung",6
KR,"Mo",5
KR,"병철",5
KR,"Pang",5
KR,"Sari",5
KR,"Jay",5
KR,"James",5
KR,"Wi",5
KR,"Suk",5
KR,"Goo",5
KR,"Eum",5
KR,"성식",5
KR,"Pratama",5
KR,"Doo",5
KR,"Le",5
KR,"Gim",5
KR,"Siregar",5
KR,"Mok",5
KR,"Chai",5
KR,"King",4
KR,"Kurniawan",4
KR,"Rhie",4
KR,"Kwag",4
KR,"인수",4
KR,"Hoon",4
KR,"Sam",4
KR,"금자",4
KR,"Kye",4
KR,"Ra",4
KR,"Yook",4
KR,"Ch",4
KR,"Nah",4
KR,"Nguyenthi",4
KR,"Sheen",4
KR,"Chi",4
KR,"Ryan",4
KR,"Rla",4
KR,"Kweon",4
KR,"Leem",4
KR,"Wati",4
KR,"Vo",4
KR,"Putri",4
KR,"명희",4
KR,"Dewi",4
KR,"성수",4
KR,"Hee",4
KR,"Paul",4
KR,"Love",4
KR,"Gang",4
KR,"Eun",4
KR,"Lyu",4
KR,"Kum",4
KR,"Corp",4
KR,"Rizky",4
KR,"종성",3
KR,"미경",3
KR,"Jack",3
KR,"준호",3
KR,"Art",3
KR,"Kuk",3
KR,"Korea",3
KR,"푸른",3
KR,"하늘",3
KR,"La",3
KR,"명규",3
KR,"Tea",3
KR,"Elizabeth",3
KR,"정태",3
KR,"Dong",3
KR,"Chin",3
KR,"Young Jae",3
KR,"은숙",3
KR,"재성",3
KR,"용섭",3
KR,"Sk",3
KR,"Devi",3
KR,"Bark",3
KR,"Jefri",3
KR,"Qkr",3
KR,"Jong",3
KR,"Peter",3
KR,"Blue",3
KR,"Smith",3
KR,"미숙",3
KR,"진영",3
KR,"Pae",3
KR,"Jjang",3
KR,"Mike",3
KR,"지원",3
KR,"Ong",3
KR,"Riana",3
KR,"철호",3
KR,"Joon",3
KR,"Davis",3
KR,"경호",3
KR,"김김",3
KR,"Hd",3
KR,"Iee",3
KR,"Vu",3
KR,"Yanto",3
KR,"Beak",3
KR,"현진",3
KR,"Kam",3
KR,"성호",3
KR,"Namgung",3
KR,"Chen",3
KR,"수진",3
KR,"Setiawan",3
KR,"그린",3
KR,"Ru",3
KR,"Youk",2
KR,"재원",2
KR,"Uhm",2
KR,"Hyeonjeong",2
KR,"Hyeon",2
KR,"재용",2
KR,"Eni",2
KR,"재영",2
KR,"용석",2
KR,"미정",2
KR,"서문",2
KR,"미자",2
KR,"Hanu",2
KR,"Ahmed",2
KR,"Ahmad",2
KR,"Ler",2
KR,"Myeong",2
KR,"석범",2
KR,"재명",2
KR,"재민",2
KR,"Part Ii",2
KR,"재섭",2
KR,"Mary",2
KR,"Master",2
KR,"성규",2
KR,"Eo",2
KR,"Patk",2
KR,"Maulana",2
KR,"성근",2
KR,"Wandi",2
KR,"Hoa",2
KR,"Hoang",2
KR,"명순",2
KR,"Donghyun",2
KR,"순옥",2
KR,"정애",2
KR,"소영",2
KR,"성문",2
KR,"정자",2
KR,"Whang",2
KR,"Young Jun",2
KR,"Mihyang",2
KR,"정현",2
KR,"Stevenson",2
KR,"Wee",2
KR,"Hoover",2
KR,"Mi",2
KR,"Hi",2
KR,"Jean",2
KR,"Heeyeol",2
KR,"성순",2
KR,"장장",2
KR,"Hendrawan",2
KR,"Sul",2
KR,"성열",2
KR,"Wjs",2
KR,"Jegal",2
KR,"성일",2
KR,"성철",2
KR,"정란",2
KR,"Hurh",2
KR,"Bin",2
KR,"Sungki",2
KR,"Myoung",2
KR,"Irawan",2
KR,"Yanti",2
KR,"Male",2
KR,"Yani",2
KR,"병선",2
KR,"병기",2
KR,"Geum",2
KR,"병구",2
KR,"Iwan",2
KR,"Yeum",2
KR,"Syah",2
KR,"영희",2
KR,"윤경",2
KR,"상우",2
KR,"Garcia",2
KR,"병주",2
KR,"Gilbert",2
KR,"Yee",2
KR,"Nguyễn",2
KR,"Ngoc",2
KR,"Goh",2
KR,"Guensang",2
KR,"용근",2
KR,"용환",2
KR,"Ye",2
KR,"Indah",2
KR,"Lusi",2
KR,"병희",2
KR,"Thea",2
KR,"Sy",2
KR,"윤정",2
KR,"상일",2
KR,"바다",2
KR,"Farida",2
KR,"Lina",2
KR,"Lin",2
KR,"Sungtae",2
KR,"Lie",2
KR,"영미",2
KR,"Wu",2
KR,"Anh",2
KR,"Ajah",2
KR,"Tran",2
KR,"Jane",2
KR,"Lia",2
KR,"Nguyen Thi",2
KR,"영대",2
KR,"Anggraeni",2
KR,"장군",2
KR,"바람",2
KR,"영순",2
KR,"Jaekwon",2
KR,"Hall",2
KR,"Ga",2
KR,"Ock",2
KR,"Yin",2
KR,"Ani",2
KR,"Hahn",2
KR,"Xuan",2
KR,"상현",2
KR,"Lm",2
KR,"Hyunjoo",2
KR,"영인",2
KR,"Yo",2
KR,"Hyunku",2
KR,"Toro",2
KR,"이ㅣ",2
KR,"Sunny",2
KR,"상호",2
KR,"Tae",2
KR,"Rha",2
KR,"Ang",2
KR,"호성",2
KR,"Rho",2
KZ,"Ахметова",6360
KZ,"Ким",6183
KZ,"Ахметов",4440
KZ,"Kim",3952
KZ,"Омарова",3816
KZ,"Оспанова",3328
KZ,"Иванова",2830
KZ,"Алиева",2803
KZ,"Иванов",2782
KZ,"Алиев",2771
KZ,"Сулейменова",2716
KZ,"Омаров",2676
KZ,"Искакова",2614
KZ,"Калиева",2586
KZ,"Оспанов",2448
KZ,"Ли",2421
KZ,"Абдрахманова",2206
KZ,"Ибраева",2096
KZ,"Садыкова",2088
KZ,"Смагулова",2068
KZ,"Искаков",1911
KZ,"Сулейменов",1896
KZ,"Калиев",1870
KZ,"Пак",1856
KZ,"Kz",1773
KZ,"Нургалиева",1767
KZ,"Султанова",1763
KZ,"Ибрагимова",1720
KZ,"Исаева",1648
KZ,"Абдрахманов",1629
KZ,"Каримова",1627
KZ,"Садыков",1622
KZ,"Ибрагимов",1579
KZ,"Ибраев",1562
KZ,"Асанова",1552
KZ,"Цой",1546
KZ,"Кусаинова",1528
KZ,"Смагулов",1493
KZ,"Жумабаева",1475
KZ,"Султанов",1470
KZ,"Аубакирова",1430
KZ,"Касымова",1425
KZ,"Каримов",1423
KZ,"Жунусова",1418
KZ,"Абишева",1417
KZ,"Тулегенова",1393
KZ,"Юсупова",1356
KZ,"Исаев",1351
KZ,"Муканова",1348
KZ,"Абдуллаев",1341
KZ,"Мусаева",1327
KZ,"Нургалиев",1297
KZ,"Исмаилова",1296
KZ,"Серик",1294
KZ,"Касенова",1281
KZ,"Хан",1274
KZ,"Муратова",1266
KZ,"Асанов",1266
KZ,"Сыздыкова",1264
KZ,"Абдуллаева",1250
KZ,"Мусина",1237
KZ,"Аскарова",1232
KZ,"Серикбаева",1220
KZ,"Мукашева",1214
KZ,"Юсупов",1208
KZ,"Петров",1194
KZ,"Шарипова",1190
KZ,"Мусаев",1177
KZ,"Сарсенбаева",1175
KZ,"Исмаилов",1171
KZ,"Жумабаев",1161
KZ,"Рахимова",1127
KZ,"Утегенова",1124
KZ,"Omarova",1101
KZ,"Жакупова",1093
KZ,"Кузнецова",1093
KZ,"Ильясова",1092
KZ,"Жусупова",1087
KZ,"Рахметова",1087
KZ,"Тулегенов",1080
KZ,"Касымов",1069
KZ,"Нуржанова",1068
KZ,"Аскаров",1067
KZ,"Абишев",1062
KZ,"Рамазанова",1059
KZ,"Муратов",1045
KZ,"Амирова",1045
KZ,"Шарипов",1024
KZ,"Жумабекова",1013
KZ,"Кусаинов",1013
KZ,"Хасенова",1004
KZ,"Сарсенбаев",1003
KZ,"Серикбаев",995
KZ,"Марат",995
KZ,"Жунусов",985
KZ,"Рахимов",974
KZ,"Ержанова",974
KZ,"Серикова",973
KZ,"Жумагалиева",972
KZ,"Сыздыков",970
KZ,"Аубакиров",967
KZ,"Петрова",961
KZ,"Мурат",959
KZ,"Сапарова",954
KZ,"Ospanova",951
KZ,"Назарова",950
KZ,"Omarov",942
KZ,"Кудайбергенова",939
KZ,"Муканов",926
KZ,"Кожахметова",924
KZ,"Aliev",920
KZ,"Попова",916
KZ,"Кенжебаева",905
KZ,"Мустафина",899
KZ,"Шевченко",892
KZ,"Болат",889
KZ,"Жан",883
KZ,"Али",878
KZ,"Akhmetova",876
KZ,"Ахмет",874
KZ,"Абенова",870
KZ,"Нуржанов",863
KZ,"Айтжанова",863
KZ,"Утегенов",861
KZ,"Оразбаева",859
KZ,"Ильясов",857
KZ,"Мамедов",856
KZ,"Умарова",854
KZ,"Мукашев",850
KZ,"Ахмедов",850
KZ,"Кадыров",850
KZ,"Касенов",849
KZ,"Жумагулова",849
KZ,"Ахметжанова",846
KZ,"Alieva",844
KZ,"Сериков",841
KZ,"Сарсенова",840
KZ,"Нур",840
KZ,"Аманова",838
KZ,"Nur",838
KZ,"Хасанов",836
KZ,"Ержанов",835
KZ,"Кадырова",834
KZ,"Хасанова",830
KZ,"Lee",828
KZ,"Li",827
KZ,"Султан",827
KZ,"Тен",827
KZ,"Базарбаев",826
KZ,"Iskakova",825
KZ,"Кузнецов",824
KZ,"Pak",821
KZ,"Жумагалиев",818
KZ,"Васильева",817
KZ,"Сапаров",815
KZ,"Кудайбергенов",814
KZ,"Базарбаева",811
KZ,"Амиров",806
KZ,"Рахметов",805
KZ,"Рамазанов",804
KZ,"Аманжолова",804
KZ,"Мусин",802
KZ,"Усенова",791
KZ,"Попов",781
KZ,"Абилова",779
KZ,"Жусупов",774
KZ,"Tsoy",773
KZ,"Сарсенов",768
KZ,"Жумабеков",768
KZ,"Ali",768
KZ,"Исмагулова",763
KZ,"Бек",763
KZ,"Назаров",759
KZ,"Смирнова",756
KZ,"Умаров",755
KZ,"Serik",753
KZ,"Курбанов",742
KZ,"Оразбаев",741
KZ,"Хамитова",739
KZ,"Курбанова",737
KZ,"Куаныш",737
KZ,"Ahmetova",735
KZ,"Кенжебаев",733
KZ,"Ергалиева",733
KZ,"Даулетова",732
KZ,"Бондаренко",732
KZ,"Садвакасова",727
KZ,"Ospanov",727
KZ,"Жакупов",725
KZ,"Нурлан",720
KZ,"Жаксылык",716
KZ,"Akhmetov",714
KZ,"Усенов",708
KZ,"Айтбаева",708
KZ,"Мухамеджанова",706
KZ,"Astana",705
KZ,"Аманов",704
KZ,"Sultan",703
KZ,"Тажибаева",702
KZ,"Идрисова",701
KZ,"Хасенов",699
KZ,"Сариева",695
KZ,"Маханова",693
KZ,"Ibragimov",693
KZ,"Кан",680
KZ,"Альжанова",669
KZ,"Абилов",668
KZ,"Кожахметов",668
KZ,"Жаксылыкова",665
KZ,"Волкова",664
KZ,"Абуова",661
KZ,"Смаилова",660
KZ,"Адилова",660
KZ,"Коваленко",659
KZ,"Bek",655
KZ,"Васильев",653
KZ,"Рахимжанова",651
KZ,"Алибекова",650
KZ,"Аманжолов",650
KZ,"Khan",647
KZ,"Аскар",645
KZ,"Хамзина",644
KZ,"Ahmetov",643
KZ,"Almaty",640
KZ,"Аманбаева",636
KZ,"Алимова",633
KZ,"Айтбаев",632
KZ,"Айтжанов",632
KZ,"Ахмедова",632
KZ,"Ismailov",632
KZ,"Курманова",630
KZ,"Муханова",626
KZ,"Курмангалиева",625
KZ,"Исабекова",625
KZ,"Смирнов",619
KZ,"Бейсенова",616
KZ,"Даулетов",616
KZ,"Ергалиев",608
KZ,"Жуманова",608
KZ,"Волков",605
KZ,"Абенов",605
KZ,"Жумагулов",605
KZ,"Байжанова",600
KZ,"Сариев",598
KZ,"Тажибаев",598
KZ,"Мамедова",598
KZ,"Karimov",598
KZ,"Smagulova",597
KZ,"Аман",596
KZ,"Бекенова",594
KZ,"Мустафин",594
KZ,"Романова",593
KZ,"Бижанова",591
KZ,"Боранбаев",591
KZ,"Хамитов",590
KZ,"Боранбаева",590
KZ,"Асылбекова",589
KZ,"Руслан",589
KZ,"Suleimenova",588
KZ,"Омар",588
KZ,"Sultanov",586
KZ,"Толеген",585
KZ,"Ниязова",583
KZ,"Sultanova",583
KZ,"Есенова",582
KZ,"Жумашева",581
KZ,"Алимбаева",580
KZ,"Сабитова",580
KZ,"Махамбетова",579
KZ,"Сабирова",576
KZ,"Бисенова",576
KZ,"Балтабаева",576
KZ,"Ibragimova",575
KZ,"Кайрат",575
KZ,"Жанабаева",574
KZ,"Елена",574
KZ,"Жолдасова",572
KZ,"Алдабергенова",569
KZ,"Ахметжанов",569
KZ,"Жаксылыков",569
KZ,"Андреева",568
KZ,"Карибаева",568
KZ,"Алтынбекова",568
KZ,"Астана",568
KZ,"Бауыржан",567
KZ,"Кравченко",567
KZ,"Дуйсенова",566
KZ,"Ашимова",564
KZ,"Морозова",563
KZ,"Имангалиева",562
KZ,"Ержан",562
KZ,"Соколова",560
KZ,"Орынбаева",559
KZ,"Karimova",559
KZ,"Усманова",556
KZ,"Sadykova",555
KZ,"Сыдыкова",553
KZ,"Александр",552
KZ,"Куандыкова",549
KZ,"Канат",549
KZ,"Iskakov",547
KZ,"Бейсембаева",546
KZ,"Маликова",541
KZ,"Исмагулов",541
KZ,"Ivanov",541
KZ,"Ибраимова",540
KZ,"Толегенова",539
KZ,"Шакирова",536
KZ,"Иманбаева",536
KZ,"Арман",536
KZ,"Ivanova",534
KZ,"Ткаченко",534
KZ,"Abdullaev",533
KZ,"Усманов",533
KZ,"Bolat",533
KZ,"Орынбаев",532
KZ,"Болатова",532
KZ,"Наурызбаева",531
KZ,"Алимов",530
KZ,"Адилов",528
KZ,"Касимова",527
KZ,"Орынбасар",527
KZ,"Курманбаева",525
KZ,"Болатов",525
KZ,"Murat",525
KZ,"Дуйсенбаева",523
KZ,"Новикова",521
KZ,"Алпысбаева",521
KZ,"Маханов",520
KZ,"Татьяна",520
KZ,"Аманбаев",518
KZ,"Мухтарова",517
KZ,"Казиева",514
KZ,"Мухамеджанов",509
KZ,"Маратов",508
KZ,"Талгат",507
KZ,"Наталья",506
KZ,"Павлова",504
KZ,"Галиева",501
KZ,"Kalieva",501
KZ,"Калдыбаева",499
KZ,"Дуйсенов",498
KZ,"Бейсенбаева",498
KZ,"Исакова",496
KZ,"Касымбекова",494
KZ,"Kaliev",493
KZ,"Askarova",493
KZ,"Бойко",493
KZ,"Балтабаев",491
KZ,"Нурманова",491
KZ,"Ниязов",491
KZ,"Идрисов",490
KZ,"Маратова",490
KZ,"Абуов",490
KZ,"Карабаева",490
KZ,"Хамзин",487
KZ,"Сабиров",487
KZ,"Камалова",486
KZ,"Альжанов",485
KZ,"Избасарова",485
KZ,"Юлдашев",484
KZ,"Габдуллина",484
KZ,"Нугманова",483
KZ,"Утебаева",481
KZ,"Алибеков",481
KZ,"Садуакасова",480
KZ,"Мусабекова",480
KZ,"Алтаева",480
KZ,"Жуманов",478
KZ,"Нурик",478
KZ,"Даулет",478
KZ,"Куанышева",477
KZ,"Бекжанова",477
KZ,"Асан",477
KZ,"Ismailova",476
KZ,"Махамбетов",475
KZ,"Ермекова",474
KZ,"Жаксыбаева",474
KZ,"Серикбай",474
KZ,"Ашимов",473
KZ,"Нуржан",473
KZ,"Толегенов",472
KZ,"Валиева",472
KZ,"Сеитова",471
KZ,"Zh",471
KZ,"Есенов",470
KZ,"Тулебаева",469
KZ,"Нурбаева",468
KZ,"Умбетова",468
KZ,"Жумадилова",468
KZ,"Жолдасов",467
KZ,"Бекенов",466
KZ,"Marat",466
KZ,"Бисенов",465
KZ,"Тлеубаева",465
KZ,"Андреев",464
KZ,"Сыдыков",464
KZ,"Сагындыкова",463
KZ,"Касимов",463
KZ,"Кадирова",462
LT,"Nesvarbu",379
LT,"As",310
LT,"Ka",284
LT,"Kazlauskas",263
LT,"Petrauskas",254
LT,"Ma",241
LT,"Jankauskas",235
LT,"St",205
LT,"Ra",190
LT,"Urbonas",186
LT,"Ta",181
LT,"Paulauskas",177
LT,"Butkus",175
LT,"Va",172
LT,"Ramanauskas",166
LT,"Kavaliauskas",164
LT,"Vasiliauskas",163
LT,"Ja",160
LT,"Rimkus",158
LT,"Pocius",147
LT,"Na",146
LT,"Navickas",142
LT,"Ba",142
LT,"Sa",135
LT,"Aš",130
LT,"Mikalauskas",127
LT,"Adomaitis",125
LT,"Petraitis",125
LT,"Sakalauskas",124
LT,"Mi",124
LT,"Baranauskas",122
LT,"Jonaitis",120
LT,"Savickas",116
LT,"Gr",116
LT,"Stankevičius",114
LT,"Stankevicius",113
LT,"Ko",113
LT,"Pa",112
LT,"Jan",110
LT,"Vaitkus",108
LT,"Dambrauskas",103
LT,"Kas",103
LT,"Ivanauskas",102
LT,"Kaminskas",102
LT,"Žukauskas",100
LT,"Kairys",100
LT,"Li",100
LT,"Šimkus",99
LT,"Da",99
LT,"Ivanova",97
LT,"Ju",97
LT,"Tas",96
LT,"Rutkauskas",95
LT,"Norkus",94
LT,"Tomas",94
LT,"Bu",91
LT,"Kazlauskiene",90
LT,"Bagdonas",90
LT,"Budrys",89
LT,"Lina",88
LT,"Mockus",87
LT,"La",87
LT,"Petrauskiene",86
LT,"Malinauskas",85
LT,"Bernotas",85
LT,"Das",84
LT,"Jankauskiene",82
LT,"Kubilius",82
LT,"Stonkus",81
LT,"Kazlauskienė",80
LT,"Stankevičienė",80
LT,"Bartkus",80
LT,"Petrauskaitė",79
LT,"Di",79
LT,"Vitkauskas",78
LT,"Sadauskas",77
LT,"Ga",77
LT,"Kazlauskaitė",76
LT,"Si",76
LT,"Petrauskienė",75
LT,"Venckus",75
LT,"Ivanov",74
LT,"Lu",74
LT,"Stankus",73
LT,"Mantas",73
LT,"Kristina",72
LT,"Stankevičiūtė",71
LT,"Lapinskas",71
LT,"Sabaliauskas",71
LT,"Balčiūnas",70
LT,"Karalius",69
LT,"Lukas",68
LT,"Le",68
LT,"Stonys",66
LT,"Barauskas",65
LT,"Žukauskaitė",65
LT,"Banys",64
LT,"Mickus",64
LT,"Jankauskienė",64
LT,"Žemaitis",64
LT,"Zukauskas",63
LT,"Vyšniauskas",63
LT,"Paulauskienė",62
LT,"Urboniene",62
LT,"Žilinskas",62
LT,"Grigas",61
LT,"Stankeviciene",61
LT,"Povilaitis",61
LT,"Jankauskaitė",61
LT,"Lukoševičius",61
LT,"Vilkas",61
LT,"Jonas",61
LT,"Vi",61
LT,"Balčiūnaitė",60
LT,"Gricius",60
LT,"Tina",60
LT,"Marija",60
LT,"Bar",60
LT,"Petkus",59
LT,"Balsys",59
LT,"Urbonaitė",59
LT,"Ru",59
LT,"Navickiene",58
LT,"Vaitkevičius",58
LT,"Jurgita",58
LT,"Juška",58
LT,"Petrauskaite",58
LT,"Jo",58
LT,"Vaitkevicius",57
LT,"Noreika",57
LT,"Mickevicius",56
LT,"Jokubauskas",56
LT,"Butkutė",56
LT,"Mas",56
LT,"Po",56
LT,"Nas",55
LT,"Sakalauskaitė",55
LT,"Vai",55
LT,"Mo",55
LT,"Jankauskaite",54
LT,"Bružas",54
LT,"Stankevic",54
LT,"Kavaliauskiene",53
LT,"Andrijauskas",53
LT,"Gedvilas",53
LT,"Petkevicius",53
LT,"Paškevičius",53
LT,"Rakauskas",53
LT,"Ieva",53
LT,"Petkevičius",53
LT,"Tu",53
LT,"Balciunas",52
LT,"Kalinauskas",52
LT,"Giedraitis",52
LT,"Krasauskas",52
LT,"Andrius",52
LT,"Navickaitė",52
LT,"Pavardenis",52
LT,"Sk",52
LT,"Ku",52
LT,"Za",52
LT,"Ramanauskiene",51
LT,"Miliauskas",51
LT,"Morkūnas",51
LT,"Vasiliauskaitė",51
LT,"Gi",51
LT,"Kr",51
LT,"Urbonienė",50
LT,"Žukauskienė",50
LT,"Barkauskas",50
LT,"Černiauskas",50
LT,"Laurinaitis",50
LT,"Morkunas",49
LT,"Valaitis",49
LT,"Ramonas",49
LT,"Šukys",49
LT,"Mickevičius",49
LT,"Vasiliauskiene",49
LT,"Kavaliauskaitė",49
LT,"Savickiene",48
LT,"Ramanauskienė",48
LT,"Paulauskiene",48
LT,"Vasiliauskienė",48
LT,"Lukauskas",48
LT,"Kaunas",48
LT,"Sta",48
LT,"Vanagas",47
LT,"Vitkus",47
LT,"Bal",47
LT,"Gu",47
LT,"Jakas",46
LT,"Žilinskienė",46
LT,"Vysniauskas",46
LT,"Viktorija",46
LT,"Ir Tiek",46
LT,"Macijauskas",45
LT,"Paulius",45
LT,"Grigaitis",45
LT,"Juškienė",45
LT,"Rimkutė",45
LT,"Inga",45
LT,"Narbutas",45
LT,"An",45
LT,"Mar",45
LT,"Grigonis",44
LT,"Ivanauskiene",44
LT,"Šimkutė",44
LT,"Arlauskas",44
LT,"Žemaitytė",44
LT,"Bukauskas",44
LT,"Klimas",44
LT,"Sim",44
LT,"Ne",44
LT,"Tamošiūnas",43
LT,"Kundrotas",43
LT,"Steponavičius",43
LT,"Brazauskas",43
LT,"Rasa",43
LT,"Ch",43
LT,"Lukosius",42
LT,"Mačiulis",42
LT,"Zilinskas",42
LT,"Rimkiene",42
LT,"Sinkevičius",42
LT,"Petkevičiūtė",42
LT,"Zukauskiene",42
LT,"Remeika",42
LT,"Rimkute",42
LT,"Vilnius",42
LT,"Nu",42
LT,"Ivanovas",41
LT,"Simkus",41
LT,"Baranauskiene",41
LT,"Marcinkevicius",41
LT,"Vaitkevičienė",41
LT,"Butkute",41
LT,"Ras",41
LT,"Savickienė",41
LT,"Ramanauskaitė",41
LT,"Žilinskaitė",41
LT,"Mindaugas",41
LT,"Gri",41
LT,"Pociene",40
LT,"Vasiljeva",40
LT,"Sokolova",40
LT,"Juska",40
LT,"Bielskis",40
LT,"Smirnova",40
LT,"Žemaitienė",40
LT,"Markevičius",40
LT,"Vosylius",40
LT,"Paulauskaitė",40
LT,"Baranauskaitė",40
LT,"Saulius",40
LT,"Ša",40
LT,"Tiesiog",40
LT,"Esu",40
LT,"Kučinskas",39
LT,"Slavinskas",39
LT,"Jakubauskas",39
LT,"Sakalauskienė",39
LT,"Jucius",39
LT,"Puidokas",39
LT,"Sinkevicius",39
LT,"Mikalauskienė",39
LT,"Jukna",39
LT,"Gudaitis",39
LT,"Domarkas",39
LT,"Marius",39
LT,"Tė",39
LT,"Darius",39
LT,"Nesakysiu",39
LT,"Bo",39
LT,"Astrauskas",38
LT,"Radzevicius",38
LT,"Adomavicius",38
LT,"Butkienė",38
LT,"Balčiūnienė",38
LT,"Markevicius",38
LT,"Visockas",38
LT,"Varnas",38
LT,"Laura",38
LT,"Kazlauskaite",38
LT,"Martinaitis",38
LT,"Tau",38
LT,"Lietuva",38
LT,"Val",38
LT,"Al",38
LT,"Navickienė",37
LT,"Kulikauskas",37
LT,"Jurkus",37
LT,"Galdikas",37
LT,"Dargis",37
LT,"Jakutis",37
LT,"Petrova",37
LT,"Buivydas",37
LT,"Jurevičius",37
LT,"Petronis",37
LT,"Rudys",37
LT,"Lukoševičiūtė",37
LT,"Gedminas",37
LT,"Labanauskas",37
LT,"Katinas",37
LT,"Miškinis",37
LT,"Luk",37
LT,"Bagdoniene",36
LT,"Jocius",36
LT,"Kucinskas",36
LT,"Baranauskienė",36
LT,"Petraitiene",36
LT,"Adomaitiene",36
LT,"Kaminskiene",36
LT,"Diana",36
LT,"Rimkienė",36
LT,"Baronas",36
LT,"Kisielius",36
LT,"Lukosevicius",36
LT,"Juškevičius",36
LT,"Ragauskas",36
LT,"Baltrušaitis",36
LT,"Te",36
LT,"Ri",36
LT,"Do",36
LT,"Mac",36
LT,"Vilimas",35
LT,"Alekna",35
LT,"Paskevicius",35
LT,"Mazeika",35
LT,"Jakovleva",35
LT,"Naujokas",35
LT,"Cerniauskas",35
LT,"Burba",35
LT,"Jurgaitis",35
LT,"Majauskas",35
LT,"Ivanauskaitė",35
LT,"Danielius",35
LT,"Vasiliauskaite",35
LT,"Briedis",35
LT,"Sakalauskiene",35
LT,"Černiauskaitė",35
LT,"Mažeika",35
LT,"Paškevičiūtė",35
LT,"Greta",35
LT,"Vaitkutė",35
LT,"Mis",35
LT,"Alex",35
LT,"Gečas",34
LT,"Ivanauskienė",34
LT,"Petkevičienė",34
LT,"Asta",34
LT,"Kairytė",34
LT,"Mackevicius",34
LT,"Vaičiūnas",34
LT,"Ališauskas",34
LT,"Matulis",34
LT,"Lė",34
LT,"Uab",34
LT,"Nezinau",34
LT,"Zu",34
LT,"No",34
LT,"Kazakevičius",33
LT,"Novikova",33
LT,"Lisauskas",33
LT,"Vaičiulis",33
LT,"Morkūnaitė",33
LT,"Mickeviciene",33
LT,"Dapkus",33
LT,"Vainauskas",33
LT,"Jolanta",33
LT,"Monika",33
LT,"Misiunas",33
LT,"Bagdonaitė",33
LT,"Pociūtė",33
LT,"Paulauskaite",33
LT,"Juškaitė",33
LT,"Stankevič",33
LT,"Pe",33
LT,"Fiodorova",32
LT,"Bernotiene",32
LT,"Pavlova",32
LT,"Balciuniene",32
LT,"Bieliauskas",32
LT,"Juknevičius",32
LT,"Tamulis",32
LT,"Butkevičius",32
LT,"Adomavičius",32
LT,"Adomaitienė",32
LT,"Kubiliene",32
LT,"Kavaliauskaite",32
LT,"Grigaliūnas",32
LT,"Mažeikienė",32
LT,"Vaitkevičiūtė",32
LT,"Dainius",32
LT,"Janulis",32
LT,"Lukošius",32
LT,"Vyšniauskaitė",32
LT,"Malakauskas",31
LT,"Grabauskas",31
LT,"Steponavicius",31
LT,"Šidlauskas",31
LU,"Silva",1712
LU,"Santos",1331
LU,"Ferreira",1271
LU,"Pereira",1142
LU,"Rodrigues",1137
LU,"Gomes",980
LU,"Martins",961
LU,"Fernandes",936
LU,"Costa",916
LU,"Lopes",882
LU,"Marques",792
LU,"Oliveira",768
LU,"Sousa",753
LU,"Ribeiro",637
LU,"Da Silva",635
LU,"Mendes",616
LU,"Alves",594
LU,"Schmit",573
LU,"Pinto",571
LU,"Monteiro",565
LU,"Teixeira",559
LU,"Almeida",550
LU,"Carvalho",535
LU,"Dias",527
LU,"Weber",470
LU,"Hoffmann",455
LU,"Dos Santos",444
LU,"Soares",443
LU,"Wagner",411
LU,"Muller",394
LU,"Gonçalves",392
LU,"Moreira",377
LU,"Cardoso",345
LU,"Duarte",337
LU,"Goncalves",330
LU,"Correia",327
LU,"Vieira",318
LU,"Rocha",313
LU,"Tavares",303
LU,"Lima",299
LU,"Neves",279
LU,"Thill",278
LU,"Nunes",272
LU,"Klein",267
LU,"Da Costa",265
LU,"Machado",264
LU,"Ramos",263
LU,"Lux",261
LU,"Maria",241
LU,"Becker",241
LU,"Barbosa",237
LU,"Schmitz",236
LU,"Simoes",235
LU,"Manuel",231
LU,"Schroeder",226
LU,"Antunes",220
LU,"Schneider",220
LU,"Fonseca",213
LU,"Pires",212
LU,"Cruz",210
LU,"Cunha",204
LU,"Andrade",202
LU,"Matos",200
LU,"Simon",198
LU,"Reuter",196
LU,"Meyer",192
LU,"Borges",190
LU,"Kieffer",186
LU,"Miguel",185
LU,"Delgado",182
LU,"Reis",181
LU,"David",174
LU,"Freitas",174
LU,"Antonio",172
LU,"Martin",168
LU,"Jose",162
LU,"Weis",162
LU,"Paulo",157
LU,"Faber",157
LU,"Daniel",151
LU,"Kremer",151
LU,"Batista",151
LU,"Carlos",150
LU,"Mota",149
LU,"Welter",149
LU,"Hansen",148
LU,"Adrovic",147
LU,"Schiltz",147
LU,"Steffen",147
LU,"Gaspar",146
LU,"Araujo",146
LU,"Braun",146
LU,"Ries",146
LU,"Miranda",145
LU,"Morais",144
LU,"Majerus",143
LU,"Pedro",140
LU,"Krier",138
LU,"Schmitt",138
LU,"Mike",137
LU,"Barros",137
LU,"Coelho",136
LU,"Müller",136
LU,"Patrick",134
LU,"Castro",134
LU,"Filipe",133
LU,"Jorge",133
LU,"Meyers",133
LU,"De Sousa",130
LU,"Steve",126
LU,"Varela",123
LU,"Marc",122
LU,"Afonso",122
LU,"Fortes",122
LU,"Garcia",122
LU,"Nogueira",121
LU,"Semedo",121
LU,"Rosa",120
LU,"Brito",120
LU,"Figueiredo",120
LU,"Reding",117
LU,"Kevin",115
LU,"Michel",115
LU,"Pinheiro",115
LU,"Sabotic",113
LU,"Kirsch",112
LU,"Azevedo",112
LU,"Wagener",111
LU,"Jesus",110
LU,"Diederich",109
LU,"Skrijelj",107
LU,"Luis",106
LU,"Loureiro",106
LU,"Henriques",102
LU,"Scholtes",102
LU,"Fischer",101
LU,"Theis",99
LU,"Melo",99
LU,"Zimmer",99
LU,"Da Cruz",97
LU,"Flammang",97
LU,"Bastos",96
LU,"Fernando",94
LU,"Alexandre",94
LU,"Theisen",94
LU,"Sandra",93
LU,"Schumacher",93
LU,"Magalhaes",92
LU,"Diallo",92
LU,"Peiffer",92
LU,"Macedo",91
LU,"Faria",91
LU,"Kayser",91
LU,"Abreu",91
LU,"Back",91
LU,"Jung",91
LU,"Claude",90
LU,"Marinho",88
LU,"Rastoder",88
LU,"Campos",88
LU,"Christian",87
LU,"Lucas",87
LU,"Bernard",87
LU,"Li",87
LU,"Marco",86
LU,"Wolff",85
LU,"Frank",85
LU,"Valente",85
LU,"Cabral",85
LU,"Peters",84
LU,"Joao",83
LU,"Esteves",83
LU,"Andre",81
LU,"Laurent",81
LU,"Smith",81
LU,"Wang",81
LU,"Jacoby",81
LU,"Goedert",81
LU,"Dinis",80
LU,"Maia",80
LU,"Lentz",80
LU,"Huberty",79
LU,"Molitor",79
LU,"Francisco",78
LU,"Haas",78
LU,"Georges",78
LU,"Michels",78
LU,"Clement",78
LU,"Pierre",77
LU,"Goergen",77
LU,"Paul",76
LU,"Leite",76
LU,"De Oliveira",75
LU,"Rodriguez",75
LU,"Marx",75
LU,"Tom",74
LU,"Hermes",74
LU,"Muratovic",74
LU,"Thomas",74
LU,"Robert",73
LU,"Olinger",73
LU,"Bruno",72
LU,"André",71
LU,"Schmidt",71
LU,"Licina",70
LU,"Furtado",70
LU,"Koch",70
LU,"Barroso",70
LU,"Heinen",70
LU,"Moura",69
LU,"Chen",69
LU,"Wirtz",69
LU,"Nilles",69
LU,"Mersch",69
LU,"Pina",68
LU,"Mathieu",68
LU,"Lopez",68
LU,"Sofia",67
LU,"Alex",67
LU,"Christophe",67
LU,"Vaz",67
LU,"Dupont",67
LU,"Decker",67
LU,"Amorim",66
LU,"Torres",66
LU,"Beck",66
LU,"Guedes",66
LU,"Lanners",66
LU,"Schwartz",66
LU,"Isabel",65
LU,"Diogo",65
LU,"Berg",65
LU,"Coimbra",65
LU,"Dostert",65
LU,"Adam",65
LU,"Matias",65
LU,"Agovic",64
LU,"Lee",64
LU,"Leal",64
LU,"Lourenco",64
LU,"Ma",63
LU,"Paiva",63
LU,"Lourenço",63
LU,"Weiler",63
LU,"Engel",63
LU,"Zhang",63
LU,"Linden",63
LU,"Ney",63
LU,"Ricardo",62
LU,"Lang",62
LU,"Da Luz",62
LU,"Gengler",62
LU,"Pauly",62
LU,"Bertemes",61
LU,"Ventura",61
LU,"Carneiro",61
LU,"Nascimento",61
LU,"Baptista",61
LU,"Kim",61
LU,"Neto",61
LU,"Arendt",61
LU,"Rausch",61
LU,"Raach",60
LU,"Rossi",60
LU,"Bento",60
LU,"Kohl",60
LU,"Feller",60
LU,"Schintgen",60
LU,"Patricia",59
LU,"Nathalie",59
LU,"Balde",59
LU,"Louis",59
LU,"Alain",58
LU,"Lambert",58
LU,"Philippe",58
LU,"Biver",58
LU,"Gouveia",58
LU,"Liu",58
LU,"Amaral",58
LU,"Seyler",58
LU,"De Almeida",58
LU,"Filipa",57
LU,"Luc",57
LU,"Felten",57
LU,"Gillen",57
LU,"Sa",57
LU,"Domingues",57
LU,"Nico",56
LU,"Muric",56
LU,"Antony",56
LU,"Fischbach",56
LU,"Cristina",55
LU,"Paula",55
LU,"Pedrosa",55
LU,"Reinert",55
LU,"Erpelding",55
LU,"Jean",54
LU,"Nicolas",54
LU,"Simões",54
LU,"Wolter",54
LU,"Thoma",54
LU,"Sampaio",54
LU,"Ds",54
LU,"Marie",53
LU,"Medina",53
LU,"Cordeiro",53
LU,"Bausch",53
LU,"Mangen",53
LU,"Tiago",52
LU,"Ben",52
LU,"Muhovic",52
LU,"Neu",52
LU,"De Jesus",52
LU,"Toussaint",52
LU,"Joe",51
LU,"Luxembourg",51
LU,"Kaiser",51
LU,"Wolf",51
LU,"Schaack",51
LU,"Schreiner",51
LU,"Santana",51
LU,"Grethen",51
LU,"Victor",50
LU,"Pascal",50
LU,"Gilles",50
LU,"Scheer",50
LU,"Weyland",50
LU,"Sanches",50
LU,"Souza",50
LU,"Steinmetz",50
LU,"Backes",50
LU,"Guy",49
LU,"Yves",49
LU,"Branco",49
LU,"Fernandez",49
LU,"Dahm",49
LU,"Domingos",49
LU,"Wampach",49
LU,"Putz",49
LU,"Dos Reis",49
LU,"Risch",49
LU,"Lamesch",49
LU,"Heck",49
LU,"Ali",48
LU,"Rebelo",48
LU,"Thein",48
LU,"Paulus",48
LU,"Veiga",48
LU,"Junior",47
LU,"Nuno",47
LU,"Moreno",47
LU,"Osmanovic",47
LU,"Zeimet",47
LU,"Pinho",47
LU,"Peixoto",47
LU,"Arend",47
LU,"José",46
LU,"Sam",46
LU,"Rui",46
LU,"Kocan",46
LU,"Martinez",46
LU,"Kneip",46
LU,"Nguyen",46
LU,"Rollinger",46
LU,"Lorang",46
LU,"Jeff",45
LU,"Francois",45
LU,"Guillaume",45
LU,"Grün",45
LU,"Schartz",45
LU,"Fatima",44
LU,"Ana",44
LU,"Andy",44
LU,"Alexandra",44
LU,"Chris",44
LU,"Veloso",44
LU,"May",44
LU,"Pütz",44
LU,"Schuster",44
LU,"Reichling",44
LU,"Hilbert",44
LU,"Ruppert",44
LU,"Sven",43
LU,"Skenderovic",43
LU,"Roland",43
LU,"Gerard",43
LU,"Jacques",43
LU,"Dany",43
LU,"Ramdedovic",43
LU,"Durakovic",43
LU,"Richard",43
LU,"Schaus",43
LU,"Schanen",43
LU,"Sequeira",43
LU,"Berchem",43
LU,"Roth",43
LU,"Frisch",43
LU,"Schuller",43
LU,"Abrantes",43
LU,"Joaquim",42
MA,"El",286793
MA,"Rajawi",87407
MA,"Mohamed",80399
MA,"Simo",57186
MA,"Ben",50810
MA,"Abdo",47934
MA,"Fati",45399
MA,"Said",39105
MA,"Rachid",35566
MA,"Alaoui",34971
MA,"Amine",32682
MA,"Ali",32089
MA,"Hassan",31992
MA,"Ahmed",31832
MA,"Kech",29465
MA,"Youssef",29446
MA,"Aziz",27417
MA,"Karim",27143
MA,"Tazi",26799
MA,"Kamal",26053
MA,"Wac",25834
MA,"Ell",25729
MA,"Alami",25473
MA,"Idrissi",25324
MA,"Adam",24874
MA,"Ayoub",24658
MA,"Med",24245
MA,"Hamza",23926
MA,"Raja",23842
MA,"Hicham",23752
MA,"Malak",23628
MA,"Khalid",23259
MA,"Fleur",22939
MA,"Khadija",21633
MA,"Fatima",21631
MA,"Amin",21412
MA,"Omar",21040
MA,"Widadi",21036
MA,"Mks",19612
MA,"Nour",19428
MA,"Hamid",19355
MA,"Yassine",19174
MA,"Rifi",18804
MA,"Tanjawi",18728
MA,"Agadir",18500
MA,"Brahim",18285
MA,"Madrid",18212
MA,"Jamal",16336
MA,"Zahra",15712
MA,"Ch",15708
MA,"Tanger",15689
MA,"Tahiri",15307
MA,"Sara",15293
MA,"Salma",15151
MA,"Rayan",15135
MA,"Sh",14862
MA,"Maroc",14163
MA,"Mohammed",13924
MA,"Adil",13639
MA,"Amal",13512
MA,"Abdou",13427
MA,"Yassin",13321
MA,"Rami",13299
MA,"Naji",13275
MA,"Fes",13122
MA,"Saad",12856
MA,"Male",12820
MA,"Mohamad",12690
MA,"Salhi",12578
MA,"Ahmad",12471
MA,"Ma",12293
MA,"Sabir",11896
MA,"Salah",11848
MA,"Aya",11842
MA,"Ddg",11821
MA,"Hb",11766
MA,"Nada",11764
MA,"Amrani",11745
MA,"Bilal",11702
MA,"Rida",11500
MA,"Samir",11469
MA,"Hm",11344
MA,"Hiba",11335
MA,"Farah",11299
MA,"None",11140
MA,"Ab",11108
MA,"Yahya",11091
MA,"Amir",11063
MA,"Casa",11043
MA,"Bennani",11025
MA,"Saidi",11024
MA,"Nador",10960
MA,"Soso",10868
MA,"Jawad",10843
MA,"Chakir",10787
MA,"Anas",10756
MA,"Nabil",10728
MA,"Oujda",10656
MA,"Zaki",10509
MA,"Hd",10285
MA,"Flour",10177
MA,"Hajar",10153
MA,"Mehdi",10115
MA,"Rajawiya",10112
MA,"Zwina",10098
MA,"Bn",10078
MA,"Filali",9965
MA,"Imane",9924
MA,"Mustapha",9910
MA,"Sami",9899
MA,"Benani",9843
MA,"Amira",9599
MA,"Dahbi",9555
MA,"Anwar",9551
MA,"Rif",9451
MA,"Khalil",9446
MA,"Madridi",9396
MA,"Sarita",9384
MA,"Zizo",9360
MA,"Amina",9213
MA,"Maryam",9167
MA,"Hanan",9158
MA,"Reda",9154
MA,"Driss",9143
MA,"De",9110
MA,"Solo",8997
MA,"Walid",8986
MA,"Koko",8860
MA,"Sabri",8839
MA,"Alawi",8826
MA,"Berrada",8799
MA,"Salim",8768
MA,"Hafid",8752
MA,"Achraf",8688
MA,"Slimani",8304
MA,"Tarik",8265
MA,"Ait",8244
MA,"Radi",8233
MA,"Zakaria",8233
MA,"Kh",8213
MA,"El Idrissi",8140
MA,"Kawtar",8137
MA,"Karam",8116
MA,"Gb",8077
MA,"Daoudi",8072
MA,"Siham",8047
MA,"Fathi",8028
MA,"Hakim",7948
MA,"Marwa",7777
MA,"Bnani",7762
MA,"Bel",7689
MA,"Amazigh",7621
MA,"Ana",7606
MA,"Oussama",7604
MA,"Bakkali",7564
MA,"Morad",7557
MA,"Ismail",7461
MA,"Jalal",7452
MA,"Hajji",7450
MA,"Rca",7432
MA,"Talbi",7379
MA,"Mostafa",7374
MA,"Abdellah",7299
MA,"Sahara",7241
MA,"Nizar",7232
MA,"Bou",7204
MA,"Ahlam",7126
MA,"Ayman",7119
MA,"Houda",7100
MA,"Moha",7037
MA,"Nouri",7022
MA,"Nassiri",6967
MA,"Badr",6960
MA,"Mansouri",6920
MA,"Ed",6912
MA,"Zin",6887
MA,"Taha",6878
MA,"Hasan",6874
MA,"Al",6867
MA,"Mounir",6862
MA,"Salam",6703
MA,"Hayat",6676
MA,"Salmi",6648
MA,"Fadili",6637
MA,"Imad",6621
MA,"Lokita",6593
MA,"Bk",6585
MA,"Khan",6545
MA,"Nasiri",6537
MA,"Safi",6516
MA,"Mamaha",6495
MA,"Mourad",6463
MA,"Ha",6407
MA,"Raji",6359
MA,"Saber",6292
MA,"Bm",6280
MA,"Ikram",6247
MA,"Rachidi",6244
MA,"Mh",6224
MA,"Crayzi",6184
MA,"Omari",6147
MA,"Marwan",6135
MA,"Tanjawiya",6124
MA,"Samira",6100
MA,"Banani",6098
MA,"Chahid",6072
MA,"Rafik",6044
MA,"Karima",6020
MA,"Fadil",5992
MA,"Rochdi",5982
MA,"Farid",5946
MA,"Lahlou",5943
MA,"Aicha",5940
MA,"Hanane",5927
MA,"Lotfi",5919
MA,"Younes",5862
MA,"El Alaoui",5842
MA,"Nadia",5825
MA,"Warda",5741
MA,"Youness",5741
MA,"Tetouani",5731
MA,"Momo",5728
MA,"Amzil",5680
MA,"Wardi",5680
MA,"Ilham",5675
MA,"Nor",5665
MA,"Barca",5665
MA,"Sbai",5664
MA,"Fouad",5659
MA,"Zahir",5623
MA,"Mo",5620
MA,"Ll",5606
MA,"Bl",5604
MA,"Kacm",5598
MA,"Ziko",5594
MA,"Bella",5592
MA,"Abid",5586
MA,"Azizi",5565
MA,"Hassani",5539
MA,"Sadik",5484
MA,"Belhaj",5466
MA,"Wapita",5464
MA,"Abde",5450
MA,"Mahbola",5437
MA,"Hilali",5426
MA,"Lina",5423
MA,"Wydadi",5403
MA,"Rofix",5340
MA,"Laila",5339
MA,"Mido",5336
MA,"Zineb",5317
MA,"Iman",5304
MA,"Dawdi",5302
MA,"Sanae",5298
MA,"Naciri",5295
MA,"Rifiya",5291
MA,"Lwardi",5277
MA,"Charaf",5264
MA,"Haji",5260
MA,"Anass",5235
MA,"Az",5229
MA,"Bakali",5222
MA,"Lolo",5218
MA,"Mahdi",5206
MA,"Hamdi",5201
MA,"Ad",5139
MA,"Ba",5082
MA,"Fikri",5065
MA,"Naima",5053
MA,"El Amrani",5047
MA,"Kadiri",5033
MA,"Na",5024
MA,"Baba",5017
MA,"Hafidi",5007
MA,"Hayati",4958
MA,"Loka",4946
MA,"Dahmani",4937
MA,"Hatim",4937
MA,"La",4882
MA,"Lwidadi",4876
MA,"Bouchra",4874
MA,"Ziani",4838
MA,"Mohamd",4821
MA,"Zine",4821
MA,"Hadi",4816
MA,"Larache",4797
MA,"Majid",4787
MA,"Trt",4781
MA,"Sa",4773
MA,"Chrif",4771
MA,"Brada",4747
MA,"Kozan",4729
MA,"Ra",4724
MA,"Malki",4723
MA,"Rajaoui",4717
MA,"Widad",4705
MA,"Titiza",4692
MA,"Fatiha",4676
MA,"Ilyas",4670
MA,"Fbs",4667
MA,"Mery",4647
MA,"Cherkaoui",4604
MA,"Ibrahim",4596
MA,"Souad",4596
MA,"Nafsi",4591
MA,"Hind",4590
MA,"Aarab",4570
MA,"Abdel",4547
MA,"Loco",4484
MA,"Ds",4482
MA,"Chamali",4464
MA,"Jamila",4443
MA,"Oujdi",4441
MA,"Issam",4409
MA,"Nadir",4405
MA,"Ibrahimi",4400
MA,"Lahcen",4397
MA,"Najib",4390
MA,"Abd",4373
MA,"Mansour",4372
MA,"Smail",4350
MA,"Lola",4339
MA,"Malika",4335
MA,"Mimi",4315
MA,"Habibi",4303
MA,"Mohmed",4294
MA,"Saida",4294
MA,"Mc",4290
MA,"Barada",4276
MA,"Ilyass",4273
MA,"Janat",4271
MA,"Akram",4263
MA,"Mohmad",4254
MA,"Manar",4250
MA,"Islam",4239
MA,"Sahrawi",4228
MA,"Female",4219
MA,"Hamada",4217
MA,"Soufiane",4202
MA,"Da",4201
MA,"Chafik",4183
MA,"Dak",4182
MA,"Kassimi",4173
MA,"Sghir",4171
MA,"Hbibha",4170
MA,"Flor",4164
MA,"Otman",4143
MA,"Benali",4125
MA,"Don",4115
MA,"Fahmi",4115
MA,"Choukri",4109
MA,"Rim",4107
MA,"Noura",4078
MA,"Latifa",4071
MA,"Asmae",4062
MA,"Hanona",4061
MA,"Ar",4051
MA,"Rabat",4031
MA,"Idrisi",3976
MA,"El Alami",3974
MA,"Ramzi",3967
MA,"Slawi",3963
MA,"Wins",3946
MA,"Wahbi",3937
MA,"Rahim",3922
MA,"Moussa",3919
MA,"Rh",3913
MA,"Nawal",3909
MA,"Chaoui",3908
MA,"Mari",3906
MA,"Hilal",3898
MA,"Lachhab",3889
MA,"Mk",3889
MA,"Moussaoui",3875
MA,"Karimi",3872
MA,"Moslim",3865
MA,"Faris",3857
MA,"Ej",3856
MA,"Manal",3854
MA,"Dh",3853
MA,"You",3852
MA,"Amghar",3845
MA,"Lara",3828
MA,"Hachimi",3819
MA,"Chokri",3816
MA,"Naim",3808
MA,"Nina",3805
MA,"Nora",3804
MA,"Dija",3795
MA,"Yassir",3794
MA,"Touil",3792
MA,"Arifi",3790
MA,"Eddine",3788
MA,"Hbibto",3773
MA,"Taza",3768
MA,"Marrakech",3766
MA,"Elle",3743
MA,"Nadori",3742
MA,"Safae",3739
MA,"Rajawia",3729
MX,"Hernandez",260213
MX,"Garcia",208026
MX,"Martinez",194401
MX,"Lopez",187792
MX,"Gonzalez",141262
MX,"Rodriguez",140688
MX,"Perez",134474
MX,"Sanchez",123165
MX,"Ramirez",114305
MX,"Flores",100339
MX,"Torres",84822
MX,"Cruz",77420
MX,"Morales",75957
MX,"Reyes",75604
MX,"Gomez",71145
MX,"Mendoza",61891
MX,"Vazquez",59713
MX,"Diaz",57219
MX,"Hernández",55277
MX,"Castillo",55201
MX,"Ruiz",53209
MX,"Aguilar",52803
MX,"Ortiz",49100
MX,"Jimenez",48873
MX,"Gutierrez",48307
MX,"Rivera",47590
MX,"Romero",47301
MX,"Moreno",45775
MX,"Ramos",41495
MX,"Medina",41222
MX,"Alvarez",40758
MX,"Herrera",39513
MX,"Mendez",38240
MX,"Castro",37897
MX,"Chavez",36932
MX,"Luna",36339
MX,"Contreras",33827
MX,"Juarez",33788
MX,"García",33252
MX,"Salazar",32579
MX,"Vargas",32300
MX,"González",32068
MX,"López",31786
MX,"Martínez",31111
MX,"Rojas",30932
MX,"Muñoz",30562
MX,"Estrada",29626
MX,"Ortega",28937
MX,"Rodríguez",28136
MX,"Dominguez",27806
MX,"Soto",27805
MX,"Guzman",27547
MX,"Guerrero",27407
MX,"Sánchez",25829
MX,"Alvarado",25441
MX,"Lara",24713
MX,"Espinoza",24516
MX,"Vega",24462
MX,"Carrillo",23852
MX,"Velazquez",22823
MX,"Gonzales",22055
MX,"Sandoval",21976
MX,"Cervantes",21490
MX,"Avila",21409
MX,"Rios",21334
MX,"Valdez",21272
MX,"Ibarra",20853
MX,"Delgado",20676
MX,"Solis",20468
MX,"Campos",20209
MX,"Acosta",19781
MX,"Silva",19496
MX,"Santiago",19380
MX,"Valenzuela",19380
MX,"Cortes",19240
MX,"Bautista",19203
MX,"Marquez",19193
MX,"Santos",18990
MX,"Pérez",18925
MX,"Camacho",18882
MX,"Rosas",18882
MX,"Ramírez",18489
MX,"Robles",18375
MX,"Fernandez",18143
MX,"Miranda",17648
MX,"Maldonado",17599
MX,"Molina",16919
MX,"Navarro",16854
MX,"Leon",16842
MX,"Salas",16764
MX,"Pacheco",16649
MX,"Rosales",16594
MX,"Nava",16532
MX,"Peña",16404
MX,"Valencia",16079
MX,"Ochoa",15966
MX,"Cabrera",15879
MX,"Aguirre",15728
MX,"Nuñez",15568
MX,"Rangel",15280
MX,"De La Cruz",15186
MX,"Fuentes",15162
MX,"Mejia",15122
MX,"Meza",15055
MX,"Trejo",15001
MX,"Mora",14943
MX,"Padilla",14786
MX,"Castañeda",14695
MX,"Huerta",14652
MX,"Jiménez",14382
MX,"Beltran",14270
MX,"Ayala",14187
MX,"Arellano",14059
MX,"Zamora",13974
MX,"Olvera",13686
MX,"Orozco",13534
MX,"Andrade",13474
MX,"Villa",13448
MX,"Gómez",13344
MX,"Sosa",13206
MX,"Montes",12960
MX,"Tapia",12941
MX,"Cardenas",12762
MX,"Duran",12758
MX,"Zavala",12672
MX,"Corona",12619
MX,"Palacios",12479
MX,"Cortez",12473
MX,"Salinas",12416
MX,"Villanueva",12398
MX,"Serrano",12188
MX,"Figueroa",12181
MX,"Macias",12136
MX,"Villegas",12134
MX,"Ponce",12113
MX,"Lozano",11824
MX,"Zuñiga",11614
MX,"Gallegos",11606
MX,"Quintero",11521
MX,"Franco",11498
MX,"Gutiérrez",11344
MX,"Vázquez",11265
MX,"Vasquez",10965
MX,"Espinosa",10924
MX,"Trujillo",10805
MX,"Rocha",10758
MX,"Galindo",10725
MX,"Suarez",10647
MX,"Barrera",10550
MX,"Alonso",10525
MX,"Bernal",10409
MX,"Parra",10407
MX,"Leyva",10294
MX,"Esquivel",10206
MX,"Montoya",10177
MX,"Escobar",10161
MX,"Calderon",9994
MX,"Antonio",9938
MX,"Galvan",9925
MX,"Marin",9914
MX,"Rivas",9907
MX,"Carmona",9902
MX,"Rubio",9878
MX,"Felix",9846
MX,"Bravo",9659
MX,"Esparza",9534
MX,"Pineda",9423
MX,"Cuevas",9250
MX,"Cano",9079
MX,"Mata",8893
MX,"Mtz",8875
MX,"Duarte",8858
MX,"Arias",8804
MX,"Garza",8797
MX,"Cisneros",8679
MX,"Guevara",8638
MX,"Peralta",8563
MX,"Osorio",8516
MX,"Villalobos",8441
MX,"Gallardo",8424
MX,"Salgado",8400
MX,"Zapata",8332
MX,"Montiel",8281
MX,"Murillo",8226
MX,"Saucedo",8201
MX,"Martines",8167
MX,"Lugo",8120
MX,"Tovar",8070
MX,"Sanches",8030
MX,"Avalos",7989
MX,"Hernandes",7982
MX,"Guzmán",7941
MX,"Benitez",7814
MX,"Quiroz",7781
MX,"Vera",7677
MX,"Díaz",7651
MX,"Resendiz",7566
MX,"De La Rosa",7433
MX,"Cordova",7380
MX,"Velasco",7377
MX,"Tellez",7313
MX,"Roman",7212
MX,"Olivares",7188
MX,"Leal",7143
MX,"Santana",7119
MX,"Zepeda",7097
MX,"Zarate",7081
MX,"Enriquez",7051
MX,"Escobedo",6992
MX,"Arroyo",6929
MX,"Angel",6857
MX,"Guerra",6770
MX,"Barajas",6767
MX,"Villarreal",6730
MX,"Navarrete",6730
MX,"Reyna",6677
MX,"Fernández",6608
MX,"Medrano",6535
MX,"Chan",6500
MX,"Blanco",6427
MX,"Paredes",6426
MX,"Segura",6393
MX,"Armenta",6338
MX,"Castellanos",6331
MX,"Coronado",6314
MX,"Saldaña",6304
MX,"Ojeda",6164
MX,"Hdz",6071
MX,"Amador",6031
MX,"Osuna",6020
MX,"Chávez",6001
MX,"Balderas",5998
MX,"Caballero",5966
MX,"Aguilera",5964
MX,"Davila",5947
MX,"Uribe",5932
MX,"Méndez",5884
MX,"Solano",5816
MX,"Juárez",5766
MX,"Magaña",5754
MX,"Rico",5748
MX,"Gamez",5702
MX,"Piña",5671
MX,"Escalante",5642
MX,"Romo",5620
MX,"Gil",5619
MX,"De Jesus",5570
MX,"Bonilla",5535
MX,"Arriaga",5510
MX,"Nieto",5505
MX,"Montero",5483
MX,"Pech",5464
MX,"Angeles",5416
MX,"Arredondo",5347
MX,"Acevedo",5342
MX,"Mercado",5341
MX,"Palma",5301
MX,"Varela",5295
MX,"Carrasco",5295
MX,"Bustamante",5293
MX,"Guillen",5278
MX,"Montalvo",5275
MX,"Granados",5253
MX,"Baez",5246
MX,"Islas",5241
MX,"Becerra",5202
MX,"Najera",5202
MX,"Ventura",5183
MX,"Quintana",5177
MX,"Arreola",5163
MX,"Rodrigues",5130
MX,"Jaramillo",5091
MX,"Gamboa",5090
MX,"Yañez",5067
MX,"Ocampo",5067
MX,"De Leon",5034
MX,"Barrios",5030
MX,"Alfaro",5029
MX,"Sierra",5004
MX,"Barraza",5000
MX,"Portillo",4973
MX,"Gaytan",4972
MX,"Carrera",4922
MX,"Carbajal",4908
MX,"Arteaga",4893
MX,"Luis",4875
MX,"Ontiveros",4866
MX,"Vidal",4862
MX,"Del Angel",4862
MX,"Monroy",4859
MX,"Hurtado",4857
MX,"Melendez",4841
MX,"León",4835
MX,"Anaya",4826
MX,"Domínguez",4825
MX,"Cota",4823
MX,"Venegas",4809
MX,"Barron",4805
MX,"Renteria",4798
MX,"Toledo",4775
MX,"Valle",4770
MX,"Olivas",4765
MX,"Escamilla",4763
MX,"Alberto",4758
MX,"Alarcon",4732
MX,"Arce",4727
MX,"Carranza",4718
MX,"Manuel",4712
MX,"Ramires",4711
MX,"Alejandro",4710
MX,"Cordero",4699
MX,"May",4687
MX,"Arenas",4677
MX,"Estrella",4656
MX,"Peres",4629
MX,"Cazares",4565
MX,"Lizarraga",4558
MX,"Valdes",4551
MX,"Lira",4550
MX,"Sotelo",4538
MX,"Casillas",4494
MX,"Canul",4488
MX,"Martin",4445
MX,"Paz",4440
MX,"Quezada",4411
MX,"Hdez",4411
MX,"Aranda",4396
MX,"Mena",4383
MX,"Mar",4375
MX,"Carlos",4351
MX,"Mota",4327
MX,"Altamirano",4235
MX,"Rendon",4177
MX,"Ceballos",4170
MX,"Zamudio",4170
MX,"Moran",4167
MX,"Lopes",4162
MX,"Saenz",4153
MX,"Mondragon",4151
MX,"Velázquez",4126
MX,"Galicia",4114
MX,"Araujo",4106
MX,"Noriega",4095
MX,"Álvarez",4082
MX,"Linares",4036
MX,"Rm",4033
MX,"Briones",4023
MX,"Aviles",4004
MX,"Zaragoza",4002
MX,"De La Torre",3987
MX,"Gastelum",3975
MX,"Fonseca",3973
MX,"Corral",3963
MX,"Valadez",3961
MX,"Barragan",3951
MX,"Prado",3931
MX,"Glez",3928
MX,"Saavedra",3922
MX,"Soriano",3914
MX,"Casas",3904
MX,"Gonsalez",3831
MX,"Montaño",3818
MX,"Vela",3817
MX,"Anguiano",3793
MX,"Correa",3791
MX,"Jasso",3780
MX,"Pulido",3765
MX,"Treviño",3745
MX,"Angulo",3730
MX,"Vallejo",3727
MX,"Cardona",3725
MX,"Garduño",3718
MX,"Covarrubias",3716
MX,"Santillan",3702
MX,"Olguin",3685
MX,"Landa",3669
MX,"Francisco",3657
MX,"Robledo",3649
MX,"Ledezma",3640
MX,"Espino",3640
MX,"Márquez",3635
MX,"Heredia",3613
MX,"Mireles",3593
MX,"Aleman",3586
MX,"Madrigal",3586
MX,"Gomes",3582
MX,"Cortés",3574
MX,"Maya",3572
MX,"Galvez",3565
MX,"Torrez",3563
MX,"Muñiz",3552
MX,"Hernandez Hernandez",3551
MX,"Daniel",3550
MX,"Hernadez",3549
MX,"Guadalupe",3539
MX,"Amaya",3535
MX,"Rojo",3531
MX,"Pedraza",3510
MX,"Rg",3496
MX,"Bello",3492
MY,"Tan",103495
MY,"Lee",97345
MY,"Lim",86709
MY,"Wong",70643
MY,"Ahmad",64894
MY,"Ismail",59157
MY,"Ng",52777
MY,"Abdullah",46954
MY,"Chong",40316
MY,"Ali",37855
MY,"Chan",34653
MY,"Ibrahim",32412
MY,"Khan",28518
MY,"Chin",26323
MY,"Ong",26209
MY,"Yap",25104
MY,"Hassan",24567
MY,"Rahman",24015
MY,"Othman",23352
MY,"Aziz",23196
MY,"Kumar",22800
MY,"Mohamad",21414
MY,"Yong",21404
MY,"Man",21322
MY,"Hashim",20274
MY,"Yusof",19919
MY,"Low",19492
MY,"Shah",19486
MY,"Goh",19298
MY,"Wan",18973
MY,"Leong",18712
MY,"Zakaria",18661
MY,"Liew",18140
MY,"Omar",17798
MY,"Ramli",17424
MY,"Lai",17331
MY,"Mohd",17124
MY,"Din",17108
MY,"Salleh",15850
MY,"Ling",15492
MY,"Nizam",15100
MY,"Lau",14874
MY,"Ho",14677
MY,"Azmi",14194
MY,"Chai",13867
MY,"Amin",13862
MY,"Sulaiman",13779
MY,"Hamid",13550
MY,"Islam",13495
MY,"Aiman",13492
MY,"Firdaus",13447
MY,"Loh",13420
MY,"Rahim",13256
MY,"Hakim",13174
MY,"Hafiz",13054
MY,"Mohamed",12881
MY,"Chew",12688
MY,"Ooi",12573
MY,"Raj",12481
MY,"Yee",12338
MY,"Ishak",12217
MY,"Chua",12012
MY,"Anuar",11950
MY,"Harun",11815
MY,"Ang",11784
MY,"Azman",11781
MY,"Yusoff",11653
MY,"Hamzah",11633
MY,"Osman",11374
MY,"Teh",11341
MY,"Zainal",11335
MY,"Muhammad",11054
MY,"Adam",10956
MY,"Chen",10885
MY,"Abu Bakar",10733
MY,"Hasan",10713
MY,"Razak",10538
MY,"Gan",10499
MY,"Idris",10440
MY,"Lan",10217
MY,"Tang",10214
MY,"Rosli",10149
MY,"Nasir",10147
MY,"Nordin",10098
MY,"Lin",10076
MY,"Daud",9976
MY,"Kong",9905
MY,"Awang",9855
MY,"Chia",9752
MY,"Jaafar",9743
MY,"Chang",9672
MY,"Tee",9645
MY,"Razali",9619
MY,"Amir",9546
MY,"Koh",9516
MY,"Halim",9512
MY,"Rashid",9500
MY,"Mat",9477
MY,"Teo",9458
MY,"Azhar",9310
MY,"Nor",9169
MY,"Teoh",9163
MY,"Putra",9014
MY,"Hussin",8812
MY,"Sim",8807
MY,"Yahya",8745
MY,"Saad",8740
MY,"Hong",8674
MY,"Singh",8656
MY,"Alias",8630
MY,"Ain",8602
MY,"Ting",8580
MY,"Musa",8538
MY,"Khoo",8519
MY,"Kamal",8505
MY,"Ariffin",8327
MY,"Bakar",8313
MY,"Haikal",8294
MY,"Cheng",8278
MY,"Zulkifli",8145
MY,"Foo",8129
MY,"Hossain",8104
MY,"Sam",8098
MY,"Choo",8070
MY,"Loo",7934
MY,"Said",7869
MY,"Wahab",7865
MY,"Fong",7836
MY,"Zul",7835
MY,"Cheong",7819
MY,"Roslan",7770
MY,"Rizal",7733
MY,"Mamat",7580
MY,"Ana",7552
MY,"Arif",7380
MY,"Heng",7344
MY,"Akmal",7342
MY,"Pang",7340
MY,"Nur",7282
MY,"Tay",7275
MY,"Wei",7272
MY,"Cheah",7148
MY,"Syafiq",7145
MY,"Chee",7139
MY,"Wati",7100
MY,"Faiz",7088
MY,"John",7083
MY,"Faizal",7037
MY,"Mansor",7036
MY,"Noor",7034
MY,"Min",6946
MY,"Law",6839
MY,"Fauzi",6785
MY,"Hakimi",6764
MY,"Yan",6725
MY,"Joe",6690
MY,"Mohammad",6651
MY,"Lam",6636
MY,"Ghazali",6633
MY,"Aisyah",6606
MY,"Daniel",6573
MY,"Ina",6541
MY,"Danial",6536
MY,"Iman",6478
MY,"Isa",6475
MY,"Muhamad",6460
MY,"Subramaniam",6456
MY,"Chow",6443
MY,"Abd Rahman",6438
MY,"Iskandar",6418
MY,"Adnan",6411
MY,"Yeoh",6269
MY,"Nazri",6234
MY,"Johari",6233
MY,"Sham",6200
MY,"Mustafa",6190
MY,"Asyraf",6182
MY,"Naim",6156
MY,"Fitri",6133
MY,"Karim",6115
MY,"Ah",6062
MY,"Hidayah",6052
MY,"Haziq",6028
MY,"Salim",5997
MY,"Mokhtar",5993
MY,"Abdul Rahman",5973
MY,"Chung",5963
MY,"Khor",5948
MY,"Farhan",5936
MY,"Irfan",5914
MY,"Tamang",5903
MY,"Jusoh",5887
MY,"Afiq",5866
MY,"Khalid",5838
MY,"King",5827
MY,"Li",5789
MY,"Ani",5758
MY,"Sha",5722
MY,"Hussain",5677
MY,"Husin",5667
MY,"Kok",5627
MY,"Aini",5578
MY,"Suhaimi",5552
MY,"Yunus",5493
MY,"Mie",5453
MY,"Mazlan",5443
MY,"Jamil",5413
MY,"Lina",5386
MY,"Kassim",5383
MY,"Lay",5374
MY,"Zaini",5353
MY,"Yusuf",5329
MY,"Zamri",5321
MY,"Amirul",5293
MY,"Soon",5273
MY,"Majid",5264
MY,"Hadi",5261
MY,"Krishnan",5257
MY,"Ii",5242
MY,"Fahmi",5234
MY,"Ghani",5211
MY,"Raja",5198
MY,"Ida",5161
MY,"Rose",5153
MY,"Kim",5138
MY,"Yaacob",5135
MY,"Yadav",5131
MY,"Jamal",5124
MY,"Azlan",5122
MY,"Soo",5120
MY,"Liza",5102
MY,"Samsudin",5040
MY,"Zam",5029
MY,"Choong",4977
MY,"Yeo",4977
MY,"Love",4958
MY,"Mahmud",4949
MY,"Seng",4926
MY,"Ying",4857
MY,"Hui",4857
MY,"San",4777
MY,"Hisham",4752
MY,"Ching",4741
MY,"Teng",4738
MY,"Yen",4733
MY,"Long",4728
MY,"Han",4713
MY,"Zack",4707
MY,"Aishah",4706
MY,"Syah",4704
MY,"Roy",4700
MY,"Kadir",4678
MY,"Mia",4675
MY,"Magar",4671
MY,"Farhana",4668
MY,"Wee",4668
MY,"Devi",4662
MY,"Hamdan",4627
MY,"Na",4623
MY,"Yahaya",4623
MY,"Saputra",4605
MY,"Najwa",4602
MY,"Amira",4602
MY,"Shaari",4586
MY,"Kamarudin",4573
MY,"Toh",4570
MY,"Jamaludin",4565
MY,"Fikri",4544
MY,"Yang",4531
MY,"Zain",4524
MY,"Sabri",4519
MY,"Rai",4514
MY,"Abu",4496
MY,"Jack",4493
MY,"Husna",4486
MY,"Soh",4476
MY,"Nabila",4471
MY,"Tai",4468
MY,"Arifin",4457
MY,"Asri",4451
MY,"Alam",4447
MY,"Ming",4431
MY,"Rahmat",4428
MY,"Siti",4375
MY,"Eng",4367
MY,"Zaidi",4312
MY,"Zaki",4298
MY,"Talib",4291
MY,"Tham",4290
MY,"Arshad",4287
MY,"Kee",4274
MY,"Izzati",4254
MY,"Ahmed",4247
MY,"Yew",4246
MY,"Siew",4231
MY,"Imran",4217
MY,"Natasha",4216
MY,"Zainuddin",4215
MY,"Sue",4201
MY,"Rana",4193
MY,"Tahir",4193
MY,"Lo",4175
MY,"Abdul",4172
MY,"Yana",4161
MY,"See",4157
MY,"Saleh",4139
MY,"Nadia",4129
MY,"Mohd Noor",4118
MY,"Yu",4095
MY,"Ridzuan",4072
MY,"Kamaruddin",4067
MY,"Tong",4053
MY,"Nana",4048
MY,"Rani",4036
MY,"Danish",4026
MY,"Malik",4019
MY,"Kasim",4010
MY,"Amy",3998
MY,"Su",3979
MY,"Yati",3951
MY,"Bong",3943
MY,"Amran",3925
MY,"Zahari",3914
MY,"Khairul",3908
MY,"Ariff",3907
MY,"Mah",3906
MY,"Hanif",3905
MY,"Nathan",3889
MY,"Wai",3883
MY,"Jalil",3861
MY,"Sani",3854
MY,"Hayati",3842
MY,"Shafiq",3837
MY,"Wen",3836
MY,"Adi",3834
MY,"May",3826
MY,"Yin",3818
MY,"Alif",3817
MY,"Ann",3816
MY,"Mohd Nor",3793
MY,"Kaur",3784
MY,"Azizi",3745
MY,"Ikhwan",3741
MY,"Sharif",3705
MY,"Ma",3705
MY,"Wang",3692
MY,"Azizan",3689
MY,"Balqis",3682
MY,"Chuah",3677
MY,"Linda",3671
MY,"Zai",3666
MY,"Foong",3659
MY,"Fatimah",3645
MY,"Shafie",3645
MY,"Anis",3643
MY,"Comel",3642
MY,"Ashraf",3631
MY,"Alex",3631
MY,"Ayu",3626
MY,"Chu",3622
MY,"Haron",3613
MY,"Anwar",3611
MY,"Lia",3610
MY,"Aida",3595
MY,"Saiful",3591
MY,"Abidin",3591
MY,"Latif",3587
MY,"Muda",3583
MY,"James",3567
MY,"Azam",3560
MY,"Syafiqah",3552
MY,"Diana",3532
MY,"Syazwan",3530
MY,"Azri",3529
MY,"Phang",3528
MY,"Kang",3520
MY,"Farid",3493
MY,"Yi",3468
MY,"Win",3457
MY,"Mei",3454
MY,"Chaudhary",3442
MY,"Hana",3429
MY,"Ram",3425
MY,"Sia",3425
MY,"Ko",3400
MY,"Iqbal",3358
MY,"Haris",3353
MY,"David",3342
MY,"Nair",3337
MY,"Zainudin",3337
MY,"Samad",3335
MY,"Lew",3334
MY,"Izwan",3324
MY,"Huda",3321
MY,"Sari",3320
MY,"Faris",3309
MY,"Sara",3306
MY,"Muniandy",3303
MY,"Amri",3297
MY,"Jun",3281
NL,"Jansen",22746
NL,"De Jong",21308
NL,"De Vries",18798
NL,"Janssen",15504
NL,"Bakker",14860
NL,"Van Dijk",14197
NL,"Van Den Berg",13184
NL,"Visser",12881
NL,"Smit",11709
NL,"Meijer",9818
NL,"De Boer",9718
NL,"Bos",9694
NL,"Mulder",9588
NL,"De Groot",9271
NL,"Hendriks",8279
NL,"Peters",8277
NL,"Vos",8149
NL,"Dekker",7217
NL,"Brouwer",6539
NL,"Van Leeuwen",6504
NL,"De Wit",6445
NL,"Smits",6047
NL,"Dijkstra",6044
NL,"De Graaf",5633
NL,"Jacobs",5299
NL,"Kok",5280
NL,"Vermeulen",5268
NL,"De Haan",4886
NL,"Van Der Meer",4791
NL,"Van Der Linden",4611
NL,"Ali",4594
NL,"De Bruin",4535
NL,"Schouten",4433
NL,"Willems",4401
NL,"Van Den Heuvel",4320
NL,"Van Der Veen",4285
NL,"Van Beek",4237
NL,"Van Den Broek",4208
NL,"Verhoeven",4094
NL,"Maas",4092
NL,"Koster",4045
NL,"Prins",3985
NL,"Hoekstra",3967
NL,"Van Vliet",3960
NL,"De Bruijn",3853
NL,"Blom",3831
NL,"Van Dam",3824
NL,"Huisman",3747
NL,"Kuipers",3682
NL,"Van Der Heijden",3666
NL,"Post",3616
NL,"Peeters",3612
NL,"Van Veen",3517
NL,"Kuiper",3510
NL,"Kramer",3491
NL,"Boer",3447
NL,"Veenstra",3442
NL,"De Jonge",3361
NL,"Scholten",3352
NL,"Martens",3167
NL,"Groen",3149
NL,"Vink",3109
NL,"Van Der Wal",3100
NL,"Koning",3064
NL,"Gerritsen",3063
NL,"Postma",3056
NL,"De Ruiter",3038
NL,"Bosch",3015
NL,"Jonker",2992
NL,"Willemsen",2940
NL,"Van Wijk",2933
NL,"Timmermans",2932
NL,"Evers",2856
NL,"Van Den Brink",2855
NL,"De Vos",2850
NL,"El",2847
NL,"Schipper",2804
NL,"Ahmed",2763
NL,"Van Loon",2746
NL,"Smeets",2744
NL,"Driessen",2740
NL,"De Lange",2739
NL,"Roos",2736
NL,"Groot",2731
NL,"Sanders",2729
NL,"Hermans",2699
NL,"Hofman",2661
NL,"De Koning",2660
NL,"Van Doorn",2654
NL,"Wolters",2623
NL,"Verbeek",2594
NL,"Bosman",2585
NL,"Van Der Laan",2585
NL,"Van De Ven",2579
NL,"Molenaar",2566
NL,"Van Dongen",2564
NL,"De Leeuw",2530
NL,"Kroon",2521
NL,"Mol",2502
NL,"Yilmaz",2490
NL,"Stam",2468
NL,"Muller",2424
NL,"Timmer",2369
NL,"Klein",2363
NL,"Nguyen",2357
NL,"Kuijpers",2331
NL,"Van Den Bosch",2320
NL,"Wouters",2309
NL,"Van Der Velden",2305
NL,"Verhagen",2229
NL,"Van Der Horst",2223
NL,"Vonk",2182
NL,"De Haas",2179
NL,"Koopman",2164
NL,"Schaap",2158
NL,"Stevens",2155
NL,"Vermeer",2147
NL,"Groeneveld",2140
NL,"Mohamed",2135
NL,"Pronk",2124
NL,"Van Der Meulen",2114
NL,"Gerrits",2111
NL,"Snijders",2102
NL,"Dekkers",2098
NL,"Boon",2094
NL,"Versteeg",2060
NL,"Klaassen",2044
NL,"Zijlstra",2041
NL,"Simons",2035
NL,"De Rooij",2015
NL,"Van Rijn",2013
NL,"Bosma",2001
NL,"Damen",1997
NL,"Jager",1990
NL,"Van Es",1974
NL,"Otten",1966
NL,"Aarts",1956
NL,"Smith",1954
NL,"Cornelissen",1929
NL,"Bouwman",1909
NL,"Blok",1874
NL,"Rutten",1872
NL,"Kaya",1862
NL,"De Jager",1855
NL,"Franken",1848
NL,"Roelofs",1848
NL,"Bouman",1846
NL,"Derks",1841
NL,"Chen",1831
NL,"Van Der Velde",1821
NL,"Verhoef",1819
NL,"Verweij",1813
NL,"Van Schaik",1802
NL,"Teunissen",1795
NL,"Derksen",1794
NL,"Zwart",1785
NL,"Arts",1778
NL,"Faber",1775
NL,"Boersma",1771
NL,"Lammers",1770
NL,"Goossens",1764
NL,"Schuurman",1763
NL,"Thijssen",1757
NL,"Baas",1741
NL,"Singh",1737
NL,"Hoek",1734
NL,"Geurts",1728
NL,"Joosten",1724
NL,"Van Eijk",1720
NL,"Brink",1715
NL,"Venema",1709
NL,"Pieters",1706
NL,"Dijk",1691
NL,"Jan",1685
NL,"Van Os",1685
NL,"Visscher",1672
NL,"Van Der Heide",1669
NL,"Wang",1622
NL,"Berg",1619
NL,"Van Rooij",1618
NL,"Wessels",1616
NL,"Brouwers",1612
NL,"Baars",1608
NL,"Hassan",1597
NL,"Kersten",1576
NL,"Wiersma",1568
NL,"Li",1553
NL,"Timmerman",1543
NL,"Van Gils",1540
NL,"Kamphuis",1539
NL,"Amsterdam",1525
NL,"Arends",1525
NL,"Vissers",1524
NL,"Yildiz",1520
NL,"Van Dalen",1508
NL,"Ibrahim",1507
NL,"Demir",1506
NL,"Hartman",1503
NL,"Tromp",1498
NL,"Khan",1490
NL,"Buijs",1482
NL,"Van Den Akker",1481
NL,"Keizer",1480
NL,"Konings",1476
NL,"Sahin",1474
NL,"Rietveld",1473
NL,"Knol",1470
NL,"Smulders",1468
NL,"Terpstra",1467
NL,"Brand",1466
NL,"Vis",1459
NL,"Pol",1456
NL,"Boonstra",1453
NL,"Van Der Plas",1453
NL,"Schepers",1447
NL,"Van Lieshout",1440
NL,"Van Essen",1436
NL,"Van Eck",1431
NL,"Klomp",1429
NL,"Ruiter",1429
NL,"Brands",1427
NL,"Schut",1424
NL,"Bijl",1423
NL,"Van Rooijen",1420
NL,"Berends",1419
NL,"Van Der Steen",1415
NL,"Hoogendoorn",1414
NL,"Bouma",1405
NL,"Feenstra",1402
NL,"Koopmans",1400
NL,"Kooistra",1395
NL,"Van Driel",1389
NL,"Van Der Werf",1384
NL,"Boers",1383
NL,"Swinkels",1383
NL,"Boom",1381
NL,"Van Zanten",1373
NL,"Veldman",1372
NL,"De Ridder",1371
NL,"Martina",1369
NL,"Heemskerk",1365
NL,"Ben",1360
NL,"Nieuwenhuis",1346
NL,"Stolk",1345
NL,"Veen",1340
NL,"De Jongh",1335
NL,"Veldhuis",1334
NL,"Albers",1334
NL,"Nijland",1332
NL,"Brinkman",1330
NL,"Love",1329
NL,"Lee",1323
NL,"Bergsma",1322
NL,"Drost",1316
NL,"Nijenhuis",1315
NL,"Van Den Bos",1311
NL,"De Waal",1309
NL,"Schutte",1308
NL,"Fransen",1307
NL,"Bouwmeester",1303
NL,"Van Berkel",1303
NL,"Yildirim",1299
NL,"Theunissen",1295
NL,"Reinders",1287
NL,"Hoogeveen",1286
NL,"Man",1282
NL,"Van Der Ploeg",1278
NL,"Nijhuis",1277
NL,"Van Rossum",1276
NL,"Keijzer",1275
NL,"Wolf",1271
NL,"Dam",1270
NL,"Den Hartog",1265
NL,"Van Vugt",1264
NL,"Willemse",1263
NL,"Schippers",1262
NL,"Heijnen",1260
NL,"Leenders",1255
NL,"Van Hoof",1252
NL,"Klaver",1250
NL,"De Ruijter",1243
NL,"Van Velzen",1241
NL,"Hendriksen",1236
NL,"Zhang",1234
NL,"Schreurs",1232
NL,"Lamers",1232
NL,"Mulders",1230
NL,"Kool",1230
NL,"Veerman",1227
NL,"Verschoor",1223
NL,"Wagenaar",1216
NL,"Aydin",1214
NL,"Jong",1214
NL,"Jonkers",1213
NL,"Van De Pol",1213
NL,"Van Der Zee",1211
NL,"Wijnen",1207
NL,"Van Duijn",1206
NL,"Verheijen",1203
NL,"Steenbergen",1199
NL,"Silva",1195
NL,"Van Der Linde",1192
NL,"Bruinsma",1189
NL,"Kamp",1187
NL,"Nl",1186
NL,"Ahmad",1186
NL,"De Wilde",1185
NL,"Kroes",1182
NL,"Lubbers",1181
NL,"Manders",1181
NL,"De Visser",1178
NL,"De Laat",1178
NL,"Dogan",1176
NL,"Valk",1175
NL,"Meijers",1168
NL,"Van Bergen",1164
NL,"Franssen",1162
NL,"Bongers",1160
NL,"Van Gelder",1160
NL,"Koops",1158
NL,"De Kok",1156
NL,"Geerts",1151
NL,"De Graaff",1151
NL,"Van Kempen",1150
NL,"Van Der Veer",1149
NL,"Van Egmond",1148
NL,"Lemmens",1147
NL,"Drenth",1146
NL,"De Winter",1145
NL,"Den Boer",1144
NL,"Swart",1141
NL,"Van Houten",1141
NL,"Schoenmakers",1140
NL,"Vogel",1135
NL,"Van Mourik",1131
NL,"Bloem",1130
NL,"Omar",1129
NL,"Bruin",1124
NL,"Timmers",1122
NL,"Scheffer",1120
NL,"Liu",1120
NL,"Boot",1119
NL,"Van Kessel",1117
NL,"Schreuder",1110
NL,"Groenendijk",1109
NL,"Burger",1108
NL,"Coenen",1108
NL,"Berendsen",1105
NL,"Bruins",1103
NL,"Kooijman",1102
NL,"Haan",1099
NL,"Van Putten",1098
NL,"Snoek",1098
NL,"Versluis",1089
NL,"De Beer",1086
NL,"Van Der Molen",1085
NL,"Beckers",1083
NL,"Veldhuizen",1078
NL,"Van Esch",1078
NL,"Van Der Sluis",1077
NL,"Van Ginkel",1071
NL,"Kooij",1069
NL,"Van Der Hoeven",1069
NL,"Raaijmakers",1066
NL,"Hiemstra",1065
NL,"Snel",1061
NL,"Van Hees",1060
NL,"Pennings",1057
NL,"Schellekens",1056
NL,"Verheij",1053
NL,"Schmidt",1053
NL,"Klok",1052
NL,"Engels",1050
NL,"Tol",1049
NL,"Oomen",1047
NL,"Snijder",1046
NL,"Hartog",1046
NL,"Can",1043
NL,"Weijers",1043
NL,"Jaspers",1040
NL,"Maria",1036
NL,"Moes",1035
NL,"De Man",1033
NL,"Koelewijn",1032
NL,"Houben",1030
NL,"Zwaan",1029
NL,"Van Laar",1028
NL,"Van Kampen",1028
NL,"Janssens",1026
NL,"Van Der Burg",1025
NL,"Harmsen",1024
NL,"Schilder",1024
NL,"Zonneveld",1021
NL,"Blaauw",1014
NL,"Slot",1013
NL,"Hu",1013
NL,"Ozturk",1003
NL,"Janse",1003
NL,"Van Erp",1001
NL,"Jonkman",998
NO,"Hansen",3336
NO,"Olsen",3052
NO,"Johansen",2939
NO,"Andersen",2447
NO,"Larsen",2359
NO,"Pedersen",2221
NO,"Nilsen",2039
NO,"Ali",1495
NO,"Kristiansen",1485
NO,"Jensen",1422
NO,"Johnsen",1362
NO,"Karlsen",1266
NO,"Berg",1218
NO,"Eriksen",1189
NO,"Pettersen",1166
NO,"Ahmed",1112
NO,"Haugen",944
NO,"Hagen",894
NO,"Johannessen",871
NO,"Jacobsen",849
NO,"Dahl",802
NO,"Andreassen",786
NO,"Lund",779
NO,"Khan",738
NO,"Halvorsen",734
NO,"Jørgensen",726
NO,"Solberg",724
NO,"Henriksen",709
NO,"Sørensen",692
NO,"Strand",652
NO,"Gundersen",649
NO,"Moen",641
NO,"Jakobsen",633
NO,"Eide",616
NO,"Svendsen",610
NO,"Iversen",600
NO,"Mohamed",571
NO,"Bakke",543
NO,"Paulsen",531
NO,"Rasmussen",528
NO,"Bakken",527
NO,"Martinsen",527
NO,"Knutsen",526
NO,"Kristoffersen",519
NO,"Hassan",518
NO,"Lie",514
NO,"Nguyen",487
NO,"Solheim",481
NO,"Moe",481
NO,"Kristensen",480
NO,"Lunde",478
NO,"Christensen",477
NO,"Lien",474
NO,"Berge",464
NO,"Mathisen",459
NO,"Amundsen",456
NO,"Hauge",449
NO,"Knudsen",443
NO,"Nielsen",441
NO,"Holm",440
NO,"Fredriksen",437
NO,"Andresen",433
NO,"Evensen",404
NO,"Myhre",399
NO,"Sivertsen",392
NO,"Aas",390
NO,"Danielsen",384
NO,"Ibrahim",382
NO,"Haugland",382
NO,"Arnesen",381
NO,"Sandvik",380
NO,"Hanssen",377
NO,"Nygård",377
NO,"Ellingsen",373
NO,"Ahmad",370
NO,"Abdi",370
NO,"Singh",363
NO,"Simonsen",359
NO,"Mohammed",358
NO,"Vik",353
NO,"Berntsen",352
NO,"Sæther",351
NO,"Hussain",346
NO,"Thorsen",339
NO,"Rønning",338
NO,"Haug",338
NO,"Thomassen",337
NO,"Næss",329
NO,"Ruud",325
NO,"Omar",315
NO,"Birkeland",315
NO,"Christiansen",304
NO,"Brekke",302
NO,"Myklebust",299
NO,"Smith",298
NO,"Aasen",297
NO,"Gulbrandsen",295
NO,"Mikkelsen",295
NO,"Jenssen",294
NO,"Strøm",294
NO,"Hussein",292
NO,"Antonsen",289
NO,"Helland",288
NO,"Ødegård",284
NO,"Bjerke",279
NO,"Isaksen",279
NO,"Johansson",278
NO,"Edvardsen",278
NO,"Abrahamsen",278
NO,"Nygaard",276
NO,"Tangen",275
NO,"Eliassen",266
NO,"Madsen",257
NO,"Osman",255
NO,"Aune",251
NO,"Gjerde",251
NO,"Andersson",249
NO,"Bøe",248
NO,"Thoresen",245
NO,"Tran",244
NO,"Helgesen",240
NO,"Steen",239
NO,"Sunde",238
NO,"Wold",237
NO,"Mortensen",235
NO,"Torgersen",235
NO,"Hermansen",233
NO,"Tveit",231
NO,"Foss",226
NO,"Malik",225
NO,"Wang",225
NO,"Iqbal",222
NO,"Carlsen",222
NO,"Dale",221
NO,"Hovland",221
NO,"Mikalsen",217
NO,"Jansen",217
NO,"Eilertsen",216
NO,"Dahle",216
NO,"Hoff",215
NO,"Magnussen",214
NO,"Kaur",212
NO,"Sætre",210
NO,"Wilhelmsen",209
NO,"Nilssen",208
NO,"Engen",208
NO,"Solli",208
NO,"Bjørnstad",207
NO,"Lorentzen",202
NO,"Bråthen",200
NO,"Gustavsen",200
NO,"Hoel",199
NO,"Sveen",198
NO,"Sharma",197
NO,"Gabrielsen",196
NO,"Hammer",195
NO,"Samuelsen",194
NO,"Haaland",194
NO,"Engebretsen",192
NO,"Sand",190
NO,"Mohammad",189
NO,"Fossum",189
NO,"Butt",189
NO,"Ødegaard",188
NO,"Ingebrigtsen",188
NO,"Stokke",188
NO,"Sandnes",186
NO,"Berger",182
NO,"Larsson",181
NO,"Holmen",179
NO,"Nordby",177
NO,"Monsen",177
NO,"Fjeld",172
NO,"Eriksson",172
NO,"Torp",171
NO,"Ludvigsen",171
NO,"Håland",171
NO,"Eikeland",170
NO,"Sørlie",170
NO,"Løken",169
NO,"Solbakken",168
NO,"Lind",168
NO,"Petersen",167
NO,"Bø",165
NO,"Møller",165
NO,"Ismail",164
NO,"Bye",164
NO,"Mahmood",163
NO,"Meyer",163
NO,"Karlsson",162
NO,"Mo",162
NO,"Breivik",162
NO,"Egeland",162
NO,"Yusuf",157
NO,"Wiik",157
NO,"Tønnessen",157
NO,"Teigen",157
NO,"Bråten",156
NO,"Johannesen",156
NO,"Solvang",156
NO,"Sandberg",155
NO,"Syversen",155
NO,"Hasan",154
NO,"Johnson",154
NO,"Kolstad",153
NO,"Tollefsen",152
NO,"Lian",152
NO,"Fosse",152
NO,"Langeland",151
NO,"Kvam",151
NO,"Nilsson",151
NO,"Adam",150
NO,"Helle",150
NO,"Jonassen",150
NO,"Sletten",150
NO,"Gran",150
NO,"Sande",149
NO,"Hamre",149
NO,"Dalen",148
NO,"Fjeldstad",148
NO,"Holen",147
NO,"Kleven",147
NO,"Farah",146
NO,"Jama",146
NO,"Haga",146
NO,"Viken",146
NO,"Aamodt",146
NO,"Stene",145
NO,"Shah",144
NO,"Borgen",144
NO,"Rønningen",144
NO,"Skaar",143
NO,"Lindberg",140
NO,"Ness",140
NO,"Øien",139
NO,"Arntzen",138
NO,"Borge",138
NO,"Tvedt",138
NO,"Aase",138
NO,"Said",137
NO,"Ottesen",137
NO,"Hetland",137
NO,"Ahmadi",135
NO,"Le",135
NO,"Brevik",135
NO,"Enger",135
NO,"Skoglund",135
NO,"Haugan",134
NO,"Bjelland",134
NO,"Mathiesen",134
NO,"Arntsen",133
NO,"Kumar",132
NO,"Solem",130
NO,"Norheim",130
NO,"Grande",129
NO,"Nordli",129
NO,"Husby",129
NO,"Haile",128
NO,"Salvesen",128
NO,"Braathen",128
NO,"Kvamme",128
NO,"Syvertsen",126
NO,"Kleppe",126
NO,"Riise",126
NO,"Børresen",126
NO,"Finstad",126
NO,"Stenberg",125
NO,"Vold",125
NO,"Løkken",125
NO,"Tekle",124
NO,"Røed",124
NO,"Abbas",123
NO,"Markussen",123
NO,"Haraldsen",123
NO,"Reitan",123
NO,"Normann",122
NO,"Waage",122
NO,"Ellefsen",121
NO,"Espeland",121
NO,"Gjertsen",121
NO,"Nordvik",120
NO,"Akhtar",119
NO,"Simensen",119
NO,"Vatne",118
NO,"Olsson",117
NO,"Nikolaisen",116
NO,"Abdullahi",116
NO,"Farstad",116
NO,"Nesse",116
NO,"Holst",115
NO,"Bergersen",115
NO,"Mæland",114
NO,"Thorstensen",114
NO,"Larssen",113
NO,"Holter",113
NO,"Grimstad",113
NO,"Ramstad",113
NO,"Nordahl",113
NO,"Aasheim",112
NO,"Gulliksen",112
NO,"Hope",112
NO,"Lauritzen",112
NO,"Marthinsen",112
NO,"Opsahl",112
NO,"Svensson",112
NO,"Marie",111
NO,"Stensrud",111
NO,"Berget",111
NO,"Bugge",111
NO,"Eggen",111
NO,"Frantzen",111
NO,"Hole",111
NO,"Persson",111
NO,"Strømme",110
NO,"Holte",110
NO,"Martin",109
NO,"Østby",109
NO,"Davidsen",109
NO,"Endresen",109
NO,"Tesfay",108
NO,"Mork",108
NO,"Klausen",108
NO,"Mørk",108
NO,"Silva",108
NO,"Rørvik",108
NO,"Holt",108
NO,"Jan",107
NO,"Mohammadi",107
NO,"Pham",107
NO,"Winther",107
NO,"Rustad",107
NO,"Guttormsen",107
NO,"Sund",107
NO,"Sørli",107
NO,"Raja",106
NO,"Olaussen",106
NO,"Bolstad",106
NO,"Wiig",106
NO,"Jones",105
NO,"Brown",105
NO,"Stangeland",105
NO,"Solhaug",105
NO,"Lundberg",105
NO,"Skaug",105
NO,"Mohamud",104
NO,"Stenersen",104
NO,"Abdullah",103
NO,"Christoffersen",103
NO,"Håkonsen",103
NO,"Meland",103
NO,"Ringstad",102
NO,"Bjørnsen",102
NO,"Nordbø",101
NO,"Bang",101
NO,"Michelsen",101
NO,"Nyhus",101
NO,"Amin",100
NO,"Thorbjørnsen",100
NO,"Mustafa",99
NO,"Myrvang",99
NO,"Bendiksen",99
NO,"Blom",99
NO,"Thorkildsen",99
NO,"Engh",99
NO,"As",98
NO,"Kidane",98
NO,"Steffensen",98
NO,"Nyborg",98
NO,"Williams",98
NO,"Sagen",98
NO,"Garcia",97
NO,"Hovde",97
NO,"Al",96
NO,"Hernandez",96
NO,"Ramberg",96
NO,"Olafsen",96
NO,"Sørum",96
NO,"Bekkevold",95
NO,"Evjen",95
NO,"Skogen",95
NO,"Langseth",95
NO,"Øverland",95
NO,"Myrvold",95
NO,"Lopez",95
NO,"Sundby",95
NO,"Bergan",94
NO,"Berglund",94
NO,"Krogstad",94
NO,"Nes",94
NO,"Melby",93
NO,"Rygh",93
NO,"Bjørklund",93
NO,"Krogh",93
NO,"Opheim",93
NO,"Aziz",92
NO,"Rashid",92
NO,"Schmidt",92
NO,"Huseby",92
NO,"Robertsen",92
NO,"Saleh",91
PA,"Rodriguez",35209
PA,"Gonzalez",32963
PA,"Castillo",20243
PA,"Martinez",17727
PA,"Perez",17080
PA,"Sanchez",17024
PA,"Garcia",11015
PA,"Hernandez",10782
PA,"Morales",10603
PA,"Moreno",10563
PA,"Lopez",10254
PA,"Ortega",9569
PA,"Mendoza",8616
PA,"Quintero",8600
PA,"Diaz",8345
PA,"Jimenez",8280
PA,"Abrego",8230
PA,"Gomez",7835
PA,"Guerra",7604
PA,"Herrera",7575
PA,"Miranda",7326
PA,"Batista",7196
PA,"Rivera",7003
PA,"Caballero",6888
PA,"Cedeño",6886
PA,"Vega",6527
PA,"González",6465
PA,"Ramos",6379
PA,"Torres",6212
PA,"Santos",6123
PA,"Rodríguez",5923
PA,"Flores",5912
PA,"Rios",5903
PA,"Arauz",5767
PA,"Aguilar",5755
PA,"Gonzales",5629
PA,"Vasquez",5590
PA,"Ruiz",5393
PA,"Valdes",5357
PA,"Reyes",5199
PA,"Pineda",5188
PA,"Vargas",5173
PA,"Muñoz",5090
PA,"Espinosa",4795
PA,"Villarreal",4783
PA,"Vergara",4731
PA,"Gutierrez",4624
PA,"Ortiz",4550
PA,"Nuñez",4515
PA,"Dominguez",4375
PA,"Montenegro",4336
PA,"Delgado",4314
PA,"De Leon",4292
PA,"Cruz",4252
PA,"Castro",4183
PA,"Acosta",4051
PA,"Navarro",3997
PA,"Atencio",3837
PA,"Palacio",3773
PA,"Bonilla",3770
PA,"Barria",3759
PA,"Serrano",3667
PA,"Murillo",3512
PA,"Medina",3487
PA,"Pinto",3470
PA,"Solis",3414
PA,"Alvarado",3406
PA,"Fernandez",3376
PA,"De Gracia",3295
PA,"Rojas",3197
PA,"Pimentel",3195
PA,"Avila",3161
PA,"Romero",3138
PA,"Moran",3094
PA,"Alvarez",3083
PA,"Guevara",3014
PA,"Smith",2991
PA,"Salazar",2991
PA,"Santamaria",2929
PA,"Sánchez",2906
PA,"Samaniego",2840
PA,"Barrios",2805
PA,"Cordoba",2741
PA,"Marin",2728
PA,"Rivas",2715
PA,"Santo",2702
PA,"Samudio",2676
PA,"Sanjur",2647
PA,"Bernal",2637
PA,"Ramirez",2629
PA,"Soto",2615
PA,"Jaen",2593
PA,"Camarena",2591
PA,"Chavez",2545
PA,"Madrid",2532
PA,"Aparicio",2513
PA,"Mojica",2495
PA,"Fuentes",2479
PA,"Saldaña",2466
PA,"Jaramillo",2412
PA,"Campos",2408
PA,"Martínez",2371
PA,"Franco",2364
PA,"Mendez",2355
PA,"Concepcion",2347
PA,"Montero",2344
PA,"Arias",2318
PA,"Pinzon",2317
PA,"Gallardo",2262
PA,"Escobar",2239
PA,"Peralta",2212
PA,"Pérez",2193
PA,"Guerrero",2185
PA,"Rodrigues",2169
PA,"Aguirre",2146
PA,"Espinoza",2138
PA,"Quiroz",2130
PA,"Valencia",2111
PA,"Hernández",2103
PA,"Montezuma",2092
PA,"Urriola",2061
PA,"Santana",2018
PA,"Peña",2011
PA,"Tejada",1991
PA,"Mosquera",1962
PA,"Arosemena",1962
PA,"Lezcano",1859
PA,"Pitti",1826
PA,"Cortez",1825
PA,"Gil",1781
PA,"Velasquez",1780
PA,"Saavedra",1750
PA,"Palacios",1737
PA,"Osorio",1734
PA,"Camargo",1712
PA,"Lorenzo",1705
PA,"Arcia",1691
PA,"Tuñon",1690
PA,"Hidalgo",1649
PA,"Hurtado",1627
PA,"Beitia",1611
PA,"Cerrud",1604
PA,"Coronado",1594
PA,"Valdez",1592
PA,"Molina",1587
PA,"Arrocha",1580
PA,"Robles",1578
PA,"Calderon",1542
PA,"Gaitan",1538
PA,"Jiménez",1530
PA,"López",1526
PA,"Lasso",1520
PA,"Cardenas",1507
PA,"Nieto",1505
PA,"Almanza",1476
PA,"Camaño",1454
PA,"Contreras",1452
PA,"García",1444
PA,"Caceres",1443
PA,"Cabrera",1436
PA,"Panama",1401
PA,"Carrera",1381
PA,"Duarte",1374
PA,"Ureña",1367
PA,"Cortes",1360
PA,"Pitty",1351
PA,"Figueroa",1351
PA,"Brown",1332
PA,"Mora",1332
PA,"Rangel",1300
PA,"Ibarra",1298
PA,"Mendieta",1294
PA,"Carrasco",1285
PA,"Antonio",1273
PA,"Melendez",1268
PA,"Cubilla",1264
PA,"Alveo",1262
PA,"Gómez",1250
PA,"Quiros",1238
PA,"Zambrano",1236
PA,"Rosales",1215
PA,"Trejos",1215
PA,"Cano",1213
PA,"Chavarria",1211
PA,"Bethancourt",1207
PA,"Tenorio",1199
PA,"Magallon",1194
PA,"Acevedo",1193
PA,"De La Cruz",1187
PA,"Prado",1184
PA,"Mejia",1179
PA,"Frias",1178
PA,"Degracia",1153
PA,"Sandoval",1148
PA,"Guzman",1132
PA,"Bejerano",1130
PA,"De León",1123
PA,"Espino",1120
PA,"Alonso",1104
PA,"Del Cid",1098
PA,"Garrido",1096
PA,"Gordon",1063
PA,"Salinas",1059
PA,"Zapata",1059
PA,"Quiel",1053
PA,"Williams",1043
PA,"Ceballos",1035
PA,"Sanches",1025
PA,"Ayala",1025
PA,"Quintana",1019
PA,"Martines",1015
PA,"Adames",1014
PA,"Carpintero",1008
PA,"Toribio",1006
PA,"Galvez",1002
PA,"Jordan",996
PA,"Chiru",994
PA,"Díaz",986
PA,"Saenz",982
PA,"Valderrama",980
PA,"Correa",974
PA,"Beker",973
PA,"Asprilla",964
PA,"Benitez",961
PA,"Marquez",958
PA,"Lara",958
PA,"Morris",954
PA,"Bustamante",952
PA,"Henriquez",947
PA,"Andrade",945
PA,"Otero",940
PA,"Meneses",928
PA,"Barrera",926
PA,"Chen",923
PA,"Salina",909
PA,"Robinson",907
PA,"Paz",901
PA,"Luna",899
PA,"Gondola",896
PA,"Juarez",894
PA,"Alberto",888
PA,"Mena",882
PA,"Pinilla",879
PA,"Gonsales",873
PA,"Estrada",873
PA,"Carrillo",864
PA,"Bravo",863
PA,"Mitre",860
PA,"Suarez",860
PA,"Rodriquez",856
PA,"Almengor",854
PA,"Guillen",850
PA,"Ledezma",848
PA,"Suira",846
PA,"Rosas",841
PA,"Salas",840
PA,"Vásquez",836
PA,"Canto",834
PA,"Jurado",833
PA,"Ojo",829
PA,"Gutiérrez",829
PA,"Gonsalez",820
PA,"Pino",820
PA,"Caicedo",813
PA,"Escudero",813
PA,"Barahona",801
PA,"Taylor",792
PA,"Montilla",792
PA,"Castrellon",787
PA,"Perea",783
PA,"Silva",782
PA,"Zuñiga",782
PA,"Polanco",775
PA,"Padilla",769
PA,"Paredes",768
PA,"Chong",764
PA,"Chacon",762
PA,"Blanco",759
PA,"Navas",754
PA,"Fernández",747
PA,"Pardo",746
PA,"Guardia",746
PA,"Pacheco",739
PA,"Agrazal",737
PA,"Leon",733
PA,"Melgar",728
PA,"Araúz",728
PA,"Bermudez",726
PA,"Quijada",721
PA,"Serracin",721
PA,"Baker",715
PA,"Marciaga",713
PA,"Saez",710
PA,"Santiago",706
PA,"Tapia",705
PA,"Ovalle",704
PA,"Garay",703
PA,"Arjona",699
PA,"Sosa",692
PA,"Ponce",691
PA,"Grajales",688
PA,"Palma",688
PA,"Jimenes",687
PA,"Thomas",687
PA,"Trujillo",683
PA,"Carvajal",683
PA,"Valdés",676
PA,"Amaya",674
PA,"Zamora",672
PA,"Jose",668
PA,"Cisneros",668
PA,"Patiño",663
PA,"Becerra",662
PA,"Justavino",656
PA,"Linares",655
PA,"Domínguez",653
PA,"Montes",650
PA,"Aizprua",649
PA,"Castillero",649
PA,"Corrales",646
PA,"Solano",642
PA,"Aviles",629
PA,"Centeno",620
PA,"Barba",619
PA,"Peñalba",617
PA,"Alonzo",613
PA,"Peres",612
PA,"Arroyo",612
PA,"Núñez",609
PA,"Macias",604
PA,"Tello",604
PA,"Julio",602
PA,"Reina",601
PA,"Victoria",599
PA,"Dias",594
PA,"Ahir",591
PA,"Ballesteros",591
PA,"Cuevas",588
PA,"Luo",586
PA,"Carrion",585
PA,"Concepción",582
PA,"Manuel",581
PA,"Tejeira",580
PA,"Panamá",579
PA,"Arango",578
PA,"Segura",573
PA,"Candanedo",573
PA,"Wong",571
PA,"Ayarza",569
PA,"Amador",566
PA,"Duran",566
PA,"Polo",564
PA,"Chanis",563
PA,"Miller",562
PA,"Salcedo",558
PA,"Anderson",557
PA,"Alfaro",556
PA,"Machado",549
PA,"Luis",547
PA,"Villagra",546
PA,"Zhang",543
PA,"Carlos",541
PA,"Enrique",540
PA,"De La Rosa",534
PA,"Pinzón",534
PA,"Troya",532
PA,"Alexander",531
PA,"Molinar",527
PA,"Reyna",527
PA,"Javier",521
PA,"Deleon",521
PA,"Angel",520
PA,"Iglesias",520
PA,"Esquivel",520
PA,"Vigil",516
PA,"Villa",516
PA,"Davis",515
PA,"Arenas",511
PA,"Barsallo",511
PA,"Vanegas",510
PA,"Ríos",509
PA,"Quezada",506
PA,"Chang",505
PA,"Orozco",505
PA,"Amores",489
PA,"Varela",489
PA,"Wilson",486
PA,"Castañeda",486
PA,"Yanguez",486
PA,"Calvo",486
PA,"Monterrey",483
PA,"Jaén",479
PA,"Córdoba",478
PA,"Dixon",477
PA,"Poveda",477
PA,"David",476
PA,"Zurdo",474
PA,"Lewis",474
PA,"Bultron",472
PA,"Villareal",471
PE,"Quispe",38618
PE,"Flores",37264
PE,"Rodriguez",30022
PE,"Rojas",28391
PE,"Sanchez",28041
PE,"Garcia",26840
PE,"Torres",26735
PE,"Mendoza",24582
PE,"Lopez",24401
PE,"Ramos",24099
PE,"Perez",23309
PE,"Gonzales",22402
PE,"Castillo",20689
PE,"Ramirez",20527
PE,"Diaz",20104
PE,"Vasquez",19255
PE,"Mamani",18322
PE,"Espinoza",18307
PE,"Vargas",18067
PE,"Chavez",17374
PE,"Huaman",16922
PE,"Fernandez",15365
PE,"Gutierrez",15242
PE,"Romero",14320
PE,"Ruiz",13799
PE,"Castro",13691
PE,"Cruz",13628
PE,"De La Cruz",13245
PE,"Martinez",12736
PE,"Paredes",12566
PE,"Salazar",12429
PE,"Gomez",12128
PE,"Rivera",12036
PE,"Medina",11978
PE,"Reyes",11839
PE,"Morales",11374
PE,"Aguilar",10966
PE,"Silva",10803
PE,"Palomino",10735
PE,"Alvarez",10125
PE,"Herrera",10013
PE,"Cordova",9550
PE,"Campos",9264
PE,"Condori",9177
PE,"Vega",9046
PE,"Delgado",8896
PE,"Villanueva",8653
PE,"Rios",8533
PE,"Cardenas",8487
PE,"Leon",8354
PE,"Alvarado",8216
PE,"Soto",7997
PE,"Huamani",7946
PE,"Peña",7885
PE,"Velasquez",7670
PE,"Salas",7517
PE,"Ortiz",7459
PE,"Guevara",7454
PE,"Muñoz",7278
PE,"Guerrero",7216
PE,"Palacios",7195
PE,"Apaza",7059
PE,"Sandoval",6953
PE,"Miranda",6936
PE,"Contreras",6925
PE,"Jimenez",6799
PE,"Saavedra",6740
PE,"Hernandez",6720
PE,"Navarro",6669
PE,"Calderon",6535
PE,"Nuñez",6296
PE,"Sánchez",6290
PE,"Rodríguez",6257
PE,"Cabrera",6222
PE,"Moreno",6164
PE,"Zapata",5832
PE,"Vera",5678
PE,"Meza",5660
PE,"Suarez",5555
PE,"Vilca",5552
PE,"Carrasco",5518
PE,"Valencia",5409
PE,"Santos",5394
PE,"Aguirre",5253
PE,"Arias",5232
PE,"Ch",5202
PE,"Luna",5106
PE,"Pacheco",5074
PE,"Caceres",4891
PE,"Valdivia",4859
PE,"Rosales",4831
PE,"García",4768
PE,"Guerra",4752
PE,"Davila",4653
PE,"Tello",4641
PE,"Bravo",4632
PE,"Quiroz",4622
PE,"Lozano",4619
PE,"Mejia",4593
PE,"Bustamante",4577
PE,"López",4543
PE,"Guzman",4459
PE,"Ayala",4391
PE,"Acosta",4377
PE,"Castañeda",4333
PE,"Cueva",4320
PE,"Figueroa",4320
PE,"Jara",4317
PE,"Tapia",4272
PE,"Fernández",4218
PE,"Carbajal",4198
PE,"Rivas",4193
PE,"Trujillo",4157
PE,"Alarcon",4065
PE,"Gamarra",4034
PE,"Ponce",4019
PE,"Bautista",4017
PE,"Salinas",4014
PE,"Peralta",4000
PE,"Zevallos",3959
PE,"Vilchez",3949
PE,"Choque",3947
PE,"Pinedo",3922
PE,"Hurtado",3876
PE,"Mendez",3754
PE,"Valverde",3743
PE,"Alva",3686
PE,"Pérez",3682
PE,"Ventura",3681
PE,"Zegarra",3661
PE,"Cm",3602
PE,"Villegas",3600
PE,"Linares",3592
PE,"Estrada",3576
PE,"Carlos",3567
PE,"Robles",3550
PE,"Solis",3541
PE,"Benites",3521
PE,"Cornejo",3520
PE,"Paucar",3495
PE,"Carranza",3491
PE,"Hidalgo",3486
PE,"Maldonado",3481
PE,"Rosas",3469
PE,"Carrillo",3453
PE,"Gonzalez",3452
PE,"Ortega",3441
PE,"Escobar",3436
PE,"Huanca",3422
PE,"Alfaro",3406
PE,"Cr",3399
PE,"Ochoa",3393
PE,"Paz",3384
PE,"Molina",3381
PE,"Vásquez",3378
PE,"Ticona",3368
PE,"Loayza",3321
PE,"Saldaña",3301
PE,"Manrique",3237
PE,"Dominguez",3198
PE,"Montoya",3178
PE,"Montes",3151
PE,"Puma",3138
PE,"Juarez",3123
PE,"Ramírez",3114
PE,"Llanos",3088
PE,"Prado",3085
PE,"Caballero",3071
PE,"Aquino",3070
PE,"Vela",3049
PE,"Avila",3044
PE,"Altamirano",3044
PE,"Fuentes",3019
PE,"Cortez",3012
PE,"Gutiérrez",2997
PE,"Salcedo",2991
PE,"Sosa",2976
PE,"Poma",2927
PE,"Zavaleta",2920
PE,"Chávez",2900
PE,"Acuña",2896
PE,"Correa",2885
PE,"Valdez",2882
PE,"Luis",2850
PE,"Ac",2848
PE,"Neyra",2836
PE,"Farfan",2835
PE,"Arevalo",2834
PE,"Aliaga",2831
PE,"Zuñiga",2824
PE,"Becerra",2816
PE,"Sc",2813
PE,"Padilla",2794
PE,"Melendez",2753
PE,"Montenegro",2753
PE,"Marin",2698
PE,"Arroyo",2648
PE,"Camacho",2643
PE,"Lazo",2642
PE,"Osorio",2633
PE,"Vidal",2592
PE,"Laura",2583
PE,"Lima",2580
PE,"Roman",2576
PE,"Rengifo",2573
PE,"Roque",2565
PE,"Arce",2558
PE,"Calle",2558
PE,"Solano",2557
PE,"Quispe Quispe",2542
PE,"Díaz",2491
PE,"Marquez",2481
PE,"Zavala",2478
PE,"Araujo",2468
PE,"León",2449
PE,"Hc",2445
PE,"Pinto",2439
PE,"Gamboa",2437
PE,"Sarmiento",2428
PE,"Avalos",2417
PE,"Zambrano",2411
PE,"Coronado",2409
PE,"Guillen",2404
PE,"Cotrina",2378
PE,"Gallardo",2374
PE,"Julca",2372
PE,"Galvez",2358
PE,"Tejada",2349
PE,"Sac",2341
PE,"Casas",2339
PE,"Mori",2336
PE,"Hinostroza",2329
PE,"Salvador",2328
PE,"Cubas",2310
PE,"Arteaga",2306
PE,"Franco",2304
PE,"Carpio",2279
PE,"Luque",2278
PE,"Segura",2274
PE,"Quintana",2272
PE,"Blas",2265
PE,"Montero",2262
PE,"Abanto",2254
PE,"Chambi",2252
PE,"Durand",2249
PE,"Antonio",2246
PE,"Valenzuela",2244
PE,"Bazan",2234
PE,"Del Aguila",2226
PE,"Andrade",2214
PE,"Angel",2209
PE,"Escalante",2209
PE,"Zarate",2188
PE,"Santiago",2187
PE,"Montalvo",2172
PE,"Bellido",2164
PE,"Pc",2164
PE,"Martínez",2153
PE,"Villalobos",2147
PE,"Velarde",2147
PE,"Gallegos",2144
PE,"Cabanillas",2143
PE,"Chipana",2137
PE,"Alcantara",2136
PE,"Pizarro",2132
PE,"Gómez",2131
PE,"Barrientos",2129
PE,"Garay",2127
PE,"Zamora",2117
PE,"Merino",2109
PE,"Terrones",2083
PE,"Pariona",2069
PE,"Briceño",2057
PE,"Calderón",2057
PE,"Duran",2040
PE,"Barrios",2037
PE,"Machaca",2034
PE,"Angulo",2034
PE,"Cisneros",2026
PE,"Vc",2026
PE,"Bardales",2025
PE,"Benavides",2025
PE,"Valderrama",2023
PE,"Coronel",2021
PE,"Rm",2021
PE,"Olivera",2018
PE,"Yupanqui",2005
PE,"Macedo",2005
PE,"Tarazona",1992
PE,"Tito",1986
PE,"Cg",1983
PE,"Chacon",1982
PE,"Taipe",1980
PE,"Huarcaya",1973
PE,"Cv",1967
PE,"Olivares",1961
PE,"Cuba",1957
PE,"Polo",1955
PE,"Reategui",1954
PE,"Cárdenas",1950
PE,"Saenz",1948
PE,"Nina",1947
PE,"Sanches",1945
PE,"Ojeda",1941
PE,"Cano",1927
PE,"Barreto",1924
PE,"Cruzado",1917
PE,"Lara",1905
PE,"Villa",1893
PE,"Mayta",1892
PE,"Gc",1886
PE,"Inga",1880
PE,"Huerta",1868
PE,"Moran",1852
PE,"Seminario",1852
PE,"Aranda",1848
PE,"Rodrigues",1843
PE,"Canales",1843
PE,"Sifuentes",1831
PE,"Angeles",1829
PE,"Cerna",1823
PE,"Vergara",1819
PE,"Pineda",1816
PE,"Ore",1814
PE,"Yucra",1812
PE,"Lujan",1800
PE,"Leyva",1777
PE,"Porras",1767
PE,"Hernández",1764
PE,"Arana",1755
PE,"Ca",1755
PE,"Mp",1755
PE,"Carrion",1754
PE,"Huillca",1753
PE,"Quiñones",1751
PE,"Cuadros",1750
PE,"Valle",1734
PE,"Jiménez",1717
PE,"Cespedes",1716
PE,"Mora",1713
PE,"Jaramillo",1712
PE,"Cahuana",1686
PE,"Arenas",1685
PE,"Urbina",1683
PE,"Villacorta",1682
PE,"Enriquez",1667
PE,"Rubio",1667
PE,"Cervantes",1665
PE,"Sotelo",1656
PE,"Panduro",1655
PE,"Ordoñez",1653
PE,"Toledo",1652
PE,"Galindo",1644
PE,"Matos",1641
PE,"Santa Cruz",1638
PE,"Vicente",1637
PE,"Pari",1634
PE,"Carrera",1630
PE,"Chirinos",1625
PE,"Melgarejo",1625
PE,"Tafur",1617
PE,"Ar",1613
PE,"Medrano",1603
PE,"González",1602
PE,"Hm",1589
PE,"Lc",1587
PE,"Minaya",1576
PE,"Vallejos",1572
PE,"Mv",1565
PE,"Sulca",1561
PE,"Rs",1556
PE,"Reyna",1552
PE,"Lazaro",1552
PE,"Mamani Mamani",1546
PE,"Llerena",1543
PE,"Heredia",1542
PE,"Cl",1542
PE,"Noriega",1531
PE,"Bc",1530
PE,"Abad",1513
PE,"More",1509
PE,"Manuel",1506
PE,"Alexander",1500
PE,"Cáceres",1492
PE,"Del Castillo",1490
PE,"Miguel",1488
PE,"Xtlv",1485
PE,"Maria",1483
PE,"Centeno",1483
PE,"Palma",1482
PE,"Chura",1481
PE,"Salvatierra",1480
PE,"Córdova",1480
PE,"Soria",1479
PE,"Santillan",1478
PE,"Armas",1474
PE,"Burgos",1474
PE,"Quispe Mamani",1471
PE,"Dueñas",1469
PE,"Tineo",1460
PH,"Cruz",4909
PH,"Reyes",4866
PH,"Santos",4792
PH,"Garcia",4357
PH,"Dela Cruz",3919
PH,"Mendoza",3662
PH,"Tan",3460
PH,"Ramos",3049
PH,"Lopez",2672
PH,"Lee",2672
PH,"Lim",2629
PH,"Gonzales",2589
PH,"Bautista",2564
PH,"Fernandez",2378
PH,"Flores",2267
PH,"Villanueva",2107
PH,"Perez",2103
PH,"De Guzman",1936
PH,"Chua",1749
PH,"Aquino",1646
PH,"Castillo",1643
PH,"Rivera",1635
PH,"Castro",1538
PH,"Torres",1509
PH,"Sy",1504
PH,"Sanchez",1482
PH,"Francisco",1431
PH,"Santiago",1416
PH,"Go",1403
PH,"Hernandez",1366
PH,"Uy",1327
PH,"Ong",1320
PH,"De Leon",1288
PH,"Rodriguez",1282
PH,"Martinez",1261
PH,"Ramirez",1152
PH,"Singh",1151
PH,"Diaz",1150
PH,"Tolentino",1140
PH,"David",1128
PH,"Mercado",1120
PH,"Gomez",1117
PH,"Soriano",1114
PH,"Domingo",1104
PH,"Smith",1071
PH,"Dizon",1043
PH,"Chan",1042
PH,"Morales",1039
PH,"Yu",1035
PH,"Co",968
PH,"Aguilar",946
PH,"Valdez",944
PH,"Manalo",931
PH,"Salvador",899
PH,"Del Rosario",880
PH,"Pascual",877
PH,"Miranda",875
PH,"Javier",870
PH,"Gutierrez",864
PH,"Navarro",859
PH,"Alvarez",855
PH,"Kim",852
PH,"Marquez",839
PH,"Enriquez",829
PH,"Ocampo",823
PH,"Velasco",822
PH,"Ferrer",820
PH,"Salazar",808
PH,"Alcantara",806
PH,"Pineda",797
PH,"Padilla",773
PH,"Jimenez",768
PH,"Yap",766
PH,"Cortez",763
PH,"Sarmiento",756
PH,"Ang",752
PH,"Angeles",750
PH,"Delacruz",746
PH,"Antonio",743
PH,"Corpuz",738
PH,"Dy",723
PH,"Rosales",721
PH,"Delos Santos",710
PH,"Evangelista",694
PH,"De Jesus",686
PH,"Mariano",677
PH,"Martin",672
PH,"Agustin",639
PH,"Ignacio",638
PH,"Vergara",636
PH,"Medina",629
PH,"Manuel",627
PH,"Espiritu",617
PH,"Legaspi",611
PH,"Romero",606
PH,"Fajardo",596
PH,"Valencia",593
PH,"Marie",590
PH,"De Vera",586
PH,"Sison",584
PH,"Peralta",576
PH,"Cabrera",565
PH,"Guevarra",556
PH,"Delos Reyes",555
PH,"Ann",547
PH,"Samson",545
PH,"Concepcion",538
PH,"Pascua",536
PH,"Atienza",536
PH,"Bernardo",531
PH,"Serrano",530
PH,"Vargas",524
PH,"Roxas",520
PH,"Dee",516
PH,"Chavez",514
PH,"Trinidad",509
PH,"Acosta",490
PH,"Fuentes",487
PH,"Suarez",487
PH,"Ortega",486
PH,"Gonzaga",480
PH,"Jose",477
PH,"Ortiz",473
PH,"Luna",471
PH,"Robles",468
PH,"Ko",467
PH,"Ruiz",465
PH,"Villa",461
PH,"Estrada",460
PH,"De Castro",459
PH,"Espinosa",458
PH,"Abad",456
PH,"Mallari",454
PH,"Galang",452
PH,"Lyn",451
PH,"Fernando",451
PH,"Tamayo",448
PH,"Molina",445
PH,"Ng",442
PH,"James",441
PH,"Villegas",439
PH,"Gabriel",439
PH,"Briones",438
PH,"Lao",435
PH,"King",433
PH,"Moreno",432
PH,"Panganiban",431
PH,"Mendez",425
PH,"Roque",424
PH,"Borja",421
PH,"Wong",420
PH,"Austria",414
PH,"Arellano",409
PH,"Li",408
PH,"Pangilinan",407
PH,"Carlos",406
PH,"John",405
PH,"Villamor",404
PH,"Zamora",403
PH,"Valenzuela",402
PH,"Guzman",395
PH,"Park",394
PH,"Esguerra",389
PH,"Marasigan",387
PH,"Asuncion",381
PH,"Herrera",378
PH,"Chen",377
PH,"Lorenzo",376
PH,"Young",375
PH,"Sevilla",374
PH,"Magno",372
PH,"Miguel",367
PH,"Cunanan",363
PH,"Tuazon",363
PH,"Beltran",362
PH,"Silva",362
PH,"Khan",361
PH,"Kho",358
PH,"Palma",355
PH,"Tiu",349
PH,"Caballero",346
PH,"Vasquez",345
PH,"Abella",343
PH,"Canlas",343
PH,"Avila",342
PH,"Manzano",340
PH,"Ali",339
PH,"Gregorio",338
PH,"Ventura",337
PH,"Marcelo",337
PH,"Solis",334
PH,"Wang",333
PH,"Jay",332
PH,"Rosario",331
PH,"Andres",330
PH,"Gamboa",328
PH,"Mateo",325
PH,"Nicolas",320
PH,"Natividad",320
PH,"Alfonso",318
PH,"Deguzman",316
PH,"Sales",316
PH,"Ching",314
PH,"Vicente",313
PH,"Custodio",313
PH,"Estrella",312
PH,"Ilagan",312
PH,"Duran",311
PH,"Manila",309
PH,"Geronimo",309
PH,"Bartolome",309
PH,"Dela Rosa",309
PH,"Galvez",308
PH,"Kumar",306
PH,"May",305
PH,"Lacson",304
PH,"Buenaventura",304
PH,"Ancheta",303
PH,"Sebastian",302
PH,"Guerrero",302
PH,"Magbanua",300
PH,"Ponce",300
PH,"Umali",298
PH,"So",298
PH,"Ledesma",297
PH,"Ii",294
PH,"Carpio",294
PH,"Carreon",294
PH,"Heart",291
PH,"Yang",288
PH,"Cheng",288
PH,"Toledo",287
PH,"Lazaro",287
PH,"Dalisay",286
PH,"Velasquez",285
PH,"Clemente",284
PH,"Alonzo",282
PH,"Blanco",280
PH,"Crisostomo",277
PH,"Delgado",276
PH,"Pablo",275
PH,"Juan",274
PH,"Salcedo",272
PH,"Baltazar",272
PH,"Lucero",271
PH,"Aguirre",271
PH,"Villar",266
PH,"Bernal",266
PH,"Cordero",266
PH,"Campos",265
PH,"Jones",264
PH,"Cervantes",264
PH,"Lozada",263
PH,"Gonzalez",263
PH,"Punzalan",262
PH,"Cuevas",261
PH,"Viray",261
PH,"Lucas",260
PH,"Dela Torre",259
PH,"Kaur",258
PH,"Cristobal",258
PH,"Franco",257
PH,"Camacho",254
PH,"Jacinto",253
PH,"Lu",252
PH,"Montero",251
PH,"Mark",250
PH,"Chu",250
PH,"Arevalo",249
PH,"Santillan",249
PH,"Sia",249
PH,"Ronquillo",248
PH,"Bondoc",248
PH,"Grace",247
PH,"Deleon",245
PH,"Lin",244
PH,"Feliciano",244
PH,"Bustamante",242
PH,"Gallardo",241
PH,"Sandoval",240
PH,"Cordova",240
PH,"Quinto",240
PH,"Bernabe",239
PH,"Esteban",237
PH,"Pepito",236
PH,"Mejia",235
PH,"Cortes",234
PH,"San Juan",231
PH,"Prado",230
PH,"Bonifacio",230
PH,"Lozano",230
PH,"Ty",230
PH,"De La Cruz",229
PH,"Padua",227
PH,"Marcos",227
PH,"Paras",227
PH,"Roldan",226
PH,"Cinco",225
PH,"Lang",225
PH,"Pangan",224
PH,"Constantino",223
PH,"Matias",223
PH,"Quiambao",222
PH,"Dela Peña",222
PH,"Man",220
PH,"Momo",220
PH,"Mahinay",218
PH,"Bueno",217
PH,"Nicole",216
PH,"Eugenio",216
PH,"Dionisio",216
PH,"Ballesteros",215
PH,"Rey",214
PH,"Solomon",214
PH,"Quijano",214
PH,"Samonte",213
PH,"Guillermo",212
PH,"Labrador",212
PH,"Salas",212
PH,"Baguio",211
PH,"Abalos",211
PH,"Madrid",211
PH,"Dulay",210
PH,"Pimentel",209
PH,"Apostol",209
PH,"Manansala",208
PH,"Yan",208
PH,"Raymundo",207
PH,"Andaya",205
PH,"You",204
PH,"Adriano",204
PH,"Yao",203
PH,"Espino",202
PH,"Gill",201
PH,"Lo",201
PH,"Roa",201
PH,"Paul",200
PH,"Borromeo",200
PH,"Bravo",200
PH,"Gatchalian",199
PH,"Meneses",198
PH,"Espina",197
PH,"Mo",197
PH,"Villareal",197
PH,"Collado",197
PH,"Rosal",196
PH,"Jacob",196
PH,"Imperial",195
PH,"Hipolito",195
PH,"Asis",195
PH,"Oliveros",194
PH,"Benitez",194
PH,"Delfin",194
PH,"Cañete",193
PH,"Calderon",193
PH,"Montes",192
PH,"Rubio",192
PH,"Mendiola",192
PH,"Que",192
PH,"Ngo",191
PH,"Aguila",191
PH,"Dominguez",191
PH,"Baylon",191
PH,"Montefalco",190
PH,"Rojas",190
PH,"Alejandro",190
PH,"Neri",189
PH,"Salonga",188
PH,"Jordan",187
PH,"Daniel",186
PH,"Aragon",186
PH,"Vega",186
PH,"See",186
PH,"Andrade",185
PH,"Magallanes",185
PH,"Koh",184
PH,"Del Mundo",184
PH,"Maranan",184
PH,"Vidal",183
PH,"Cua",183
PH,"Guinto",183
PH,"Arcilla",182
PH,"Chang",181
PH,"San Jose",181
PH,"Madrigal",180
PH,"San",180
PH,"Nunez",180
PH,"De Luna",180
PH,"Liu",179
PH,"Lara",179
PH,"Calma",179
PH,"Zapanta",179
PH,"Tecson",179
PH,"Montemayor",179
PH,"Na",178
PH,"Arceo",178
PH,"Canete",177
PH,"De Ocampo",177
PH,"Bello",177
PH,"Ho",176
PL,"Nowak",17703
PL,"Kowalski",7481
PL,"Kowalska",7186
PL,"Kowalczyk",5851
PL,"Wójcik",4998
PL,"Mazur",4407
PL,"Woźniak",4291
PL,"Kaczmarek",4155
PL,"Krawczyk",3911
PL,"Wieczorek",3240
PL,"Król",3125
PL,"Lewandowska",3098
PL,"Zając",2868
PL,"Wiśniewska",2849
PL,"Sikora",2830
PL,"Adamczyk",2815
PL,"Dudek",2738
PL,"Ka",2716
PL,"Wróbel",2682
PL,"Lewandowski",2679
PL,"Pawlak",2643
PL,"Walczak",2634
PL,"Kamińska",2527
PL,"Wiśniewski",2419
PL,"Michalak",2399
PL,"Szewczyk",2387
PL,"Zielińska",2372
PL,"Wilk",2359
PL,"Szymańska",2338
PL,"Stępień",2325
PL,"Dąbrowska",2323
PL,"Baran",2312
PL,"Jankowska",2303
PL,"Marciniak",2296
PL,"Kwiatkowska",2294
PL,"Duda",2279
PL,"Pietrzak",2253
PL,"Lis",2241
PL,"Kamiński",2191
PL,"Wojciechowska",2147
PL,"Zieliński",2123
PL,"Jankowski",2086
PL,"Kot",2004
PL,"Szymański",1999
PL,"Wojciechowski",1982
PL,"Kubiak",1959
PL,"Kozłowska",1956
PL,"Kwiatkowski",1933
PL,"Dąbrowski",1929
PL,"Mazurek",1867
PL,"Piotrowska",1865
PL,"Bąk",1864
PL,"Kozłowski",1854
PL,"Włodarczyk",1814
PL,"Michalska",1770
PL,"Janik",1761
PL,"Kowal",1758
PL,"Grabowska",1752
PL,"Piotrowski",1746
PL,"Krupa",1741
PL,"Sobczak",1729
PL,"Szulc",1690
PL,"Nowakowska",1689
PL,"Michalski",1678
PL,"Kołodziej",1662
PL,"Marek",1654
PL,"Maj",1615
PL,"Nowicka",1603
PL,"Sz",1589
PL,"Szymczak",1582
PL,"Polak",1582
PL,"Majewska",1574
PL,"Nowakowski",1553
PL,"Kaźmierczak",1543
PL,"Kaczmarczyk",1539
PL,"Grabowski",1537
PL,"Malinowska",1530
PL,"Mucha",1524
PL,"Kania",1515
PL,"Kowalik",1506
PL,"Olszewska",1501
PL,"Kozak",1500
PL,"Szczepaniak",1479
PL,"Wawrzyniak",1464
PL,"Pawłowska",1458
PL,"Nowicki",1455
PL,"Ostrowska",1443
PL,"Mróz",1429
PL,"Jaworska",1423
PL,"Jarosz",1400
PL,"Jaworski",1393
PL,"Pawłowski",1384
PL,"Witkowska",1378
PL,"Błaszczyk",1363
PL,"Sowa",1357
PL,"Rutkowska",1356
PL,"Jabłońska",1329
PL,"Majewski",1327
PL,"Markiewicz",1322
PL,"Górska",1315
PL,"Urbaniak",1314
PL,"Kruk",1310
PL,"Malinowski",1306
PL,"Stankiewicz",1284
PL,"Olszewski",1282
PL,"Tomczyk",1282
PL,"Pawlik",1276
PL,"Tomczak",1270
PL,"Tomaszewska",1265
PL,"Klimek",1263
PL,"Stasiak",1258
PL,"Witkowski",1255
PL,"Mikołajczyk",1249
PL,"Kurek",1233
PL,"Bednarek",1219
PL,"Anna",1208
PL,"Musiał",1207
PL,"Jakubowska",1201
PL,"Tomaszewski",1197
PL,"Zawadzka",1196
PL,"Gajda",1194
PL,"Piątek",1190
PL,"Kasprzak",1187
PL,"Zięba",1178
PL,"Ratajczak",1172
PL,"Kołodziejczyk",1168
PL,"Jabłoński",1167
PL,"Rutkowski",1158
PL,"Ostrowski",1147
PL,"Żak",1146
PL,"Cieślak",1136
PL,"Łuczak",1134
PL,"Michalik",1125
PL,"Majchrzak",1123
PL,"Skiba",1118
PL,"Sadowska",1117
PL,"Górski",1114
PL,"Kozioł",1114
PL,"Olejnik",1113
PL,"Konieczny",1107
PL,"Zalewska",1100
PL,"Wrona",1087
PL,"Jakubowski",1086
PL,"Wójtowicz",1084
PL,"Dziedzic",1080
PL,"Socha",1074
PL,"Mazurkiewicz",1070
PL,"Madej",1067
PL,"Borkowska",1062
PL,"Urban",1041
PL,"Olejniczak",1041
PL,"Kopeć",1037
PL,"Sadowski",1023
PL,"Bednarz",1020
PL,"Zawadzki",1016
PL,"Sawicka",1013
PL,"Wróblewska",1012
PL,"Chmielewska",1004
PL,"Maciejewska",1003
PL,"Kasprzyk",999
PL,"Wysocka",995
PL,"Kucharska",988
PL,"Sroka",983
PL,"Czarnecka",982
PL,"Jasińska",982
PL,"Owczarek",982
PL,"Maciejewski",980
PL,"Leśniak",977
PL,"Rybak",966
PL,"Bednarczyk",958
PL,"Grzelak",956
PL,"Borkowski",952
PL,"Zalewski",951
PL,"Sawicki",951
PL,"Chmielewski",949
PL,"Wróblewski",944
PL,"Chmiel",936
PL,"Kalinowska",930
PL,"Czaja",923
PL,"Wysocki",921
PL,"Jóźwiak",919
PL,"Rak",915
PL,"Witek",914
PL,"Marzec",912
PL,"Matusiak",907
PL,"Domagała",905
PL,"Sobczyk",904
PL,"Sokołowska",903
PL,"Pająk",901
PL,"Kucharski",900
PL,"Kaczor",899
PL,"Czajka",894
PL,"Gruszka",894
PL,"Stachowiak",891
PL,"Sikorska",889
PL,"Paluch",889
PL,"Przybylska",885
PL,"Czarnecki",881
PL,"Lech",876
PL,"Czech",873
PL,"Świątek",872
PL,"Pluta",872
PL,"Zych",871
PL,"Jasiński",869
PL,"Adamska",866
PL,"Laskowska",862
PL,"Wasilewska",859
PL,"Szczepańska",859
PL,"Zawada",859
PL,"Klimczak",854
PL,"Makowska",852
PL,"Baranowska",850
PL,"Zakrzewska",849
PL,"Kalinowski",847
PL,"Urbańska",839
PL,"Marszałek",837
PL,"Krajewska",835
PL,"Ptak",832
PL,"Turek",831
PL,"Kowalewska",826
PL,"Adamski",825
PL,"Nowacka",821
PL,"Laskowski",815
PL,"Bieniek",815
PL,"Stefaniak",812
PL,"Marczak",811
PL,"Banach",810
PL,"Maria",808
PL,"Borowska",807
PL,"Zakrzewski",806
PL,"Mika",805
PL,"Łukasik",805
PL,"Serafin",801
PL,"Krawiec",800
PL,"Sikorski",799
PL,"Pietrzyk",796
PL,"Wozniak",790
PL,"Andrzejewska",787
PL,"Em",785
PL,"Kujawa",784
PL,"Bartkowiak",783
PL,"Sokołowski",782
PL,"Skrzypczak",781
PL,"Panek",780
PL,"Wolska",778
PL,"Markowska",775
PL,"Białek",774
PL,"Ja",773
PL,"Przybysz",766
PL,"Andrzejewski",764
PL,"Wojcik",763
PL,"Makowski",762
PL,"Augustyniak",761
PL,"Ziółkowska",759
PL,"Góra",759
PL,"Skowron",757
PL,"Konieczna",756
PL,"Przybylski",752
PL,"Gil",751
PL,"Borowski",750
PL,"Graczyk",749
PL,"Drozd",749
PL,"Chojnacka",748
PL,"Niemiec",748
PL,"Mielczarek",748
PL,"Kuś",747
PL,"Kwiecień",746
PL,"Krajewski",744
PL,"Nowacki",740
PL,"Gajewska",738
PL,"Szczepański",737
PL,"Przybyła",737
PL,"Kos",734
PL,"Kozieł",733
PL,"Małek",732
PL,"Gawron",731
PL,"Wu",731
PL,"Żurek",730
PL,"Gajewski",729
PL,"Matysiak",728
PL,"Górecka",724
PL,"Zaremba",724
PL,"Kula",723
PL,"Janus",723
PL,"Kowalewski",719
PL,"Ko",718
PL,"Kulik",713
PL,"Głowacka",712
PL,"Sienkiewicz",711
PL,"Kulesza",710
PL,"Wasilewski",706
PL,"Wesołowska",703
PL,"Banaś",702
PL,"Urbański",701
PL,"Czyż",699
PL,"Głowacki",697
PL,"Jurek",697
PL,"Kaleta",697
PL,"Maćkowiak",696
PL,"Markowski",694
PL,"Janiak",694
PL,"Baranowski",693
PL,"Brzozowska",691
PL,"Gawlik",691
PL,"Cichoń",688
PL,"Chojnacki",686
PL,"Piasecka",686
PL,"Janicka",685
PL,"Górka",682
PL,"Lipińska",681
PL,"Pe",680
PL,"Siwek",679
PL,"Kucharczyk",679
PL,"Filipiak",679
PL,"Kubik",679
PL,"Kacprzak",677
PL,"Hajduk",676
PL,"Brzezińska",672
PL,"Szostak",672
PL,"Leszczyńska",670
PL,"Walkowiak",670
PL,"Rzepka",669
PL,"Śliwa",669
PL,"Mikołajczak",666
PL,"Antczak",665
PL,"Janusz",663
PL,"Słowik",662
PL,"Dobrowolska",660
PL,"Ciesielska",660
PL,"Szczepanik",659
PL,"Kubica",659
PL,"Cieślik",657
PL,"Malec",655
PL,"Janas",653
PL,"Nawrocka",650
PL,"Bartczak",650
PL,"Konopka",650
PL,"Grzyb",649
PL,"Wierzbicka",647
PL,"Lach",646
PL,"Brzozowski",644
PL,"Czerwińska",643
PL,"Ziółkowski",642
PL,"Ma",641
PL,"Borek",641
PL,"Górecki",640
PL,"Nawrot",640
PL,"Kmiecik",639
PL,"Wolski",637
PL,"Kłos",637
PL,"Ch",637
PL,"Nowaczyk",636
PL,"Wolny",635
PL,"Buczek",635
PL,"Es",634
PL,"Skrzypek",632
PL,"Wisniewski",628
PL,"Stec",628
PL,"Biernat",627
PL,"Czajkowska",625
PL,"Stańczyk",624
PL,"Ciesielski",623
PL,"Szymczyk",623
PL,"Bielecka",619
PL,"Grzegorczyk",619
PL,"Janicki",616
PL,"Kostrzewa",615
PL,"Młynarczyk",615
PL,"Zielinski",609
PL,"Czajkowski",609
PL,"Witczak",608
PL,"Lena",606
PL,"Pietras",606
PL,"Banasiak",605
PL,"Dobosz",605
PL,"Kuc",604
PL,"Wnuk",604
PL,"Szczygieł",602
PL,"Kasia",601
PL,"Białas",599
PL,"Piasecki",598
PL,"Juszczak",596
PL,"Kisiel",595
PL,"Cieśla",595
PL,"Krysiak",593
PL,"Węgrzyn",593
PL,"Bogusz",593
PL,"Rogala",591
PL,"Strzelczyk",591
PL,"Orłowska",590
PL,"Zygmunt",589
PL,"Jurkiewicz",588
PL,"Sosnowska",587
PL,"Nawrocki",586
PL,"Brzeziński",585
PL,"Gąsior",585
PL,"Stelmach",584
PL,"Leszczyński",583
PL,"Grzesiak",580
PL,"Bochenek",580
PT,"Silva",87177
PT,"Santos",62339
PT,"Ferreira",47913
PT,"Pereira",45081
PT,"Oliveira",37866
PT,"Costa",37560
PT,"Rodrigues",35616
PT,"Martins",32802
PT,"Sousa",30686
PT,"Fernandes",29381
PT,"Gomes",26465
PT,"Lopes",25903
PT,"Ribeiro",24618
PT,"Gonçalves",23580
PT,"Marques",23133
PT,"Carvalho",22810
PT,"Almeida",22292
PT,"Pinto",21611
PT,"Alves",21476
PT,"Dias",18774
PT,"Teixeira",18247
PT,"Correia",15690
PT,"Mendes",15654
PT,"Moreira",15038
PT,"Soares",14221
PT,"Vieira",14156
PT,"Monteiro",14096
PT,"Cardoso",13475
PT,"Nunes",13035
PT,"Duarte",12851
PT,"Rocha",12510
PT,"Coelho",10709
PT,"Reis",10254
PT,"Ramos",9867
PT,"Neves",9783
PT,"Freitas",9641
PT,"Cruz",9603
PT,"Cunha",9574
PT,"Machado",9418
PT,"Pires",9228
PT,"Fonseca",9223
PT,"Tavares",8585
PT,"Barbosa",8528
PT,"Lima",8395
PT,"Matos",8356
PT,"Antunes",7806
PT,"Castro",7418
PT,"Miguel",7264
PT,"Andrade",6925
PT,"Figueiredo",6824
PT,"Azevedo",6804
PT,"Faria",6014
PT,"Lourenço",6011
PT,"Miranda",5998
PT,"Barros",5987
PT,"Filipe",5681
PT,"Morais",5678
PT,"Pinheiro",5624
PT,"Abreu",5588
PT,"Batista",5575
PT,"Henriques",5516
PT,"Pedro",5434
PT,"Mota",5398
PT,"Jesus",5317
PT,"Afonso",5308
PT,"Simões",5273
PT,"Guerreiro",5207
PT,"Rosa",5195
PT,"Campos",5139
PT,"Brito",4964
PT,"Nogueira",4924
PT,"Borges",4861
PT,"Melo",4814
PT,"Araújo",4637
PT,"Esteves",4489
PT,"Magalhães",4455
PT,"Maia",4294
PT,"Baptista",4262
PT,"Moura",4238
PT,"Neto",4196
PT,"Maria",4124
PT,"Garcia",3961
PT,"Amaral",3900
PT,"Araujo",3871
PT,"Gouveia",3833
PT,"Jorge",3757
PT,"Nascimento",3748
PT,"Valente",3691
PT,"Sofia",3627
PT,"Leite",3616
PT,"Vaz",3592
PT,"Branco",3586
PT,"Gaspar",3477
PT,"Pacheco",3474
PT,"Goncalves",3445
PT,"Alexandre",3417
PT,"Loureiro",3412
PT,"Pinho",3381
PT,"Vicente",3371
PT,"Leal",3368
PT,"Macedo",3128
PT,"Cabral",3115
PT,"Torres",3088
PT,"Amorim",3050
PT,"Filipa",2909
PT,"Matias",2893
PT,"Simoes",2892
PT,"Couto",2889
PT,"Bento",2881
PT,"Sá",2878
PT,"Bastos",2825
PT,"Francisco",2807
PT,"Paiva",2807
PT,"Guedes",2785
PT,"Rebelo",2781
PT,"Mateus",2765
PT,"Carneiro",2702
PT,"Da Silva",2688
PT,"Peixoto",2680
PT,"Franco",2620
PT,"Paulo",2614
PT,"Manuel",2601
PT,"Domingues",2566
PT,"Sequeira",2549
PT,"Saraiva",2506
PT,"Cordeiro",2479
PT,"Luis",2477
PT,"Sampaio",2460
PT,"Caetano",2454
PT,"Lemos",2440
PT,"Bernardo",2404
PT,"Aguiar",2391
PT,"Ventura",2363
PT,"Morgado",2340
PT,"Coutinho",2322
PT,"Mendonça",2293
PT,"Mesquita",2248
PT,"Guerra",2244
PT,"Madeira",2233
PT,"Magalhaes",2232
PT,"Vasconcelos",2228
PT,"Carlos",2219
PT,"Alexandra",2174
PT,"Ramalho",2170
PT,"Godinho",2131
PT,"Souza",2121
PT,"Pimenta",2070
PT,"Viegas",2039
PT,"Serra",2024
PT,"Graça",1998
PT,"Guimarães",1987
PT,"Domingos",1981
PT,"Trindade",1969
PT,"Veiga",1964
PT,"Raposo",1930
PT,"Varela",1926
PT,"Palma",1909
PT,"Dinis",1907
PT,"Conceição",1900
PT,"Pina",1882
PT,"Martinho",1841
PT,"Figueira",1839
PT,"Carmo",1829
PT,"Medeiros",1815
PT,"Braga",1811
PT,"Roque",1795
PT,"Carreira",1790
PT,"Viana",1781
PT,"Lucas",1780
PT,"Pais",1768
PT,"Singh",1762
PT,"Freire",1748
PT,"Leitão",1722
PT,"Cerqueira",1715
PT,"Diogo",1704
PT,"Amaro",1695
PT,"Barata",1649
PT,"Xavier",1648
PT,"Caldeira",1630
PT,"Gil",1612
PT,"Delgado",1608
PT,"Marinho",1606
PT,"Barroso",1595
PT,"Salgado",1587
PT,"Vale",1574
PT,"Augusto",1552
PT,"Cristina",1541
PT,"Nobre",1532
PT,"Luz",1521
PT,"Isabel",1501
PT,"Veloso",1492
PT,"Albuquerque",1476
PT,"André",1472
PT,"Lobo",1470
PT,"Ricardo",1466
PT,"Silveira",1461
PT,"Semedo",1460
PT,"Santana",1460
PT,"Teles",1451
PT,"Ferraz",1425
PT,"Brandão",1421
PT,"Fontes",1369
PT,"Botelho",1352
PT,"Chaves",1346
PT,"Barreto",1342
PT,"Resende",1337
PT,"Camacho",1328
PT,"Pimentel",1320
PT,"Dos Santos",1318
PT,"Furtado",1315
PT,"Meireles",1311
PT,"Silvestre",1311
PT,"João",1308
PT,"Bessa",1304
PT,"De Sousa",1298
PT,"Rafael",1289
PT,"Pestana",1283
PT,"Antonio",1265
PT,"Rita",1260
PT,"José",1235
PT,"Pedrosa",1222
PT,"Félix",1216
PT,"Abrantes",1209
PT,"Agostinho",1205
PT,"Sobral",1190
PT,"Jose",1188
PT,"Luís",1183
PT,"Farinha",1183
PT,"Calado",1157
PT,"Salvador",1151
PT,"Grilo",1150
PT,"Pontes",1144
PT,"Daniel",1123
PT,"David",1117
PT,"Rego",1115
PT,"Mestre",1114
PT,"Gama",1104
PT,"Sa",1103
PT,"Tomás",1094
PT,"Paulino",1093
PT,"Portugal",1092
PT,"Faustino",1083
PT,"Fialho",1083
PT,"Louro",1081
PT,"Candeias",1077
PT,"Anjos",1064
PT,"Inácio",1062
PT,"Salgueiro",1061
PT,"Paula",1057
PT,"Coimbra",1038
PT,"Catarino",1026
PT,"Sanches",1021
PT,"Serrano",1020
PT,"Parreira",1014
PT,"Simão",1003
PT,"Moreno",999
PT,"Novais",991
PT,"Santiago",986
PT,"Queirós",984
PT,"Guimaraes",980
PT,"Jacinto",978
PT,"Brás",977
PT,"Menezes",975
PT,"Romão",972
PT,"Castanheira",969
PT,"Barradas",961
PT,"António",960
PT,"Rosado",943
PT,"Vilela",940
PT,"Raquel",936
PT,"Dantas",933
PT,"Moutinho",930
PT,"Fidalgo",917
PT,"Horta",910
PT,"Tomé",909
PT,"Braz",903
PT,"Passos",896
PT,"Jardim",894
PT,"Gabriel",893
PT,"Vitorino",890
PT,"Madureira",885
PT,"Lourenco",880
PT,"Henrique",879
PT,"Margarida",874
PT,"Felix",866
PT,"Raimundo",862
PT,"Moniz",860
PT,"Belo",858
PT,"Quaresma",858
PT,"Da Costa",857
PT,"Alberto",849
PT,"Cabrita",837
PT,"Tiago",832
PT,"Andre",831
PT,"Caeiro",831
PT,"Catarina",830
PT,"Cavaco",828
PT,"Seabra",826
PT,"Vidal",825
PT,"Peres",824
PT,"De Oliveira",822
PT,"Bernardino",821
PT,"Assunção",821
PT,"Junior",813
PT,"Fortes",811
PT,"Pedroso",808
PT,"Patricio",807
PT,"Lisboa",802
PT,"Conde",800
PT,"Amado",798
PT,"Joaquim",797
PT,"Portela",797
PT,"Joao",796
PT,"Aleixo",793
PT,"Meneses",788
PT,"Marcelino",785
PT,"Aires",781
PT,"Seixas",781
PT,"Pessoa",773
PT,"Carrilho",768
PT,"Quintas",761
PT,"Maciel",758
PT,"Leitao",757
PT,"Balde",756
PT,"Clemente",749
PT,"Mira",744
PT,"Gameiro",738
PT,"Lino",737
PT,"De Almeida",737
PT,"Fernando",736
PT,"Paixão",734
PT,"Queiroz",734
PT,"Ferro",733
PT,"Flores",731
PT,"Inacio",730
PT,"Diniz",727
PT,"Nuno",722
PT,"Barreira",719
PT,"Mata",706
PT,"Ruivo",703
PT,"Bettencourt",703
PT,"Baltazar",695
PT,"Caldas",691
PT,"França",691
PT,"Nóbrega",689
PT,"Crespo",673
PT,"Fragoso",672
PT,"Prata",671
PT,"Rosário",650
PT,"Bandeira",647
PT,"Ponte",647
PT,"Lda",646
PT,"Bernardes",646
PT,"Colaço",645
PT,"Barreiros",636
PT,"Malheiro",635
PT,"Frade",627
PT,"Brites",623
PT,"Brandao",620
PT,"Leão",611
PT,"Queiros",610
PT,"Meira",610
PT,"Claro",609
PT,"Garrido",609
PT,"Pascoal",602
PT,"Ornelas",601
PT,"Guilherme",599
PT,"Moita",595
PT,"Bravo",590
PT,"Narciso",589
PT,"Pita",584
PT,"Galvão",583
PT,"Russo",581
PT,"Bras",572
PT,"Valentim",569
PT,"Falcão",569
PT,"Estrela",566
PT,"Laranjeira",562
PT,"Bruno",561
PT,"Leandro",561
PT,"Piedade",554
PT,"Santo",553
PT,"Duque",549
PT,"Tomas",547
PT,"Rosario",547
PT,"Capela",547
PT,"Casimiro",546
PT,"Patrício",546
PT,"De Carvalho",545
PT,"Videira",543
PT,"Conceicao",538
PT,"Saldanha",534
PT,"Fraga",533
PT,"Vilaça",532
PT,"Marcos",531
PT,"Batalha",531
PT,"Proença",529
PT,"Verissimo",528
PT,"Parente",526
PT,"Pardal",525
RS,"Jovanovic",1542
RS,"Petrovic",1221
RS,"Markovic",1180
RS,"Nikolic",1090
RS,"Popovic",959
RS,"Stojanovic",730
RS,"Ilic",634
RS,"Ivanovic",615
RS,"Djordjevic",608
RS,"Jankovic",585
RS,"Pavlovic",574
RS,"Stankovic",560
RS,"Milosevic",526
RS,"Kovacevic",520
RS,"Savic",459
RS,"Mitrovic",446
RS,"Vukovic",423
RS,"Zivkovic",417
RS,"Muric",399
RS,"Todorovic",396
RS,"Knezevic",395
RS,"Vujovic",369
RS,"Radovic",368
RS,"Kostic",349
RS,"Milic",345
RS,"Radulovic",344
RS,"Ristic",339
RS,"Perovic",325
RS,"Bulatovic",319
RS,"Simic",315
RS,"Obradovic",302
RS,"Jovanović",301
RS,"Stevanovic",296
RS,"Milosavljevic",291
RS,"Milovanovic",291
RS,"Tomic",283
RS,"Djurovic",283
RS,"Boskovic",281
RS,"Mladenovic",279
RS,"Jovic",275
RS,"Cvetkovic",269
RS,"Milenkovic",269
RS,"Novakovic",268
RS,"Radovanovic",267
RS,"Nikolić",266
RS,"Petrović",265
RS,"Mihajlovic",263
RS,"Pejovic",263
RS,"Marinkovic",262
RS,"Filipovic",261
RS,"Krstic",260
RS,"Stefanovic",259
RS,"Petkovic",259
RS,"Lukic",259
RS,"Stojkovic",256
RS,"Marković",250
RS,"Bozovic",246
RS,"Lazarevic",243
RS,"Aleksic",241
RS,"Djuric",240
RS,"Martinovic",238
RS,"Stanojevic",235
RS,"Mirkovic",233
RS,"Lazic",230
RS,"Popović",230
RS,"Dimitrijevic",229
RS,"Milanovic",229
RS,"Babic",226
RS,"Vukcevic",217
RS,"Peric",215
RS,"Vasic",212
RS,"Djukic",205
RS,"Pavicevic",205
RS,"Maric",203
RS,"Vuckovic",199
RS,"Djokic",197
RS,"Mitic",195
RS,"Radonjic",195
RS,"Radosavljevic",193
RS,"Krivokapic",192
RS,"Bogdanovic",190
RS,"Zivanovic",185
RS,"Maksimovic",184
RS,"Pesic",184
RS,"Raicevic",179
RS,"Blagojevic",176
RS,"Matic",174
RS,"Miletic",174
RS,"Stanisic",171
RS,"Marjanovic",171
RS,"Stojanović",171
RS,"Stamenkovic",170
RS,"Kalac",165
RS,"Antic",164
RS,"Gajic",164
RS,"Skrijelj",160
RS,"Nedeljkovic",160
RS,"Ilić",157
RS,"Miljkovic",156
RS,"Sekulic",155
RS,"Mandic",154
RS,"Hodzic",150
RS,"Jokic",147
RS,"Vojinovic",147
RS,"Zdravkovic",146
RS,"Jovovic",146
RS,"Milovic",145
RS,"Scekic",145
RS,"Kovačević",145
RS,"Rajkovic",144
RS,"Scepanovic",144
RS,"Milicevic",141
RS,"Rakocevic",140
RS,"Milutinovic",139
RS,"Milojevic",139
RS,"Bojovic",139
RS,"Vasiljevic",138
RS,"Milošević",138
RS,"Muratovic",137
RS,"Jevtic",137
RS,"Ostojic",136
RS,"Pavlović",136
RS,"Rakic",134
RS,"Grujic",133
RS,"Dacic",131
RS,"Kuc",131
RS,"Lekic",131
RS,"Arsic",131
RS,"Golubovic",130
RS,"Ivkovic",129
RS,"Mijatovic",129
RS,"Lazovic",127
RS,"Tasic",125
RS,"Stanic",125
RS,"Djurdjevic",124
RS,"Vuksanovic",124
RS,"Velickovic",123
RS,"Andjelkovic",123
RS,"Spasic",123
RS,"Đorđević",123
RS,"Ramovic",122
RS,"Stanković",120
RS,"Jakovljevic",117
RS,"Radojevic",116
RS,"Nurkovic",114
RS,"Minic",114
RS,"Knežević",114
RS,"Radivojevic",113
RS,"Berisa",112
RS,"Andric",112
RS,"Savić",111
RS,"Živković",111
RS,"Vlahovic",110
RS,"Samardzic",110
RS,"Miladinovic",109
RS,"Montenegro",109
RS,"Trifunovic",109
RS,"Vuković",109
RS,"Drobnjak",108
RS,"Pantic",108
RS,"Paunovic",108
RS,"Draskovic",108
RS,"Mihailovic",108
RS,"Jelic",108
RS,"Djukanovic",108
RS,"Mitrović",108
RS,"Pepic",106
RS,"Kaludjerovic",106
RS,"Spasojevic",106
RS,"Pajovic",106
RS,"Jovicic",105
RS,"Tomasevic",105
RS,"Ivanović",105
RS,"Simonovic",104
RS,"Veljkovic",104
RS,"Janković",104
RS,"Dragovic",104
RS,"Joksimovic",103
RS,"Licina",102
RS,"Gavrilovic",102
RS,"Tadic",102
RS,"Radović",102
RS,"Jeremic",101
RS,"Lucic",101
RS,"Marko",100
RS,"Simovic",100
RS,"Vukotic",100
RS,"Agovic",99
RS,"Zecevic",99
RS,"Vujosevic",99
RS,"Cetkovic",97
RS,"Manojlovic",97
RS,"Nesic",96
RS,"Djurisic",96
RS,"Todorović",96
RS,"Adrovic",94
RS,"Јовановић",94
RS,"Vujacic",94
RS,"Nikcevic",94
RS,"Rankovic",93
RS,"Damjanovic",93
RS,"Trajkovic",92
RS,"Vucinic",90
RS,"Veselinovic",90
RS,"Stosic",89
RS,"Ciric",89
RS,"Krsmanovic",89
RS,"Bulatović",89
RS,"Perisic",88
RS,"Ignjatovic",88
RS,"Koprivica",88
RS,"Brankovic",87
RS,"Delic",87
RS,"Pantelic",87
RS,"Lekovic",87
RS,"Adzic",87
RS,"Hasanovic",86
RS,"Bozic",86
RS,"Vukicevic",86
RS,"Radic",85
RS,"Micic",85
RS,"Radojicic",85
RS,"Milić",85
RS,"Terzic",85
RS,"Vukadinovic",84
RS,"Misic",84
RS,"Radunovic",84
RS,"Davidovic",84
RS,"Simić",84
RS,"Milivojevic",84
RS,"Mujevic",83
RS,"Avramovic",83
RS,"Korac",83
RS,"Mugosa",82
RS,"Tosic",82
RS,"Podgorica",81
RS,"Bubanja",81
RS,"Roganovic",81
RS,"Ratkovic",80
RS,"Vujicic",80
RS,"Tomovic",80
RS,"Kostić",80
RS,"Bulajic",79
RS,"Djokovic",78
RS,"Obradović",78
RS,"Janjic",78
RS,"Krstić",78
RS,"Dautovic",77
RS,"Omerovic",77
RS,"Bajic",77
RS,"Ristić",77
RS,"Петровић",77
RS,"Panic",77
RS,"Matovic",77
RS,"Maras",77
RS,"Vucetic",77
RS,"Nikola",76
RS,"Hott",76
RS,"Bojanic",76
RS,"Mijailovic",76
RS,"Jovicevic",76
RS,"Zekovic",76
RS,"Bojic",76
RS,"Kalezic",75
RS,"Despotovic",75
RS,"Grbovic",75
RS,"Lukovic",75
RS,"Đurović",75
RS,"Rastoder",74
RS,"Halilovic",74
RS,"Kuzmanovic",74
RS,"Mijovic",74
RS,"Marija",73
RS,"Zaric",73
RS,"Rakovic",73
RS,"Tomić",73
RS,"Radulović",72
RS,"Zoric",72
RS,"Perović",72
RS,"Kojic",71
RS,"Sabotic",71
RS,"Randjelovic",71
RS,"Bošković",71
RS,"Andjelic",71
RS,"Pejović",71
RS,"Medjedovic",70
RS,"Babovic",70
RS,"Vujović",70
RS,"Brajovic",70
RS,"Ivan",69
RS,"Mehovic",69
RS,"Milovanović",69
RS,"Nedovic",69
RS,"Николић",68
RS,"Urosevic",68
RS,"Milinkovic",68
RS,"Bar",68
RS,"Novovic",68
RS,"Vojvodic",68
RS,"Šćepanović",67
RS,"Mladenović",67
RS,"Bakic",67
RS,"Lalic",66
RS,"Murić",66
RS,"Boljevic",66
RS,"Dabovic",66
RS,"Pantovic",65
RS,"Lukić",65
RS,"Mihajlović",65
RS,"Corovic",65
RS,"Budva",64
RS,"Марковић",64
RS,"Radevic",64
RS,"Vuletic",64
RS,"Rajic",64
RS,"Stojiljkovic",63
RS,"Petković",63
RS,"Nikic",63
RS,"Stojadinovic",63
RS,"Božović",63
RS,"Kurpejovic",62
RS,"Brkic",62
RS,"Milojkovic",62
RS,"Stevanović",62
RS,"Vukčević",62
RS,"Dragan",61
RS,"Aleksandar",61
RS,"Medenica",61
RS,"Kovac",61
RS,"Rosic",61
RS,"Djurkovic",61
RS,"Stepanovic",61
RS,"Pekovic",61
RS,"Rasovic",61
RS,"Cvetković",61
RS,"Đukić",61
RS,"Milacic",61
RS,"Jocic",60
RS,"Lazarević",60
RS,"Begovic",60
RS,"Gojkovic",60
RS,"Vidakovic",60
RS,"Bogicevic",60
RS,"Popov",60
RS,"Marovic",60
RS,"Stevic",59
RS,"Karadzic",59
RS,"Hadzic",59
RS,"Saric",59
RS,"Novaković",59
RS,"Dejan",58
RS,"Husovic",58
RS,"Osmanovic",58
RS,"Поповић",58
RS,"Dimitrijević",58
RS,"Stefanović",58
RS,"Mrdak",58
RS,"Lakic",58
RS,"Grbic",58
RS,"Ana",57
RS,"Milan",57
RS,"Milos",57
RS,"Gardasevic",57
RS,"Colic",57
RS,"Đurić",57
RS,"Stanisavljevic",56
RS,"Kalač",56
RS,"Glisic",56
RS,"Mikic",56
RS,"Pavićević",56
RS,"Vukasinovic",56
RS,"Lalovic",56
RS,"Miskovic",56
RS,"Zoran",55
RS,"Colovic",55
RS,"Adamovic",55
RS,"Avdic",54
RS,"Kocic",54
RS,"Tesic",54
RS,"Konatar",54
RS,"Marić",54
RS,"Zec",54
RS,"Matić",54
RS,"Aleksić",54
RS,"Lutovac",54
RS,"Prelevic",54
RS,"Jaksic",54
RS,"Milosavljević",54
RS,"Berisha",53
RS,"Vujic",53
RS,"Durakovic",53
RS,"Antonijevic",53
RS,"Škrijelj",53
RS,"Sinanovic",53
RS,"Стојановић",53
RS,"Niksic",53
RS,"Dinic",53
RS,"Dragicevic",53
RS,"Jović",53
RS,"Dukic",53
RU,"Иванова",40397
RU,"Иванов",39835
RU,"Петров",18295
RU,"Магомедов",16874
RU,"Кузнецова",15840
RU,"Петрова",14674
RU,"Смирнова",14410
RU,"Попова",12942
RU,"Кузнецов",12434
RU,"Васильева",12138
RU,"Магомедова",11734
RU,"Смирнов",11545
RU,"Алиев",11048
RU,"Попов",11047
RU,"Васильев",10548
RU,"Волкова",9799
RU,"Романова",9183
RU,"Ivanov",9013
RU,"Новикова",8760
RU,"Андреева",8397
RU,"Морозова",8386
RU,"Алиева",8292
RU,"Соколова",8203
RU,"Павлова",8032
RU,"Михайлова",7907
RU,"Ivanova",7895
RU,"Алексеева",7888
RU,"Волков",7641
RU,"Макарова",7440
RU,"Сергеева",7250
RU,"Андреев",7056
RU,"Николаева",6869
RU,"Егорова",6855
RU,"Сергеев",6648
RU,"Захарова",6553
RU,"Шевченко",6515
RU,"Степанова",6451
RU,"Павлов",6434
RU,"Михайлов",6396
RU,"Алексеев",6365
RU,"Новиков",6344
RU,"Соколов",6342
RU,"Морозов",6324
RU,"Никитина",6284
RU,"Орлова",6227
RU,"Романов",6214
RU,"Ким",6114
RU,"Федорова",6080
RU,"Макаров",6004
RU,"Ибрагимов",6003
RU,"Семенова",5946
RU,"Зайцева",5907
RU,"Лебедева",5855
RU,"Яковлева",5835
RU,"Александрова",5800
RU,"Миронова",5783
RU,"Егоров",5710
RU,"Николаев",5691
RU,"Григорьева",5580
RU,"Степанов",5513
RU,"Козлова",5511
RU,"Фролова",5503
RU,"Ахмедов",5481
RU,"Захаров",5311
RU,"Белова",5258
RU,"Максимова",5252
RU,"Бондаренко",5206
RU,"Борисова",5195
RU,"Коваленко",5046
RU,"Козлов",4983
RU,"Кузьмина",4897
RU,"Никитин",4801
RU,"Семенов",4785
RU,"Орлов",4766
RU,"Федоров",4764
RU,"Зайцев",4757
RU,"Александр",4729
RU,"Медведева",4720
RU,"Дмитриева",4708
RU,"Кот",4704
RU,"Максимов",4692
RU,"Исаев",4679
RU,"Кравченко",4608
RU,"Антонова",4590
RU,"Яковлев",4561
RU,"Елена",4554
RU,"Александров",4553
RU,"Тарасова",4517
RU,"Исаева",4488
RU,"Мельникова",4472
RU,"Александровна",4468
RU,"Матвеева",4451
RU,"Соловьева",4423
RU,"Белов",4370
RU,"Григорьев",4352
RU,"Котова",4326
RU,"Жукова",4323
RU,"Мамедов",4319
RU,"Фролов",4308
RU,"Полякова",4264
RU,"Назаров",4220
RU,"Сергеевич",4189
RU,"Ковалева",4183
RU,"Власова",4164
RU,"Сергеевна",4164
RU,"Александрович",4154
RU,"Сорокина",4141
RU,"Борисов",4133
RU,"Ильина",4128
RU,"Антонов",4118
RU,"Ткаченко",4056
RU,"Королева",4038
RU,"Каримов",4034
RU,"Гаджиев",4030
RU,"Лебедев",4029
RU,"Юсупов",4020
RU,"Богданова",3987
RU,"Филиппова",3972
RU,"Колесникова",3952
RU,"Данилова",3952
RU,"Кузьмин",3927
RU,"Ибрагимова",3913
RU,"Наталья",3907
RU,"Сергей",3879
RU,"Smirnova",3860
RU,"Гончарова",3810
RU,"Дмитриев",3797
RU,"Чернова",3790
RU,"Сидоров",3767
RU,"Давыдова",3747
RU,"Воробьева",3736
RU,"Фомина",3725
RU,"Киселева",3720
RU,"Назарова",3716
RU,"Татьяна",3716
RU,"Куликова",3704
RU,"Медведев",3701
RU,"Kim",3675
RU,"Абрамова",3673
RU,"Тимофеева",3671
RU,"Осипова",3671
RU,"Гусева",3660
RU,"Сидорова",3643
RU,"Калинина",3629
RU,"Petrov",3568
RU,"Абдуллаев",3566
RU,"Денисова",3561
RU,"Миронов",3558
RU,"Тарасов",3554
RU,"Жуков",3543
RU,"Курбанов",3516
RU,"Карпова",3508
RU,"Popova",3487
RU,"Титова",3486
RU,"Владимирович",3408
RU,"Petrova",3385
RU,"Владимировна",3367
RU,"Матвеев",3338
RU,"Ли",3333
RU,"Пономарева",3330
RU,"Мельников",3313
RU,"Беляева",3311
RU,"Афанасьева",3302
RU,"Казакова",3293
RU,"Гасанов",3284
RU,"Сорокин",3280
RU,"Ольга",3276
RU,"Шарипов",3259
RU,"Савченко",3258
RU,"Ефимова",3241
RU,"Magomedov",3234
RU,"Aliev",3219
RU,"Щербакова",3204
RU,"Маркова",3188
RU,"Филиппов",3182
RU,"Григорян",3164
RU,"Ильин",3155
RU,"Поляков",3155
RU,"Данилов",3136
RU,"Тихонова",3129
RU,"Бойко",3117
RU,"Ирина",3104
RU,"Гаврилова",3075
RU,"Баранова",3074
RU,"Исмаилов",3074
RU,"Соловьев",3070
RU,"Герасимова",3034
RU,"Kuznetsova",3032
RU,"Богданов",3024
RU,"Власов",3020
RU,"Котов",3020
RU,"Чернов",2988
RU,"Федотова",2986
RU,"Денисов",2976
RU,"Марченко",2974
RU,"Popov",2973
RU,"Мусаев",2972
RU,"Андрей",2960
RU,"Фомин",2953
RU,"Рамазанов",2952
RU,"Карпов",2947
RU,"Дмитрий",2939
RU,"Гусев",2938
RU,"Колесников",2937
RU,"Мальцева",2931
RU,"Воробьев",2917
RU,"Комарова",2901
RU,"Ермакова",2901
RU,"Филатова",2896
RU,"Хасанов",2886
RU,"Давыдов",2885
RU,"Светлана",2885
RU,"Савельева",2871
RU,"Тимофеев",2863
RU,"Журавлева",2855
RU,"Алексей",2854
RU,"Арутюнян",2850
RU,"Коновалова",2843
RU,"Осипов",2837
RU,"Баранов",2836
RU,"Абрамов",2836
RU,"Ковалев",2822
RU,"Smirnov",2822
RU,"Климова",2818
RU,"Киселев",2777
RU,"Куликов",2764
RU,"Гончаров",2763
RU,"Volkova",2759
RU,"Казаков",2735
RU,"Белый",2730
RU,"Юлия",2724
RU,"Ахмедова",2721
RU,"Наумова",2720
RU,"Ефремова",2719
RU,"Титов",2711
RU,"Виноградова",2689
RU,"Каримова",2685
RU,"Саидов",2682
RU,"Гаджиева",2674
RU,"Щербаков",2663
RU,"Трофимова",2663
RU,"Гусейнов",2659
RU,"Юсупова",2658
RU,"Romanova",2658
RU,"Марина",2656
RU,"Афанасьев",2651
RU,"Гаврилов",2646
RU,"Горбунова",2644
RU,"Черных",2630
RU,"Мартынова",2625
RU,"Потапова",2622
RU,"Лазарева",2585
RU,"Калинин",2576
RU,"Анисимова",2558
RU,"Овчинникова",2556
RU,"Беляев",2545
RU,"Ефимов",2542
RU,"Никифорова",2538
RU,"Князева",2535
RU,"Малышева",2501
RU,"Крылова",2492
RU,"Рахимов",2483
RU,"Федотов",2477
RU,"Руденко",2450
RU,"Архипова",2444
RU,"Омаров",2431
RU,"Белоусова",2430
RU,"Novikova",2397
RU,"Емельянова",2388
RU,"Тихонов",2387
RU,"Sokolova",2384
RU,"Герасимов",2382
RU,"Быкова",2371
RU,"Марков",2368
RU,"Николаевич",2365
RU,"Кудрявцева",2364
RU,"Екатерина",2351
RU,"Пономарев",2333
RU,"Сулейманов",2332
RU,"Pavlova",2331
RU,"Morozova",2329
RU,"Маслова",2328
RU,"Анастасия",2326
RU,"Кириллова",2321
RU,"Коновалов",2321
RU,"Соболева",2305
RU,"Курбанова",2305
RU,"Комаров",2298
RU,"Логинова",2296
RU,"Волк",2291
RU,"Воронина",2288
RU,"Королев",2287
RU,"Нестерова",2281
RU,"Andreeva",2281
RU,"Ермаков",2270
RU,"Плотникова",2257
RU,"Петренко",2251
RU,"Владимир",2249
RU,"Ефремов",2232
RU,"Лысенко",2229
RU,"Леонова",2221
RU,"Мартынов",2221
RU,"Alieva",2221
RU,"Kuznetsov",2221
RU,"Голубева",2182
RU,"Мальцев",2179
RU,"Быков",2177
RU,"Умаров",2173
RU,"Горбунов",2168
RU,"Самойлова",2168
RU,"Моисеева",2167
RU,"Юдина",2163
RU,"Клименко",2163
RU,"Наумов",2160
RU,"Павленко",2160
RU,"Сидоренко",2154
RU,"Родионова",2144
RU,"Петросян",2143
RU,"Потапов",2141
RU,"Mamedov",2139
RU,"Литвинова",2131
RU,"Лис",2131
RU,"Романенко",2126
RU,"Рамазанова",2124
RU,"Савина",2122
RU,"Мельник",2105
RU,"Филатов",2094
RU,"Цветкова",2084
RU,"Гришина",2077
RU,"Ушакова",2070
RU,"Евгений",2064
RU,"Николаевна",2053
RU,"Мария",2052
RU,"Хасанова",2048
RU,"Трофимов",2047
RU,"Громова",2042
RU,"Михеева",2041
RU,"Василенко",2038
RU,"Кондратьева",2032
RU,"Крылов",2031
RU,"Громов",2030
RU,"Кириллов",2029
RU,"Овчинников",2025
RU,"Гордеева",2023
RU,"Султанов",2021
RU,"Хачатрян",2017
RU,"Журавлев",2014
RU,"Акопян",2009
RU,"Емельянов",2008
RU,"Савельев",2007
RU,"Неважно",2000
RU,"Третьякова",1995
RU,"Семёнов",1984
RU,"Volkov",1977
RU,"Makarova",1976
RU,"Демидова",1975
RU,"Анна",1974
RU,"Панова",1969
RU,"Некрасова",1963
RU,"Климов",1963
RU,"Никифоров",1955
RU,"Мамедова",1954
RU,"Ершова",1951
RU,"Левченко",1951
RU,"Махмудов",1944
RU,"Краснова",1942
RU,"Евдокимова",1941
RU,"Fedorova",1940
RU,"Magomedova",1934
RU,"Grigoryan",1934
RU,"Карпенко",1933
RU,"Калашникова",1925
RU,"Викторовна",1925
RU,"Виноградов",1923
RU,"Ларина",1919
RU,"Karimov",1913
RU,"Симонова",1900
RU,"Лазарев",1895
RU,"Елисеева",1892
RU,"Прохорова",1884
RU,"Фёдоров",1879
RU,"Князев",1877
RU,"Викторович",1871
RU,"Пупкин",1866
RU,"Маслов",1863
RU,"Казанцева",1861
RU,"Ibragimov",1861
RU,"Воронин",1858
RU,"Анисимов",1856
RU,"Сафаров",1851
RU,"Orlova",1851
RU,"Бирюкова",1850
RU,"Сафронова",1849
RU,"Фоменко",1843
RU,"Хакимов",1842
RU,"Архипов",1841
RU,"Токарева",1834
RU,"Андреевна",1834
RU,"Sergeeva",1833
RU,"Калашников",1832
SA,"Khan",1067298
SA,"Ali",532024
SA,"محمد",233310
SA,"Ahmed",212829
SA,"Ahmad",211431
SA,"الحربي",199859
SA,"Kumar",176528
SA,"العتيبي",142124
SA,"Ansari",124266
SA,"العنزي",121355
SA,"Hussain",111841
SA,"احمد",110993
SA,"القحطاني",105531
SA,"Alam",103690
SA,"علي",99281
SA,"الشمري",97921
SA,"Islam",92551
SA,"Mohammed",80920
SA,"الدوسري",76504
SA,"عبدالله",72186
SA,"Hossain",70699
SA,"الزهراني",69450
SA,"المطيري",68696
SA,"Rahman",64990
SA,"الغامدي",64262
SA,"الشهري",62779
SA,"Singh",61407
SA,"Sk",59644
SA,"Yadav",58614
SA,"Ullah",56223
SA,"Uddin",55843
SA,"Mohamed",55617
SA,"Malik",52942
SA,"Shah",51341
SA,"Hassan",49966
SA,"Abdullah",45070
SA,"Mohammad",43159
SA,"Muhammad",41886
SA,"حسن",39700
SA,"المالكي",38930
SA,"Al",38707
SA,"Iqbal",38469
SA,"Shaikh",37878
SA,"الجهني",37402
SA,"Hasan",37323
SA,"Miah",36851
SA,"عسيري",36495
SA,"خالد",35805
SA,"الحارثي",34924
SA,"Alharbi",34846
SA,"Ibrahim",34709
SA,"الشريف",34401
SA,"العمري",33838
SA,"الشهراني",33739
SA,"Rana",33152
SA,"Gujjar",32429
SA,"Abbas",32150
SA,"ابراهيم",30035
SA,"السبيعي",29226
SA,"صالح",28551
SA,"العسيري",28380
SA,"Jutt",28358
SA,"القرني",28026
SA,"Saad",27483
SA,"Jan",26985
SA,"الرشيدي",26650
SA,"Raja",26066
SA,"حسين",25971
SA,"Raj",25619
SA,"Magar",25522
SA,"اليامي",24844
SA,"Mia",24634
SA,"عمر",23929
SA,"Imran",23687
SA,"Raza",23365
SA,"محمود",23027
SA,"Saeed",22935
SA,"Khalid",22516
SA,"يوسف",22366
SA,"سعيد",22240
SA,"Saleh",22091
SA,"Babu",21429
SA,"Rai",21170
SA,"اليافعي",21127
SA,"Ram",21027
SA,"البلوي",21006
SA,"Noor",20504
SA,"الخالدي",20263
SA,"Aziz",20103
SA,"Husain",20095
SA,"Love",19976
SA,"Mughal",19804
SA,"Omar",19578
SA,"Thapa",19309
SA,"Butt",19183
SA,"Sharma",19019
SA,"Amin",18925
SA,"Kamal",18921
SA,"Chaudhary",18875
SA,"السيد",18823
SA,"سالم",18769
SA,"سعد",18386
SA,"Alghamdi",18156
SA,"Lama",18141
SA,"Tamang",18103
SA,"Saleem",18045
SA,"Fahad",17963
SA,"Bhai",17915
SA,"Asif",17561
SA,"Aslam",17526
SA,"العلي",17510
SA,"Awan",17243
SA,"Mohd",16955
SA,"Abbasi",16794
SA,"Ashraf",16739
SA,"المصري",16654
SA,"Miya",16557
SA,"الشمراني",16517
SA,"الرويلي",16458
SA,"Jamal",16440
SA,"ال",16418
SA,"Mandal",16071
SA,"فهد",15940
SA,"Nawaz",15586
SA,"عبدالرحمن",15510
SA,"Anwar",15466
SA,"Rehman",15442
SA,"Sultan",15424
SA,"Akhtar",15331
SA,"Ismail",15311
SA,"Ch",15250
SA,"Sa",15195
SA,"Gul",15136
SA,"Arif",15052
SA,"Rashid",14703
SA,"ناصر",14624
SA,"السلمي",14546
SA,"العامري",14388
SA,"Gurung",14316
SA,"Sheikh",14280
SA,"King",14211
SA,"Shahzad",14177
SA,"Akram",14147
SA,"التميمي",14127
SA,"Afridi",14116
SA,"أحمد",13758
SA,"Shahid",13572
SA,"Irfan",13546
SA,"Qureshi",13506
SA,"Ahamed",13431
SA,"Mehmood",13415
SA,"Bhatti",13394
SA,"Jaan",13356
SA,"Mahmood",13283
SA,"Faisal",13187
SA,"على",13141
SA,"اليماني",13125
SA,"Ahamad",13121
SA,"Alotaibi",13043
SA,"Mustafa",13034
SA,"Khaled",13013
SA,"الشراري",13000
SA,"Mahmoud",12995
SA,"سليمان",12990
SA,"Zada",12977
SA,"Usman",12946
SA,"Salim",12919
SA,"Said",12608
SA,"Lal",12560
SA,"Muhammed",12558
SA,"Arshad",12544
SA,"عبده",12538
SA,"Sh",12509
SA,"Bahadur",12470
SA,"الشرعبي",12459
SA,"Zaman",12390
SA,"حكمي",12357
SA,"العطوي",12356
SA,"Nadeem",12252
SA,"البقمي",12241
SA,"Nasir",12135
SA,"Salam",12048
SA,"Mondal",12021
SA,"Das",11998
SA,"Siddiqui",11994
SA,"Abdul",11986
SA,"Alqahtani",11963
SA,"Salman",11919
SA,"عثمان",11901
SA,"Azmi",11801
SA,"Salem",11780
SA,"عبدالعزيز",11763
SA,"Mohamad",11622
SA,"Shaik",11549
SA,"Alshehri",11358
SA,"Javed",11347
SA,"Gupta",11144
SA,"Bilal",11127
SA,"البيشي",11104
SA,"Akbar",11057
SA,"Farooq",11038
SA,"Sah",10984
SA,"هزازي",10914
SA,"Hameed",10868
SA,"حمد",10801
SA,"Shekh",10764
SA,"الشيخ",10669
SA,"Afzal",10653
SA,"Shrestha",10409
SA,"العبدالله",10394
SA,"Salah",10303
SA,"Rasheed",10296
SA,"Sha",10250
SA,"Kalam",10138
SA,"Nasser",10120
SA,"Raju",10113
SA,"Umar",10098
SA,"Habib",10034
SA,"Chauhan",9976
SA,"Adam",9975
SA,"Asiri",9918
SA,"Patel",9867
SA,"القرشي",9836
SA,"Alzahrani",9736
SA,"Hossin",9718
SA,"المري",9711
SA,"Bd",9676
SA,"Almalki",9663
SA,"Rahim",9651
SA,"Mirza",9649
SA,"الروقي",9612
SA,"Prasad",9611
SA,"الجابري",9485
SA,"Sami",9405
SA,"Molla",9236
SA,"As",9209
SA,"الطيب",9193
SA,"Amir",9192
SA,"Karim",9176
SA,"العبدلي",9171
SA,"Osman",9168
SA,"الاسمري",9164
SA,"الهذلي",9093
SA,"Khalil",9010
SA,"Baloch",8965
SA,"البلوشي",8957
SA,"Ail",8916
SA,"Hamad",8907
SA,"سلطان",8900
SA,"الفيفي",8892
SA,"الحكمي",8838
SA,"Hamza",8784
SA,"Kumari",8772
SA,"Sayed",8728
SA,"Basha",8719
SA,"Tariq",8693
SA,"العجمي",8670
SA,"Saud",8641
SA,"Hossen",8621
SA,"Adel",8551
SA,"Cheema",8535
SA,"Sajid",8493
SA,"Mostafa",8471
SA,"العولقي",8442
SA,"الحازمي",8435
SA,"الاحمدي",8417
SA,"فيصل",8350
SA,"Haque",8300
SA,"Seid",8290
SA,"الهوساوي",8254
SA,"Rahaman",8231
SA,"Alamri",8220
SA,"مصطفى",8188
SA,"جمال",8141
SA,"منصور",8140
SA,"Abdo",8117
SA,"Akter",8114
SA,"الله",8100
SA,"الهلالي",7988
SA,"نور",7949
SA,"صلاح",7943
SA,"Faruk",7915
SA,"الهاجري",7914
SA,"Abdu",7874
SA,"عوض",7870
SA,"Hayat",7829
SA,"قاسم",7745
SA,"Jani",7724
SA,"حامد",7694
SA,"النجار",7686
SA,"Hussein",7640
SA,"Abdulaziz",7627
SA,"Tahir",7617
SA,"Pk",7607
SA,"Alom",7596
SA,"Sharif",7591
SA,"الحويطي",7591
SA,"Gondal",7547
SA,"Naeem",7533
SA,"Husen",7524
SA,"اسماعيل",7518
SA,"Majeed",7506
SA,"Ma",7488
SA,"Moh",7463
SA,"Azam",7461
SA,"Hanif",7452
SA,"Ramzan",7435
SA,"Zahid",7367
SA,"عباس",7357
SA,"Hamed",7347
SA,"Riaz",7342
SA,"ابو",7325
SA,"ابومحمد",7299
SA,"المحمد",7298
SA,"حمدي",7286
SA,"سعود",7272
SA,"المصرى",7249
SA,"السهلي",7233
SA,"عبد الله",7227
SA,"السعيد",7218
SA,"Hamid",7212
SA,"Prince",7210
SA,"Kc",7197
SA,"ابو محمد",7177
SA,"Rizwan",7153
SA,"الحسن",7138
SA,"Bajwa",7131
SA,"Limbu",7089
SA,"Adnan",7059
SA,"Rafiq",7028
SA,"Hossan",7023
SA,"الرفاعي",7014
SA,"Syed",6991
SA,"الحاج",6979
SA,"Baba",6979
SA,"رمضان",6952
SA,"Gh",6952
SA,"Jee",6944
SA,"موسى",6930
SA,"عادل",6923
SA,"Waseem",6909
SA,"السعدي",6903
SA,"الفهد",6881
SA,"Sekh",6854
SA,"Kh",6847
SA,"الحداد",6845
SA,"Ameen",6824
SA,"Hussen",6823
SA,"الشميري",6797
SA,"Alli",6797
SA,"الحميدي",6791
SA,"Saif",6764
SA,"تركي",6750
SA,"Karki",6733
SA,"Yaseen",6716
SA,"القيسي",6679
SA,"الفقيه",6658
SA,"Awad",6617
SA,"Miha",6613
SA,"فارس",6581
SA,"Sarkar",6570
SA,"مجرشي",6562
SA,"Bashir",6559
SA,"Haider",6546
SA,"Yousef",6540
SA,"يحي",6516
SA,"Abid",6460
SA,"Mahato",6453
SA,"Tyagi",6440
SA,"Thakur",6413
SA,"الاحمري",6396
SA,"Santos",6359
SA,"الصالح",6341
SA,"العمودي",6317
SA,"Naveed",6315
SA,"ادم",6306
SA,"خليل",6304
SA,"الاحمد",6278
SA,"Abdallah",6272
SA,"القاضي",6264
SA,"Khadka",6255
SA,"Ebrahim",6211
SA,"Haq",6201
SA,"Chand",6187
SA,"Biswas",6183
SA,"Sameer",6180
SA,"المهري",6156
SA,"الحميري",6137
SA,"جابر",6103
SA,"Omer",6094
SA,"Alzhrani",6077
SA,"Pathan",6065
SA,"India",6065
SA,"Mo",6065
SA,"الصيعري",6064
SA,"العوفي",6060
SA,"حمود",6038
SA,"Yasin",6023
SA,"Mon",6009
SA,"سيد",6004
SE,"Andersson",17594
SE,"Johansson",17163
SE,"Nilsson",12126
SE,"Karlsson",10598
SE,"Larsson",9348
SE,"Eriksson",9324
SE,"Persson",7422
SE,"Svensson",7269
SE,"Olsson",6997
SE,"Gustafsson",4458
SE,"Pettersson",4432
SE,"Jonsson",4168
SE,"Carlsson",4061
SE,"Jansson",3373
SE,"Hansson",3343
SE,"Ali",2750
SE,"Bengtsson",2661
SE,"Lindberg",2521
SE,"Lindgren",2166
SE,"Magnusson",2157
SE,"Jönsson",2148
SE,"Lindström",2147
SE,"Gustavsson",2103
SE,"Lundberg",2100
SE,"Olofsson",2033
SE,"Bergström",1919
SE,"Lundgren",1871
SE,"Petersson",1854
SE,"Berg",1800
SE,"Berglund",1708
SE,"Ahmed",1640
SE,"Axelsson",1619
SE,"Sandberg",1551
SE,"Forsberg",1493
SE,"Mattsson",1468
SE,"Sjöberg",1408
SE,"Lindqvist",1367
SE,"Engström",1365
SE,"Wallin",1362
SE,"Fredriksson",1339
SE,"Lundin",1336
SE,"Bergman",1327
SE,"Holm",1316
SE,"Ericsson",1315
SE,"Eklund",1311
SE,"Henriksson",1285
SE,"Samuelsson",1240
SE,"Lind",1214
SE,"Danielsson",1202
SE,"Holmberg",1191
SE,"Nyström",1190
SE,"Nyberg",1183
SE,"Lundqvist",1172
SE,"Gunnarsson",1166
SE,"Hassan",1162
SE,"Söderberg",1161
SE,"Mohamed",1119
SE,"Lundström",1080
SE,"Håkansson",1065
SE,"Johnsson",1063
SE,"Jakobsson",1051
SE,"Sandström",1050
SE,"Björk",1027
SE,"Nordström",1025
SE,"Berggren",1022
SE,"Eliasson",1010
SE,"Isaksson",1009
SE,"Nordin",1005
SE,"Arvidsson",1002
SE,"Ohlsson",994
SE,"Fransson",991
SE,"Ibrahim",985
SE,"Björklund",980
SE,"Jacobsson",975
SE,"Holmgren",975
SE,"Mårtensson",926
SE,"Sundberg",922
SE,"Åberg",921
SE,"Ström",912
SE,"Ekström",911
SE,"Hedlund",898
SE,"Wikström",889
SE,"Dahlberg",870
SE,"Hellström",860
SE,"Söderström",851
SE,"Hermansson",846
SE,"Åström",836
SE,"Norberg",814
SE,"Lindholm",810
SE,"Ek",809
SE,"Öberg",798
SE,"Falk",797
SE,"Dahl",790
SE,"Blomqvist",774
SE,"Sjögren",773
SE,"Sundström",772
SE,"Abrahamsson",763
SE,"Nyman",763
SE,"Ekman",757
SE,"Strömberg",754
SE,"Martinsson",754
SE,"Ahmad",751
SE,"Månsson",743
SE,"Palm",738
SE,"Wiklund",730
SE,"Löfgren",728
SE,"Sjöström",726
SE,"Åkesson",717
SE,"Blom",714
SE,"Ivarsson",704
SE,"Hallberg",693
SE,"Borg",691
SE,"Lindblom",684
SE,"Boström",683
SE,"Lindahl",683
SE,"Möller",683
SE,"Hedberg",682
SE,"Claesson",676
SE,"Göransson",673
SE,"Andreasson",671
SE,"Friberg",670
SE,"Jensen",669
SE,"Lindh",663
SE,"Englund",663
SE,"Josefsson",663
SE,"Bäckström",662
SE,"Nygren",660
SE,"Abdi",659
SE,"Bergqvist",655
SE,"Stenberg",651
SE,"Höglund",645
SE,"Roos",637
SE,"Hansen",635
SE,"Mohammed",632
SE,"Jonasson",627
SE,"Hussein",625
SE,"Strandberg",623
SE,"Strand",623
SE,"Holmström",623
SE,"Börjesson",619
SE,"Söderlund",619
SE,"Lund",619
SE,"Omar",618
SE,"Rosén",605
SE,"Edlund",602
SE,"Davidsson",601
SE,"Ottosson",600
SE,"Öhman",599
SE,"Malm",595
SE,"Khan",588
SE,"Adolfsson",588
SE,"Dahlgren",583
SE,"Skoglund",583
SE,"Björkman",572
SE,"Erlandsson",571
SE,"Ericson",564
SE,"Lilja",560
SE,"Högberg",557
SE,"Sundqvist",554
SE,"Hanna",547
SE,"Moberg",546
SE,"Melin",544
SE,"Holmqvist",543
SE,"Lundmark",543
SE,"Westman",542
SE,"Linder",542
SE,"Westerlund",540
SE,"Haglund",538
SE,"Blomberg",533
SE,"Lindén",525
SE,"Osman",524
SE,"Dahlström",523
SE,"Ahmadi",517
SE,"Lindell",515
SE,"Alm",513
SE,"Hedman",510
SE,"Wiberg",505
SE,"Sjödin",499
SE,"Hedström",499
SE,"Lindblad",497
SE,"Östlund",496
SE,"Nielsen",496
SE,"Westerberg",495
SE,"Ståhl",493
SE,"Sundin",485
SE,"Westin",485
SE,"Johnson",482
SE,"Marklund",479
SE,"Ljungberg",479
SE,"Aronsson",476
SE,"Knutsson",469
SE,"Johannesson",465
SE,"Näslund",465
SE,"Norman",455
SE,"Ljung",453
SE,"Ekberg",451
SE,"Pedersen",448
SE,"Paulsson",441
SE,"Issa",438
SE,"Norén",433
SE,"Dahlin",432
SE,"Malmberg",431
SE,"Hedin",430
SE,"Hagström",430
SE,"Asplund",429
SE,"Boman",428
SE,"Said",424
SE,"Carlson",424
SE,"Grahn",422
SE,"Ågren",421
SE,"Molin",420
SE,"Franzén",419
SE,"Wahlström",418
SE,"Backman",414
SE,"Ahlström",412
SE,"Sköld",409
SE,"Hellberg",408
SE,"Olausson",407
SE,"Sy",404
SE,"Hägglund",404
SE,"Hall",400
SE,"Westberg",399
SE,"Mohammadi",397
SE,"Brandt",396
SE,"Edström",393
SE,"Forslund",393
SE,"Byström",389
SE,"Green",382
SE,"Nordlund",379
SE,"Pålsson",378
SE,"Granberg",377
SE,"Lundh",375
SE,"Törnqvist",374
SE,"Malmström",373
SE,"Hagberg",373
SE,"Dahlqvist",372
SE,"Forsman",369
SE,"Frisk",367
SE,"Österberg",366
SE,"Wahlberg",365
SE,"Rydberg",365
SE,"Berntsson",365
SE,"Fors",364
SE,"Ismail",363
SE,"Nord",363
SE,"Kjellberg",362
SE,"Peterson",360
SE,"Ljunggren",360
SE,"Wilhelmsson",359
SE,"Östman",359
SE,"Levin",359
SE,"Anderson",357
SE,"Lövgren",356
SE,"Hasan",354
SE,"Almqvist",354
SE,"Hosseini",353
SE,"Lundkvist",351
SE,"Svärd",350
SE,"Skoog",350
SE,"Backlund",350
SE,"Sjöblom",348
SE,"Lindmark",348
SE,"Hjelm",348
SE,"Bäckman",348
SE,"Hellgren",345
SE,"Singh",344
SE,"Hjalmarsson",342
SE,"Simonsson",342
SE,"Lindkvist",341
SE,"Ahlgren",340
SE,"Hagman",337
SE,"Sjöholm",337
SE,"Lantz",337
SE,"Lindvall",336
SE,"Hallgren",335
SE,"Ahlberg",334
SE,"Wall",334
SE,"Viklund",332
SE,"Alexandersson",332
SE,"Svedberg",330
SE,"Mohammad",328
SE,"Rosengren",328
SE,"Lennartsson",328
SE,"Nordqvist",328
SE,"Sandin",327
SE,"Svanberg",325
SE,"Oscarsson",324
SE,"Bertilsson",323
SE,"Bergkvist",323
SE,"Sjöstrand",322
SE,"Karlström",319
SE,"Alfredsson",319
SE,"Adam",318
SE,"Bohlin",317
SE,"Ekholm",316
SE,"Hellman",315
SE,"Smith",315
SE,"Broberg",314
SE,"Nylander",312
SE,"Palmqvist",312
SE,"Andersen",312
SE,"Gustafson",308
SE,"Lundquist",306
SE,"Augustsson",305
SE,"Yousef",304
SE,"Åkerlund",304
SE,"Krantz",304
SE,"Jafari",303
SE,"Hammar",301
SE,"Brännström",300
SE,"Nordgren",298
SE,"Salomonsson",298
SE,"Saleh",297
SE,"Sahlin",297
SE,"Lindquist",296
SE,"Wennberg",295
SE,"Sjölund",294
SE,"Ekstrand",292
SE,"Malmgren",292
SE,"Hultman",292
SE,"Lundell",291
SE,"Larsen",290
SE,"Holgersson",289
SE,"Kristiansson",289
SE,"Melander",289
SE,"Niklasson",287
SE,"Emanuelsson",286
SE,"Khalil",284
SE,"Nordberg",284
SE,"Andrén",284
SE,"Östberg",283
SE,"Ekdahl",282
SE,"Lindskog",282
SE,"Torstensson",281
SE,"Wallgren",280
SE,"Engman",280
SE,"Rezai",279
SE,"Mustafa",279
SE,"Edvardsson",279
SE,"Bergh",278
SE,"Bäck",277
SE,"Bohman",274
SE,"Sandgren",274
SE,"Linde",273
SE,"Wester",271
SE,"Häggström",271
SE,"Forsgren",270
SE,"King",269
SE,"Blomgren",269
SE,"Burman",269
SE,"Ekelund",269
SE,"Hägg",269
SE,"Schmidt",266
SE,"Vikström",266
SE,"Gabrielsson",266
SE,"Engdahl",265
SE,"Granlund",265
SE,"Brodin",265
SE,"Asp",264
SE,"Thorén",263
SE,"Westlund",263
SE,"Broman",263
SE,"Bodin",262
SE,"Lindfors",261
SE,"Amin",260
SE,"Werner",260
SE,"Söderholm",260
SE,"Rydén",259
SE,"Norrman",258
SE,"Granström",256
SE,"Sandell",256
SE,"Engberg",255
SE,"محمد",254
SE,"Norling",253
SE,"Jeppsson",253
SE,"Borgström",253
SE,"Lundblad",253
SE,"Almgren",252
SE,"Malmqvist",252
SE,"Christensen",252
SE,"Hult",252
SE,"Svahn",251
SE,"Sjöstedt",251
SE,"Granath",250
SE,"Eklöf",250
SE,"Gonzalez",249
SE,"Karlberg",249
SE,"Kristoffersson",249
SE,"Hammarström",249
SE,"Hultgren",249
SE,"Thulin",249
SE,"Wahlgren",248
SE,"Söderqvist",248
SE,"Ahlqvist",248
SE,"Oskarsson",247
SE,"Al",244
SE,"Jacobson",244
SE,"Yusuf",243
SE,"Antonsson",242
SE,"Bylund",240
SG,"Tan",87019
SG,"Lim",60456
SG,"Lee",48072
SG,"Ng",37715
SG,"Wong",25861
SG,"Ong",23661
SG,"Goh",19654
SG,"Kumar",19185
SG,"Chan",18731
SG,"Chua",18211
SG,"Koh",16002
SG,"Teo",15817
SG,"Ang",14544
SG,"Islam",13322
SG,"Tay",12438
SG,"Ho",12381
SG,"Chen",12113
SG,"Khan",12107
SG,"Yeo",12105
SG,"Wang",11408
SG,"Hossain",11312
SG,"Low",11242
SG,"Chong",11211
SG,"Li",9693
SG,"Lin",8523
SG,"Sim",8316
SG,"Toh",8203
SG,"Raj",8160
SG,"Loh",8122
SG,"Leong",8088
SG,"Zhang",7887
SG,"Chia",7577
SG,"Chew",7522
SG,"Yap",7198
SG,"Liu",6997
SG,"Rahman",6448
SG,"Ali",6427
SG,"Tang",6364
SG,"Yong",6357
SG,"Soh",6236
SG,"Lau",5983
SG,"Yang",5949
SG,"Singh",5926
SG,"Chin",5846
SG,"Neo",5803
SG,"Raja",5355
SG,"Foo",5321
SG,"Cheng",5279
SG,"Lai",5169
SG,"Heng",5094
SG,"Ling",4932
SG,"Huang",4881
SG,"Choo",4770
SG,"Wee",4704
SG,"Mani",4398
SG,"Cheong",4374
SG,"Wu",4360
SG,"Liew",4328
SG,"Rana",4294
SG,"Poh",4281
SG,"Hasan",4214
SG,"Hong",4202
SG,"Pang",4095
SG,"Yu",4059
SG,"Seah",4055
SG,"Quek",3978
SG,"Ahmed",3921
SG,"Chang",3916
SG,"Ahmad",3892
SG,"Lam",3804
SG,"Wei",3764
SG,"Khoo",3701
SG,"Han",3675
SG,"Lay",3612
SG,"Nguyen",3449
SG,"Gan",3349
SG,"Kim",3296
SG,"Xu",3285
SG,"Aung",3263
SG,"Yee",3064
SG,"Chow",3032
SG,"Fong",3000
SG,"Oh",2995
SG,"Sun",2913
SG,"Miah",2900
SG,"Murugan",2899
SG,"Samy",2894
SG,"Yan",2835
SG,"Ismail",2811
SG,"Loo",2800
SG,"Uddin",2792
SG,"Kong",2790
SG,"Alam",2788
SG,"Chee",2782
SG,"Chai",2763
SG,"See",2757
SG,"Ting",2743
SG,"Hui",2708
SG,"Min",2532
SG,"Teng",2515
SG,"Win",2511
SG,"Kang",2502
SG,"Tham",2488
SG,"Lu",2488
SG,"Liang",2452
SG,"Abdullah",2433
SG,"Muthu",2410
SG,"Sg",2405
SG,"Tee",2377
SG,"Seng",2343
SG,"Phua",2318
SG,"Suresh",2302
SG,"Song",2300
SG,"Kannan",2289
SG,"Hassan",2280
SG,"Bala",2270
SG,"Kaur",2254
SG,"Leow",2253
SG,"Zhou",2236
SG,"Chng",2156
SG,"Tong",2122
SG,"Zhao",2117
SG,"Oo",2100
SG,"Ramesh",2080
SG,"Das",2078
SG,"Soon",2077
SG,"Ma",2064
SG,"Nathan",2050
SG,"Yi",2038
SG,"Zheng",2030
SG,"Siva",2002
SG,"Wan",1986
SG,"Ibrahim",1975
SG,"Mia",1974
SG,"Sam",1974
SG,"Vel",1949
SG,"Teh",1949
SG,"Kok",1942
SG,"Seow",1942
SG,"Law",1942
SG,"Rajan",1936
SG,"Selvam",1918
SG,"Love",1916
SG,"Peh",1909
SG,"Singapore",1897
SG,"Eng",1891
SG,"Krishnan",1880
SG,"San",1875
SG,"Babu",1851
SG,"Mohd",1838
SG,"Woo",1834
SG,"Shah",1825
SG,"Amin",1817
SG,"Yip",1815
SG,"Chung",1814
SG,"Ying",1802
SG,"Ram",1766
SG,"Raju",1763
SG,"Ko",1743
SG,"Mohamed",1740
SG,"Peng",1738
SG,"Su",1722
SG,"Jie",1719
SG,"Sng",1703
SG,"Zhu",1694
SG,"Tun",1688
SG,"Kee",1659
SG,"Aw",1649
SG,"Ooi",1648
SG,"Wen",1642
SG,"King",1638
SG,"Guo",1590
SG,"Jiang",1581
SG,"Sekar",1561
SG,"John",1557
SG,"Hu",1543
SG,"Meng",1540
SG,"Sharma",1532
SG,"Ming",1529
SG,"Saravanan",1525
SG,"Hao",1515
SG,"Ching",1507
SG,"Ravi",1501
SG,"Yin",1475
SG,"He",1474
SG,"Long",1458
SG,"Fang",1447
SG,"Rahim",1444
SG,"Soe",1444
SG,"Leng",1420
SG,"Sarker",1404
SG,"Pandi",1393
SG,"Soo",1393
SG,"Mamun",1388
SG,"Cai",1387
SG,"Man",1378
SG,"Yuan",1376
SG,"Thu",1375
SG,"Chiang",1371
SG,"Osman",1370
SG,"May",1364
SG,"Fu",1361
SG,"Joy",1355
SG,"Wati",1349
SG,"Teoh",1341
SG,"Aziz",1339
SG,"Yew",1336
SG,"Pan",1331
SG,"Kwek",1329
SG,"Feng",1326
SG,"Roy",1324
SG,"Wai",1324
SG,"Chu",1321
SG,"Kyaw",1319
SG,"Rai",1318
SG,"Shi",1309
SG,"Jun",1305
SG,"David",1288
SG,"Tai",1288
SG,"Loke",1282
SG,"Naing",1276
SG,"Xiao",1273
SG,"Salim",1270
SG,"Mohan",1268
SG,"Ahamed",1265
SG,"Reddy",1258
SG,"Lian",1253
SG,"Le",1250
SG,"Sin",1248
SG,"Lum",1241
SG,"Salleh",1240
SG,"Cheah",1240
SG,"Mok",1239
SG,"Sumon",1235
SG,"Rose",1230
SG,"Kamal",1228
SG,"Putri",1225
SG,"Hossen",1212
SG,"Ah",1212
SG,"Vijay",1208
SG,"Prakash",1203
SG,"Xie",1201
SG,"Ping",1200
SG,"Shen",1199
SG,"Poon",1198
SG,"Durai",1193
SG,"Zaw",1188
SG,"Lo",1185
SG,"Tran",1184
SG,"Ee",1184
SG,"Lew",1177
SG,"Kwan",1170
SG,"Sarkar",1166
SG,"Ye",1164
SG,"Jin",1158
SG,"Gao",1157
SG,"Mohammad",1138
SG,"Karthik",1137
SG,"Mon",1136
SG,"Rashid",1127
SG,"Moorthy",1122
SG,"Kwok",1118
SG,"Moe",1116
SG,"Koo",1115
SG,"Boon",1114
SG,"Leo",1108
SG,"Senthil",1105
SG,"Qi",1100
SG,"Omar",1097
SG,"Raman",1089
SG,"Siew",1084
SG,"Devi",1078
SG,"Choong",1078
SG,"Hamid",1072
SG,"Ann",1070
SG,"Rahaman",1068
SG,"Chandran",1063
SG,"Khor",1060
SG,"Ding",1058
SG,"How",1053
SG,"James",1052
SG,"Sankar",1047
SG,"Hua",1038
SG,"Sia",1035
SG,"Sari",1034
SG,"Xin",1033
SG,"Choy",1030
SG,"Shan",1027
SG,"Cho",1021
SG,"Phang",1020
SG,"Yao",1019
SG,"Ganesan",1018
SG,"Molla",1010
SG,"Foong",1008
SG,"Akter",1007
SG,"Mei",1005
SG,"Xuan",1005
SG,"Nur",1004
SG,"Joseph",1003
SG,"Woon",999
SG,"Lan",989
SG,"Guan",987
SG,"Xiang",986
SG,"Karim",979
SG,"Nair",979
SG,"Yeoh",976
SG,"Tian",975
SG,"Rao",974
SG,"Lwin",974
SG,"Selva",973
SG,"Luo",963
SG,"Mahmud",949
SG,"Mak",949
SG,"Sri",948
SG,"Hoe",945
SG,"Garcia",944
SG,"Er",944
SG,"Sheng",937
SG,"Huat",934
SG,"Arumugam",929
SG,"Ow",927
SG,"Hussain",922
SG,"Kai",920
SG,"Arif",917
SG,"Cruz",917
SG,"Thomas",914
SG,"Abdul",912
SG,"Sulaiman",907
SG,"Rasel",906
SG,"Wah",906
SG,"Sk",901
SG,"Paul",892
SG,"Ganesh",887
SG,"Yeow",882
SG,"Hoo",882
SG,"Mah",881
SG,"Tey",878
SG,"Faruk",874
SG,"Fernandez",874
SG,"Gupta",874
SG,"Kho",872
SG,"Lye",869
SG,"Palani",868
SG,"Na",856
SG,"Rubel",854
SG,"Gill",854
SG,"Peter",851
SG,"Aye",849
SG,"Yuen",849
SG,"Murugesan",845
SG,"Myint",842
SG,"Krishna",840
SG,"Yen",840
SG,"Kabir",839
SG,"Jack",839
SG,"Rahmat",838
SG,"Alex",836
SG,"Biswas",834
SG,"Othman",834
SG,"Bee",832
SG,"Haque",831
SG,"Ni",828
SG,"Rajesh",826
SG,"Seet",826
SG,"Yusoff",825
SG,"Sing",824
SG,"Santos",821
SG,"Anand",820
SG,"Yun",816
SG,"Reyes",816
SG,"Velu",812
SG,"Keong",811
SG,"Park",811
SG,"Sheikh",808
SG,"Tamil",807
SG,"Angel",800
SG,"Jing",798
SG,"Hoon",798
SG,"Noor",796
SG,"Kandan",793
SG,"An",793
SG,"Jia",792
SG,"Monir",789
SG,"Dong",786
SG,"Png",785
SG,"Zin",784
SG,"Smith",779
SG,"Choi",778
SG,"Hashim",777
SG,"Quah",777
SG,"Yusof",775
SG,"Yeong",772
SG,"Kuan",769
SG,"Hossin",768
SG,"Rani",766
SG,"Sakthi",757
SG,"Sikder",752
SG,"Chuan",749
SG,"Priya",749
SG,"Tok",745
SI,"Gashi",4760
SI,"Krasniqi",3962
SI,"Berisha",3218
SI,"Morina",1967
SI,"Shala",1879
SI,"Bytyqi",1560
SI,"Kastrati",1019
SI,"Kryeziu",960
SI,"Hoti",917
SI,"Hoxha",900
SI,"Hasani",839
SI,"Kelmendi",673
SI,"Thaqi",668
SI,"Mehmeti",653
SI,"Ahmeti",646
SI,"Osmani",608
SI,"Hyseni",601
SI,"Bajrami",591
SI,"Kabashi",566
SI,"Novak",555
SI,"Elshani",554
SI,"Mustafa",521
SI,"Tahiri",510
SI,"Rexhepi",497
SI,"Sadiku",494
SI,"Ademi",491
SI,"Shabani",486
SI,"Aliu",468
SI,"Horvat",466
SI,"Beqiri",444
SI,"Mazreku",436
SI,"Hajdari",429
SI,"Ramadani",427
SI,"Rama",420
SI,"Jashari",407
SI,"Salihu",397
SI,"Syla",385
SI,"Zogaj",377
SI,"Bajraktari",368
SI,"Zeqiri",345
SI,"Imeri",300
SI,"Uka",298
SI,"Lajqi",297
SI,"Kuqi",296
SI,"Ibrahimi",294
SI,"Haliti",283
SI,"Peci",280
SI,"Selimi",278
SI,"Latifi",271
SI,"Sylejmani",266
SI,"Maloku",260
SI,"Halili",254
SI,"Krajnc",254
SI,"Spahiu",249
SI,"Miftari",246
SI,"Isufi",241
SI,"Zeka",238
SI,"Haziri",238
SI,"Sejdiu",236
SI,"Sahiti",235
SI,"Abazi",234
SI,"Veseli",232
SI,"Pllana",232
SI,"Islami",231
SI,"Fazliu",231
SI,"Asllani",230
SI,"Shehu",228
SI,"Maliqi",228
SI,"Selmani",228
SI,"Nikqi",223
SI,"Azemi",222
SI,"Brahimi",221
SI,"Avdiu",220
SI,"Ahmetaj",214
SI,"Balaj",208
SI,"Musliu",207
SI,"Arifi",203
SI,"Kadriu",200
SI,"Rexhaj",197
SI,"Ismajli",197
SI,"Hoxhaj",197
SI,"Bytyçi",188
SI,"Kovačič",187
SI,"Sinani",183
SI,"Musa",181
SI,"Golob",180
SI,"Rexha",179
SI,"Halimi",179
SI,"Zeneli",176
SI,"Hasanaj",176
SI,"Behrami",175
SI,"Kos",175
SI,"Ukaj",174
SI,"Kovač",172
SI,"Mlakar",168
SI,"Ferizi",167
SI,"Buzhala",166
SI,"Zekaj",165
SI,"Idrizi",164
SI,"Neziri",163
SI,"Potočnik",163
SI,"Vidmar",162
SI,"Murati",160
SI,"Ibishi",160
SI,"Kosova",159
SI,"Duraku",158
SI,"Sylaj",158
SI,"Kralj",158
SI,"Haxhiu",157
SI,"Dreshaj",156
SI,"Veliu",155
SI,"Jusufi",155
SI,"Jakupi",154
SI,"Rozman",153
SI,"Smajli",152
SI,"Hajrizi",152
SI,"Zupančič",152
SI,"Thaçi",150
SI,"Demaj",149
SI,"Bizjak",149
SI,"Turk",149
SI,"Kajtazi",148
SI,"Bekteshi",148
SI,"Kolgeci",147
SI,"Avdyli",146
SI,"Emini",144
SI,"Mulaj",144
SI,"Muriqi",143
SI,"Osmanaj",141
SI,"Ademaj",141
SI,"Sopa",140
SI,"Ramaj",139
SI,"Zupan",139
SI,"Petek",139
SI,"Ferati",138
SI,"Beka",137
SI,"Rrustemi",137
SI,"Rrahmani",136
SI,"Veselaj",135
SI,"Shaqiri",135
SI,"Fetahu",134
SI,"Beqiraj",134
SI,"Hajdini",134
SI,"Basha",134
SI,"Halilaj",133
SI,"Fejza",133
SI,"Demiri",132
SI,"Hysenaj",132
SI,"Ajeti",131
SI,"Deliu",129
SI,"Koren",129
SI,"Sopaj",128
SI,"Istrefi",128
SI,"Oblak",128
SI,"Kolar",126
SI,"Bunjaku",125
SI,"Kurti",124
SI,"Paqarizi",123
SI,"Muja",122
SI,"Kuçi",122
SI,"Kotnik",121
SI,"Kamberi",119
SI,"Hribar",119
SI,"Korošec",118
SI,"Blakaj",117
SI,"Muhaxheri",116
SI,"Kukaj",115
SI,"Elezaj",115
SI,"Zajc",114
SI,"Haxha",112
SI,"Kavčič",112
SI,"Kokollari",111
SI,"Limani",111
SI,"Geci",110
SI,"Bislimi",110
SI,"Aliaj",109
SI,"Hajra",109
SI,"Gashii",109
SI,"Bujupi",109
SI,"Nimani",109
SI,"Medved",109
SI,"Božič",108
SI,"Sadikaj",107
SI,"Rushiti",105
SI,"Xhemajli",105
SI,"Maxhuni",105
SI,"Selimaj",104
SI,"Begaj",104
SI,"Musaj",103
SI,"Hamza",103
SI,"Fejzullahu",103
SI,"Kurtaj",103
SI,"Suka",102
SI,"Hamiti",102
SI,"Ismaili",101
SI,"Januzi",101
SI,"Zenelaj",101
SI,"Seferi",100
SI,"Pajaziti",100
SI,"Kastelic",100
SI,"Salihi",98
SI,"Pirc",98
SI,"Qerimi",97
SI,"Tina",96
SI,"Dervishaj",96
SI,"Lah",96
SI,"Rudi",95
SI,"Elezi",94
SI,"Metaj",93
SI,"Shatri",93
SI,"Hetemi",92
SI,"Haziraj",92
SI,"Košir",92
SI,"Alija",91
SI,"Spahija",91
SI,"Zekolli",90
SI,"Majcen",90
SI,"Abdullahu",89
SI,"Raci",88
SI,"Dibrani",88
SI,"Vokshi",88
SI,"Durmishi",87
SI,"Ejupi",87
SI,"Dakaj",87
SI,"Dauti",87
SI,"Furlan",86
SI,"Knez",86
SI,"Tahiraj",84
SI,"Daci",84
SI,"Breznik",84
SI,"Misini",83
SI,"Sever",83
SI,"Toni",82
SI,"Halitaj",82
SI,"Sahitaj",82
SI,"Gegaj",82
SI,"Hashani",82
SI,"Kuhar",82
SI,"Žagar",82
SI,"Zeqiraj",81
SI,"Zejnullahu",81
SI,"Vidic",81
SI,"Lumi",80
SI,"Begolli",80
SI,"Rashiti",80
SI,"Jerman",80
SI,"Fras",80
SI,"Hajdaraj",79
SI,"Curri",78
SI,"Xhaferi",78
SI,"Zorko",78
SI,"Binaku",77
SI,"Sherifi",77
SI,"Babič",77
SI,"Leban",77
SI,"Zupanc",77
SI,"Arifaj",76
SI,"Kalludra",76
SI,"Behluli",76
SI,"Pavlin",76
SI,"Erjavec",76
SI,"Xhafa",75
SI,"Dina",75
SI,"Begu",75
SI,"Murseli",75
SI,"Logar",75
SI,"Hrovat",75
SI,"Jenko",75
SI,"Brahimaj",74
SI,"Peja",74
SI,"Bala",74
SI,"Sallauka",74
SI,"Petrovic",74
SI,"Mala",74
SI,"Ymeri",73
SI,"Sokoli",73
SI,"Bilalli",73
SI,"Muharremi",72
SI,"Mehmetaj",72
SI,"Bezjak",72
SI,"Kicaj",71
SI,"Sertolli",71
SI,"Sh",70
SI,"Bahtiri",70
SI,"Belegu",70
SI,"Tomažič",70
SI,"Nemec",70
SI,"Nrecaj",69
SI,"Telaku",69
SI,"Sadriu",69
SI,"Muqaj",69
SI,"Rus",69
SI,"Gojani",68
SI,"Gerguri",68
SI,"Jahaj",68
SI,"Temaj",68
SI,"Racaj",68
SI,"Kobal",68
SI,"Perko",68
SI,"Černe",68
SI,"Likar",68
SI,"Selmanaj",67
SI,"Lushtaku",67
SI,"Bardhi",67
SI,"Nika",67
SI,"Gjikolli",67
SI,"Dolenc",67
SI,"Kramberger",67
SI,"Hočevar",67
SI,"Bajra",66
SI,"Guri",66
SI,"Paçarizi",66
SI,"Bllaca",66
SI,"Muqa",65
SI,"Hodaj",65
SI,"Haxhaj",65
SI,"Dushi",65
SI,"Kovacic",65
SI,"Vovk",65
SI,"Loshi",64
SI,"Makolli",64
SI,"Dema",64
SI,"Meha",64
SI,"Dervishi",64
SI,"Kosumi",64
SI,"Vidovič",64
SI,"Kranjc",64
SI,"Klemenčič",64
SI,"Marolt",64
SI,"Qollaku",63
SI,"Zymberi",63
SI,"Cakaj",63
SI,"Topalli",63
SI,"Gega",63
SI,"Marku",63
SI,"Lesjak",63
SI,"Pušnik",63
SI,"Bozic",63
SI,"Çitaku",62
SI,"Tolaj",62
SI,"Jug",62
SI,"Pavlič",62
SI,"Qelaj",61
SI,"Cena",61
SI,"Zadravec",61
SI,"Petrič",61
SI,"Uršič",61
SI,"Desku",60
SI,"Gallapeni",60
SI,"Zymeri",60
SI,"Lokaj",60
SI,"Gomboc",60
SI,"Bossi",59
SI,"Ajvazi",59
SI,"Bogataj",59
SI,"Baliu",58
SI,"Ilazi",58
SI,"Totaj",58
SI,"Susuri",58
SI,"Skok",58
SI,"Qenaj",57
SI,"Petrovič",57
SI,"Kosi",57
SI,"Voca",57
SI,"Bukovec",57
SI,"Kokalj",57
SI,"Lushaj",56
SI,"Jaha",56
SI,"Mazrekaj",56
SI,"Salihaj",56
SI,"Dragusha",56
SI,"Haxhijaj",56
SI,"Pintar",56
SI,"Hren",56
SI,"Kokol",56
SI,"Lazar",56
SI,"Rupnik",56
SI,"Zabeli",55
SI,"Sallahu",55
SI,"Bajgora",55
SI,"Fazlija",55
SI,"Bajc",55
SI,"Gorenc",55
SI,"Na",54
SI,"Besi",54
SI,"Qoqaj",54
SI,"Saramati",54
SI,"Memaj",54
SI,"Voci",54
SI,"Neziraj",54
SI,"Xhema",54
SI,"Agushi",54
SI,"Preteni",54
SI,"Karadolami",54
SI,"Lekaj",54
SI,"Debeljak",54
SI,"Cikaqi",54
SI,"Močnik",54
SI,"Jereb",54
SI,"Dona",53
TN,"Mohamed",27248
TN,"Hamdi",25180
TN,"Ayari",25093
TN,"Ali",23213
TN,"Ahmed",23155
TN,"Dridi",22099
TN,"Trabelsi",21946
TN,"Abidi",20629
TN,"Est",19862
TN,"Mejri",17812
TN,"Hammami",16624
TN,"Saidi",13684
TN,"Ben Ali",13656
TN,"Jlassi",13639
TN,"Riahi",13612
TN,"Gharbi",13128
TN,"Amri",12826
TN,"Ca",11842
TN,"Aloui",11300
TN,"Arfaoui",9998
TN,"Amouna",9974
TN,"Ess",9902
TN,"Selmi",9901
TN,"Nasri",9843
TN,"Salhi",9514
TN,"Tlili",9494
TN,"Sassi",9129
TN,"Youssef",9012
TN,"Med",9009
TN,"Ch",8913
TN,"Ben Amor",8912
TN,"Kh",8891
TN,"Barhoumi",8633
TN,"Ayadi",8150
TN,"Ferchichi",7880
TN,"Aymen",7866
TN,"Ma",7864
TN,"Hamza",7846
TN,"Cherif",7828
TN,"Ammar",7682
TN,"Amine",7565
TN,"Chebbi",7356
TN,"Ben Salem",7354
TN,"Salah",7349
TN,"Ben Salah",7310
TN,"Ben Ahmed",7299
TN,"Tahfouna",7193
TN,"Hajji",7182
TN,"Abid",7099
TN,"Mhamdi",7005
TN,"Nour",6989
TN,"Mansouri",6860
TN,"Cherni",6784
TN,"Bejaoui",6661
TN,"Mabrouk",6586
TN,"Ouni",6547
TN,"Soltani",6527
TN,"Maryouma",6470
TN,"Dali",6424
TN,"Mouhamed",6412
TN,"Rezgui",6404
TN,"Saidani",6350
TN,"Dadou",6312
TN,"Jbeli",6256
TN,"Guesmi",6221
TN,"Hamrouni",6185
TN,"Khlifi",6173
TN,"Missaoui",6160
TN,"Yahyaoui",6106
TN,"Omri",6104
TN,"Ben Mohamed",6032
TN,"Sami",6010
TN,"Salem",6010
TN,"Aziz",5984
TN,"Walid",5972
TN,"Bahri",5958
TN,"Kouki",5954
TN,"Ben Abdallah",5929
TN,"Jouini",5897
TN,"Mansour",5822
TN,"Nefzi",5810
TN,"Hama",5775
TN,"Toumi",5755
TN,"Brahmi",5726
TN,"Bouzidi",5722
TN,"Amara",5713
TN,"Amoula",5517
TN,"Said",5418
TN,"Marwa",5296
TN,"Belhaj",5289
TN,"Manai",5289
TN,"Hosni",5260
TN,"Karim",5192
TN,"Abdallah",5162
TN,"Amin",5094
TN,"Farhat",5014
TN,"Brahim",5009
TN,"Labidi",4973
TN,"Ferjani",4930
TN,"Kamel",4834
TN,"Oueslati",4828
TN,"Foufa",4799
TN,"Omar",4788
TN,"Sahli",4757
TN,"Mbarki",4748
TN,"Gafsi",4743
TN,"Khaled",4733
TN,"محمد",4710
TN,"Ayouta",4600
TN,"Hassen",4585
TN,"Sasou",4572
TN,"Mekni",4555
TN,"Hajri",4532
TN,"Souissi",4530
TN,"Bilel",4523
TN,"Mechergui",4513
TN,"Fatnassi",4491
TN,"Yousfi",4430
TN,"Imen",4418
TN,"Hichri",4362
TN,"Sassou",4278
TN,"Amdouni",4272
TN,"Boughanmi",4259
TN,"Daloula",4255
TN,"Hamouda",4243
TN,"Romdhani",4212
TN,"Na",4205
TN,"Zarzis",4202
TN,"Abbassi",4174
TN,"Issaoui",4145
TN,"Adel",4132
TN,"Dh",4086
TN,"Ben Ammar",4080
TN,"Jerbi",4075
TN,"Moussa",4019
TN,"Anis",3981
TN,"Mathlouthi",3979
TN,"Yassine",3969
TN,"Louati",3959
TN,"Mbarek",3939
TN,"Amal",3935
TN,"Saad",3900
TN,"Ben Said",3896
TN,"Ghanmi",3870
TN,"Manou",3862
TN,"Triki",3856
TN,"Arbi",3849
TN,"Mahmoud",3826
TN,"Ra",3822
TN,"Sghaier",3801
TN,"Weslati",3801
TN,"Nouri",3800
TN,"Fatma",3798
TN,"Amor",3793
TN,"Ben Youssef",3779
TN,"Malek",3755
TN,"Melki",3753
TN,"Jebali",3753
TN,"Lotfi",3729
TN,"Amira",3696
TN,"Slama",3654
TN,"Hamed",3646
TN,"Mahmoudi",3639
TN,"Midou",3635
TN,"Touati",3591
TN,"Talbi",3586
TN,"Bouazizi",3528
TN,"Karoui",3528
TN,"Bouzid",3525
TN,"Mariem",3524
TN,"Belgacem",3511
TN,"Boubaker",3499
TN,"Ben",3478
TN,"Saber",3477
TN,"Saadaoui",3467
TN,"Ayed",3467
TN,"Mahjoub",3464
TN,"Khalil",3426
TN,"Gabsi",3415
TN,"Slim",3406
TN,"Mourad",3386
TN,"Mh",3351
TN,"Fathi",3351
TN,"Marwen",3336
TN,"Mannai",3328
TN,"Ramzi",3311
TN,"Ha",3300
TN,"Zidi",3298
TN,"Jemai",3286
TN,"Dhahri",3275
TN,"Rayen",3257
TN,"Hm",3239
TN,"Abbes",3222
TN,"Ayachi",3212
TN,"Ghribi",3206
TN,"Lassoued",3206
TN,"Gasmi",3188
TN,"Samir",3188
TN,"Hannachi",3175
TN,"Zied",3157
TN,"Ghazouani",3155
TN,"Bk",3124
TN,"Hamami",3105
TN,"Zouari",3103
TN,"Harrabi",3083
TN,"Messaoudi",3068
TN,"Ben Brahim",3049
TN,"Essid",3025
TN,"Rhimi",3022
TN,"Mrabet",3008
TN,"Hasni",3003
TN,"Khemiri",2983
TN,"Adem",2969
TN,"Briki",2952
TN,"Bouali",2944
TN,"Mzoughi",2942
TN,"Ahlem",2937
TN,"Abdellaoui",2934
TN,"Bouaziz",2926
TN,"الله",2921
TN,"Jamel",2914
TN,"Nabil",2904
TN,"Fatouma",2902
TN,"Da",2897
TN,"Ben Mansour",2880
TN,"Chokri",2879
TN,"Hanen",2867
TN,"Ala",2864
TN,"Saoudi",2860
TN,"Dhaouadi",2853
TN,"Ayoub",2851
TN,"Hedi",2843
TN,"Zitouni",2839
TN,"Siwar",2835
TN,"Yahya",2829
TN,"Zizou",2825
TN,"Mahdi",2819
TN,"Asma",2810
TN,"Achour",2808
TN,"Benali",2798
TN,"Slimen",2775
TN,"Heni",2774
TN,"La",2772
TN,"Khelifi",2769
TN,"Halouma",2752
TN,"Balti",2751
TN,"Beji",2746
TN,"Jridi",2733
TN,"Ridha",2732
TN,"Mhadhbi",2730
TN,"Rim",2716
TN,"Hamzaoui",2716
TN,"Kammoun",2708
TN,"Othmani",2703
TN,"Tarek",2700
TN,"Chaabani",2695
TN,"Haddad",2686
TN,"Habib",2685
TN,"Amir",2684
TN,"May",2675
TN,"Ben Romdhane",2672
TN,"Kefi",2670
TN,"Ben Hassine",2666
TN,"Belhadj",2658
TN,"Khalifa",2657
TN,"Amel",2652
TN,"Zaidi",2643
TN,"Ben Mahmoud",2641
TN,"Attia",2636
TN,"Ba",2630
TN,"Khazri",2625
TN,"Maalaoui",2622
TN,"Neji",2621
TN,"Imed",2613
TN,"Aouini",2609
TN,"Houssem",2606
TN,"Saif",2601
TN,"Malouka",2591
TN,"Nizar",2589
TN,"Houda",2585
TN,"Taraji",2584
TN,"Ab",2577
TN,"Farah",2577
TN,"Omrani",2576
TN,"Hmidi",2572
TN,"Ayedi",2568
TN,"Marzouki",2566
TN,"Masmoudi",2562
TN,"Fa",2548
TN,"Shili",2545
TN,"Zribi",2537
TN,"Rekik",2532
TN,"Rebai",2526
TN,"Jdidi",2519
TN,"Jendoubi",2516
TN,"Rebhi",2490
TN,"Jbali",2488
TN,"Mrad",2484
TN,"Maram",2481
TN,"Hedhli",2480
TN,"Souma",2479
TN,"Patron",2473
TN,"Amari",2464
TN,"Mouna",2459
TN,"Sou",2459
TN,"Kacem",2437
TN,"Mounir",2429
TN,"Abassi",2426
TN,"Ismail",2425
TN,"Aydi",2422
TN,"Hammouda",2420
TN,"Noussa",2420
TN,"Kadri",2400
TN,"Laabidi",2387
TN,"Rhouma",2383
TN,"Yakoubi",2383
TN,"Mabrouki",2380
TN,"Thabet",2379
TN,"Hichem",2363
TN,"Ajmi",2360
TN,"Taher",2356
TN,"Klai",2353
TN,"Rahmouni",2350
TN,"Rahali",2346
TN,"Sliti",2346
TN,"Farhani",2342
TN,"Ben Amara",2334
TN,"Sehli",2331
TN,"Badri",2330
TN,"Meddeb",2328
TN,"Sabri",2328
TN,"Marzougui",2317
TN,"Maher",2316
TN,"Yassin",2311
TN,"Hammemi",2310
TN,"Sana",2308
TN,"Tahri",2297
TN,"Mezni",2292
TN,"Jandoubi",2291
TN,"Capo",2278
TN,"Derbali",2275
TN,"Askri",2274
TN,"Guizani",2271
TN,"Slimi",2258
TN,"Trabelssi",2257
TN,"Oussama",2254
TN,"Sayari",2254
TN,"Mira",2253
TN,"Zouaoui",2249
TN,"Sellami",2246
TN,"Nasr",2234
TN,"Louhichi",2231
TN,"Khadraoui",2227
TN,"Hamma",2221
TN,"Massoudi",2215
TN,"Smida",2213
TN,"علي",2212
TN,"Ben Ayed",2209
TN,"Azizi",2198
TN,"Saroura",2180
TN,"Rahma",2178
TN,"Asouma",2166
TN,"Abdelli",2165
TN,"Hmida",2157
TN,"Chaouch",2152
TN,"Achref",2151
TN,"Ben Saad",2137
TN,"Ben Hmida",2122
TN,"Fraj",2115
TN,"Ben Othmen",2112
TN,"Moez",2109
TN,"Rouissi",2098
TN,"Makni",2096
TN,"Habibi",2085
TN,"Slimani",2070
TN,"Bouraoui",2068
TN,"Chaieb",2067
TN,"Alaya",2062
TN,"Jaziri",2059
TN,"Hamadi",2058
TN,"Brahem",2058
TN,"Islem",2053
TN,"Kraiem",2050
TN,"Mimou",2048
TN,"Bechir",2047
TN,"Ines",2046
TN,"Rourou",2041
TN,"Sdiri",2040
TN,"Aya",2038
TN,"Chihi",2031
TN,"Chouchene",2015
TN,"Rami",2008
TN,"Hatem",2002
TN,"Chaima",1994
TN,"Yousef",1993
TN,"Akermi",1992
TN,"Chakroun",1985
TN,"Ben Mouhamed",1978
TN,"Troudi",1978
TN,"Yaakoubi",1973
TR,"Yılmaz",198204
TR,"Kaya",189615
TR,"Demir",169681
TR,"Can",130775
TR,"Yıldız",113884
TR,"Çelik",111491
TR,"Şahin",108934
TR,"Öztürk",101975
TR,"Aydın",100462
TR,"Yıldırım",100348
TR,"Arslan",94875
TR,"Özdemir",90660
TR,"Aslan",82304
TR,"Kara",76923
TR,"Doğan",65081
TR,"Kılıç",63911
TR,"Yilmaz",59944
TR,"Kurt",58223
TR,"Korkmaz",52430
TR,"Çetin",52002
TR,"Polat",51099
TR,"Koç",45941
TR,"Bulut",44578
TR,"Yavuz",44465
TR,"Gül",44435
TR,"Acar",43954
TR,"Deniz",43106
TR,"Özkan",40658
TR,"Keskin",40091
TR,"Bozkurt",39489
TR,"Turan",39321
TR,"Şimşek",38908
TR,"Özcan",38715
TR,"Güneş",37664
TR,"Çakır",36950
TR,"Güler",36805
TR,"Şen",36314
TR,"Kaplan",35295
TR,"Aktaş",34429
TR,"Tekin",33574
TR,"Ateş",33558
TR,"Uzun",33185
TR,"Aksoy",33103
TR,"محمد",32648
TR,"Aydin",32367
TR,"Yildiz",31989
TR,"Erdoğan",31809
TR,"Işık",30869
TR,"Karaca",30699
TR,"Taş",30572
TR,"Yalçın",30447
TR,"Özer",30273
TR,"Ay",30080
TR,"Ünal",29021
TR,"Sarı",28634
TR,"Demirci",28622
TR,"Duman",28437
TR,"Bayram",28169
TR,"Avcı",27943
TR,"Ali",27890
TR,"Ceylan",27622
TR,"Köse",27423
TR,"Erdem",26741
TR,"Dogan",26726
TR,"Coşkun",26546
TR,"Yaman",26006
TR,"Mutlu",25844
TR,"Kartal",25783
TR,"Çiçek",25673
TR,"Kahraman",25632
TR,"Yildirim",25444
TR,"Yüksel",25169
TR,"Karataş",24764
TR,"Yiğit",24322
TR,"Sönmez",24052
TR,"Sahin",23598
TR,"Eren",23580
TR,"Celik",23360
TR,"Uysal",23127
TR,"Öz",23026
TR,"Aksu",22897
TR,"Altun",22674
TR,"Demirel",22152
TR,"Güngör",22131
TR,"Genç",21894
TR,"Çakmak",21441
TR,"Yaşar",21202
TR,"Çoban",20987
TR,"Akın",20974
TR,"Aydemir",20702
TR,"Gümüş",20558
TR,"Karakaya",20527
TR,"Türk",20524
TR,"Karaman",20366
TR,"Güzel",20224
TR,"Küçük",20210
TR,"Çalışkan",19878
TR,"Uçar",19582
TR,"Gündüz",19316
TR,"Güven",19312
TR,"Ak",19284
TR,"Erol",19273
TR,"Alkan",19066
TR,"Çınar",19044
TR,"Toprak",18973
TR,"Er",18527
TR,"Tosun",18329
TR,"Gök",18290
TR,"Çolak",18255
TR,"Koçak",18218
TR,"Çetinkaya",18161
TR,"Akkaya",18047
TR,"Duran",18026
TR,"Nur",17994
TR,"Cengiz",17527
TR,"Mert",17463
TR,"Dönmez",17444
TR,"Karabulut",17427
TR,"Durmaz",17060
TR,"Akbulut",16916
TR,"Dursun",16881
TR,"Özen",16831
TR,"Uslu",16811
TR,"Tunç",16517
TR,"Bal",16353
TR,"Kılınç",16288
TR,"Topal",16284
TR,"Efe",15601
TR,"Koca",15466
TR,"Baş",15447
TR,"Usta",15420
TR,"Çiftçi",15384
TR,"Keleş",15377
TR,"احمد",15352
TR,"Bayrak",15314
TR,"Soylu",15244
TR,"Türkmen",15209
TR,"Bayraktar",15072
TR,"Vural",15070
TR,"Balcı",14998
TR,"Bilgin",14978
TR,"Zengin",14926
TR,"Albayrak",14891
TR,"Sezer",14824
TR,"Yazıcı",14692
TR,"Akar",14563
TR,"Durmuş",14561
TR,"Güney",14450
TR,"Karakuş",14438
TR,"Çevik",14329
TR,"Sağlam",14242
TR,"Ekinci",14230
TR,"Akgün",14221
TR,"Akyol",14208
TR,"Ayaz",13926
TR,"Ünlü",13893
TR,"علي",13713
TR,"Baran",13607
TR,"Fidan",13587
TR,"Sert",13586
TR,"Özçelik",13567
TR,"Yücel",13534
TR,"Ozturk",13522
TR,"Demirtaş",13516
TR,"Aras",13488
TR,"Karagöz",13462
TR,"Akbaş",13417
TR,"Çelebi",13367
TR,"Orhan",13222
TR,"Akgül",13077
TR,"Şentürk",13076
TR,"Gürbüz",12899
TR,"Şeker",12763
TR,"Kalkan",12722
TR,"Su",12683
TR,"Tan",12663
TR,"Bektaş",12523
TR,"Turgut",12498
TR,"Ercan",12469
TR,"Karakaş",12428
TR,"Özmen",12330
TR,"Gültekin",12252
TR,"Dinç",12228
TR,"Gündoğdu",12203
TR,"Erdogan",12139
TR,"Ersoy",12107
TR,"Koc",12006
TR,"Ince",11964
TR,"Güner",11960
TR,"Aydoğan",11959
TR,"Özbek",11911
TR,"Eroğlu",11820
TR,"Esen",11661
TR,"Karadeniz",11609
TR,"Gezer",11570
TR,"Dağ",11399
TR,"Temel",11394
TR,"Ayhan",11388
TR,"Özel",11337
TR,"Cetin",11235
TR,"Budak",11129
TR,"Ergün",11076
TR,"Akyüz",10916
TR,"Ozdemir",10841
TR,"Tuna",10789
TR,"Ergin",10731
TR,"Sarıkaya",10652
TR,"Karahan",10627
TR,"Gökçe",10609
TR,"Günay",10544
TR,"Karadağ",10538
TR,"Taşkın",10459
TR,"Boz",10456
TR,"Akman",10435
TR,"Oğuz",10381
TR,"Atalay",10373
TR,"Akdeniz",10340
TR,"العلي",10339
TR,"Akdemir",10338
TR,"Poyraz",10246
TR,"Gul",10202
TR,"Metin",10186
TR,"Kandemir",10050
TR,"Sezgin",10032
TR,"Aygün",10029
TR,"Uğur",9881
TR,"Tuncer",9842
TR,"Altay",9828
TR,"Gün",9796
TR,"Atmaca",9790
TR,"Turhan",9782
TR,"Bingöl",9767
TR,"Taşdemir",9756
TR,"Aydoğdu",9738
TR,"Sevinç",9696
TR,"Erkan",9678
TR,"Sevim",9669
TR,"Kilic",9632
TR,"Açıkgöz",9608
TR,"Solmaz",9526
TR,"Gür",9500
TR,"Pehlivan",9494
TR,"Çam",9486
TR,"Kuru",9427
TR,"Akpınar",9425
TR,"Ipek",9395
TR,"Öner",9331
TR,"Kutlu",9285
TR,"Çağlar",9251
TR,"Altın",9204
TR,"Akkuş",9199
TR,"Alp",9196
TR,"Eser",9188
TR,"Inan",9158
TR,"Bolat",9141
TR,"Sari",9135
TR,"Koyuncu",9115
TR,"Şener",8995
TR,"Sen",8995
TR,"Akçay",8979
TR,"Sever",8917
TR,"Parlak",8887
TR,"Ates",8876
TR,"Avci",8807
TR,"Topcu",8781
TR,"Han",8626
TR,"Kuş",8611
TR,"Gedik",8609
TR,"Ilhan",8592
TR,"Şengül",8577
TR,"Çakar",8458
TR,"Yigit",8441
TR,"Uyar",8429
TR,"Çimen",8403
TR,"Coskun",8391
TR,"Soydan",8390
TR,"Ertürk",8384
TR,"Murat",8383
TR,"Baba",8378
TR,"Bakır",8309
TR,"Varol",8282
TR,"Emre",8282
TR,"Oral",8280
TR,"Başaran",8274
TR,"Akay",8252
TR,"Eker",8239
TR,"Aktas",8208
TR,"Ahmet",8186
TR,"Mercan",8163
TR,"Yüce",8145
TR,"Demircan",8117
TR,"Khan",8093
TR,"Yeşil",8075
TR,"Durak",8070
TR,"Keser",8036
TR,"Savaş",7975
TR,"Bülbül",7961
TR,"Karakoç",7951
TR,"Arı",7951
TR,"Engin",7939
TR,"Altıntaş",7903
TR,"Öksüz",7853
TR,"Mustafa",7846
TR,"Ekici",7809
TR,"Ulusoy",7808
TR,"Biçer",7755
TR,"Mehmet",7728
TR,"Torun",7720
TR,"Önder",7715
TR,"Akdağ",7626
TR,"Önal",7614
TR,"Hasan",7603
TR,"Özkaya",7542
TR,"Ocak",7522
TR,"Özgür",7510
TR,"Fırat",7450
TR,"Oruç",7425
TR,"Altuntaş",7399
TR,"Ölmez",7398
TR,"Dündar",7341
TR,"Dal",7328
TR,"Topçu",7316
TR,"Doğru",7307
TR,"Sy",7269
TR,"Gürsoy",7233
TR,"Guler",7223
TR,"Elmas",7221
TR,"Özden",7197
TR,"Okur",7185
TR,"Kaçar",7183
TR,"الاحمد",7178
TR,"Güçlü",7165
TR,"Alan",7115
TR,"Candan",7070
TR,"حسن",7059
TR,"Dede",7044
TR,"Karaduman",7025
TR,"Genc",7018
TR,"Simsek",6957
TR,"Temiz",6951
TR,"Gunes",6937
TR,"Demirbaş",6866
TR,"Peker",6852
TR,"Pala",6844
TR,"Türkoğlu",6756
TR,"Seven",6738
TR,"Uygun",6728
TR,"Ataş",6687
TR,"Kocaman",6675
TR,"Adıgüzel",6666
TR,"Aytekin",6655
TR,"Bayar",6651
TR,"Dinçer",6588
TR,"المحمد",6581
TR,"Arıkan",6556
TR,"Şenol",6554
TR,"Solak",6552
TR,"Akdoğan",6513
TR,"Güleç",6513
TR,"Kavak",6502
TR,"Ahmad",6496
TR,"Tas",6474
TR,"Akin",6458
TR,"Köroğlu",6448
TR,"Göktaş",6400
TR,"Baysal",6371
TR,"حسين",6336
TR,"Tok",6308
TR,"Erden",6299
TR,"Akça",6286
TR,"Deveci",6279
TR,"Türker",6276
TR,"Şirin",6272
TR,"Karaaslan",6252
TR,"Üstün",6189
TR,"Ceyhan",6184
TR,"Şanlı",6167
TR,"Köksal",6161
TR,"Ayyıldız",6152
TR,"Atay",6133
TR,"Özsoy",6131
TR,"Ünsal",6110
TR,"İnce",6087
TR,"Ozkan",6078
TR,"Ok",6066
TR,"Yalcin",6055
TR,"Yasar",6054
TR,"Oktay",6051
TR,"Tepe",6044
TR,"Ata",6014
TR,"Tetik",6014
TR,"Yalçınkaya",6008
TR,"Kuzu",6004
TR,"Ayan",5999
TR,"Zorlu",5997
TR,"Tezcan",5995
TR,"Cakir",5981
TR,"Akan",5965
TR,"Salman",5960
TR,"Kan",5947
TW,"Chen",24300
TW,"Lin",18677
TW,"Huang",12081
TW,"Chang",11161
TW,"Wang",10375
TW,"Lee",10168
TW,"Wu",9270
TW,"Liu",7126
TW,"Hsu",6555
TW,"Yang",5799
TW,"Tsai",5248
TW,"Cheng",3957
TW,"Yu",3310
TW,"Lu",3270
TW,"Li",3187
TW,"Hsieh",3139
TW,"Chou",2964
TW,"Kuo",2954
TW,"Lai",2842
TW,"Formosa",2812
TW,"Liao",2738
TW,"Chiu",2487
TW,"Su",2407
TW,"Hung",2325
TW,"Tseng",2311
TW,"Yeh",2301
TW,"Chiang",2107
TW,"Ho",2077
TW,"Kao",1772
TW,"Chan",1764
TW,"Chu",1753
TW,"Chuang",1573
TW,"Lo",1572
TW,"Chung",1525
TW,"Shih",1500
TW,"Hsiao",1344
TW,"Wei",1303
TW,"Hu",1277
TW,"Chien",1273
TW,"Pan",1232
TW,"Shen",1210
TW,"Peng",1193
TW,"Sun",1113
TW,"Yen",1092
TW,"Liang",1089
TW,"Chao",1073
TW,"Putri",1042
TW,"Tang",887
TW,"Fang",844
TW,"Tu",819
TW,"Wong",788
TW,"Fan",767
TW,"Wen",766
TW,"Ko",751
TW,"Sari",741
TW,"Wati",711
TW,"Ma",685
TW,"Hong",683
TW,"Fu",675
TW,"Weng",668
TW,"Ku",659
TW,"Chi",637
TW,"Zhang",632
TW,"Sung",615
TW,"Ting",573
TW,"Formoza",568
TW,"Ayu",566
TW,"Tsao",539
TW,"Tai",536
TW,"Tan",534
TW,"Tung",510
TW,"Dewi",475
TW,"Lan",465
TW,"Teng",459
TW,"Hou",453
TW,"Han",450
TW,"Ani",447
TW,"Cinta",445
TW,"Jiang",443
TW,"Yao",441
TW,"Lestari",439
TW,"Ni",413
TW,"Yi",410
TW,"Putra",409
TW,"Chin",409
TW,"Feng",405
TW,"Lien",404
TW,"Yuan",402
TW,"Bae",390
TW,"Saputra",381
TW,"Yanti",374
TW,"Zheng",362
TW,"Ling",360
TW,"Lim",359
TW,"Hsueh",356
TW,"Luo",351
TW,"Pratama",343
TW,"Kang",338
TW,"Xu",324
TW,"Yan",323
TW,"Yani",316
TW,"Ana",315
TW,"Ati",312
TW,"Cho",302
TW,"Nguyen",301
TW,"Guo",297
TW,"Ou",293
TW,"Yati",290
TW,"Lia",287
TW,"Ke",287
TW,"Kung",286
TW,"Hati",283
TW,"Rahayu",281
TW,"Azza",277
TW,"Mei",275
TW,"Wan",268
TW,"Ng",268
TW,"Mawar",265
TW,"Zahra",261
TW,"Liou",261
TW,"Shu",260
TW,"Setiawan",258
TW,"Pai",258
TW,"Dai",258
TW,"Yin",254
TW,"Tien",253
TW,"Indah",251
TW,"Chiou",250
TW,"Melati",243
TW,"Siti",241
TW,"Senja",239
TW,"Kuan",234
TW,"Zeng",234
TW,"Hwang",226
TW,"Xie",226
TW,"Young",224
TW,"Shi",223
TW,"Putry",220
TW,"You",219
TW,"Nur",217
TW,"Aulia",216
TW,"Ya",216
TW,"Wijaya",215
TW,"Cai",212
TW,"Xiao",209
TW,"Song",203
TW,"An",201
TW,"Aza",200
TW,"Tsou",199
TW,"Jian",198
TW,"Lam",196
TW,"Na",195
TW,"Lau",195
TW,"Ye",195
TW,"Asih",191
TW,"He",191
TW,"Ningsih",189
TW,"Hua",187
TW,"Berduri",185
TW,"Kim",183
TW,"Aini",182
TW,"Amy",178
TW,"Du",178
TW,"Lie",174
TW,"Jen",174
TW,"Wulan",172
TW,"Shao",171
TW,"Ying",170
TW,"Chia",170
TW,"Anna",168
TW,"Mey",167
TW,"Ae",167
TW,"Deng",167
TW,"Lina",164
TW,"Chai",164
TW,"Angel",163
TW,"Kevin",162
TW,"Amelia",161
TW,"Nana",159
TW,"King",159
TW,"Ching",159
TW,"Jan",159
TW,"Nia",155
TW,"Ajja",155
TW,"Hsia",155
TW,"Sri",154
TW,"Bunga",154
TW,"Ch",153
TW,"Pesek",152
TW,"Yo",151
TW,"Le",150
TW,"Juan",150
TW,"Maulana",149
TW,"Kan",149
TW,"Susanti",148
TW,"David",148
TW,"Zhu",147
TW,"Mi",146
TW,"Ai",146
TW,"Dwi",146
TW,"Ding",146
TW,"Wahyuni",144
TW,"Ju",143
TW,"Andy",142
TW,"Tina",141
TW,"Ahmad",141
TW,"Tzeng",141
TW,"Hui",140
TW,"Aya",139
TW,"Lei",139
TW,"Mao",139
TW,"Chow",139
TW,"Lisa",137
TW,"Tea",137
TW,"Leung",137
TW,"Yun",136
TW,"Bintang",136
TW,"Chong",136
TW,"Tao",136
TW,"Astuti",135
TW,"Aisyah",135
TW,"Ali",135
TW,"歐陽",134
TW,"Nguyễn",134
TW,"Tong",132
TW,"Cheung",132
TW,"Leo",131
TW,"Wulandari",130
TW,"Hsiung",130
TW,"Jason",127
TW,"Sam",127
TW,"Jaya",127
TW,"Azzahra",126
TW,"Mai",126
TW,"Merah",125
TW,"Rahma",124
TW,"Eric",124
TW,"Pei",124
TW,"Bungsu",124
TW,"Alex",122
TW,"Kelana",122
TW,"Formossa",122
TW,"Ong",122
TW,"James",121
TW,"Kasih",121
TW,"Hao",121
TW,"Ming",121
TW,"Linda",120
TW,"Shan",120
TW,"Agustin",119
TW,"Bella",119
TW,"Rizky",119
TW,"Syu",119
TW,"Fong",119
TW,"Hsin",118
TW,"Tsui",117
TW,"Chih",116
TW,"Gao",116
TW,"Zhou",116
TW,"Aditya",115
TW,"Mo",115
TW,"Meng",115
TW,"Chun",115
TW,"Yuni",114
TW,"Paijem",114
TW,"Suci",114
TW,"Prasetyo",114
TW,"Shin",114
TW,"Zhan",114
TW,"Sheng",113
TW,"Jin",113
TW,"Reog",112
TW,"Cha",111
TW,"Diana",110
TW,"Mini",110
TW,"Kurniawan",110
TW,"Min",110
TW,"Jack",109
TW,"Maya",107
TW,"Yanto",106
TW,"Lian",105
TW,"Biru",103
TW,"Qiu",103
TW,"Gu",103
TW,"Mia",102
TW,"Handayani",102
TW,"Shieh",102
TW,"Pang",102
TW,"Lou",102
TW,"Fitri",101
TW,"May",101
TW,"Ti",101
TW,"Ragil",101
TW,"Jia",101
TW,"Fatimah",100
TW,"Jhang",100
TW,"Hsiang",100
TW,"Dong",100
TW,"Mu",99
TW,"Tran",99
TW,"Anita",98
TW,"Cahaya",98
TW,"Yuli",98
TW,"Rindu",98
TW,"Joe",98
TW,"Anjani",97
TW,"Rini",97
TW,"Chueh",97
TW,"Da",96
TW,"Chiao",96
TW,"Nisa",95
TW,"Irawan",95
TW,"Taiwan",95
TW,"Rose",94
TW,"Lala",94
TW,"San",94
TW,"Zhao",94
TW,"Santi",93
TW,"Kai",93
TW,"Wahyu",93
TW,"Jo",93
TW,"Jerry",92
TW,"Ta",92
TW,"Ping",92
TW,"Woo",92
TW,"Cindy",91
TW,"Santoso",91
TW,"Paijo",91
TW,"Love",91
TW,"Lung",91
TW,"Safitri",90
TW,"Ken",90
TW,"Zhong",90
TW,"Hayati",89
TW,"Jingga",89
TW,"Ramadhani",89
TW,"Sa",89
TW,"Hidayat",89
TW,"Tini",88
TW,"Rahmawati",88
TW,"Agus",88
TW,"Zhuang",88
TW,"Any",87
TW,"Ami",87
TW,"Deso",87
TW,"Ari",87
TW,"Maharani",86
TW,"Sakura",86
TW,"Allen",86
TW,"Anto",86
TW,"Dian",86
TW,"Nabila",85
TW,"Azahra",85
TW,"Nasa",85
TW,"Kirana",85
TW,"Nita",85
TW,"Tsang",85
TW,"Jung",85
TW,"Shiu",85
TW,"Sinta",84
TW,"John",84
TW,"Eka",84
TW,"Tw",84
TW,"Jeng",84
TW,"Jheng",84
TW,"Umi",83
TW,"Ann",83
TW,"Yana",83
TW,"Gunawan",83
TW,"Tony",82
TW,"Merindu",82
TW,"Ning",82
TW,"Lily",81
TW,"Subang",81
TW,"Sary",80
TW,"Ika",80
TW,"Jun",80
TW,"Susanto",80
TW,"Pao",80
TW,"Anggraini",79
TW,"Anisa",79
TW,"Ria",79
TW,"Rani",79
TW,"Hidayah",79
TW,"Adi",79
TW,"La",79
TW,"Ji",79
TW,"Azizah",78
TW,"Aprilia",78
TW,"Arum",78
TW,"Wibowo",78
TW,"Setia",78
TW,"Tian",78
TW,"Wahyudi",77
TW,"Jane",77
TW,"Arifin",77
TW,"Jang",77
TW,"Nurhayati",76
TW,"Ita",76
TW,"Michael",76
US,"Garcia",250895
US,"Hernandez",235346
US,"Rodriguez",227267
US,"Lopez",226189
US,"Martinez",221218
US,"Gonzalez",182374
US,"Smith",177637
US,"Perez",168178
US,"Johnson",137388
US,"Sanchez",134022
US,"Ramirez",124242
US,"Williams",120393
US,"Jones",109477
US,"Brown",104411
US,"Flores",98810
US,"Torres",96456
US,"Patel",93149
US,"Cruz",90877
US,"Gomez",89412
US,"Diaz",87212
US,"Rivera",86836
US,"Reyes",86333
US,"Morales",77416
US,"Davis",72646
US,"Lee",71869
US,"Ortiz",64886
US,"Miller",64885
US,"Ramos",62556
US,"Thomas",61336
US,"Mendoza",58290
US,"Castillo",56965
US,"Gutierrez",56813
US,"Ruiz",55637
US,"Jackson",55231
US,"Alvarez",54053
US,"Jimenez",53748
US,"Wilson",53034
US,"Anderson",50863
US,"Taylor",50749
US,"Aguilar",48326
US,"Martin",47635
US,"Castro",47631
US,"Chavez",47624
US,"Romero",46655
US,"Singh",46089
US,"Moore",44546
US,"White",43793
US,"Harris",43711
US,"Herrera",43072
US,"Vasquez",42999
US,"Mendez",42866
US,"Moreno",42102
US,"Thompson",41515
US,"Vargas",41223
US,"Medina",40667
US,"Guzman",40656
US,"Fernandez",38284
US,"Lewis",37916
US,"King",37220
US,"Robinson",37128
US,"Santos",36814
US,"Marie",36730
US,"Vazquez",36491
US,"Walker",35107
US,"Mejia",35029
US,"Alvarado",33357
US,"Silva",33226
US,"Allen",32609
US,"Salazar",32582
US,"Nguyen",32470
US,"Green",32379
US,"Young",32044
US,"Soto",31923
US,"Clark",31736
US,"Scott",31478
US,"James",31351
US,"Gonzales",29996
US,"Contreras",29629
US,"Rojas",29564
US,"Wright",29262
US,"Hall",28814
US,"Khan",28593
US,"Estrada",28498
US,"Hill",28336
US,"Kim",28110
US,"Nelson",28101
US,"Guerrero",27916
US,"Ortega",27900
US,"Maldonado",27593
US,"Delgado",27530
US,"Rios",26982
US,"Adams",26697
US,"Vega",26528
US,"Garza",26492
US,"Sandoval",26399
US,"Ali",26227
US,"Carter",26102
US,"Santiago",25716
US,"Mitchell",25676
US,"Campbell",25341
US,"Luna",25321
US,"Acosta",24538
US,"Dominguez",24440
US,"Juarez",24367
US,"Espinoza",24308
US,"Molina",23706
US,"Baker",23371
US,"Valdez",23254
US,"Roberts",23083
US,"Hernández",22951
US,"Cabrera",22891
US,"Edwards",22818
US,"Joseph",22722
US,"Ayala",22604
US,"Munoz",22578
US,"Rose",22405
US,"Evans",22322
US,"Fuentes",22317
US,"Miranda",22268
US,"Avila",22246
US,"Parker",22135
US,"Campos",22125
US,"Love",21722
US,"Stewart",21714
US,"Turner",21691
US,"Escobar",21677
US,"Figueroa",21608
US,"Shah",21474
US,"Rivas",21347
US,"Marquez",21281
US,"Leon",20983
US,"Phillips",20957
US,"Nunez",20741
US,"Padilla",20505
US,"Lara",20161
US,"Navarro",20045
US,"Collins",19955
US,"Cortez",19774
US,"Morris",19740
US,"Carrillo",19591
US,"Bell",19508
US,"Pineda",19245
US,"Velasquez",19139
US,"Ahmed",18930
US,"Morgan",18868
US,"Murphy",18481
US,"Rogers",18295
US,"Solis",18239
US,"Ochoa",18098
US,"Pena",18088
US,"Cooper",18050
US,"Alexander",17867
US,"Kelly",17864
US,"Chen",17756
US,"Rosales",17733
US,"Peterson",17449
US,"Bailey",17394
US,"Santana",17378
US,"Rodríguez",17373
US,"Duran",17321
US,"Robles",17275
US,"Cook",17174
US,"Ross",16891
US,"Salinas",16886
US,"Aguirre",16754
US,"López",16692
US,"Richardson",16670
US,"Howard",16576
US,"Arias",16544
US,"Brooks",16535
US,"Calderon",16487
US,"Serrano",16476
US,"Cardenas",16432
US,"Gray",16348
US,"Cervantes",16301
US,"Suarez",16156
US,"Wang",16024
US,"Bonilla",15912
US,"Watson",15906
US,"Valencia",15720
US,"Orozco",15690
US,"Guerra",15670
US,"Jordan",15661
US,"Franco",15650
US,"Reed",15637
US,"Pacheco",15511
US,"Sosa",15482
US,"Velazquez",15295
US,"García",15262
US,"Bennett",15216
US,"González",15152
US,"Ward",15109
US,"Camacho",15024
US,"Kumar",15002
US,"Sanders",14922
US,"Li",14863
US,"Washington",14775
US,"Andrade",14774
US,"Bautista",14650
US,"Barrera",14644
US,"Coleman",14494
US,"Foster",14461
US,"Mora",14420
US,"Wong",14392
US,"Tran",14371
US,"Wood",14346
US,"Price",14240
US,"Lynn",14222
US,"Jenkins",14151
US,"Ibarra",14145
US,"Black",14135
US,"Powell",14073
US,"Butler",14069
US,"Cox",13948
US,"Henderson",13898
US,"Barnes",13821
US,"Martínez",13806
US,"Peña",13787
US,"Gordon",13764
US,"Henry",13755
US,"Nicole",13714
US,"Perry",13635
US,"Long",13610
US,"Salas",13500
US,"Hughes",13493
US,"Russell",13455
US,"Cortes",13443
US,"Guevara",13443
US,"Kaur",13285
US,"Benitez",13274
US,"Portillo",13212
US,"Cole",13192
US,"Sullivan",13135
US,"Roman",13060
US,"Simmons",13041
US,"West",12958
US,"Chan",12924
US,"Graham",12895
US,"Wallace",12886
US,"Hamilton",12864
US,"George",12823
US,"Zamora",12704
US,"Villa",12699
US,"Montoya",12584
US,"Villanueva",12574
US,"Ford",12421
US,"Lozano",12413
US,"Rosario",12373
US,"Patterson",12252
US,"Woods",12230
US,"Melendez",12181
US,"Zavala",12170
US,"Fisher",12121
US,"Meza",12064
US,"Myers",12060
US,"Murray",12053
US,"Sharma",11977
US,"Ellis",11915
US,"Palacios",11889
US,"Marshall",11882
US,"Grant",11878
US,"Villarreal",11760
US,"Rubio",11738
US,"Beltran",11726
US,"Amaya",11723
US,"Bryant",11715
US,"Rangel",11686
US,"Griffin",11678
US,"Tapia",11662
US,"Ponce",11605
US,"Ann",11595
US,"Paul",11570
US,"Harrison",11570
US,"Hayes",11554
US,"Reynolds",11549
US,"Muñoz",11502
US,"Macias",11456
US,"Hunter",11440
US,"Ray",11371
US,"Freeman",11308
US,"John",11172
US,"Acevedo",11171
US,"Kennedy",11143
US,"Stevens",11136
US,"Liu",11104
US,"Valenzuela",11091
US,"Orellana",11085
US,"Mercado",11065
US,"Marin",11064
US,"Ventura",11043
US,"Charles",10991
US,"Park",10983
US,"Mcdonald",10975
US,"De Leon",10969
US,"Trujillo",10966
US,"Cohen",10961
US,"Montes",10952
US,"Rosas",10923
US,"Gibson",10922
US,"Reddy",10900
US,"Zuniga",10893
US,"Moran",10846
US,"De La Cruz",10841
US,"Ryan",10816
US,"Stone",10798
US,"Rocha",10744
US,"Blanco",10720
US,"Wells",10717
US,"Zhang",10715
US,"Peralta",10689
US,"Elizabeth",10679
US,"Murillo",10673
US,"Dixon",10672
US,"Colon",10668
US,"Bravo",10636
US,"Porter",10590
US,"Duarte",10586
US,"Velez",10585
US,"Jean",10579
US,"Palmer",10568
US,"Pierre",10503
US,"Shaw",10446
US,"Tucker",10421
US,"Gallegos",10404
US,"Owens",10364
US,"Quintero",10355
US,"Mason",10324
US,"Castaneda",10255
US,"Trejo",10204
US,"Banks",10180
US,"Arellano",10175
US,"Simpson",10156
US,"Pérez",10151
US,"Holmes",10092
US,"Salgado",10040
US,"Crawford",9967
US,"Villegas",9957
US,"Daniels",9935
US,"Huerta",9831
US,"Cisneros",9809
US,"Galvan",9808
US,"Osorio",9796
US,"Olson",9796
US,"Mata",9778
US,"Reid",9763
US,"Fox",9753
US,"Daniel",9679
US,"Nava",9666
US,"Lucas",9635
US,"Alfaro",9630
US,"Robertson",9629
US,"Lawrence",9608
US,"Richards",9593
US,"Arroyo",9460
US,"Webb",9446
US,"Knight",9437
US,"Mills",9405
US,"Burns",9350
US,"Yang",9288
US,"David",9284
US,"Cardona",9280
US,"Matthews",9252
US,"Warren",9229
US,"Corona",9225
US,"Cuevas",9196
US,"Boyd",9170
US,"Hunt",9165
US,"Le",9151
US,"Spencer",9106
US,"Paz",9092
US,"Medrano",9092
US,"Sánchez",9073
US,"Dunn",9063
US,"Hawkins",9041
US,"Lemus",8990
US,"Davila",8956
US,"Mohamed",8941
US,"Ramírez",8899
US,"Bernal",8882
US,"Armstrong",8880
US,"Ferguson",8848
US,"Cano",8817
US,"Nuñez",8807
US,"Parra",8792
US,"Payne",8779
US,"Lin",8778
US,"Franklin",8762
US,"Hansen",8743
US,"Lane",8703
US,"Barajas",8686
US,"Andrews",8682
US,"Rice",8664
US,"Gill",8662
US,"Hicks",8573
US,"Gardner",8553
US,"Lugo",8501
US,"Stephens",8497
US,"Angel",8482
US,"Cantu",8476
US,"Meyer",8439
UY,"Rodriguez",34187
UY,"Gonzalez",22022
UY,"Martinez",17035
UY,"Silva",14153
UY,"Fernandez",13351
UY,"Perez",12915
UY,"Garcia",11288
UY,"Lopez",10955
UY,"Sosa",10889
UY,"Pereira",10787
UY,"Olivera",9542
UY,"Diaz",8732
UY,"Ferreira",8302
UY,"Acosta",7817
UY,"Suarez",7563
UY,"Gomez",7377
UY,"Alvarez",7303
UY,"Cabrera",7170
UY,"Nuñez",6720
UY,"Correa",6713
UY,"Hernandez",6320
UY,"Machado",6127
UY,"Rodríguez",5799
UY,"Castro",5472
UY,"Cardozo",5276
UY,"De Los Santos",5185
UY,"Moreira",5029
UY,"Rivero",4979
UY,"Mendez",4902
UY,"Sanchez",4756
UY,"Morales",4720
UY,"González",4632
UY,"Pereyra",4620
UY,"Silvera",4578
UY,"Silveira",4447
UY,"Viera",4287
UY,"Pintos",4242
UY,"Romero",4168
UY,"Ramos",3886
UY,"Alvez",3720
UY,"Fernández",3673
UY,"Torres",3542
UY,"Da Silva",3524
UY,"Duarte",3274
UY,"Medina",3263
UY,"Ramirez",3229
UY,"Delgado",3160
UY,"Gutierrez",3050
UY,"Techera",3020
UY,"Martínez",2773
UY,"Larrosa",2772
UY,"Santos",2771
UY,"Benitez",2720
UY,"Piriz",2678
UY,"Costa",2620
UY,"López",2574
UY,"Barboza",2566
UY,"Pérez",2539
UY,"Lima",2514
UY,"De Leon",2508
UY,"Rocha",2498
UY,"García",2480
UY,"Reyes",2366
UY,"Vazquez",2333
UY,"Marquez",2317
UY,"Barrios",2254
UY,"Perdomo",2250
UY,"Flores",2249
UY,"Curbelo",2196
UY,"Dos Santos",2156
UY,"Alonso",2131
UY,"Gimenez",2103
UY,"Ruiz",2070
UY,"Araujo",2069
UY,"Blanco",1988
UY,"Varela",1963
UY,"Barreto",1961
UY,"Ortiz",1924
UY,"Castillo",1899
UY,"Peña",1888
UY,"Manya",1872
UY,"Bolso",1861
UY,"Fagundez",1856
UY,"Soria",1839
UY,"Vidal",1838
UY,"Lemos",1830
UY,"Moreno",1812
UY,"Santana",1808
UY,"Acuña",1736
UY,"Gómez",1725
UY,"Molina",1711
UY,"Hernández",1693
UY,"Borges",1677
UY,"Da Rosa",1650
UY,"Muñoz",1609
UY,"Dominguez",1570
UY,"Bentancor",1566
UY,"Caballero",1558
UY,"Franco",1554
UY,"Montero",1537
UY,"Velazquez",1503
UY,"Carballo",1502
UY,"Fleitas",1491
UY,"Suárez",1487
UY,"Vera",1471
UY,"Caceres",1467
UY,"Godoy",1460
UY,"Gonzales",1439
UY,"Aguirre",1430
UY,"Almeida",1423
UY,"Rosa",1416
UY,"Paz",1406
UY,"Britos",1398
UY,"Quintana",1387
UY,"Díaz",1354
UY,"Bonilla",1347
UY,"Vargas",1342
UY,"Cuello",1337
UY,"Rios",1325
UY,"Guerra",1300
UY,"Miranda",1286
UY,"Vega",1279
UY,"Rojas",1271
UY,"Herrera",1267
UY,"Antunez",1259
UY,"Maciel",1251
UY,"Farias",1240
UY,"Cruz",1235
UY,"Muniz",1227
UY,"Sena",1227
UY,"De León",1215
UY,"Caraballo",1212
UY,"Arias",1209
UY,"Umpierrez",1198
UY,"Tejera",1197
UY,"Souza",1189
UY,"Peñarol",1183
UY,"Rey",1168
UY,"Rosas",1141
UY,"Peralta",1131
UY,"Alves",1129
UY,"Leal",1127
UY,"Batista",1108
UY,"Aguilar",1094
UY,"Sánchez",1090
UY,"Furtado",1078
UY,"Aguiar",1076
UY,"Fuentes",1063
UY,"Leites",1059
UY,"Corbo",1058
UY,"Melo",1054
UY,"Maldonado",1044
UY,"Acevedo",1034
UY,"Camejo",1026
UY,"Ribeiro",1020
UY,"Bueno",1018
UY,"Camacho",1017
UY,"Figueroa",996
UY,"Espinosa",994
UY,"Núñez",992
UY,"De Souza",991
UY,"Rivas",970
UY,"Clavijo",949
UY,"Ferrari",941
UY,"Mora",932
UY,"Iglesias",930
UY,"Cabral",929
UY,"Pacheco",928
UY,"Méndez",927
UY,"Ledesma",925
UY,"Toledo",918
UY,"Villalba",915
UY,"Ojeda",911
UY,"Lorenzo",907
UY,"Mederos",900
UY,"Davila",898
UY,"Amaral",897
UY,"Mesa",895
UY,"Luzardo",891
UY,"Fontes",888
UY,"Da Costa",887
UY,"Colman",886
UY,"Bentancur",874
UY,"Rosano",867
UY,"Guerrero",867
UY,"Escobar",861
UY,"Valdez",857
UY,"Quiroga",857
UY,"Ayala",857
UY,"Sequeira",853
UY,"Amaro",852
UY,"Pirez",852
UY,"Conde",849
UY,"Mello",848
UY,"Carrasco",843
UY,"Figueredo",842
UY,"Ibarra",831
UY,"Rodrigues",830
UY,"Maidana",829
UY,"Ocampo",828
UY,"Almada",828
UY,"Mendoza",824
UY,"Trinidad",820
UY,"Burgos",819
UY,"Falero",795
UY,"Gallo",793
UY,"Dutra",790
UY,"Abreu",790
UY,"Saravia",788
UY,"Moraes",786
UY,"Villar",784
UY,"Camargo",780
UY,"Marrero",777
UY,"Alfonso",775
UY,"Piñeiro",772
UY,"Prieto",757
UY,"Lucas",752
UY,"Navarro",752
UY,"Montes De Oca",746
UY,"Noble",742
UY,"Cardoso",742
UY,"Carbonero",738
UY,"Bravo",733
UY,"Bermudez",732
UY,"Denis",732
UY,"Tabarez",732
UY,"Estevez",726
UY,"Brun",725
UY,"Campos",721
UY,"Gularte",719
UY,"Collazo",718
UY,"Rossi",715
UY,"Otero",713
UY,"Aquino",712
UY,"Sierra",710
UY,"Nieves",708
UY,"Uruguay",707
UY,"Severo",699
UY,"Soto",697
UY,"Texeira",693
UY,"Gutiérrez",692
UY,"Avila",690
UY,"Gadea",685
UY,"Freitas",682
UY,"Nacional",680
UY,"Duran",680
UY,"De Armas",675
UY,"Barreiro",672
UY,"Sellanes",669
UY,"Machin",669
UY,"Villanueva",662
UY,"Trindade",660
UY,"Cedres",659
UY,"Martin",658
UY,"Garrido",642
UY,"Fonseca",638
UY,"Carro",637
UY,"Baez",634
UY,"Terra",629
UY,"Magallanes",628
UY,"Macedo",628
UY,"Vaz",626
UY,"Segovia",623
UY,"Barrera",618
UY,"Carbajal",607
UY,"Andrade",603
UY,"Aranda",601
UY,"Luna",591
UY,"Saavedra",587
UY,"Nogueira",587
UY,"Zapata",584
UY,"Meneses",577
UY,"Roman",576
UY,"Parodi",575
UY,"Piñeyro",575
UY,"Marichal",573
UY,"Chagas",570
UY,"Pedrozo",561
UY,"Zeballos",555
UY,"Padilla",555
UY,"Chaves",547
UY,"Vázquez",546
UY,"Viana",545
UY,"Vila",538
UY,"Sanguinetti",534
UY,"Portillo",525
UY,"Cuña",521
UY,"Coitiño",520
UY,"Freire",519
UY,"Motta",519
UY,"Gil",515
UY,"Soca",513
UY,"Andrada",511
UY,"Bianchi",506
UY,"Albornoz",505
UY,"Jorge",504
UY,"Da Luz",500
UY,"Guedes",500
UY,"Fraga",497
UY,"Graña",496
UY,"Ortega",496
UY,"Presa",495
UY,"Ramírez",495
UY,"Rivera",494
UY,"Mattos",490
UY,"Álvarez",489
UY,"Casas",487
UY,"Ibañez",486
UY,"Brum",482
UY,"Paredes",480
UY,"Montiel",480
UY,"Borba",479
UY,"Marin",478
UY,"Aguilera",476
UY,"Oviedo",475
UY,"Miraballes",475
UY,"Velazco",472
UY,"Menendez",471
UY,"Altez",469
UY,"Robaina",468
UY,"Cáceres",466
UY,"Madruga",465
UY,"Lema",465
UY,"Artigas",463
UY,"Coronel",462
UY,"Galvan",461
UY,"Ferreyra",461
UY,"Cal",459
UY,"Roldan",458
UY,"Hornos",456
UY,"San Martin",455
UY,"Alonzo",455
UY,"Mena",455
UY,"Juarez",454
UY,"Etcheverry",454
UY,"Ribero",452
UY,"Cuadro",451
UY,"Deleon",451
UY,"Cano",451
UY,"Márquez",450
UY,"Bentos",450
UY,"Porto",449
UY,"Melgarejo",447
UY,"Jara",444
UY,"Montes",442
UY,"Centurion",440
UY,"Chavez",440
UY,"Lemes",440
UY,"Francia",437
UY,"Garay",435
UY,"Sastre",434
UY,"Galeano",433
UY,"Caetano",432
UY,"Veiga",432
UY,"Bustamante",432
UY,"Bruno",430
UY,"Tricolor",427
UY,"Maria",426
UY,"Trujillo",426
UY,"Prado",426
UY,"Arevalo",426
UY,"Fajardo",425
UY,"Monzon",424
UY,"Izquierdo",420
UY,"Paez",419
UY,"Bica",419
UY,"Mieres",418
UY,"Recoba",417
UY,"Pais",417
UY,"Cuadrado",413
UY,"Pastorino",409
UY,"Vallejo",409
UY,"Mariño",407
UY,"Barros",406
UY,"Aparicio",405
UY,"Medeiros",404
UY,"Giménez",402
UY,"Belen",401
UY,"Martins",401
UY,"De Mello",400
UY,"Nicolas",397
UY,"Guillen",395
UY,"Ruiz Diaz",392
UY,"Colombo",392
UY,"Amorin",385
UY,"Trias",383
UY,"Alegre",382
UY,"Paiva",380
UY,"Calero",380
UY,"Pino",379
UY,"Barcelo",379
UY,"Tabeira",379
UY,"Rebollo",379
UY,"Daniel",377
UY,"Leiva",377
UY,"Moyano",377
UY,"Sotelo",377
UY,"Pose",377
UY,"Quintero",376
UY,"Nieto",376
ZA,"Ndlovu",71559
ZA,"Dlamini",60731
ZA,"Khumalo",56789
ZA,"Nkosi",51245
ZA,"Mokoena",39168
ZA,"Sithole",37079
ZA,"Mkhize",36412
ZA,"Mahlangu",32995
ZA,"Zulu",32191
ZA,"Smith",30850
ZA,"Ngcobo",30165
ZA,"Mthembu",29968
ZA,"Dube",29514
ZA,"Jacobs",27515
ZA,"Gumede",27119
ZA,"Khoza",26815
ZA,"Naidoo",24954
ZA,"Williams",24375
ZA,"Buthelezi",23453
ZA,"Ngwenya",23128
ZA,"Mofokeng",23090
ZA,"Botha",23044
ZA,"Mhlongo",22617
ZA,"Mbatha",22353
ZA,"Moyo",21564
ZA,"Baloyi",21294
ZA,"Zwane",21192
ZA,"Ncube",21000
ZA,"Radebe",20193
ZA,"Govender",19908
ZA,"Tshabalala",19457
ZA,"Pillay",19295
ZA,"Sibiya",19206
ZA,"Chauke",19051
ZA,"Mazibuko",18882
ZA,"Ntuli",18787
ZA,"Mthethwa",18560
ZA,"Nxumalo",18536
ZA,"Van Wyk",18275
ZA,"Adams",18175
ZA,"Cele",18052
ZA,"Mathebula",17612
ZA,"Maseko",16777
ZA,"Mabaso",15603
ZA,"Pretorius",15445
ZA,"Molefe",15413
ZA,"Ngubane",15261
ZA,"Ngobeni",15056
ZA,"Sibanda",15038
ZA,"Nel",14896
ZA,"Coetzee",14763
ZA,"Van Der Merwe",14585
ZA,"Mtshali",14133
ZA,"Fourie",13826
ZA,"Maluleke",13807
ZA,"Motaung",13640
ZA,"Venter",13628
ZA,"Moloi",13607
ZA,"Abrahams",13494
ZA,"Du Plessis",13356
ZA,"Mchunu",13306
ZA,"Mkhwanazi",13076
ZA,"Louw",13008
ZA,"Davids",12972
ZA,"Phiri",12821
ZA,"Smit",12772
ZA,"Mnguni",12734
ZA,"Mnisi",12706
ZA,"Zungu",12596
ZA,"Kruger",12186
ZA,"Precious",12166
ZA,"Dladla",12107
ZA,"Zondi",11987
ZA,"Hlongwane",11952
ZA,"Hadebe",11767
ZA,"Nkuna",11701
ZA,"Vilakazi",11449
ZA,"Meyer",11325
ZA,"Xaba",11276
ZA,"Van Zyl",11255
ZA,"Erasmus",11240
ZA,"Langa",11217
ZA,"Hendricks",11118
ZA,"Shabangu",10951
ZA,"Majola",10827
ZA,"Hlatshwayo",10546
ZA,"Mhlanga",10529
ZA,"Kekana",10469
ZA,"Petersen",10419
ZA,"Khan",10365
ZA,"Kunene",10302
ZA,"Mdluli",10228
ZA,"Modise",10161
ZA,"Mlambo",10154
ZA,"Cloete",10029
ZA,"Booysen",9976
ZA,"Shabalala",9939
ZA,"Zuma",9925
ZA,"Moodley",9921
ZA,"Johnson",9905
ZA,"Van Niekerk",9870
ZA,"Daniels",9745
ZA,"Brown",9686
ZA,"Mbhele",9643
ZA,"Mudau",9625
ZA,"Xulu",9580
ZA,"Mashaba",9555
ZA,"Singh",9552
ZA,"Du Toit",9546
ZA,"Khanyile",9422
ZA,"Nkomo",9216
ZA,"Ndaba",9204
ZA,"Shezi",9103
ZA,"Mabuza",9004
ZA,"Nhlapo",8936
ZA,"Steyn",8870
ZA,"Simelane",8723
ZA,"Masuku",8671
ZA,"Banda",8607
ZA,"Muller",8603
ZA,"Joseph",8588
ZA,"Thomas",8585
ZA,"Joubert",8561
ZA,"Swanepoel",8523
ZA,"Ngema",8512
ZA,"Swart",8434
ZA,"Malatji",8416
ZA,"Engelbrecht",8363
ZA,"Shongwe",8347
ZA,"Van Rooyen",8285
ZA,"Masango",8229
ZA,"Mabunda",8163
ZA,"James",8154
ZA,"Marais",8117
ZA,"Jansen",8091
ZA,"Khuzwayo",8039
ZA,"Msomi",8020
ZA,"Chetty",8006
ZA,"Ntombela",7942
ZA,"Mokwena",7936
ZA,"Potgieter",7906
ZA,"King",7890
ZA,"Le Roux",7889
ZA,"Tsotetsi",7857
ZA,"Mpho",7848
ZA,"Nyathi",7824
ZA,"Skosana",7798
ZA,"Mathe",7798
ZA,"Mohlala",7719
ZA,"Viljoen",7670
ZA,"Kubheka",7648
ZA,"Thwala",7456
ZA,"Lee",7453
ZA,"Martin",7382
ZA,"Strydom",7363
ZA,"Oosthuizen",7356
ZA,"Zondo",7337
ZA,"Nene",7320
ZA,"Mpofu",7302
ZA,"Olivier",7296
ZA,"Mabena",7278
ZA,"John",7257
ZA,"Sibisi",7250
ZA,"Bhengu",7230
ZA,"Matlala",7190
ZA,"Jones",7167
ZA,"Mthombeni",7153
ZA,"Mngomezulu",7133
ZA,"Duma",6902
ZA,"Masilela",6854
ZA,"Malinga",6827
ZA,"Barnard",6797
ZA,"Moses",6777
ZA,"Biyela",6761
ZA,"Msibi",6727
ZA,"Magagula",6720
ZA,"Luthuli",6683
ZA,"Mogale",6680
ZA,"Mashego",6669
ZA,"Pienaar",6651
ZA,"Isaacs",6644
ZA,"Jordaan",6569
ZA,"Bezuidenhout",6563
ZA,"Du Preez",6531
ZA,"De Beer",6527
ZA,"Skhosana",6526
ZA,"Ndou",6506
ZA,"Motloung",6496
ZA,"Shange",6495
ZA,"Visser",6487
ZA,"Ndlela",6474
ZA,"Mulaudzi",6450
ZA,"Ngobese",6450
ZA,"Peter",6443
ZA,"George",6420
ZA,"Maphumulo",6380
ZA,"Hlophe",6363
ZA,"Ntshangase",6326
ZA,"Mabasa",6292
ZA,"Gift",6261
ZA,"Madonsela",6246
ZA,"Mohale",6227
ZA,"Tau",6206
ZA,"Madlala",6185
ZA,"Makhanya",6176
ZA,"Van Der Westhuizen",6154
ZA,"Fortuin",6125
ZA,"Sibeko",6113
ZA,"Lerato",6054
ZA,"Sthole",6028
ZA,"Pieterse",6028
ZA,"Nzimande",5986
ZA,"Van Rensburg",5980
ZA,"Mkhabela",5973
ZA,"David",5956
ZA,"Van Heerden",5944
ZA,"Ndebele",5934
ZA,"Dhlamini",5918
ZA,"Khosa",5902
ZA,"Prinsloo",5893
ZA,"Mncube",5889
ZA,"Portia",5854
ZA,"Ledwaba",5835
ZA,"Mbele",5800
ZA,"Sambo",5783
ZA,"Beukes",5781
ZA,"Grobler",5751
ZA,"Arendse",5730
ZA,"Patel",5727
ZA,"Sibanyoni",5697
ZA,"Nkabinde",5668
ZA,"Prince",5659
ZA,"Mavuso",5648
ZA,"Mpanza",5603
ZA,"Swartz",5567
ZA,"Thabethe",5565
ZA,"Ngwane",5537
ZA,"Thabo",5526
ZA,"Jack",5512
ZA,"September",5485
ZA,"Ferreira",5455
ZA,"Miya",5437
ZA,"Ngidi",5422
ZA,"Mdlalose",5411
ZA,"Shandu",5385
ZA,"Pretty",5383
ZA,"Bester",5374
ZA,"Johannes",5373
ZA,"Mbambo",5363
ZA,"Zitha",5348
ZA,"Angel",5334
ZA,"Makhubela",5316
ZA,"Mdletshe",5300
ZA,"Mphahlele",5294
ZA,"Magwaza",5294
ZA,"Pietersen",5273
ZA,"Ngomane",5251
ZA,"Mashele",5234
ZA,"Wilson",5225
ZA,"Van Der Walt",5216
ZA,"Naicker",5208
ZA,"Mosia",5185
ZA,"Snyman",5176
ZA,"Rossouw",5167
ZA,"Reddy",5147
ZA,"Mbali",5125
ZA,"Scheepers",5124
ZA,"Moloto",5090
ZA,"Visagie",5082
ZA,"Sello",5063
ZA,"Masemola",5044
ZA,"Mvelase",5041
ZA,"Junior",5024
ZA,"Mlangeni",4999
ZA,"Lucky",4992
ZA,"Gwala",4970
ZA,"Solomons",4955
ZA,"Masondo",4954
ZA,"Burger",4933
ZA,"Myeni",4907
ZA,"Qwabe",4891
ZA,"Letsoalo",4866
ZA,"Thando",4860
ZA,"Nzama",4819
ZA,"Kotze",4805
ZA,"Van Staden",4765
ZA,"Basson",4734
ZA,"Steenkamp",4700
ZA,"Lebo",4691
ZA,"Maria",4672
ZA,"Ali",4664
ZA,"Maake",4659
ZA,"Jackson",4651
ZA,"De Villiers",4638
ZA,"Msimango",4630
ZA,"Maduna",4625
ZA,"Rose",4607
ZA,"Sam",4607
ZA,"Lewis",4605
ZA,"Ndwandwe",4599
ZA,"Groenewald",4592
ZA,"Schoeman",4585
ZA,"Mtsweni",4583
ZA,"Plaatjies",4580
ZA,"Phakathi",4562
ZA,"Jantjies",4557
ZA,"Mokone",4556
ZA,"Samuel",4555
ZA,"Twala",4549
ZA,"Maluleka",4549
ZA,"Themba",4548
ZA,"Munyai",4542
ZA,"May",4523
ZA,"Alexander",4506
ZA,"Maphanga",4495
ZA,"Thusi",4481
ZA,"Promise",4480
ZA,"Ndhlovu",4458
ZA,"Gumbi",4437
ZA,"Mngadi",4398
ZA,"Mbanjwa",4371
ZA,"Selepe",4371
ZA,"Maleka",4359
ZA,"Titus",4338
ZA,"Willemse",4333
ZA,"Msiza",4322
ZA,"Labuschagne",4311
ZA,"Jali",4294
ZA,"Theron",4290
ZA,"Witbooi",4283
ZA,"Vorster",4264
ZA,"Solomon",4259
ZA,"Mathonsi",4259
ZA,"Nzuza",4249
ZA,"De Jager",4235
ZA,"Daniel",4226
ZA,"April",4226
ZA,"Nkambule",4217
ZA,"Simon",4215
ZA,"Jonas",4215
ZA,"Dlomo",4212
ZA,"Zikhali",4200
ZA,"Tebogo",4196
ZA,"Mthimkhulu",4166
ZA,"Manana",4160
ZA,"Botes",4158
ZA,"Mthiyane",4152
ZA,"Thabang",4138
ZA,"Matlou",4116
ZA,"Gouws",4099
ZA,"Mlotshwa",4088
ZA,"Pule",4059
ZA,"Patrick",4051
ZA,"Rikhotso",4040
ZA,"Janse Van Rensburg",4032
ZA,"Gama",4021
ZA,"Maharaj",4021
ZA,"Lawrence",4017
ZA,"Tembe",4006
ZA,"Masinga",4004
ZA,"Maphosa",3997
ZA,"Lukhele",3984
ZA,"Roberts",3976
ZA,"Mtolo",3968
ZA,"Victor",3965
ZA,"Cupido",3950
ZA,"Modiba",3922
ZA,"Roux",3920
ZA,"Tshepo",3915
ZA,"Patricia",3910
ZA,"De Klerk",3906
ZA,"Ndimande",3879
ZA,"Phillips",3848
ZA,"Zama",3845
ZA,"Fredericks",3824
ZA,"Manzini",3822
ZA,"Van Vuuren",3820
ZA,"Tladi",3801
ZA,"Magubane",3797
ZA,"Lucas",3774
ZA,"Swarts",3749
ZA,"Vincent",3738
ZA,"Mohapi",3735
ZA,"Sipho",3727
ZA,"Taylor",3725
ZA,"Wessels",3724
ZA,"Moeketsi",3715
ZA,"Tshuma",3713
ZA,"Paul",3712
ZA,"Mahlaba",3694
ZA,"Michael",3690
ZA,"Mamabolo",3679
ZA,"Van Den Berg",3676
ZA,"Thabiso",3669
ZA,"Makhoba",3661
ZA,"Mkhonza",3650
ZA,"Vermeulen",3649
ZA,"Klaas",3638
ZA,"Mohamed",3633
ZA,"Lombard",3617
