country,name,count
AL,"Hoxha",6751
AL,"Shehu",2255
AL,"Marku",2061
AL,"Cela",1853
AL,"Kola",1765
AL,"Dervishi",1710
AL,"Muca",1667
AL,"Kurti",1647
AL,"Gjoka",1542
AL,"Lleshi",1500
AL,"Sula",1416
AL,"Hysa",1330
AL,"Gjoni",1309
AL,"Balla",1285
AL,"Elezi",1207
AL,"Meta",1195
AL,"Lika",1194
AL,"Leka",1183
AL,"Koci",1156
AL,"Mema",1103
AL,"Hasa",1099
AL,"Rama",1031
AL,"Cani",1011
AL,"Gjini",969
AL,"Halili",956
AL,"Sinani",937
AL,"Ana",911
AL,"Prifti",907
AL,"Duka",890
AL,"Murati",873
AL,"Hoxhaj",862
AL,"Lala",860
AL,"Toska",858
AL,"Spahiu",831
AL,"Vlore",829
AL,"Karaj",828
AL,"Gega",825
AL,"Deda",816
AL,"Aliaj",801
AL,"Bardhi",785
AL,"Doda",777
AL,"Hasani",771
AL,"Bushi",761
AL,"Zeneli",752
AL,"Malaj",745
AL,"Sina",733
AL,"Tafa",730
AL,"Alla",730
AL,"Domi",710
AL,"Fier",703
AL,"Prenga",701
AL,"Bregu",697
AL,"Durres",691
AL,"Kodra",684
AL,"Beqiri",683
AL,"Basha",680
AL,"Osmani",676
AL,"Xhafa",668
AL,"Arapi",643
AL,"Albania",632
AL,"Sulaj",624
AL,"Biba",615
AL,"Ela",614
AL,"Hyka",602
AL,"Lila",602
AL,"Nikolli",595
AL,"Prendi",582
AL,"Balliu",570
AL,"Mehmeti",564
AL,"Shehi",561
AL,"Doci",558
AL,"Kasa",554
AL,"Pjetri",552
AL,"Ndoj",552
AL,"Agolli",552
AL,"Tabaku",548
AL,"Isufi",547
AL,"Shabani",538
AL,"Gjergji",536
AL,"Shahini",533
AL,"Bajrami",527
AL,"Stafa",526
AL,"Ismaili",524
AL,"Gjata",515
AL,"Hyseni",513
AL,"Pepa",507
AL,"Koka",500
AL,"Guri",497
AL,"Dema",493
AL,"Kuka",491
AL,"Hidri",487
AL,"Bala",484
AL,"Mucaj",481
AL,"Ndreu",479
AL,"Plaku",475
AL,"Eri",472
AL,"Dani",471
AL,"Lami",470
AL,"Gashi",459
AL,"Ina",455
AL,"Zefi",455
AL,"Muka",450
AL,"Berat",449
AL,"Al",449
AL,"Daci",445
AL,"Shehaj",445
AL,"Abazi",443
AL,"Dauti",441
AL,"Krasniqi",432
AL,"Lamaj",431
AL,"Hajdari",430
AL,"Disha",426
AL,"Nika",426
AL,"Hasanaj",425
AL,"Demiri",422
AL,"Vrapi",413
AL,"Cara",412
AL,"Kamberi",409
AL,"Dedja",407
AL,"Ruci",405
AL,"Shima",403
AL,"Berisha",401
AL,"Haka",400
AL,"Cuni",397
AL,"Ahmetaj",396
AL,"Haxhiu",395
AL,"Vata",393
AL,"Tusha",391
AL,"Gjika",391
AL,"Metaj",386
AL,"Qosja",385
AL,"Caushi",384
AL,"Shkembi",382
AL,"Halilaj",379
AL,"Bici",379
AL,"Topi",378
AL,"Bajraktari",374
AL,"Agalliu",374
AL,"Kastrati",373
AL,"Laci",371
AL,"Çela",370
AL,"Ani",368
AL,"Gjonaj",367
AL,"Kulla",366
AL,"Goga",365
AL,"Seferi",363
AL,"Toni",360
AL,"Uka",359
AL,"Ahmeti",358
AL,"Rexha",355
AL,"Hila",352
AL,"Selimi",350
AL,"Miri",349
AL,"Tahiri",348
AL,"Myftari",348
AL,"Qose",348
AL,"Sadiku",347
AL,"Caka",342
AL,"Kaja",342
AL,"Bega",342
AL,"Hysenaj",341
AL,"Daja",340
AL,"Mata",339
AL,"Topalli",339
AL,"Nela",339
AL,"Ibrahimi",338
AL,"Dushku",337
AL,"Molla",336
AL,"Hida",334
AL,"Kapllani",333
AL,"Sulejmani",332
AL,"Hoti",327
AL,"Rexhepi",324
AL,"Ceka",323
AL,"Sala",323
AL,"Brahimi",323
AL,"Doko",322
AL,"Duro",320
AL,"Zaimi",319
AL,"Berberi",318
AL,"Kraja",318
AL,"Isufaj",317
AL,"Hysaj",317
AL,"Selmani",316
AL,"Ndreca",316
AL,"Beqiraj",316
AL,"Reci",315
AL,"Lici",313
AL,"Spaho",313
AL,"Begaj",313
AL,"Gjana",311
AL,"Islami",309
AL,"Ndoci",308
AL,"Veliu",308
AL,"Troka",307
AL,"Sallaku",306
AL,"Tola",306
AL,"Saliaj",304
AL,"Aliu",303
AL,"Mustafa",303
AL,"Lusha",302
AL,"Ademi",302
AL,"Muça",302
AL,"Shyti",302
AL,"Kadiu",300
AL,"Braho",300
AL,"Mici",299
AL,"Kuci",299
AL,"Deliu",298
AL,"Dibra",297
AL,"Pashaj",296
AL,"Ime",295
AL,"Luka",294
AL,"Hysi",294
AL,"El",292
AL,"Collaku",292
AL,"Kaci",290
AL,"Lleshaj",289
AL,"Ramaj",288
AL,"Murataj",288
AL,"Likaj",287
AL,"Leo",286
AL,"Cami",286
AL,"Skenderi",286
AL,"Kaca",285
AL,"Dashi",285
AL,"Tota",284
AL,"Bani",282
AL,"Paja",282
AL,"Sefa",281
AL,"Xhani",281
AL,"Jaku",280
AL,"Lena",279
AL,"Canaj",278
AL,"Asllani",278
AL,"Bosi",275
AL,"Xhepa",274
AL,"Noka",273
AL,"Ajazi",271
AL,"Pali",271
AL,"Kalemi",270
AL,"Allushi",268
AL,"Kovaci",268
AL,"Ola",266
AL,"Kullolli",266
AL,"Mezini",266
AL,"Vogli",265
AL,"Alia",264
AL,"Bogdani",264
AL,"Buci",263
AL,"Muja",263
AL,"Neziri",261
AL,"Koçi",261
AL,"Cullhaj",260
AL,"Dervishaj",260
AL,"Buzi",260
AL,"Shuli",260
AL,"Muco",260
AL,"Boci",260
AL,"Papa",260
AL,"Sinanaj",259
AL,"Alushi",259
AL,"Saraci",259
AL,"Sokoli",258
AL,"Ago",258
AL,"Mani",254
AL,"Gjeci",253
AL,"Gjuzi",252
AL,"Mara",252
AL,"Frroku",250
AL,"Islamaj",250
AL,"Celaj",249
AL,"Peposhi",248
AL,"Dedej",248
AL,"Ymeri",248
AL,"Kapaj",247
AL,"Doku",246
AL,"Doka",246
AL,"Idrizi",245
AL,"Cenaj",244
AL,"Eli",244
AL,"Bali",243
AL,"Tanushi",242
AL,"Musaj",242
AL,"Mali",241
AL,"Zela",241
AL,"Kuqi",241
AL,"Tirona",240
AL,"Shkoder",240
AL,"Lazri",240
AL,"Aga",240
AL,"Dyrmishi",240
AL,"Tr",237
AL,"Duraku",237
AL,"Gjinaj",237
AL,"Lama",237
AL,"Lushi",236
AL,"Koni",236
AL,"Alliu",236
AL,"Koleci",235
AL,"Hima",235
AL,"Demaj",234
AL,"Xhelili",234
AL,"Shkurti",234
AL,"Jani",233
AL,"Xhaferaj",233
AL,"Luli",233
AL,"Gjeta",231
AL,"Nezha",230
AL,"Pasha",229
AL,"Selimaj",229
AL,"Bicaku",227
AL,"Xhaferi",227
AL,"Dodaj",226
AL,"Baci",226
AL,"Tani",225
AL,"Luzi",225
AL,"Hoxhallari",225
AL,"Zani",223
AL,"Lame",222
AL,"Nikolla",222
AL,"Subashi",222
AL,"Memaj",221
AL,"Cekrezi",221
AL,"Bitri",221
AL,"Bejko",221
AL,"Xheka",219
AL,"Myrtaj",219
AL,"Shahu",218
AL,"Ziu",218
AL,"Edi",217
AL,"Morina",217
AL,"Tirana",217
AL,"Dedaj",216
AL,"Rusi",216
AL,"Simoni",216
AL,"Bushati",216
AL,"Keta",216
AL,"Ismailaj",215
AL,"Tirane",214
AL,"Alb",212
AL,"Metani",212
AL,"Zeqo",212
AL,"Fusha",211
AL,"Zoto",211
AL,"Zenelaj",211
AL,"Daka",210
AL,"Hajdini",209
AL,"Salla",209
AL,"Keci",209
AL,"Velaj",209
AL,"Dhima",209
AL,"Haxhiaj",208
AL,"Ferati",207
AL,"Elb",207
AL,"Mustafaj",207
AL,"Lekaj",206
AL,"Latifi",206
AL,"Xhaferri",206
AL,"Jona",205
AL,"Mataj",205
AL,"Musta",205
AL,"Zeka",205
AL,"Toci",205
AL,"Anna",204
AL,"Maria",204
AL,"Llanaj",204
AL,"Tahiraj",204
AL,"Saliu",204
AL,"Nako",204
AL,"Allaraj",203
AL,"Andi",203
AL,"Sinaj",203
AL,"Suli",203
AL,"Di",202
AL,"Visha",202
AL,"Laska",201
AL,"Dalipi",201
AL,"Eni",201
AL,"Visi",199
AL,"Shaba",199
AL,"Veizi",198
AL,"Era",197
AL,"Mera",197
AL,"Rrushi",197
AL,"Xhaja",197
AL,"Kristi",197
AL,"Joni",196
AL,"Elezaj",196
AL,"Toma",196
AL,"Palushi",195
AL,"Maloku",195
AL,"Dida",194
AL,"Curri",194
AL,"Mehmetaj",194
AL,"Imeraj",194
AL,"Isaku",194
AL,"Caca",193
AL,"Cala",192
AL,"Tufa",191
AL,"Sulo",191
AL,"Kazazi",191
AL,"Mario",190
AL,"Coku",190
AL,"Kasmi",190
AL,"Golemi",190
AL,"Cuka",189
AL,"Kosta",189
AL,"Sela",188
AL,"Manaj",188
AL,"Caushaj",188
AL,"Sharka",187
AL,"Driza",187
AL,"Loka",187
AL,"Ti",186
AL,"Jaupaj",186
AL,"Mecaj",186
AL,"Preci",185
AL,"Doçi",184
AL,"Sadikaj",184
AL,"Bilali",184
AL,"Bakalli",184
AL,"Hodaj",184
AL,"Mira",183
AL,"Merkaj",183
AL,"Bulku",182
AL,"Malo",182
AL,"Shala",182
AL,"Kasemi",181
AL,"Cupi",180
AL,"Lalaj",180
AL,"Nushi",180
AL,"Tare",180
AL,"Jaupi",180
AL,"Mane",179
AL,"Ni",178
AL,"Gjura",177
AL,"Alija",177
AL,"Imeri",177
AL,"Jaho",177
AL,"Zotaj",177
AL,"Neli",176
AL,"Sejdini",176
AL,"Lazaj",176
AL,"Goxhaj",176
AL,"Ada",175
AL,"Rrapaj",175
AL,"Ymeraj",175
AL,"Demiraj",175
AL,"Reka",174
AL,"Bisha",173
AL,"Vlor",173
AL,"Yzeiraj",173
AL,"Peci",173
AL,"Dosti",173
AL,"Flori",172
AL,"Pisha",172
AL,"Martini",172
AL,"Hodo",172
AL,"Xhika",172
AL,"Beni",171
AL,"Danaj",171
AL,"Kanani",171
AL,"Tafani",170
AL,"Zogu",169
AL,"Skura",169
AL,"Kristo",169
AL,"Vladi",168
AL,"Miraka",168
AL,"Brahimaj",168
AL,"Aldo",167
AL,"Ndreka",167
AL,"Meco",167
AL,"Dardha",167
AL,"Omeri",167
AL,"Klajdi",166
AL,"Shera",166
AL,"Belba",166
AL,"Skenderaj",166
AL,"Hoda",165
AL,"Vathi",165
AL,"Rustemi",165
AL,"Klea",164
AL,"Sollaku",164
AL,"Tiran",164
AL,"Meci",164
AL,"Brahja",164
AL,"Kaso",164
AL,"Veseli",163
AL,"Ndoja",163
AL,"Sara",162
AL,"Mandi",162
AL,"Istrefi",162
AL,"Kalaja",162
AL,"Love",162
AL,"Qoku",161
AL,"Metushi",161
AL,"Kolaj",161
AL,"Nasufi",161
AL,"Bora",161
AL,"Lela",161
AL,"Gurra",160
AL,"Plaka",160
AL,"Mullaj",160
AL,"Marra",159
AL,"Cepele",159
AL,"Bregasi",159
AL,"Zyka",159
AL,"Adi",158
AL,"Xhafaj",158
AL,"Genti",157
AL,"Ferhati",157
AL,"Shira",157
AL,"Paloka",157
AL,"Mile",157
AL,"Beqo",157
AL,"Kajo",156
AL,"Soni",156
AL,"Fejzo",156
AL,"Nano",156
AL,"Xhixha",155
AL,"Terziu",155
AL,"Dine",155
AL,"Ali",154
AL,"Harizi",154
AL,"Landi",153
AL,"Kapo",153
AL,"Roci",153
AL,"Rroshi",153
AL,"Cota",153
AL,"Muho",153
AL,"Bossi",152
AL,"Jote",152
AL,"Rina",152
AL,"Bela",151
AL,"Uruci",151
AL,"Kaziu",151
AL,"Lico",151
AL,"Dori",151
AL,"Voci",150
AL,"Muzhaqi",150
AL,"Myftaraj",149
AL,"Shpk",148
AL,"Kadriu",148
AL,"Brahaj",148
AL,"Hoxhalli",148
AL,"Zeqiri",147
AL,"Kaloshi",147
AL,"Preka",147
AL,"Duraj",147
AL,"Haxhi",147
AL,"Cena",146
AL,"Mahmutaj",146
AL,"Hazizi",146
AL,"Gjoshi",145
AL,"Picari",145
AL,"Meli",145
AL,"Kotorri",145
AL,"Dushi",144
AL,"Kryemadhi",144
AL,"Muhametaj",143
AL,"Boja",143
AL,"Pellumbi",143
AL,"Zhupa",143
AL,"Ylli",143
AL,"Ida",142
AL,"Shpata",142
AL,"Troci",142
AL,"Dule",142
AL,"Mucollari",142
AL,"Geri",141
AL,"Grembi",141
AL,"Vila",141
AL,"Jonuzi",141
AL,"Milan",140
AL,"Bobi",140
AL,"Tresa",140
AL,"Loci",140
AL,"Shkoza",140
AL,"Kruja",140
AL,"Begu",139
AL,"Abazaj",139
AL,"Albi",138
AL,"Gremi",138
AL,"Luca",138
AL,"Lulaj",138
AL,"Uku",137
AL,"Hasaj",137
AL,"Masha",137
AL,"Kasaj",137
AL,"Saliasi",136
AL,"Lamce",136
AL,"Elbasan",135
AL,"Tafaj",135
AL,"Merko",135
AL,"Kala",135
AL,"Mulla",135
AL,"Hazizaj",135
AL,"Dalipaj",135
AL,"Cako",135
AL,"Laze",135
AL,"Ahmati",134
AL,"Myrta",134
AL,"Sheshi",134
AL,"Paci",134
AL,"Shkalla",134
AL,"Beshiri",134
AL,"Veliaj",134
AL,"Sota",134
AL,"Lita",133
AL,"Farruku",133
AL,"Bica",133
AL,"Pashollari",133
AL,"Haxhia",133
AL,"Besi",133
AL,"Veizaj",133
AL,"Xhelo",133
AL,"Dautaj",133
AL,"Ajdini",133
AL,"Billa",132
AL,"Licaj",132
AL,"Deni",132
AL,"Greca",132
AL,"Bendo",132
AL,"Peqini",131
AL,"Dragoti",131
AL,"Lac",130
AL,"Pasho",130
AL,"Alikaj",130
AL,"Kondi",130
AL,"Bledi",129
AL,"Mesi",129
AL,"Cengu",129
AL,"Cuko",129
AL,"Ledi",129
AL,"Emi",129
AL,"Smith",129
AL,"Selami",128
AL,"Borici",128
AL,"Kosova",128
AL,"Kamberaj",128
AL,"Xhemali",128
AL,"Ibro",128
AL,"Konomi",128
AL,"Vl",127
AL,"Koldashi",127
AL,"Qerimi",127
AL,"Marashi",127
AL,"Mena",127
AL,"Sema",127
AL,"Geni",126
AL,"Qorri",126
AL,"Gjoci",126
AL,"Lori",126
AL,"Cobo",126
AL,"Vukaj",125
AL,"Klodi",125
AL,"Rakipi",125
AL,"Gjeka",125
AL,"Mulaj",124
AL,"Alushaj",124
AL,"Miftari",124
AL,"Velo",124
AL,"Tuci",124
AL,"Braka",124
AL,"Keli",123
AL,"Musaku",123
AL,"Laçi",123
AL,"Aliko",123
AL,"Linda",122
AL,"Dulla",122
AL,"Nelaj",122
AL,"Ndou",122
AL,"Oshafi",122
AL,"Isa",122
AL,"Elmazi",122
AL,"Markaj",121
AL,"Jakupi",121
AL,"Bufi",121
AL,"Qato",121
AL,"Bezati",121
AL,"Thaci",120
AL,"Bardhoshi",120
AL,"Tafili",120
AL,"Koxha",120
AL,"Jashari",120
AL,"Beka",120
AL,"Haxhillari",120
AL,"Mhilli",119
AL,"Tarja",119
AL,"Hilaj",119
AL,"Braha",119
AL,"Ferra",119
AL,"Qarri",119
AL,"Bleta",119
AL,"Maci",119
AL,"Xh",119
AL,"Qendro",119
AL,"Shtylla",119
AL,"Tema",118
AL,"Korra",118
AL,"Lola",118
AL,"Bami",118
AL,"Nezaj",118
AL,"Sako",118
AL,"Boss",117
AL,"Cera",117
AL,"Rrapi",117
AL,"Qevani",117
AL,"Baku",117
AL,"Bekteshi",117
AL,"Bullari",117
AL,"Ami",116
AL,"Vlora",116
AL,"Dika",116
AL,"Ferko",116
AL,"Bakiu",116
AL,"Musa",116
AL,"Kotarja",115
AL,"Muskaj",115
AL,"Resuli",115
AL,"Seitaj",115
AL,"Petro",115
AL,"Zace",115
AL,"Kryeziu",115
AL,"Meti",114
AL,"Nazeraj",114
AL,"Gjyla",114
AL,"Zaka",114
AL,"Mukaj",114
AL,"Sh",114
AL,"Hushi",113
AL,"Syla",112
AL,"Zekaj",112
AL,"Shahaj",112
AL,"Ozuni",112
AL,"Qefalia",112
AL,"Osmanaj",112
AL,"Mustafaraj",112
AL,"Velia",111
AL,"Ibra",111
AL,"Lani",111
AL,"Endri",111
AL,"Marko",111
AL,"Demo",111
AL,"Gjona",111
AL,"Dollani",111
AL,"Sherifi",111
AL,"Milano",110
AL,"Ri",110
AL,"Daku",110
AL,"Nikaj",110
AL,"Çuni",110
AL,"Bello",110
AL,"Andrea",110
AL,"Shametaj",110
AL,"Shabanaj",110
AL,"Barjami",110
AL,"Tashi",110
AL,"Peca",109
AL,"Ona",109
AL,"Ruçi",109
AL,"Blloshmi",109
AL,"Rushiti",109
AL,"Kociu",109
AL,"Haxhiraj",109
AL,"Banushi",109
AL,"Kasapi",109
AL,"Asllanaj",109
AL,"Mersini",109
AL,"Oni",108
AL,"Doni",108
AL,"Gjolena",108
AL,"Neza",108
AL,"Kashari",108
AL,"Roshi",108
AL,"Cali",107
AL,"Pira",107
AL,"Agaj",107
AL,"Xhelilaj",107
AL,"Allmuca",106
AL,"Musaraj",106
AL,"Cakoni",106
AL,"Serjani",106
AL,"Naci",106
AL,"Jata",105
AL,"Cerri",105
AL,"Korce",105
AL,"Ndoka",105
AL,"Cane",105
AL,"Binjaku",105
AL,"Haxhija",105
AL,"Kreka",105
AL,"Lata",105
AL,"Troplini",105
AL,"Milo",105
AL,"Beta",105
AL,"Dhimitri",105
AL,"Pepkolaj",104
AL,"Sorra",104
AL,"Anxhi",104
AL,"La",104
AL,"Kabashi",104
AL,"Ruka",104
AL,"Nerguti",103
AL,"Alda",103
AL,"Teta",103
AL,"Si",103
AL,"Beqaj",103
AL,"Kalemaj",103
AL,"Duli",103
AL,"Mati",103
AL,"Mihali",102
AL,"Mance",102
AL,"Ndoni",102
AL,"Jeta",102
AL,"Leti",102
AL,"Toli",102
AL,"Vasili",102
AL,"Poci",102
AL,"Behari",101
AL,"Delia",101
AL,"Cekaj",101
AL,"Rrasa",101
AL,"Limani",101
AL,"Hamzallari",101
AL,"Balaj",101
AL,"Montana",100
AL,"Berti",100
AL,"Li",100
AL,"Çupi",100
AL,"Qyra",100
AL,"Iljazi",100
AL,"Lasku",100
AL,"Salaj",100
AL,"Cuku",100
AL,"Rrokaj",100
AL,"Bako",100
AL,"Arifi",99
AL,"Kalaj",99
AL,"Ceni",99
AL,"Coka",99
AL,"Troksi",99
AL,"Taka",99
AL,"Sharra",99
AL,"Koxhaj",99
AL,"Koli",99
AL,"Kushta",99
AL,"Ramadani",99
AL,"Maliqi",99
AL,"Berdufi",99
AL,"Kote",99
AL,"Onuzi",98
AL,"Gerti",98
AL,"Qordja",98
AL,"Selamaj",98
AL,"Allko",98
AL,"Xhuli",98
AL,"Vini",97
AL,"Megi",97
AL,"Nardi",97
AL,"Kume",97
AL,"Memia",97
AL,"Merja",97
AL,"Bruci",97
AL,"Hasi",97
AL,"Hamiti",97
AL,"Zuna",97
AL,"Vangjeli",97
AL,"Kacani",97
AL,"Skendaj",97
AL,"Ilda",96
AL,"Na",96
AL,"Niku",96
AL,"Celami",96
AL,"Bodini",96
AL,"Baba",96
AL,"Cerriku",96
AL,"Dumani",96
AL,"Kuqo",96
AL,"Mone",96
AL,"Korbi",96
AL,"Durmishi",96
AL,"Matoshi",96
AL,"Ilir",95
AL,"Xheni",95
AL,"Yzeiri",95
AL,"Nuredini",95
AL,"Murrizi",95
AL,"Shaholli",95
AL,"Kurtaj",95
AL,"Muhaj",95
AL,"Rei",95
AL,"Zykaj",95
AL,"Sotiri",95
AL,"Hana",95
AL,"Diti",94
AL,"Zyberaj",94
AL,"Puci",94
AL,"Fejza",94
AL,"Rexhaj",94
AL,"Sakaj",94
AL,"Dumi",94
AL,"Karriqi",94
AL,"Muharremi",94
AL,"Emini",94
AL,"Kita",94
AL,"Dogjani",93
AL,"Dyli",93
AL,"Trimi",93
AL,"Jace",93
AL,"Cenolli",93
AL,"Bendaj",93
AL,"Mino",93
AL,"Hasko",93
AL,"Mece",93
AL,"Fetahu",93
AL,"Emer",93
AL,"Stefani",93
AL,"Lumani",93
AL,"Karafili",93
AL,"Otr",92
AL,"Shani",92
AL,"Peka",92
AL,"Jot",92
AL,"Poka",92
AL,"Tosku",92
AL,"Berati",92
AL,"Begolli",92
AL,"Pepaj",92
AL,"Dragjoshi",92
AL,"Mjeshtri",92
AL,"Myrto",92
AL,"Guga",92
AL,"Osmenaj",92
AL,"Korcari",92
AL,"Cipi",92
AL,"Pupa",92
AL,"Kaceli",92
AL,"Juli",92
AL,"Gj",92
AL,"Beu",91
AL,"Senka",91
AL,"Pg",91
AL,"Allamani",91
AL,"Matraku",91
AL,"Shahinaj",91
AL,"Prela",90
AL,"Vera",90
AL,"Xhesi",90
AL,"Avdiu",90
AL,"Lulja",90
AL,"Dona",90
AL,"Muci",90
AL,"Lilaj",90
AL,"Lumi",90
AL,"Hoxholli",90
AL,"Liko",90
AL,"Cano",90
AL,"Bylyku",90
AL,"Shameti",90
AL,"Reçi",90
AL,"Beluli",89
AL,"Marjo",89
AL,"Albrahimi",89
AL,"Vokrri",89
AL,"Manjani",89
AL,"Cahani",89
AL,"Lushaj",89
AL,"Dosku",89
AL,"Xhemollari",89
AL,"Ademaj",89
AL,"Shkodra",89
AL,"Lilo",89
AL,"Peti",89
AL,"Vlashi",89
AL,"Peza",89
AL,"Huta",89
AL,"Hamzaj",89
AL,"Kukaj",88
AL,"Mela",88
AL,"Dunga",88
AL,"Beci",88
AL,"Allmeta",88
AL,"Bego",88
AL,"Kacorri",88
AL,"Hatija",88
AL,"Jahja",88
AL,"Haruni",88
AL,"Turku",88
AL,"Ceku",87
AL,"Mondi",87
AL,"Taci",87
AL,"Matmuja",87
AL,"Xeka",87
AL,"Jolla",87
AL,"Cili",87
AL,"Hajdaraj",87
AL,"Tila",87
AL,"Vani",87
AL,"Duda",87
AL,"Korca",87
AL,"Dulaj",87
AL,"Serani",87
AL,"Bukur",87
AL,"Zenuni",86
AL,"Loshi",86
AL,"Bodurri",86
AL,"Andoni",86
AL,"Fredi",85
AL,"Cobaj",85
AL,"Veshi",85
AL,"Vela",85
AL,"Veli",85
AL,"Rapo",85
AL,"Lushka",85
AL,"Bana",85
AL,"Niko",84
AL,"Shtjefni",84
AL,"Dushaj",84
AL,"Rica",84
AL,"Ardi",84
AL,"Celiku",84
AL,"Rapaj",84
AL,"Cjapi",84
AL,"Myzeqari",84
AL,"Losha",84
AL,"Jam",84
AL,"Kllogjri",84
AL,"Loli",84
AL,"Jorgji",84
AL,"Sali",84
AL,"Hysenllari",84
AL,"Ballabani",84
AL,"Bezhani",84
AL,"Taku",83
AL,"Klevi",83
AL,"Ruko",83
AL,"Fejzulla",83
AL,"Pajo",83
AL,"Toshi",83
AL,"Puka",83
AL,"Korreshi",83
AL,"Karanxha",83
AL,"Brace",83
AL,"Kule",83
AL,"Lamcja",83
AL,"Mato",83
AL,"Denis",82
AL,"Voka",82
AL,"Topuzi",82
AL,"Mulgeci",82
AL,"Pano",82
AL,"Abedini",82
AL,"Caci",82
AL,"Meshi",82
AL,"Olldashi",82
AL,"Selita",82
AL,"Bode",82
AL,"Vuka",82
AL,"Zylyftari",82
AL,"Ciko",82
AL,"Ujka",82
AL,"Dhamo",82
AL,"Basho",82
AL,"Aruci",81
AL,"Bushaj",81
AL,"Kica",81
AL,"Brati",81
AL,"Lica",81
AL,"Toto",81
AL,"Ponari",81
AL,"Bytyci",81
AL,"Dimo",81
AL,"Salillari",81
AL,"Kushi",81
AL,"Mehilli",81
AL,"Nisa",80
AL,"Mandri",80
AL,"Maksuti",80
AL,"Arapaj",80
AL,"Male",80
AL,"Ari",80
AL,"Bardho",80
AL,"Topciu",80
AL,"Idrizaj",80
AL,"Popa",80
AL,"Zere",80
AL,"Dizdari",80
AL,"Mertiri",80
AL,"An",80
AL,"Senja",80
AL,"Lula",80
AL,"Seiti",79
AL,"Avdiaj",79
AL,"Mekshi",79
AL,"Hysko",79
AL,"Llapushi",79
AL,"Zeqaj",79
AL,"Kolgjini",79
AL,"Tushe",79
AL,"Allkja",79
AL,"Duzha",79
AL,"Musai",79
AL,"Stefa",79
AL,"Axhami",78
AL,"London",78
AL,"Capo",78
AL,"Krosi",78
AL,"Rada",78
AL,"Llani",78
AL,"Llupo",78
AL,"Fero",78
AL,"Harizaj",78
AL,"Lipo",78
AL,"Musabelliu",78
AL,"Rapi",78
AL,"Gjeli",78
AL,"Noel",78
AL,"Anisa",77
AL,"Stafuka",77
AL,"Mazrreku",77
AL,"Dea",77
AL,"Prenci",77
AL,"Elmazaj",77
AL,"Dini",77
AL,"Gjyli",77
AL,"Nora",77
AL,"Hatia",77
AL,"Xhoi",77
AL,"Ergi",77
AL,"Shllaku",77
AL,"Leskaj",77
AL,"Bibaj",77
AL,"Sulollari",77
AL,"Boka",77
AL,"Hani",77
AL,"Mollaj",77
AL,"Murrja",76
AL,"Huqi",76
AL,"Banaj",76
AL,"Shkreta",76
AL,"Daçi",76
AL,"Hamza",76
AL,"Vogel",76
AL,"Thanasi",76
AL,"Ranxha",76
AL,"Tina",75
AL,"Alesia",75
AL,"Xhoni",75
AL,"Mi",75
AL,"Palaj",75
AL,"Baha",75
AL,"Krrashi",75
AL,"Miha",75
AL,"Proko",75
AL,"Demollari",75
AL,"Merkuri",75
AL,"Kuçi",75
AL,"Kodheli",75
AL,"Frasheri",75
AL,"Zaja",74
AL,"Zanaj",74
AL,"Smakaj",74
AL,"Luku",74
AL,"Teo",74
AL,"Alba",74
AL,"Amelia",74
AL,"Filaj",74
AL,"Cekani",74
AL,"Jahaj",74
AL,"Besa",74
AL,"Xhepi",74
AL,"Xhelaj",74
AL,"Gorica",74
AL,"Nasto",74
AL,"Lili",74
AL,"Mana",74
AL,"Rexhmati",73
AL,"Bona",73
AL,"Rrahmani",73
AL,"Lepuri",73
AL,"Mia",73
AL,"Qypi",73
AL,"Anxhela",73
AL,"Kejsi",73
AL,"Lea",73
AL,"Gjokaj",73
AL,"Ciku",73
AL,"Fida",73
AL,"Zdrava",73
AL,"Aleks",73
AL,"Esi",73
AL,"Shqau",73
AL,"Koca",73
AL,"Xhindi",73
AL,"Kapxhiu",73
AL,"Lako",73
AL,"Bano",73
AL,"Ty",73
AL,"Rira",73
AL,"Myftiu",73
AL,"Jano",73
AL,"Nails",72
AL,"Inter",72
AL,"Altin",72
AL,"Eno",72
AL,"Dafku",72
AL,"Dajti",72
AL,"Vezi",72
AL,"Avdia",72
AL,"Beqari",72
AL,"Kullaj",72
AL,"Leshi",72
AL,"Mirashi",72
AL,"Qafa",72
AL,"Xhihani",72
AL,"Tafciu",72
AL,"Mihaj",72
AL,"Kishta",72
AL,"Kambo",72
AL,"Eva",71
AL,"Aldi",71
AL,"Ajla",71
AL,"Reni",71
AL,"Jon",71
AL,"Kollcaku",71
AL,"Plepi",71
AL,"Bylykbashi",71
AL,"Kaba",71
AL,"Spahija",71
AL,"Kapllanaj",71
AL,"Aliraj",71
AL,"Gora",71
AL,"Peshku",71
AL,"Mija",71
AL,"Zylfo",71
AL,"Pema",71
AL,"Erjon",70
AL,"Tirone",70
AL,"Pashkaj",70
AL,"Vreto",70
AL,"Brakaj",70
AL,"Zyberi",70
AL,"Zharri",70
AL,"Murra",70
AL,"Flora",70
AL,"Meraj",70
AL,"Shtembari",70
AL,"Boshnjaku",70
AL,"Gjuta",69
AL,"Lecini",69
AL,"Panxhi",69
AL,"Carciu",69
AL,"Goni",69
AL,"Zika",69
AL,"Kenga",69
AL,"Dajlani",69
AL,"Sylaj",69
AL,"Hyska",69
AL,"Kumaraku",69
AL,"Pula",69
AL,"Mari",69
AL,"Stojku",69
AL,"Ale",69
AL,"Muhameti",69
AL,"Ikonomi",69
AL,"Gjurra",68
AL,"Alban",68
AL,"Torba",68
AL,"Bruka",68
AL,"Zhupani",68
AL,"Lelaj",68
AL,"Lali",68
AL,"Metaliaj",68
AL,"Milla",68
AL,"Art",68
AL,"Alcani",68
AL,"Shkreli",68
AL,"Bejdo",68
AL,"Spiro",68
AL,"Ristani",68
AL,"Jonuzaj",68
AL,"Kokoshi",68
AL,"Isaj",68
AL,"Dybeli",67
AL,"Eda",67
AL,"Rajku",67
AL,"Malka",67
AL,"Kociaj",67
AL,"Manuka",67
AL,"Adela",67
AL,"Cepa",67
AL,"Rajta",67
AL,"Baho",67
AL,"Cana",67
AL,"Picaku",67
AL,"Muha",67
AL,"Aleksi",67
AL,"Menga",67
AL,"Enea",67
AL,"Sulce",67
AL,"Arifaj",67
AL,"Shaqiri",67
AL,"Kavaja",67
AL,"Shanaj",67
AL,"Bilbili",67
AL,"Shkurta",67
AL,"Messi",66
AL,"Koceku",66
AL,"Ann",66
AL,"Gaxha",66
AL,"Gjelaj",66
AL,"Marini",66
AL,"Da",66
AL,"Maxhari",66
AL,"Nurce",66
AL,"Balili",66
AL,"Kalia",66
AL,"Dano",66
AL,"Mullai",66
AL,"Rami",66
AL,"Lulo",66
AL,"Qoshku",66
AL,"Mimini",66
AL,"Metko",66
AL,"Vuksani",66
AL,"Rakipaj",66
AL,"Resulaj",66
AL,"Nasi",66
AL,"Elda",65
AL,"Qinami",65
AL,"Kaza",65
AL,"Mejdani",65
AL,"Zhuka",65
AL,"Luga",65
AL,"Duqi",65
AL,"Bella",65
AL,"Qama",65
AL,"Mesiti",65
AL,"Tushaj",65
AL,"Mita",65
AL,"Kojku",65
AL,"Pelivani",65
AL,"Rika",65
AL,"Klosi",65
AL,"Vrioni",65
AL,"Azizaj",65
AL,"Meri",64
AL,"Titi",64
AL,"Moza",64
AL,"Metalia",64
AL,"Stojani",64
AL,"Bregaj",64
AL,"Kolaveri",64
AL,"Bashllari",64
AL,"Loni",64
AL,"Baja",64
AL,"Preni",64
AL,"Markja",64
AL,"Ko",64
AL,"Cakalli",64
AL,"Filja",64
AL,"Taga",64
AL,"Paluca",64
AL,"Ori",64
AL,"Blaceri",64
AL,"Pirra",64
AL,"Koco",64
AL,"Lule",64
AL,"Ronaldo",63
AL,"Elsa",63
AL,"Noku",63
AL,"Tea",63
AL,"Dita",63
AL,"Nuhaj",63
AL,"Turi",63
AL,"Velija",63
AL,"Hysolli",63
AL,"Lahi",63
AL,"Gjepali",63
AL,"Dobra",63
AL,"Almadhi",63
AL,"Piroli",63
AL,"Seferaj",63
AL,"Nuri",63
AL,"Xhemalaj",63
AL,"Agastra",63
AL,"Hasanllari",63
AL,"Muçaj",63
AL,"Bodlli",63
AL,"Çollaku",63
AL,"Vrenozi",63
AL,"Selenica",63
AL,"Mansaku",63
AL,"Bejleri",63
AL,"Ardit",62
AL,"Gjeloshi",62
AL,"Zalla",62
AL,"Musteqja",62
AL,"Gjyriqi",62
AL,"Ema",62
AL,"Salliu",62
AL,"Brami",62
AL,"Herri",62
AL,"Fejzaj",62
AL,"Delilaj",62
AL,"Korriku",62
AL,"Haderi",62
AL,"Saraçi",62
AL,"Malasi",62
AL,"Dusha",62
AL,"Minga",62
AL,"Shakaj",62
AL,"Gjyzeli",62
AL,"Zguri",62
AL,"Blu",62
AL,"Gecaj",62
AL,"Nallbani",62
AL,"Ndreko",62
AL,"Xhina",62
AL,"Lona",61
AL,"Kulli",61
AL,"Ibraliu",61
AL,"Mecja",61
AL,"Sheme",61
AL,"Bulica",61
AL,"Azizi",61
AL,"Qehaja",61
AL,"Fera",61
AL,"Meka",61
AL,"Kokonozi",61
AL,"Halimi",61
AL,"Zyfi",61
AL,"Guma",61
AL,"Sino",61
AL,"Habili",61
AL,"Zoga",61
AL,"Gjermeni",61
AL,"Drita",61
AL,"Mehja",61
AL,"Manushi",61
AL,"Xhediku",61
AL,"Petani",61
AL,"Kapertoni",60
AL,"Loku",60
AL,"Davidhi",60
AL,"Buzani",60
AL,"Olsi",60
AL,"Zebi",60
AL,"Barjamaj",60
AL,"Sheta",60
AL,"Carcani",60
AL,"Nona",60
AL,"Kela",60
AL,"Qokaj",60
AL,"Lacka",60
AL,"Gjeçi",60
AL,"Leci",60
AL,"Taraj",60
AL,"Llupi",60
AL,"Shena",60
AL,"Gogo",60
AL,"Zeqiraj",60
AL,"Perkola",60
AL,"Filipi",60
AL,"Çuka",60
AL,"Cangu",59
AL,"Redi",59
AL,"Daniel",59
AL,"Kullafi",59
AL,"Sufa",59
AL,"Ervin",59
AL,"Merdani",59
AL,"Methasani",59
AL,"Mateo",59
AL,"Tarko",59
AL,"Biçaku",59
AL,"Legisi",59
AL,"Hitaj",59
AL,"Torra",59
AL,"Pllumbi",59
AL,"Debrova",59
AL,"Lutaj",59
AL,"Bucpapaj",59
AL,"Quku",59
AL,"Pere",59
AL,"Sinjari",59
AL,"Madhi",59
AL,"Binaj",59
AL,"Toro",59
AL,"Barci",59
AL,"Dino",59
AL,"Budo",59
AL,"Cobani",59
AL,"Kelmendi",59
AL,"Gazi",58
AL,"Tini",58
AL,"Damzi",58
AL,"Sokolaj",58
AZ,"Memmedov",2251
AZ,"Aliyev",1893
AZ,"Eliyev",1565
AZ,"Huseynov",1417
AZ,"Quliyev",1200
AZ,"Hesenov",956
AZ,"Abbasov",912
AZ,"Mamedov",883
AZ,"Abdullayev",854
AZ,"Aliyeva",830
AZ,"Babayev",809
AZ,"Ismayilov",717
AZ,"Memmedova",621
AZ,"Qasimov",593
AZ,"Kerimov",592
AZ,"Bayramov",582
AZ,"Agayev",562
AZ,"Eliyeva",536
AZ,"Qurbanov",532
AZ,"Haciyev",501
AZ,"Mustafayev",489
AZ,"Ehmedov",479
AZ,"Ibrahimov",475
AZ,"Musayev",468
AZ,"Ceferov",463
AZ,"Rzayev",423
AZ,"Veliyev",423
AZ,"Zeynalov",413
AZ,"Mammadov",407
AZ,"Suleymanov",394
AZ,"Memmedli",378
AZ,"Huseynova",337
AZ,"Mamedova",329
AZ,"Mehdiyev",322
AZ,"Məmmədov",313
AZ,"Mirzeyev",311
AZ,"Orucov",298
AZ,"Əliyev",297
AZ,"Bagirov",294
AZ,"Allahverdiyev",282
AZ,"Muradov",282
AZ,"Quliyeva",281
AZ,"Hasanov",274
AZ,"Mahmudov",271
AZ,"Aslanov",267
AZ,"Rehimov",257
AZ,"Novruzov",256
AZ,"Tagiyev",247
AZ,"Yusifov",241
AZ,"Sadiqov",236
AZ,"Meherremov",231
AZ,"Hüseynov",230
AZ,"Xelilov",229
AZ,"Babayeva",229
AZ,"Hesenova",226
AZ,"Elizade",226
AZ,"Seferov",222
AZ,"Hesenli",222
AZ,"Qarayev",221
AZ,"Esgerov",214
AZ,"Ahmedov",208
AZ,"Kazimov",207
AZ,"Abbasova",203
AZ,"Rustemov",200
AZ,"Agayeva",193
AZ,"Abdullayeva",191
AZ,"Isayev",190
AZ,"Axmedov",182
AZ,"Alizade",180
AZ,"Мамедов",172
AZ,"Kerimli",172
AZ,"Esedov",170
AZ,"Ismayilova",169
AZ,"Cavadov",164
AZ,"Huseynli",162
AZ,"Seyidov",158
AZ,"Nagiyev",156
AZ,"Алиев",149
AZ,"Salmanov",147
AZ,"Nebiyev",146
AZ,"Kerimova",146
AZ,"Qasimova",146
AZ,"Imanov",143
AZ,"Ehmedova",141
AZ,"Nuriyev",138
AZ,"Ali",138
AZ,"Necefov",135
AZ,"Elekberov",135
AZ,"Zeynalova",134
AZ,"Isgenderov",132
AZ,"Qafarov",129
AZ,"Namazov",129
AZ,"Abasov",129
AZ,"Haciyeva",128
AZ,"İbrahimov",125
AZ,"Huseyinov",125
AZ,"Sultanov",124
AZ,"Resulov",124
AZ,"Ibrahimova",123
AZ,"Azizov",122
AZ,"Bayramova",122
AZ,"Ramazanov",121
AZ,"Cabbarov",121
AZ,"Memmedzade",121
AZ,"Həsənov",120
AZ,"Mammedov",119
AZ,"Rzayeva",119
AZ,"Ceferova",119
AZ,"Heyderov",119
AZ,"Mammadova",118
AZ,"Ceferli",118
AZ,"Melikov",116
AZ,"Askerov",114
AZ,"Axundov",113
AZ,"Semedov",113
AZ,"Osmanov",112
AZ,"Qurbanova",112
AZ,"Əliyeva",112
AZ,"Nesirov",111
AZ,"Dadasov",110
AZ,"Musayeva",110
AZ,"Mikayilov",109
AZ,"Eyvazov",108
AZ,"İsmayılov",108
AZ,"Quluyev",108
AZ,"Hemidov",106
AZ,"Rustamov",105
AZ,"Qocayev",105
AZ,"Mustafayeva",103
AZ,"İsmayilov",102
AZ,"Quluzade",102
AZ,"Ezizov",101
AZ,"Ibrahimli",101
AZ,"Agazade",101
AZ,"Guliyev",100
AZ,"Asadov",98
AZ,"Huseynzade",98
AZ,"Safarov",97
AZ,"Ekberov",97
AZ,"Məmmədova",97
AZ,"Suleymanova",95
AZ,"Verdiyev",95
AZ,"Əhmədov",94
AZ,"Huseyn",94
AZ,"Aliev",93
AZ,"Qasımov",93
AZ,"Гусейнов",92
AZ,"Veliyeva",91
AZ,"Dadashov",89
AZ,"Selimov",89
AZ,"Ağayev",89
AZ,"Memedov",89
AZ,"Hasanova",85
AZ,"Emirov",84
AZ,"Pasayev",82
AZ,"Piriyev",82
AZ,"Ismailov",81
AZ,"Celilov",81
AZ,"Hesenzade",81
AZ,"Hacıyev",80
AZ,"Ahmadov",80
AZ,"Muradova",80
AZ,"Talibov",79
AZ,"Cafarov",79
AZ,"Nesibov",77
AZ,"Samedov",77
AZ,"Yusubov",77
AZ,"Ehmedli",77
AZ,"Babazade",77
AZ,"Rehimli",77
AZ,"Soltanov",76
AZ,"Humbetov",75
AZ,"Ferecov",75
AZ,"Alieva",75
AZ,"Yusifli",75
AZ,"A-Va",74
AZ,"Hüseynova",74
AZ,"Qedirov",73
AZ,"Seferli",73
AZ,"Ibadov",72
AZ,"Aqayev",72
AZ,"Manafov",72
AZ,"Xalilov",71
AZ,"M-Va",71
AZ,"Bedelov",71
AZ,"Mahmudova",71
AZ,"Abbaszade",71
AZ,"Ismayilzade",71
AZ,"Velizade",71
AZ,"Azimov",70
AZ,"Elesgerov",70
AZ,"Baku",70
AZ,"Cəfərov",69
AZ,"Rehimova",69
AZ,"Sukurov",69
AZ,"Salahov",68
AZ,"Zamanov",68
AZ,"Sirinov",68
AZ,"Гасанов",67
AZ,"Mehdiyeva",67
AZ,"Ferzeliyev",66
AZ,"Yaqubov",66
AZ,"Bagirova",65
AZ,"Мамедова",65
AZ,"Nur",65
AZ,"Eminov",64
AZ,"Cebrayilov",63
AZ,"Алиева",63
AZ,"Alıyev",63
AZ,"Rahimov",62
AZ,"Qehremanov",61
AZ,"Orucova",61
AZ,"Huseyinli",61
AZ,"Asgerov",60
AZ,"Pashayev",60
AZ,"Mecidov",60
AZ,"Ahmedova",60
AZ,"Nezerov",60
AZ,"Suleymanli",60
AZ,"Jafarov",59
AZ,"Muxtarov",58
AZ,"Tahirov",58
AZ,"Allahverdiyeva",58
AZ,"Axmedova",58
AZ,"Yusifova",57
AZ,"Süleymanov",57
AZ,"Amirov",57
AZ,"Meherremli",57
AZ,"Aslanova",56
AZ,"Haqverdiyev",56
AZ,"Camalov",56
AZ,"Ахмедов",55
AZ,"Karimov",55
AZ,"Nabiyev",55
AZ,"Tagiyeva",55
AZ,"Mirzayev",55
AZ,"Sadiqova",55
AZ,"Axundova",55
AZ,"Nasirov",54
AZ,"Israfilov",54
AZ,"Nadirov",54
AZ,"Alekberov",54
AZ,"Zeynalli",54
AZ,"Valiyev",53
AZ,"Demirov",53
AZ,"Novruzova",53
AZ,"Bayramli",53
AZ,"Mammadli",53
AZ,"Vəliyev",52
AZ,"Abbasli",52
AZ,"Hacizade",52
AZ,"M-Ov",51
AZ,"Shirinov",51
AZ,"Hesimov",51
AZ,"Qasanov",50
AZ,"Meherremova",50
AZ,"Kərimov",50
AZ,"Mustafazade",50
AZ,"Rasulov",49
AZ,"Yusibov",49
AZ,"Mehdizade",49
AZ,"Nuri",49
AZ,"Agalarov",48
AZ,"Shukurov",48
AZ,"Mehtiyev",48
AZ,"Xelilova",48
AZ,"Xudiyev",47
AZ,"Teymurov",47
AZ,"Adigozelov",47
AZ,"Əsgərov",47
AZ,"Memedova",47
AZ,"Islamov",46
AZ,"Mirzeyeva",46
AZ,"Gasimov",46
AZ,"Seferova",46
AZ,"Yusif",46
AZ,"Məmmədli",46
AZ,"Hajiyev",45
AZ,"Kazimova",45
AZ,"İsayev",45
AZ,"Murad",45
AZ,"Deniz",45
AZ,"Nuriyeva",44
AZ,"Imanova",44
AZ,"Mansurov",44
AZ,"Qenberov",44
AZ,"Melikova",44
AZ,"Tagizade",44
AZ,"Novruzlu",44
AZ,"İbrahimova",44
AZ,"Efendiyev",43
AZ,"Sahbazov",43
AZ,"Recebov",43
AZ,"Eyyubov",43
AZ,"Nasibov",42
AZ,"Orxan",42
AZ,"Гулиев",42
AZ,"Qarayeva",42
AZ,"Mammedova",42
AZ,"Rustemli",42
AZ,"Ezimov",41
AZ,"Ismaylov",41
AZ,"Salimov",41
AZ,"Fetullayev",41
AZ,"Abiyev",41
AZ,"Guliyeva",41
AZ,"Salamov",41
AZ,"Hamidov",40
AZ,"Гусейнова",40
AZ,"Isayeva",40
AZ,"Kazimli",40
AZ,"Necefli",40
AZ,"Heyat",40
AZ,"Ehmedzade",40
AZ,"Hüseynli",40
AZ,"Akberov",39
AZ,"Nicat",39
AZ,"Esedova",39
AZ,"Hemzeyev",39
AZ,"Atayev",39
AZ,"Aslan",39
AZ,"Salmanova",39
AZ,"Qurbanli",39
AZ,"Qasimli",39
AZ,"Sadixov",38
AZ,"Ilyasov",38
AZ,"İsmayılova",38
AZ,"Abdulov",38
AZ,"Qeribov",38
AZ,"Sadıqov",38
AZ,"Nebiyeva",38
AZ,"Huseyinova",38
AZ,"Samir",38
AZ,"Heydarov",37
AZ,"Qedimov",37
AZ,"Nagiyeva",37
AZ,"Safarova",37
AZ,"Iskenderov",37
AZ,"Mirzoyev",37
AZ,"Cavadova",37
AZ,"Şirinov",37
AZ,"Rza",37
AZ,"Əlizadə",37
AZ,"Həsənli",37
AZ,"Aleskerov",36
AZ,"Бабаев",36
AZ,"Tağıyev",36
AZ,"Zulfuqarov",36
AZ,"Abasova",36
AZ,"Cebiyev",36
AZ,"Omarov",36
AZ,"Anar",36
AZ,"Tarverdiyev",36
AZ,"Abdulla",36
AZ,"Kazımov",35
AZ,"Besirov",35
AZ,"Abilov",35
AZ,"Semedova",35
AZ,"Cafarova",35
AZ,"Sariyev",35
AZ,"Məmmədzadə",35
AZ,"Ibrahim",35
AZ,"Abisov",35
AZ,"Eli",35
AZ,"Ceferzade",35
AZ,"Murselov",34
AZ,"Аббасов",34
AZ,"Абдуллаев",34
AZ,"Balayev",34
AZ,"Gasanov",34
AZ,"Ismayılov",34
AZ,"Esgerova",34
AZ,"Abbas",34
AZ,"Bağırov",34
AZ,"Bekirov",34
AZ,"Hasanli",34
AZ,"Mirzezade",34
AZ,"Tehmezov",34
AZ,"Elnur",34
AZ,"Nesirli",34
AZ,"Nifteliyev",33
AZ,"Behbudov",33
AZ,"Hacıyeva",33
AZ,"Yunusov",33
AZ,"Mamedoff",33
AZ,"Asadova",33
AZ,"Xəlilov",33
AZ,"Dadaşov",33
AZ,"Ezizli",33
AZ,"Mesimov",33
AZ,"Musazade",33
AZ,"Isgenderli",33
AZ,"Pasayeva",33
AZ,"Abdullazade",33
AZ,"Azeri",33
AZ,"Sultan",33
AZ,"Ramazanova",32
AZ,"Humbetova",32
AZ,"Xudaverdiyev",32
AZ,"Seyidova",32
AZ,"Mehdi",32
AZ,"Mustafa",32
AZ,"Rzazade",32
AZ,"Elvin",32
AZ,"Feteliyev",31
AZ,"Namazova",31
AZ,"Qasımova",31
AZ,"Paşayev",31
AZ,"Гаджиев",31
AZ,"Mirzəyev",31
AZ,"Cabbarli",31
AZ,"Muradli",31
AZ,"Resulova",30
AZ,"Askerova",30
AZ,"Abdurahmanov",30
AZ,"Eyvazova",30
AZ,"Məhərrəmov",30
AZ,"M-Ova",30
AZ,"Celilova",30
AZ,"Qasimzade",30
AZ,"Vuqar",30
AZ,"İmanov",30
AZ,"Osmanli",30
AZ,"Efendiyeva",30
AZ,"Feyzullayev",29
AZ,"Gurbanov",29
AZ,"Umudov",29
AZ,"Hebibov",29
AZ,"Shahbazov",29
AZ,"Refiyev",29
AZ,"Elekberova",29
AZ,"Əsədov",29
AZ,"Qafarova",29
AZ,"Sultanova",29
AZ,"Emin",29
AZ,"Null",29
AZ,"Elekberli",29
AZ,"Ismayil",29
AZ,"Azizova",28
AZ,"Agamaliyev",28
AZ,"Guseynov",28
AZ,"Qemberov",28
AZ,"Abdiyev",28
AZ,"Necefova",28
AZ,"Dadasova",28
AZ,"Qeniyev",28
AZ,"Salayev",28
AZ,"Rustamova",28
AZ,"Baba",28
AZ,"Yeraz",28
AZ,"Maharramov",27
AZ,"Avara",27
AZ,"Халилов",27
AZ,"A-Ov",27
AZ,"Serifov",27
AZ,"Cahangirov",27
AZ,"Hashimov",27
AZ,"Davudov",27
AZ,"Rustemova",27
AZ,"Penahov",27
AZ,"Oruclu",27
AZ,"Oglan",27
AZ,"Rəhimov",27
AZ,"Nerimanov",27
AZ,"Kenan",27
AZ,"H-Ov",26
AZ,"Badalov",26
AZ,"Baxsiyev",26
AZ,"Qehramanov",26
AZ,"Zerbeliyev",26
AZ,"Şükürov",26
AZ,"Nazarov",26
AZ,"Musa",26
AZ,"Ələkbərov",26
AZ,"Az",26
AZ,"Abdullaev",25
AZ,"Khalilov",25
AZ,"Gasimova",25
AZ,"Ruslan",25
AZ,"Мустафаев",25
AZ,"Allahyarov",25
AZ,"Alakbarov",25
AZ,"Ay",25
AZ,"Osmanova",25
AZ,"Гасанова",25
AZ,"Tahirli",25
AZ,"Mahmudlu",25
AZ,"Cavadzade",25
AZ,"Hasan",25
AZ,"Can",25
AZ,"Xaliqov",24
AZ,"Xalilova",24
AZ,"Amiraslanov",24
AZ,"Qubadov",24
AZ,"A-Ev",24
AZ,"Guseynova",24
AZ,"Ağayeva",24
AZ,"Vusal",24
AZ,"İsgenderov",24
AZ,"Miriyev",24
AZ,"Həsənova",24
AZ,"Omerov",24
AZ,"Poladov",24
AZ,"Emrahov",24
AZ,"Kərimova",24
AZ,"Nagizade",24
AZ,"Esedli",24
AZ,"Isgenderova",24
AZ,"Samedova",24
AZ,"Abdulayev",24
AZ,"Resulzade",24
AZ,"Alekperov",23
AZ,"M-Off",23
AZ,"Агаев",23
AZ,"Zahidov",23
AZ,"Tural",23
AZ,"Taqiyev",23
AZ,"Rüstəmov",23
AZ,"ʆʆ",23
AZ,"Qasanova",23
AZ,"Akhundov",23
AZ,"Ismayılova",23
AZ,"Xankisiyev",23
AZ,"Gozelov",23
AZ,"Bagirzade",23
AZ,"Øø",23
AZ,"Xan",23
AZ,"Fuad",23
AZ,"Sultanli",23
AZ,"Atakisiyev",23
AZ,"Letifov",23
AZ,"Huseyin",23
AZ,"Alisov",23
AZ,"Heyderli",23
AZ,"Mamedli",23
AZ,"Sadigov",22
AZ,"Исмаилов",22
AZ,"Yusubova",22
AZ,"Ismailova",22
AZ,"Cavid",22
AZ,"Байрамов",22
AZ,"M-Ev",22
AZ,"Əzizov",22
AZ,"Mirzeliyev",22
AZ,"Mehraliyev",22
AZ,"Abishov",22
AZ,"Yolcuyev",22
AZ,"Sireliyev",22
AZ,"Sefiyev",22
AZ,"Movsumov",22
AZ,"Esgerli",22
AZ,"Alekberova",22
AZ,"Ramin",22
AZ,"Kamal",22
AZ,"Ramazanli",22
AZ,"Aydin",22
AZ,"Budaqov",21
AZ,"Samadov",21
AZ,"Керимов",21
AZ,"Gahramanov",21
AZ,"Baqirov",21
AZ,"S-Va",21
AZ,"Ismayilli",21
AZ,"Səfərov",21
AZ,"Hüseyinov",21
AZ,"Ehedov",21
AZ,"Ayka",21
AZ,"Vahabov",21
AZ,"Piriyeva",21
AZ,"Rahimova",21
AZ,"Seyfullayev",21
AZ,"Yusifzade",21
AZ,"Baxisov",21
AZ,"Heybetov",21
AZ,"Kerim",21
AZ,"Selimova",21
AZ,"Oruc",21
AZ,"Heyderova",21
AZ,"Turan",21
AZ,"Eminli",21
AZ,"Hacili",21
AZ,"Seyid",21
AZ,"Ayxan",21
AZ,"Salam",21
AZ,"Kaya",21
AZ,"Aghayev",20
AZ,"Malikov",20
AZ,"Heziyev",20
AZ,"Humbatov",20
AZ,"Qocayeva",20
AZ,"Джафаров",20
AZ,"Mayilov",20
AZ,"Mensimov",20
AZ,"Gulmemmedov",20
AZ,"Nuruyev",20
AZ,"İbrahimli",20
AZ,"Quluyeva",20
AZ,"Azizli",20
AZ,"Azer",20
AZ,"Islamzade",20
AZ,"Qedirli",20
AZ,"Adilov",20
AZ,"Mamedzade",20
AZ,"Emiraslanov",20
AZ,"Gence",20
AZ,"Oo",20
AZ,"Efendi",20
AZ,"Asgarov",19
AZ,"Sirinova",19
AZ,"Raqimov",19
AZ,"Ibragimov",19
AZ,"Quseynov",19
AZ,"Ferhadov",19
AZ,"Gasanova",19
AZ,"Ibragimova",19
AZ,"Garayev",19
AZ,"Azimova",19
AZ,"Quluzadə",19
AZ,"H-Va",19
AZ,"Mursalov",19
AZ,"Elcin",19
AZ,"Merdanov",19
AZ,"Niftaliyev",19
AZ,"Almemmedov",19
AZ,"Bagiyev",19
AZ,"Leyla",19
AZ,"Sabanov",19
AZ,"Sadiq",19
AZ,"Najafov",19
AZ,"Naqiyev",19
AZ,"Mutellimov",19
AZ,"Aqayeva",19
AZ,"Аскеров",19
AZ,"Isazade",19
AZ,"Zamanli",19
AZ,"Мусаев",19
AZ,"Islam",19
AZ,"Aslanli",19
AZ,"Semedli",19
AZ,"Baxseliyev",18
AZ,"Alıyeva",18
AZ,"Muxtarova",18
AZ,"Eldarov",18
AZ,"Rehmanov",18
AZ,"Ferid",18
AZ,"Akhmedov",18
AZ,"Babaev",18
AZ,"Fatullayev",18
AZ,"Cəfərova",18
AZ,"Əhmədova",18
AZ,"Dadashova",18
AZ,"Amirova",18
AZ,"Рустамов",18
AZ,"Алийев",18
AZ,"Кулиев",18
AZ,"Melek",18
AZ,"Dadaşova",18
AZ,"Semedzade",18
AZ,"Nurlan",18
AZ,"Genceli",18
AZ,"Rasulova",18
AZ,"Hemidli",18
AZ,"Багиров",18
AZ,"Ekber",18
AZ,"Nezerova",18
AZ,"Kərimli",18
AZ,"İsmayilova",18
AZ,"Nesibli",18
AZ,"Suleyman",18
AZ,"Selimli",18
AZ,"Abdul",18
AZ,"Sadiqzade",18
AZ,"Mahmud",18
AZ,"Resul",18
AZ,"Kerimzade",18
AZ,"Azayev",17
AZ,"Murtuzayev",17
AZ,"Nacafov",17
AZ,"Mikayilova",17
AZ,"Shamilov",17
AZ,"Ezizova",17
AZ,"Alesgerov",17
AZ,"Niyazov",17
AZ,"Elıyev",17
AZ,"Aga",17
AZ,"Eyyubova",17
AZ,"Tanriverdiyev",17
AZ,"Sahverdiyev",17
AZ,"Тагиев",17
AZ,"Mehreliyev",17
AZ,"Talıbov",17
AZ,"Гасымов",17
AZ,"Mebel",17
AZ,"Xasiyev",17
AZ,"Namazli",17
AZ,"Agabalayev",17
AZ,"Сулейманов",17
AZ,"Гурбанов",17
AZ,"Surxayev",17
AZ,"Qedirova",17
AZ,"Агаева",17
AZ,"Şahbazov",17
AZ,"Azerbaycan",17
AZ,"Roma",17
AZ,"Bagirli",17
AZ,"İsayeva",17
AZ,"Alizadeh",17
AZ,"Sh",17
AZ,"Memedli",17
AZ,"Emirli",17
AZ,"Alisoy",17
AZ,"Israfilova",16
AZ,"Amanov",16
AZ,"Kamran",16
AZ,"Residov",16
AZ,"Nurullayev",16
AZ,"Sharifov",16
AZ,"Shirinova",16
AZ,"Bashirov",16
AZ,"Аббасова",16
AZ,"Cabbarova",16
AZ,"Masimov",16
AZ,"Ahmadova",16
AZ,"Pashayeva",16
AZ,"Гаджиева",16
AZ,"Сафаров",16
AZ,"Абдуллаева",16
AZ,"Heydarova",16
AZ,"Sefereliyev",16
AZ,"Bədəlov",16
AZ,"Ebilov",16
AZ,"Akbarov",16
AZ,"Kamilov",16
AZ,"Qaziyev",16
AZ,"Talibli",16
AZ,"Велиев",16
AZ,"Zade",16
AZ,"Sevinc",16
AZ,"Xelilzade",16
AZ,"Hesen",16
AZ,"Zaman",16
AZ,"Vahidov",16
AZ,"Ka",16
AZ,"Novruz",16
AZ,"Balakisiyev",16
AZ,"Ahmedli",16
AZ,"Tenha",16
AZ,"Aziz",16
AZ,"Arzu",16
AZ,"Nebizade",16
AZ,"Melikzade",16
AZ,"Əli",16
AZ,"Ahmedzade",16
AZ,"Bakili",16
AZ,"Gurbanova",15
AZ,"Muslumov",15
AZ,"Eynullayev",15
AZ,"Hidayetov",15
AZ,"Qadirov",15
AZ,"Ilkin",15
AZ,"Bekirova",15
AZ,"Farzaliyev",15
AZ,"Nesibova",15
AZ,"E-Ov",15
AZ,"Süleymanova",15
AZ,"Talibova",15
AZ,"Asgerova",15
AZ,"Магеррамов",15
AZ,"Bakinec",15
AZ,"Zakirov",15
AZ,"Jafarova",15
AZ,"Dunyamaliyev",15
AZ,"Hummetov",15
AZ,"Maqsudov",15
AZ,"Senan",15
AZ,"Xuduyev",15
AZ,"Əkbərov",15
AZ,"Ilqar",15
AZ,"Багирова",15
AZ,"Nağıyev",15
AZ,"Karimova",15
AZ,"Qahramanov",15
AZ,"Hajiyeva",15
AZ,"Beylerov",15
AZ,"Mirzoyeva",15
AZ,"Nazarova",15
AZ,"Pawayev",15
AZ,"Atayeva",15
AZ,"Bayram",15
AZ,"Hasanzade",15
AZ,"Nuraliyev",15
AZ,"Qafarli",15
AZ,"Seyidli",15
AZ,"Ələsgərov",15
AZ,"Eldar",15
AZ,"Ekberli",15
AZ,"Mikayılov",15
AZ,"Muradzade",15
AZ,"Heshimov",14
AZ,"Hasimov",14
AZ,"Guliev",14
AZ,"Elxan",14
AZ,"Mva",14
AZ,"Usubov",14
AZ,"S-Ov",14
AZ,"Medetov",14
AZ,"Hetemov",14
AZ,"Edilov",14
AZ,"Ибрагимов",14
AZ,"Adgozelov",14
AZ,"Sixaliyev",14
AZ,"Babasov",14
AZ,"Imranov",14
AZ,"B-Ov",14
AZ,"Agalarova",14
AZ,"Dadawov",14
AZ,"Agasiyev",14
AZ,"Shukurova",14
AZ,"Lale",14
AZ,"Yahyayev",14
AZ,"Ahmad",14
AZ,"Nezerli",14
AZ,"Nadirli",14
AZ,"Rustemzade",14
AZ,"Vəliyeva",14
AZ,"M-Zade",14
AZ,"Bilalov",14
AZ,"Kamil",14
AZ,"Soltanova",14
AZ,"Ibayev",14
AZ,"Ehmed",14
AZ,"Omarova",14
AZ,"Agakisiyev",14
AZ,"Akhundova",14
AZ,"Namiq",14
AZ,"Cumayev",14
AZ,"Seva",14
AZ,"Cebrayilova",14
AZ,"Cabarov",14
AZ,"Azerbaijan",14
AZ,"Verdiyeva",14
AZ,"Malik",14
AZ,"Salimova",14
AZ,"Səlimov",14
AZ,"Imamverdiyev",14
AZ,"Kazımova",14
AZ,"Abdullah",14
AZ,"Qasımlı",14
AZ,"Mahmudzade",14
AZ,"Teymurova",14
AZ,"Eyvazli",14
AZ,"Allahverdi",14
AZ,"Qulyev",14
AZ,"M-Li",14
AZ,"Urek",14
AZ,"El",14
AZ,"Baki",14
AZ,"Muhammed",14
AZ,"Xelilli",14
AZ,"Nasirova",13
AZ,"Зейналов",13
AZ,"Mardanov",13
AZ,"Badalova",13
AZ,"Cabrayilov",13
AZ,"Atakishiyev",13
AZ,"Rüstemov",13
AZ,"Paren",13
AZ,"Jalilov",13
AZ,"Tahirova",13
AZ,"Feyziyev",13
AZ,"Xidirov",13
AZ,"Abışov",13
AZ,"Hadiyev",13
AZ,"Zalov",13
AZ,"Mirzayeva",13
AZ,"Zülfüqarov",13
AZ,"Джафарова",13
AZ,"Taghiyev",13
AZ,"Ceyhun",13
AZ,"Hemidova",13
AZ,"Nabiyeva",13
AZ,"Səmədov",13
AZ,"Haci",13
AZ,"Alekperova",13
AZ,"Bedelova",13
AZ,"Maharramova",13
AZ,"Байрамова",13
AZ,"Gul",13
AZ,"Рзаев",13
AZ,"Alik",13
AZ,"Zeynal",13
AZ,"Emil",13
AZ,"Qulu",13
AZ,"Kuliyeva",13
AZ,"Xelefov",13
AZ,"Hüseyn",13
AZ,"Nəsirov",13
AZ,"Mahir",13
AZ,"Karimli",13
AZ,"Demir",13
AZ,"Ilham",13
AZ,"Исмаилова",13
AZ,"Melikli",13
AZ,"Həsənzadə",13
AZ,"Bayramlı",13
AZ,"Hüseyinli",13
AZ,"Eziz",13
AZ,"Sevgi",13
AZ,"Elesgerli",13
AZ,"Camal",13
AZ,"Home",13
AZ,"Alizada",13
AZ,"Ezimzade",13
AZ,"Mehemmedov",12
AZ,"Ağazadə",12
AZ,"Umarov",12
AZ,"Gozelova",12
AZ,"Nəcəfov",12
AZ,"Abiyeva",12
AZ,"Aydinov",12
AZ,"Kamalov",12
AZ,"Ibraqimov",12
AZ,"Пашаев",12
AZ,"Alishov",12
AZ,"Zamanova",12
AZ,"Gadirov",12
AZ,"Nəbiyev",12
AZ,"Bedirov",12
AZ,"Рагимов",12
AZ,"Isgandarov",12
AZ,"Sherifov",12
AZ,"Ibadova",12
AZ,"Baxishov",12
AZ,"Xanim",12
AZ,"Quliev",12
AZ,"Eminova",12
AZ,"B-Va",12
AZ,"Murseliyev",12
AZ,"Sevda",12
AZ,"N-Va",12
AZ,"Xeyal",12
AZ,"Hüseynzadə",12
AZ,"Yusibova",12
AZ,"Ragimova",12
AZ,"Şahverdiyev",12
AZ,"Alxasov",12
AZ,"Rəsulov",12
AZ,"Rauf",12
AZ,"Исаев",12
AZ,"Mecidova",12
AZ,"Xəlilova",12
AZ,"Hewimov",12
AZ,"Museyibov",12
AZ,"Necefzade",12
AZ,"Shafiyev",12
AZ,"Kazimzade",12
AZ,"Ferecli",12
AZ,"Qehremanli",12
AZ,"Sadiqli",12
AZ,"Qurbanzade",12
AZ,"Adil",12
AZ,"Mecidli",12
AZ,"Bayramzade",12
AZ,"Li",12
AZ,"Iskenderli",12
AZ,"Manafli",12
AZ,"Axundzade",12
AZ,"Guluzade",12
AZ,"Nuray",12
AZ,"Nara",11
AZ,"Musaev",11
AZ,"Qulamov",11
AZ,"Mehemmed",11
AZ,"Mazanov",11
AZ,"Aynur",11
AZ,"Hamidova",11
AZ,"Оруджев",11
AZ,"I-Ov",11
AZ,"İbadov",11
AZ,"Xanım",11
AZ,"Tağıyeva",11
AZ,"Мехтиев",11
AZ,"Mirze",11
AZ,"Paşayeva",11
AZ,"Юсифов",11
AZ,"Həşimov",11
AZ,"Yaqubova",11
AZ,"Ahadov",11
AZ,"Yadigarov",11
AZ,"Faracov",11
AZ,"Omer",11
AZ,"Иманов",11
AZ,"N-Ov",11
AZ,"Xanlarov",11
AZ,"Babashov",11
AZ,"R-Va",11
AZ,"Memiyev",11
AZ,"Q-Ev",11
AZ,"S-Ova",11
AZ,"Abusov",11
AZ,"M-V",11
AZ,"Perviz",11
AZ,"Emirova",11
AZ,"Zulfuqarova",11
AZ,"Manafova",11
AZ,"Vekilov",11
AZ,"Qadimov",11
AZ,"Ilyasova",11
AZ,"Baghirov",11
AZ,"Valiyeva",11
AZ,"Гулиева",11
AZ,"Asadli",11
AZ,"Nezirov",11
AZ,"Ekberova",11
AZ,"İmanova",11
AZ,"Gunay",11
AZ,"Mirzeli",11
AZ,"Seydayev",11
AZ,"Ramil",11
AZ,"Алескеров",11
AZ,"Мирзоев",11
AZ,"Nəsibov",11
AZ,"Elman",11
AZ,"Niko",11
AZ,"Balasi",11
AZ,"Salahli",11
AZ,"Rehim",11
AZ,"H-Zade",11
AZ,"Салимов",11
AZ,"Рзаева",11
AZ,"Rusdemov",11
AZ,"İsrafilov",11
AZ,"Sabirli",11
AZ,"Aysel",11
AZ,"Ferecova",11
AZ,"Xanmemmedov",11
AZ,"Mamadov",11
AZ,"Memmedeliyev",11
AZ,"Hacyev",11
AZ,"Zeynallı",11
AZ,"Suleymanzade",11
AZ,"Oruczade",11
AZ,"Behruz",11
AZ,"Huseyinzade",11
AZ,"Bunyatov",11
AZ,"Mehtiyeva",11
AZ,"Мамедзаде",11
AZ,"Umud",11
AZ,"Esgerzade",11
AZ,"Sukurlu",11
AZ,"Abbaslı",11
AZ,"Nurlu",11
AZ,"Zaur",10
AZ,"Eskerov",10
AZ,"Tofiq",10
AZ,"Меликов",10
AZ,"Mirzaliyev",10
AZ,"Şirinova",10
AZ,"Quseynova",10
AZ,"Axmedli",10
AZ,"Həmidov",10
AZ,"Emiraslanova",10
AZ,"Fataliyev",10
AZ,"Qehremanova",10
AZ,"Abdurehmanov",10
AZ,"Salahova",10
AZ,"Nermanov",10
AZ,"Бабаева",10
AZ,"Ахундов",10
AZ,"Ахмедова",10
AZ,"Azadov",10
AZ,"Dasdemirov",10
AZ,"Kuliyev",10
AZ,"Zekiyev",10
AZ,"Q-Ov",10
AZ,"Самедов",10
AZ,"Abuzerov",10
AZ,"İslamov",10
AZ,"Rufullayev",10
AZ,"Seidov",10
AZ,"Khalilova",10
AZ,"Qedimova",10
AZ,"Nadir",10
AZ,"Islamli",10
AZ,"Nabiev",10
AZ,"Salamova",10
AZ,"Bebirov",10
AZ,"Керимова",10
AZ,"Асланов",10
AZ,"Veliev",10
AZ,"Aylin",10
AZ,"Akperov",10
AZ,"Hacılı",10
AZ,"Ov",10
AZ,"Nasibova",10
AZ,"Messi",10
AZ,"Elyev",10
AZ,"Memisov",10
AZ,"Esedullayev",10
AZ,"Konul",10
AZ,"Baxshiyev",10
AZ,"Idrisov",10
AZ,"Alasgarov",10
AZ,"Damirov",10
AZ,"Arif",10
AZ,"Ismiyev",10
AZ,"Agamirov",10
AZ,"Safarli",10
AZ,"Азизов",10
AZ,"Ezimova",10
AZ,"Elesgerova",10
AZ,"Q-Va",10
AZ,"Rəhimova",10
AZ,"Maga",10
AZ,"Recebli",10
AZ,"Almasov",10
AZ,"Ferzeliyeva",10
AZ,"Zehra",10
AZ,"Ширинов",10
AZ,"Mehman",10
AZ,"Taleh",10
AZ,"Sediyev",10
AZ,"Salmanli",10
AZ,"Baxsaliyev",10
AZ,"Qedimli",10
AZ,"Rzaev",10
AZ,"Mustafali",10
AZ,"Usta",10
AZ,"Mir",10
AZ,"Cəlilov",10
AZ,"Namaz",10
AZ,"Асадов",10
AZ,"Ugur",10
AZ,"Veli",10
AZ,"Mammedli",10
AZ,"Rahimli",10
AZ,"Hakverdiyev",10
AZ,"Aygun",10
AZ,"Esedzade",10
AZ,"Isa",10
AZ,"Canavar",10
AZ,"Amin",10
AZ,"İsmailov",10
AZ,"Абасов",9
AZ,"Eyubov",9
AZ,"Elıyeva",9
AZ,"Sadixova",9
AZ,"Gunel",9
AZ,"Adam",9
AZ,"Asadullayev",9
AZ,"Resad",9
AZ,"Nehmetov",9
AZ,"Mollayev",9
AZ,"Adigozalov",9
AZ,"Nesirova",9
AZ,"Menmedov",9
AZ,"Sebuhi",9
AZ,"Dəmirov",9
AZ,"Aliyarov",9
AZ,"Rahmanov",9
AZ,"Аллахвердиев",9
AZ,"Seymur",9
AZ,"Ибрагимова",9
AZ,"Rzali",9
AZ,"Atakiwiyev",9
AZ,"Javadov",9
AZ,"A-Yev",9
AZ,"Maxmudov",9
AZ,"A-Li",9
AZ,"Abdinov",9
AZ,"Baloglanov",9
AZ,"Elmar",9
AZ,"Gulmaliyev",9
AZ,"Polad",9
AZ,"Celebiyev",9
AZ,"Ragimov",9
AZ,"Bağırova",9
AZ,"Babaeva",9
AZ,"Ibrahimxelilov",9
AZ,"Asif",9
AZ,"Qemberova",9
AZ,"Mustafaeva",9
AZ,"E-Va",9
AZ,"Нагиев",9
AZ,"Mustafaev",9
AZ,"Zaidov",9
AZ,"Habibov",9
AZ,"Aleskerova",9
AZ,"Safaraliyev",9
AZ,"Sadıqova",9
AZ,"Lezgin",9
AZ,"Musaeva",9
AZ,"Camalova",9
AZ,"Amrahov",9
AZ,"Qaziyeva",9
AZ,"Calalov",9
AZ,"Qoca",9
AZ,"Исмайлов",9
AZ,"Rustam",9
AZ,"Sixiyev",9
AZ,"Джабраилов",9
AZ,"Əhmədli",9
AZ,"Recebova",9
AZ,"Dadaszade",9
AZ,"Agaverdiyev",9
AZ,"Ismaylova",9
AZ,"Məlikov",9
AZ,"İsmayılzadə",9
AZ,"Fidan",9
AZ,"Agaliyev",9
AZ,"Talıbova",9
AZ,"Cefer",9
AZ,"Ceferi",9
AZ,"Khan",9
AZ,"Elsen",9
AZ,"Kazim",9
AZ,"İsgəndərov",9
AZ,"Abdulzade",9
AZ,"Sariyeva",9
AZ,"Vasif",9
AZ,"Qəniyev",9
AZ,"Qədirov",9
AZ,"Süleymanlı",9
AZ,"Xancanov",9
AZ,"Ibrahimzade",9
AZ,"Seyidzade",9
AZ,"Alili",9
AZ,"Selimzade",9
AZ,"Ализаде",9
AZ,"Qurbanlı",9
AZ,"Rehimzade",9
AZ,"Togrul",9
AZ,"Cavad",9
AZ,"Cavadli",9
AZ,"Nezirli",9
AZ,"Muradlı",9
AZ,"Xelili",9
AZ,"Ağazade",9
AZ,"Aysu",9
AZ,"Pashazade",9
AZ,"Mikayilli",9
AZ,"Memmedhesenov",8
AZ,"Budagov",8
AZ,"Madatov",8
AZ,"Насиров",8
AZ,"Murtuzov",8
AZ,"Haqverdiyeva",8
AZ,"Zohrabov",8
AZ,"Tagiev",8
AZ,"Xanaliyev",8
AZ,"Qehramanli",8
AZ,"Zulfiqarov",8
AZ,"I-Va",8
AZ,"Aydinli",8
AZ,"Natiq",8
AZ,"Амиров",8
AZ,"Mursudov",8
AZ,"Baxışov",8
AZ,"Sahmemmedov",8
AZ,"Ziyadov",8
AZ,"Xelil",8
AZ,"Qelenderov",8
AZ,"Hamzayev",8
AZ,"Pasa",8
AZ,"Aydan",8
AZ,"Mirzoev",8
AZ,"Eliyarov",8
AZ,"Cəbiyev",8
AZ,"Imameliyev",8
AZ,"Sahin",8
AZ,"Əsgərova",8
AZ,"Elmeddin",8
AZ,"Avazov",8
AZ,"Hümbətov",8
AZ,"Sofiyev",8
AZ,"Qaslmov",8
AZ,"Искендеров",8
AZ,"Shukurlu",8
AZ,"Сеидов",8
AZ,"Yehyayev",8
AZ,"Teyyubov",8
AZ,"Agamaliyeva",8
AZ,"Султанов",8
AZ,"Nazirov",8
AZ,"Sattarov",8
AZ,"Behremov",8
AZ,"Qaribov",8
AZ,"Heydərov",8
AZ,"Ibisov",8
AZ,"Али",8
AZ,"Xalid",8
AZ,"Babaxanov",8
AZ,"Farzaliyeva",8
AZ,"Raul",8
AZ,"Джавадов",8
AZ,"Iskenderova",8
AZ,"Aghayeva",8
AZ,"Səfərova",8
AZ,"Niftiyev",8
AZ,"Sadıxov",8
AZ,"Nadirova",8
AZ,"Nihad",8
AZ,"Velıyev",8
AZ,"Ahmed",8
AZ,"Маммадов",8
AZ,"Xudiyeva",8
AZ,"Qacayev",8
AZ,"Shabanov",8
AZ,"Shireliyev",8
AZ,"Махмудов",8
AZ,"Гараев",8
AZ,"Seidova",8
AZ,"R-Ov",8
AZ,"Dagli",8
AZ,"Balakişiyev",8
AZ,"Jafarli",8
AZ,"Askerli",8
AZ,"Aze",8
AZ,"Vəlizadə",8
AZ,"Axmed",8
AZ,"Salayeva",8
AZ,"Bennayev",8
AZ,"Fərəcov",8
AZ,"Sefer",8
AZ,"Iskandarov",8
AZ,"Kosayev",8
AZ,"Samilov",8
AZ,"Meheremov",8
AZ,"İlyasov",8
AZ,"An",8
AZ,"Махмудова",8
AZ,"Qasim",8
AZ,"Cabbarlı",8
AZ,"Şahin",8
AZ,"Mikayilzade",8
AZ,"Nigar",8
AZ,"Hebibova",8
AZ,"Qemberli",8
AZ,"Nadjafov",8
AZ,"Adıgözəlov",8
AZ,"Ova",8
AZ,"Ayan",8
AZ,"Cafarli",8
AZ,"Akberli",8
AZ,"Akbar",8
AZ,"Emrahli",8
AZ,"Qenberli",8
AZ,"Tahir",8
AZ,"Гасымова",8
AZ,"Bewirov",8
AZ,"Serdarov",8
AZ,"Ya",8
AZ,"Mikayil",8
AZ,"Tunar",8
AZ,"Rustem",8
AZ,"Rehımov",8
AZ,"Sumqayit",8
AZ,"A-Zade",8
AZ,"Elili",8
AZ,"Yaqub",8
AZ,"Pasazade",8
AZ,"Araz",8
AZ,"Totu",8
AZ,"Axmedzade",8
AZ,"Yilmaz",8
AZ,"Mərkəzi",8
AZ,"Amir",8
AZ,"Dunya",8
AZ,"Kara",8
AZ,"Arazov",7
AZ,"Xammedov",7
AZ,"Исмайылов",7
AZ,"Fariz",7
AZ,"Alışov",7
AZ,"Gunka",7
AZ,"Əhmedov",7
AZ,"Djafarov",7
AZ,"Roman",7
AZ,"Gunduz",7
AZ,"Rena",7
AZ,"Əfəndiyev",7
AZ,"Meherrem",7
AZ,"Казымов",7
AZ,"Mesimova",7
AZ,"Rasim",7
AZ,"Sukurova",7
AZ,"Rizayev",7
AZ,"Miri",7
AZ,"Mehbaliyev",7
AZ,"Маммедов",7
AZ,"Aqalarov",7
AZ,"Huseyni",7
AZ,"Bunyadov",7
AZ,"Aqaev",7
AZ,"Алекберов",7
AZ,"Xeyrullayev",7
AZ,"Qayibov",7
AZ,"Ağa",7
AZ,"Bendeliyev",7
AZ,"Ağalarov",7
AZ,"Tahmazov",7
AZ,"Salmanzade",7
AZ,"Balayeva",7
AZ,"Salehov",7
AZ,"Nəbiyeva",7
AZ,"Əzimov",7
AZ,"Baqirova",7
AZ,"M Ov",7
AZ,"Azayeva",7
AZ,"Feyzullayeva",7
AZ,"Selim",7
AZ,"Türksoy",7
AZ,"Imamquliyev",7
AZ,"Harun",7
AZ,"Eliquliyev",7
AZ,"Emrahova",7
AZ,"Imanli",7
AZ,"Azərbaycan",7
AZ,"Abdulayeva",7
AZ,"Isakov",7
AZ,"Narimanov",7
AZ,"Hebibli",7
AZ,"Qamidov",7
AZ,"Qambarov",7
AZ,"Adilova",7
AZ,"Poladova",7
AZ,"Qahramanova",7
AZ,"Qaffarov",7
AZ,"Prosta",7
AZ,"Vaqif",7
AZ,"Xudaverdiyeva",7
AZ,"Haydarov",7
AZ,"Kerımov",7
AZ,"Qaniyev",7
AZ,"Hashimova",7
AZ,"Isaqov",7
AZ,"Nasirli",7
AZ,"Nuriev",7
AZ,"Agaeva",7
AZ,"Agaev",7
AZ,"Ganiyev",7
AZ,"Xezer",7
AZ,"Agabeyov",7
AZ,"Бакинец",7
AZ,"Nura",7
AZ,"Sayilov",7
AZ,"Elcan",7
AZ,"Elgun",7
AZ,"Esrefov",7
AZ,"Aliyeff",7
AZ,"Qəhrəmanov",7
AZ,"Мехтиева",7
AZ,"Sabanova",7
AZ,"Movlayev",7
AZ,"Alixanov",7
AZ,"Мусаева",7
AZ,"Qurd",7
AZ,"Maqerramov",7
AZ,"Allahyarova",7
AZ,"Зейналова",7
AZ,"Gulmammadov",7
AZ,"Allahverenov",7
AZ,"Allazov",7
AZ,"Mirzəyeva",7
AZ,"Javadova",7
AZ,"Rafiyev",7
AZ,"Mansurova",7
AZ,"Baxshaliyev",7
AZ,"Racabov",7
AZ,"Mansimov",7
AZ,"Xankiwiyev",7
AZ,"Zaliyev",7
AZ,"Omerova",7
AZ,"A-Off",7
AZ,"Mailov",7
AZ,"Beydullayev",7
AZ,"Османов",7
AZ,"Calilov",7
AZ,"Ferziyev",7
AZ,"Bey",7
AZ,"A-Ova",7
AZ,"Baratov",7
AZ,"Ələkbərova",7
AZ,"Sharifova",7
AZ,"Qurbaneliyev",7
AZ,"Aydinoglu",7
AZ,"Mamed",7
AZ,"Aydemirov",7
AZ,"Behbudova",7
AZ,"Abilova",7
AZ,"Bagırov",7
AZ,"İsmayıl",7
AZ,"Azimzade",7
AZ,"Kurt",7
AZ,"Hemid",7
AZ,"İsmaylov",7
AZ,"Əsədova",7
AZ,"Babazadə",7
AZ,"Ayla",7
AZ,"Sefereliyeva",7
GE,"Beridze",663
GE,"Mamedov",548
GE,"Gio",272
GE,"Aliyev",257
GE,"Maisuradze",219
GE,"Dumbadze",212
GE,"Giorgadze",201
GE,"Gelashvili",200
GE,"Kapanadze",196
GE,"Diasamidze",190
GE,"Davitadze",187
GE,"Abashidze",187
GE,"Bayramov",175
GE,"Abuladze",175
GE,"Mari",174
GE,"Lomidze",166
GE,"Surmanidze",151
GE,"Bolqvadze",148
GE,"Giorgi",147
GE,"Zoidze",145
GE,"Dolidze",143
GE,"Shengelia",138
GE,"Turmanidze",129
GE,"Miqeladze",124
GE,"Aliev",118
GE,"Bolkvadze",117
GE,"Meladze",117
GE,"Axmedov",113
GE,"Ismailov",112
GE,"Shainidze",112
GE,"Gogitidze",111
GE,"Maxaradze",111
GE,"Cecxladze",110
GE,"Nozadze",109
GE,"Gauqmda",108
GE,"Nika",107
GE,"Georgia",103
GE,"Devadze",100
GE,"Shavadze",97
GE,"Gogoladze",95
GE,"Tsiklauri",95
GE,"Nini",93
GE,"Mamedova",92
GE,"Chelidze",88
GE,"Varshanidze",87
GE,"Metreveli",87
GE,"Ka",87
GE,"Qatamadze",87
GE,"Gorgadze",86
GE,"Mchedlishvili",85
GE,"Danelia",84
GE,"Musayev",83
GE,"Nino",82
GE,"Mgeladze",80
GE,"Dato",79
GE,"Tabatadze",79
GE,"ბერიძე",79
GE,"Futkaradze",78
GE,"Todua",78
GE,"Kakabadze",77
GE,"Mikeladze",77
GE,"Ko",76
GE,"Kaxidze",76
GE,"Iremadze",75
GE,"Makharadze",75
GE,"Gasanov",74
GE,"Na",74
GE,"Gurgenidze",73
GE,"Kiknadze",72
GE,"Nakashidze",72
GE,"Nadiradze",71
GE,"Kiladze",70
GE,"Gabunia",70
GE,"Jincharadze",70
GE,"Ucnobi",70
GE,"Shonia",69
GE,"Baramidze",68
GE,"Mamuladze",68
GE,"Kvaracxelia",68
GE,"Kvaratskhelia",66
GE,"Mariami",65
GE,"Macharashvili",65
GE,"Mumladze",65
GE,"Mustafayev",64
GE,"Gorgiladze",64
GE,"Takidze",64
GE,"Tevzadze",63
GE,"Wiklauri",63
GE,"Suleymanov",62
GE,"Hesenov",62
GE,"Shubitidze",62
GE,"Huseynov",60
GE,"Zura",60
GE,"Gauqmebulia",60
GE,"Namazov",59
GE,"Koncelidze",59
GE,"Sichinava",59
GE,"Modebadze",59
GE,"Sharashidze",59
GE,"Kalandadze",58
GE,"Mjavanadze",58
GE,"Davitashvili",58
GE,"Orucov",57
GE,"Novruzov",57
GE,"Aliyeva",57
GE,"Chubinidze",57
GE,"Katamadze",56
GE,"Antadze",56
GE,"Abbasov",55
GE,"Lika",55
GE,"Svanidze",55
GE,"Qavtaradze",55
GE,"Asatiani",55
GE,"Razmadze",55
GE,"Labadze",55
GE,"Kurtanidze",55
GE,"Janelidze",55
GE,"Memmedov",54
GE,"Luka",54
GE,"Tsintsadze",54
GE,"Chanturia",54
GE,"Oniani",54
GE,"Tamo",53
GE,"Ani",53
GE,"Tedoradze",53
GE,"Grigalashvili",53
GE,"Abramishvili",53
GE,"Qurbanov",52
GE,"Ana",52
GE,"Dadiani",52
GE,"Bregvadze",52
GE,"Arabuli",52
GE,"Khutsishvili",52
GE,"Kurbanov",51
GE,"Chagalidze",51
GE,"Japaridze",51
GE,"Abesadze",51
GE,"Gigauri",51
GE,"Tavdgiridze",51
GE,"Gachechiladze",51
GE,"Xalilov",50
GE,"Huseyinov",50
GE,"Natia",50
GE,"Nasibov",50
GE,"Javaxishvili",50
GE,"Gagua",50
GE,"Beruashvili",50
GE,"Cincadze",50
GE,"Lasha",49
GE,"Oo",49
GE,"Kakhidze",49
GE,"Sanikidze",49
GE,"Ismayilov",48
GE,"Megrelishvili",48
GE,"Mchedlidze",48
GE,"Sharadze",48
GE,"Lobjanidze",48
GE,"Мамедов",47
GE,"Omarov",47
GE,"Vasadze",47
GE,"Dvalishvili",47
GE,"Goguadze",47
GE,"Kandelaki",47
GE,"Pipia",46
GE,"Geladze",46
GE,"Chkhaidze",46
GE,"Gagnidze",45
GE,"Kupatadze",45
GE,"Osmanov",44
GE,"Chaduneli",44
GE,"Beradze",44
GE,"Javakhishvili",44
GE,"Jiqia",44
GE,"Aslanov",43
GE,"Veliyev",43
GE,"Bairamov",43
GE,"Ni",43
GE,"Dzneladze",43
GE,"Kopaliani",43
GE,"Jaiani",43
GE,"Grigoryan",43
GE,"Siradze",43
GE,"Basiladze",43
GE,"Cercvadze",43
GE,"Isayev",42
GE,"Yusubov",42
GE,"Shalamberidze",42
GE,"Shanidze",42
GE,"Ananidze",42
GE,"Saralidze",41
GE,"Bakuridze",41
GE,"Mamulashvili",41
GE,"Kavtaradze",41
GE,"Bochorishvili",41
GE,"Barbaqadze",41
GE,"Berishvili",41
GE,"Tavadze",41
GE,"ბოლქვაძე",41
GE,"Kvinikadze",41
GE,"Gogia",41
GE,"Musaev",40
GE,"Nati",40
GE,"Samkharadze",40
GE,"Sikharulidze",40
GE,"Qarcivadze",40
GE,"Papava",40
GE,"Kobaxidze",40
GE,"Jojua",40
GE,"Ali",39
GE,"Chachua",39
GE,"Liparteliani",39
GE,"Chxaidze",39
GE,"Petriashvili",39
GE,"Akhvlediani",39
GE,"Lomtadze",39
GE,"Temo",38
GE,"Alieva",38
GE,"Teo",38
GE,"Putkaradze",38
GE,"Samxaradze",38
GE,"Papidze",38
GE,"Bakuradze",38
GE,"Gabaidze",38
GE,"Levani",37
GE,"Muradov",37
GE,"Tsetskhladze",37
GE,"Saginadze",37
GE,"Fartenadze",37
GE,"Adamia",37
GE,"Xucishvili",37
GE,"Ramishvili",37
GE,"Pataridze",37
GE,"დიასამიძე",37
GE,"Mgebrishvili",37
GE,"Chkadua",37
GE,"Nikolaishvili",37
GE,"Eliyev",36
GE,"Gogichaishvili",36
GE,"Qmda",36
GE,"მიქელაძე",36
GE,"Vashakidze",36
GE,"Asanidze",36
GE,"Kobakhidze",36
GE,"Kakulia",36
GE,"Kereselidze",36
GE,"Kurashvili",36
GE,"Jafaridze",36
GE,"Valiyev",35
GE,"Allahverdiyev",35
GE,"Anna",35
GE,"Tako",35
GE,"Natroshvili",35
GE,"Magradze",35
GE,"Meskhi",35
GE,"Managadze",35
GE,"მახარაძე",35
GE,"Gogishvili",35
GE,"Dvali",35
GE,"Abdullayev",34
GE,"Алиев",34
GE,"Demetrashvili",34
GE,"Bendeliani",34
GE,"Khachidze",34
GE,"Batumi",34
GE,"Mindiashvili",34
GE,"Gogiashvili",34
GE,"Gvasalia",34
GE,"Gaukmda",34
GE,"Zurabashvili",34
GE,"Grigolia",34
GE,"Haciyev",33
GE,"Rustamov",33
GE,"Ceferov",33
GE,"Qeti",33
GE,"Tbilisi",33
GE,"Verulidze",33
GE,"Bukia",33
GE,"Bliadze",33
GE,"Lagvilava",33
GE,"Mamaladze",33
GE,"Bulia",33
GE,"Nadirashvili",33
GE,"Nemsadze",33
GE,"Tsereteli",33
GE,"Machavariani",33
GE,"Tsertsvadze",33
GE,"Berdzenishvili",33
GE,"Glonti",33
GE,"Tsulukidze",33
GE,"Qobalia",33
GE,"Devdariani",33
GE,"Giga",32
GE,"Goga",32
GE,"Ika",32
GE,"Beraia",32
GE,"დუმბაძე",32
GE,"Bejanidze",32
GE,"Shvelidze",32
GE,"Lomadze",32
GE,"Jibladze",32
GE,"Tavartqiladze",32
GE,"Gabelia",32
GE,"Lomsadze",32
GE,"Manukyan",32
GE,"Kazaryan",32
GE,"Gogoberidze",32
GE,"Sixarulidze",32
GE,"Kacharava",32
GE,"აბაშიძე",32
GE,"Margvelashvili",32
GE,"Merabishvili",32
GE,"Valiev",31
GE,"Phutkaradze",31
GE,"Kerimov",31
GE,"Talibov",31
GE,"Mesxi",31
GE,"Maria",31
GE,"Nana",31
GE,"გიო",31
GE,"Nebieridze",31
GE,"Giorgobiani",31
GE,"Jijavadze",31
GE,"Karapetyan",31
GE,"Mzhavanadze",31
GE,"Zeynalov",30
GE,"Irakli",30
GE,"Tavartkiladze",30
GE,"Gongadze",30
GE,"Chiqovani",30
GE,"Nachkebia",30
GE,"Burjanadze",30
GE,"Janashia",30
GE,"Bedinadze",30
GE,"Tugushi",30
GE,"სურმანიძე",30
GE,"მაისურაძე",30
GE,"კაპანაძე",30
GE,"Gulua",30
GE,"Ta",30
GE,"Shervashidze",30
GE,"Robaqidze",30
GE,"Kublashvili",30
GE,"Janiashvili",30
GE,"Gobejishvili",30
GE,"Kikvadze",30
GE,"Gogua",30
GE,"Gurbanov",29
GE,"Guseinov",29
GE,"Qasanov",29
GE,"Alex",29
GE,"Barbakadze",29
GE,"Jikia",29
GE,"წიკლაური",29
GE,"Tebidze",29
GE,"Burduli",29
GE,"Qartvelishvili",29
GE,"Tkeshelashvili",29
GE,"Papiashvili",29
GE,"Jabnidze",29
GE,"Bakhtadze",29
GE,"Vekua",29
GE,"Khvedelidze",29
GE,"Qiria",29
GE,"Zarqua",29
GE,"Bayramova",28
GE,"Eka",28
GE,"Mamedovi",28
GE,"Zhvania",28
GE,"Saba",28
GE,"Odisharia",28
GE,"Qardava",28
GE,"Romanadze",28
GE,"Jorbenadze",28
GE,"Zhorzholiani",28
GE,"Kirkitadze",28
GE,"Gegeshidze",28
GE,"Petrosyan",28
GE,"Adeishvili",28
GE,"Kekelidze",28
GE,"Matiashvili",28
GE,"Axalaia",28
GE,"Miqadze",28
GE,"Baxtadze",28
GE,"Kochalidze",28
GE,"Bagrationi",28
GE,"Miminoshvili",28
GE,"Lizi",27
GE,"Isaev",27
GE,"Malania",27
GE,"Chichinadze",27
GE,"Elene",27
GE,"Sofi",27
GE,"Sofo",27
GE,"Wereteli",27
GE,"გელაშვილი",27
GE,"Kuchava",27
GE,"Bokuchava",27
GE,"Pavliashvili",27
GE,"Gvaramia",27
GE,"Chikvaidze",27
GE,"Zarandia",27
GE,"Beriashvili",27
GE,"Shamugia",27
GE,"Mikadze",27
GE,"Imerlishvili",27
GE,"Gvelesiani",27
GE,"Daraselia",27
GE,"Chitanava",27
GE,"გიორგაძე",27
GE,"Mehdiyev",26
GE,"Askerov",26
GE,"Nata",26
GE,"Qamadadze",26
GE,"Ibragimov",26
GE,"Qajaia",26
GE,"Sirbiladze",26
GE,"Zaqaradze",26
GE,"Tiko",26
GE,"Gegechkori",26
GE,"Margoshvili",26
GE,"Arabidze",26
GE,"Chumburidze",26
GE,"ლომიძე",26
GE,"Ioseliani",26
GE,"Chitadze",26
GE,"Jalagonia",26
GE,"Janjgava",26
GE,"Khalvashi",26
GE,"Aladashvili",26
GE,"Iakobadze",26
GE,"Qobuladze",26
GE,"Lursmanashvili",26
GE,"Artmeladze",26
GE,"Chikovani",26
GE,"Jishkariani",26
GE,"Grdzelishvili",26
GE,"Chakvetadze",26
GE,"Xurcidze",26
GE,"Otiashvili",26
GE,"Jgenti",26
GE,"Sanadze",26
GE,"Gabrichidze",26
GE,"Qutateladze",26
GE,"Mosiashvili",26
GE,"Nebiyev",25
GE,"Nia",25
GE,"David",25
GE,"Maia",25
GE,"Ibrahimov",25
GE,"Paqsadze",25
GE,"Maxarashvili",25
GE,"Samadashvili",25
GE,"Smith",25
GE,"Baladze",25
GE,"Papashvili",25
GE,"Cheishvili",25
GE,"Miqava",25
GE,"Topuria",25
GE,"დავითაძე",25
GE,"Surguladze",25
GE,"Natsvlishvili",25
GE,"Bigvava",25
GE,"Devidze",25
GE,"Goradze",25
GE,"Mgaloblishvili",25
GE,"Dzadzamia",25
GE,"Iluridze",25
GE,"Iremashvili",25
GE,"Otarashvili",25
GE,"Gumberidze",25
GE,"Shavishvili",25
GE,"ცეცხლაძე",25
GE,"Maglakelidze",25
GE,"Ninidze",25
GE,"Yurashvili",25
GE,"Alania",25
GE,"Darchia",25
GE,"Gvianidze",25
GE,"Kvirikashvili",25
GE,"Ruxadze",25
GE,"Pirveli",25
GE,"ქათამაძე",25
GE,"Merebashvili",25
GE,"Salo",24
GE,"Ayvazov",24
GE,"Gigolashvili",24
GE,"Gela",24
GE,"Urushadze",24
GE,"კო",24
GE,"Kobaladze",24
GE,"Malakmadze",24
GE,"Chachanidze",24
GE,"Chxeidze",24
GE,"Xalvashi",24
GE,"Bregadze",24
GE,"Tevdoradze",24
GE,"Benidze",24
GE,"Gogiberidze",24
GE,"Inasaridze",24
GE,"Kvirkvelia",24
GE,"Robakidze",24
GE,"Didmanidze",24
GE,"Kaxadze",24
GE,"Aptsiauri",24
GE,"Kuprashvili",24
GE,"Xmaladze",24
GE,"Sarkisyan",24
GE,"Arveladze",24
GE,"Axvlediani",24
GE,"Tordia",24
GE,"Beqauri",24
GE,"Babayev",23
GE,"Ga",23
GE,"Mustafaev",23
GE,"Mako",23
GE,"Natali",23
GE,"მარი",23
GE,"Maka",23
GE,"Ri",23
GE,"Gundadze",23
GE,"Qoqoladze",23
GE,"Rostiashvili",23
GE,"Rekhviashvili",23
GE,"Nagervadze",23
GE,"Tabagari",23
GE,"Qarchava",23
GE,"Sajaia",23
GE,"Lortkipanidze",23
GE,"Shamatava",23
GE,"Talaxadze",23
GE,"Archvadze",23
GE,"Basilashvili",23
GE,"Shatirishvili",23
GE,"Laliashvili",23
GE,"Koberidze",23
GE,"Khurtsilava",23
GE,"Tsulaia",23
GE,"Tskhadadze",23
GE,"Lobzhanidze",23
GE,"Gabedava",23
GE,"Dgebuadze",23
GE,"შავაძე",23
GE,"Gulbani",23
GE,"Ximshiashvili",23
GE,"Tetradze",23
GE,"Kvachadze",23
GE,"Xachidze",23
GE,"Shelia",23
GE,"Ismailova",22
GE,"Piriyev",22
GE,"Quliyev",22
GE,"Inga",22
GE,"Badalov",22
GE,"Niniko",22
GE,"Ami",22
GE,"Lataria",22
GE,"Ardzenadze",22
GE,"Qamashidze",22
GE,"Zaza",22
GE,"Verdzadze",22
GE,"Silagadze",22
GE,"აბულაძე",22
GE,"Chogovadze",22
GE,"Chinchaladze",22
GE,"Tutberidze",22
GE,"Gvenetadze",22
GE,"Khozrevanidze",22
GE,"Gogaladze",22
GE,"Akhobadze",22
GE,"Sharashenidze",22
GE,"Gogoxia",22
GE,"Chikhladze",22
GE,"Makharashvili",22
GE,"Li",22
GE,"Chkheidze",22
GE,"Kirvalidze",22
GE,"Jimsheleishvili",22
GE,"Malaymadze",22
GE,"Turashvili",22
GE,"Tvauri",22
GE,"Iashvili",22
GE,"Mebonia",22
GE,"Antia",22
GE,"Gvazava",22
GE,"Roma",21
GE,"Natalia",21
GE,"Eminov",21
GE,"Safarov",21
GE,"Qarayev",21
GE,"Nesibov",21
GE,"Abeslamidze",21
GE,"Misha",21
GE,"Muzashvili",21
GE,"Tarieladze",21
GE,"Nikusha",21
GE,"Sali",21
GE,"Ebralidze",21
GE,"Gogichashvili",21
GE,"Niko",21
GE,"Sulaberidze",21
GE,"Ugulava",21
GE,"Kukava",21
GE,"To",21
GE,"Ia",21
GE,"Gaprindashvili",21
GE,"Gureshidze",21
GE,"Gogolashvili",21
GE,"Gogadze",21
GE,"Kevlishvili",21
GE,"Sturua",21
GE,"Jgarkava",21
GE,"Makaradze",21
GE,"Bibilashvili",21
GE,"ფუტკარაძე",21
GE,"Nikoladze",21
GE,"Akhalaia",21
GE,"Apciauri",21
GE,"Berianidze",21
GE,"Narsia",21
GE,"Talakhadze",21
GE,"Jashi",21
GE,"Manjavidze",21
GE,"Samushia",21
GE,"Avetisyan",21
GE,"Gviniashvili",21
GE,"Nijaradze",21
GE,"Pataraia",21
GE,"Sarishvili",21
GE,"Kokaia",21
GE,"Pagava",21
GE,"Guseynov",20
GE,"Yusibov",20
GE,"Geo",20
GE,"ნა",20
GE,"Chichua",20
GE,"Axmedova",20
GE,"Asambadze",20
GE,"Mamuka",20
GE,"Tevdorashvili",20
GE,"Zaridze",20
GE,"ნინი",20
GE,"ზოიძე",20
GE,"Loladze",20
GE,"Tsurtsumia",20
GE,"Mushkudiani",20
GE,"Guruli",20
GE,"Sabashvili",20
GE,"Gatenadze",20
GE,"Xeladze",20
GE,"Peradze",20
GE,"Goginashvili",20
GE,"Bairamovi",20
GE,"Togonidze",20
GE,"Muradyan",20
GE,"Loria",20
GE,"Lezhava",20
GE,"Kikalishvili",20
GE,"Kikabidze",20
GE,"Alavidze",20
GE,"თურმანიძე",20
GE,"Wulaia",20
GE,"Kipiani",20
GE,"Vardosanidze",20
GE,"Goderdzishvili",20
GE,"Basilaia",20
GE,"Xozrevanidze",20
GE,"Soselia",20
GE,"Gergedava",20
GE,"Dzirkvadze",20
GE,"Xvedelidze",20
GE,"Askarov",19
GE,"Alekberov",19
GE,"Hasanov",19
GE,"Mammedov",19
GE,"Байрамов",19
GE,"Davit",19
GE,"Maiko",19
GE,"Shermadini",19
GE,"Ramazanov",19
GE,"Lia",19
GE,"Gocha",19
GE,"Tamuna",19
GE,"Kokoladze",19
GE,"Komaxidze",19
GE,"Kordzadze",19
GE,"Rgi",19
GE,"Elizbarashvili",19
GE,"კვარაცხელია",19
GE,"Vadachkoria",19
GE,"Jokhadze",19
GE,"Revazishvili",19
GE,"Suladze",19
GE,"Simonishvili",19
GE,"Kalandia",19
GE,"Todadze",19
GE,"Gogokhia",19
GE,"Lominadze",19
GE,"Ubilava",19
GE,"Kopadze",19
GE,"Andguladze",19
GE,"Maxatadze",19
GE,"Mazmishvili",19
GE,"Bagdavadze",19
GE,"Rukhadze",19
GE,"Vashaymadze",19
GE,"Kardava",19
GE,"Narimanidze",19
GE,"Begiashvili",19
GE,"Shotadze",19
GE,"მჭედლიშვილი",19
GE,"Gelovani",19
GE,"Bedoshvili",19
GE,"Nanava",19
GE,"Baramia",19
GE,"დევაძე",19
GE,"Lortqifanidze",19
GE,"Kukhianidze",19
GE,"Kartvelishvili",19
GE,"Oboladze",19
GE,"Naibov",18
GE,"Isgenderov",18
GE,"Anuki",18
GE,"Chkhikvadze",18
GE,"Nabiev",18
GE,"Oqruashvili",18
GE,"Kobalia",18
GE,"Khimshiashvili",18
GE,"Chxartishvili",18
GE,"Kupreishvili",18
GE,"Shantadze",18
GE,"Kopaleishvili",18
GE,"Xurcilava",18
GE,"Guliashvili",18
GE,"Gujabidze",18
GE,"Okropiridze",18
GE,"Lejava",18
GE,"Ma",18
GE,"Bitsadze",18
GE,"Tsaava",18
GE,"Statusebi",18
GE,"Gogsadze",18
GE,"Antidze",18
GE,"Beso",18
GE,"Choxeli",18
GE,"Barnovi",18
GE,"Gugeshashvili",18
GE,"Avaliani",18
GE,"Chkhartishvili",18
GE,"ხუციშვილი",18
GE,"Feradze",18
GE,"Tamazashvili",18
GE,"Mirianashvili",18
GE,"Dekanadze",18
GE,"Ninua",18
GE,"Vashakmadze",18
GE,"ჯინჭარაძე",18
GE,"კობახიძე",18
GE,"Kalandarishvili",18
GE,"Nikuradze",18
GE,"Harutyunyan",18
GE,"მაღლაკელიძე",18
GE,"Gabelaia",18
GE,"Khmaladze",18
GE,"Cxadadze",18
GE,"Kokhreidze",18
GE,"Lemonjava",18
GE,"Nacvlishvili",18
GE,"Nacnobi",18
GE,"Mahmudov",17
GE,"Kasumov",17
GE,"Ivanidze",17
GE,"No",17
GE,"Qasimov",17
GE,"ნინო",17
GE,"Seferov",17
GE,"Imnadze",17
GE,"Gorgodze",17
GE,"Chincharauli",17
GE,"Kvantaliani",17
GE,"Arjevanidze",17
GE,"Revishvili",17
GE,"Dekanoidze",17
GE,"Chkonia",17
GE,"Gorjeladze",17
GE,"Gulordava",17
GE,"Chanturidze",17
GE,"Mo",17
GE,"ნაკაშიძე",17
GE,"Kacadze",17
GE,"Kvirikadze",17
GE,"Kharabadze",17
GE,"Lomtatidze",17
GE,"Koxreidze",17
GE,"ჯაფარიძე",17
GE,"Buchukuri",17
GE,"Iobidze",17
GE,"Chitishvili",17
GE,"Meparishvili",17
GE,"Trapaidze",17
GE,"Oqropiridze",17
GE,"Akhaladze",17
GE,"Davitaia",17
GE,"გორგაძე",17
GE,"Gobadze",17
GE,"Begashvili",17
GE,"Shanava",17
GE,"Lacabidze",17
GE,"Kakauridze",17
GE,"Nishnianidze",17
GE,"Kvernadze",17
GE,"Megrelidze",17
GE,"Gambashidze",17
GE,"Chigladze",17
GE,"Nadareishvili",17
GE,"Nadaraia",17
GE,"Bakradze",17
GE,"Gasparyan",17
GE,"Bezhanidze",17
GE,"ჭანტურია",17
GE,"Kontselidze",17
GE,"Khurtsidze",17
GE,"Fifia",17
GE,"ტაბატაძე",17
GE,"Gadelia",17
GE,"კახიძე",17
GE,"Darjania",17
GE,"Chixladze",17
GE,"Darbaidze",17
GE,"Bekauri",17
GE,"კა",17
GE,"სამყარო",17
GE,"Bairamova",16
GE,"Singh",16
GE,"Allazov",16
GE,"Sandro",16
GE,"Salome",16
GE,"Maxo",16
GE,"Babaev",16
GE,"Memedov",16
GE,"Hesenova",16
GE,"Shako",16
GE,"Amirov",16
GE,"Diana",16
GE,"Karimov",16
GE,"Barabadze",16
GE,"Avto",16
GE,"Mezvrishvili",16
GE,"Gorgoshadze",16
GE,"Vanadze",16
GE,"Toradze",16
GE,"Lana",16
GE,"Tamu",16
GE,"Amiranashvili",16
GE,"Qurasbediani",16
GE,"Kvashilava",16
GE,"Mikava",16
GE,"Kostava",16
GE,"Leladze",16
GE,"Hakobyan",16
GE,"Menabdishvili",16
GE,"ირემაძე",16
GE,"Bibileishvili",16
GE,"Parulava",16
GE,"Mutidze",16
GE,"Kaladze",16
GE,"Nachyebia",16
GE,"Gabisonia",16
GE,"Chikviladze",16
GE,"Gvinjilia",16
GE,"Charkviani",16
GE,"Gvaramadze",16
GE,"Mkrtchyan",16
GE,"Kheladze",16
GE,"Moseshvili",16
GE,"Morgoshia",16
GE,"გოგიტიძე",16
GE,"Sopromadze",16
GE,"Ti",16
GE,"Koridze",16
GE,"Dundua",16
GE,"Kobiashvili",16
GE,"Kirtadze",16
GE,"Xarabadze",16
GE,"Papuashvili",16
GE,"Papunashvili",16
GE,"Chankvetadze",16
GE,"Sulamanidze",16
GE,"Dzagnidze",16
GE,"Chogadze",16
GE,"Dalaqishvili",16
GE,"Muradashvili",16
GE,"Gogatishvili",16
GE,"Bejanishvili",16
GE,"Nogaideli",16
GE,"Sofia",15
GE,"Lali",15
GE,"Гасанов",15
GE,"Orujov",15
GE,"Iskandarov",15
GE,"Levan",15
GE,"Anano",15
GE,"Safaridze",15
GE,"Novruzova",15
GE,"Kilasonia",15
GE,"Gujejiani",15
GE,"Murvanidze",15
GE,"Tolordava",15
GE,"Ratiani",15
GE,"Sutidze",15
GE,"Shashikadze",15
GE,"Ira",15
GE,"Solomonidze",15
GE,"Chxikvadze",15
GE,"Mamukashvili",15
GE,"Broladze",15
GE,"Kharaishvili",15
GE,"Gugushvili",15
GE,"Jorjoliani",15
GE,"Irina",15
GE,"Sarjveladze",15
GE,"ცინცაძე",15
GE,"Oragvelidze",15
GE,"Beria",15
GE,"Guledani",15
GE,"Samnidze",15
GE,"Stepanyan",15
GE,"Kajaia",15
GE,"Lela",15
GE,"Afciauri",15
GE,"Jayeli",15
GE,"Arevadze",15
GE,"Martiashvili",15
GE,"Ismaylov",15
GE,"Shiukashvili",15
GE,"Akobia",15
GE,"Kochadze",15
GE,"ფარტენაძე",15
GE,"Menabde",15
GE,"Balaxadze",15
GE,"Vacheishvili",15
GE,"Areshidze",15
GE,"Berulava",15
GE,"Sordia",15
GE,"Shulaia",15
GE,"Paichadze",15
GE,"Kakashvili",15
GE,"ბარამიძე",15
GE,"Berikashvili",15
GE,"Zurabishvili",15
GE,"Abuseridze",15
GE,"Саркисян",15
GE,"Apkhazava",15
GE,"Telia",15
GE,"Abshilava",15
GE,"Grdzelidze",15
GE,"Menteshashvili",15
GE,"Mefarishvili",15
GE,"Mortuladze",15
GE,"Morchiladze",15
GE,"Rogava",15
GE,"Salia",15
GE,"Donadze",15
GE,"Kintsurashvili",15
GE,"Kirakosyan",15
GE,"Omiadze",15
GE,"დოლიძე",15
GE,"Iosava",15
GE,"Liluashvili",15
GE,"Pkhakadze",15
GE,"Abdullaev",14
GE,"Ashirov",14
GE,"Pasayev",14
GE,"Kazimov",14
GE,"Musayeva",14
GE,"Musaeva",14
GE,"Soso",14
GE,"Nabiyev",14
GE,"Muradova",14
GE,"ნიკა",14
GE,"Sergo",14
GE,"Changelia",14
GE,"Giunashvili",14
GE,"Darchidze",14
GE,"Sherozia",14
GE,"კალანდაძე",14
GE,"Baliashvili",14
GE,"Gordeladze",14
GE,"Mariam",14
GE,"შაინიძე",14
GE,"Tatishvili",14
GE,"Nina",14
GE,"Alievi",14
GE,"Ahmed",14
GE,"Nikoleishvili",14
GE,"გიორგი",14
GE,"Tsikarishvili",14
GE,"სამხარაძე",14
GE,"Qitiashvili",14
GE,"Narmania",14
GE,"Ugrexelidze",14
GE,"Datunashvili",14
GE,"Janashvili",14
GE,"Lomaia",14
GE,"Abuselidze",14
GE,"Aleko",14
GE,"Хачатурян",14
GE,"Tours",14
GE,"Khizanishvili",14
GE,"Gogelia",14
GE,"Caava",14
GE,"Kobaidze",14
GE,"Koba",14
GE,"Kharebava",14
GE,"Gogidze",14
GE,"Sharabidze",14
GE,"Khuchua",14
GE,"Sakandelidze",14
GE,"Maghradze",14
GE,"Ivanishvili",14
GE,"Kiknavelidze",14
GE,"Gabriadze",14
GE,"Qoridze",14
GE,"Shevchenko",14
GE,"Axaladze",14
GE,"Makhatadze",14
GE,"Doborjginidze",14
GE,"Jvania",14
GE,"Karchava",14
GE,"Bagdasaryan",14
GE,"Kasradze",14
GE,"Endeladze",14
GE,"Xaraishvili",14
GE,"Nodia",14
GE,"Kakaladze",14
GE,"Navrozashvili",14
GE,"Odishvili",14
GE,"Baqradze",14
GE,"Bardavelidze",14
GE,"Chitashvili",14
GE,"Pirtskhalava",14
GE,"Te",14
GE,"მელაძე",14
GE,"Gigineishvili",14
GE,"Tediashvili",14
GE,"Goliadze",14
GE,"Peikrishvili",14
GE,"Mda",14
GE,"Chokheli",14
GE,"ბოჭორიშვილი",14
GE,"Mosidze",14
GE,"Gelenidze",14
GE,"Amaglobeli",14
GE,"Bidzinashvili",14
GE,"Buadze",14
GE,"Buachidze",14
GE,"Mesxidze",14
GE,"Merkviladze",14
GE,"Xorava",14
GE,"თოდუა",14
GE,"Di",14
GE,"Garibashvili",14
GE,"Izoria",14
GE,"Sekhniashvili",14
GE,"Surmava",14
GE,"Chitaia",14
GE,"Abramidze",14
GE,"Jiqidze",14
GE,"Jobava",14
GE,"Gafrindashvili",14
GE,"Durglishvili",14
GE,"La",14
GE,"Paikidze",14
GE,"Murusidze",14
GE,"Tavberidze",14
GE,"Kiria",14
GE,"Liza",13
GE,"Mirzeyev",13
GE,"Qocayev",13
GE,"Sharifov",13
GE,"მარიამი",13
GE,"Ehmedov",13
GE,"Akopova",13
GE,"Kurbanova",13
GE,"İsmailov",13
GE,"Kaxniashvili",13
GE,"Piriev",13
GE,"Tengo",13
GE,"Xato",13
GE,"Vika",13
GE,"Gaga",13
GE,"Mustafayeva",13
GE,"Гусейнов",13
GE,"Zedginidze",13
GE,"Karaxmazli",13
GE,"Sha",13
GE,"Lutidze",13
GE,"Gejadze",13
GE,"Tata",13
GE,"Edo",13
GE,"Letodiani",13
GE,"Nona",13
GE,"Geliashvili",13
GE,"Lagidze",13
GE,"Dzidziguri",13
GE,"Bogveradze",13
GE,"Karanadze",13
GE,"Kurcxalidze",13
GE,"Qvarcxava",13
GE,"Khvichia",13
GE,"Sidamonidze",13
GE,"Burchuladze",13
GE,"Kupradze",13
GE,"Ako",13
GE,"Leonidze",13
GE,"Chachava",13
GE,"Shukakidze",13
GE,"Vardiashvili",13
GE,"Mosia",13
GE,"Saladze",13
GE,"Wulukidze",13
GE,"Eloshvili",13
GE,"Mukbaniani",13
GE,"Melikidze",13
GE,"Saluqvadze",13
GE,"Tepnadze",13
GE,"Kharazishvili",13
GE,"თავდგირიძე",13
GE,"Khitarishvili",13
GE,"Gobronidze",13
GE,"გოგოლაძე",13
GE,"Yifiani",13
GE,"Toidze",13
GE,"Komakhidze",13
GE,"Cucqiridze",13
GE,"Valishvili",13
GE,"Suxitashvili",13
GE,"Londaridze",13
GE,"Evgenidze",13
GE,"Nato",13
GE,"House",13
GE,"Manjgaladze",13
GE,"Mamisashvili",13
GE,"Malazonia",13
GE,"Chikadze",13
GE,"Gaurgashvili",13
GE,"Sanaia",13
GE,"Veliadze",13
GE,"Вартанян",13
GE,"Jgerenaia",13
GE,"Gedenidze",13
GE,"Gubeladze",13
GE,"Khatiashvili",13
GE,"Choladze",13
GE,"სიხარულიძე",13
GE,"Esartia",13
GE,"Sartania",13
GE,"Morchadze",13
GE,"Tsilosani",13
GE,"Margiani",13
GE,"Sxirtladze",13
GE,"Tabukashvili",13
GE,"Natidze",13
GE,"ჯავახიშვილი",13
GE,"Gasanova",12
GE,"Guseyinov",12
GE,"Nurmamedov",12
GE,"Oto",12
GE,"Anastasia",12
GE,"Eliyeva",12
GE,"Ra",12
GE,"Guseinova",12
GE,"Abuashvili",12
GE,"George",12
GE,"Lazishvili",12
GE,"Darsalia",12
GE,"Nanka",12
GE,"Phartenadze",12
GE,"Shioshvili",12
GE,"Keti",12
GE,"Osanadze",12
GE,"Buzaladze",12
GE,"Kobuladze",12
GE,"Kikilashvili",12
GE,"Simonyan",12
GE,"Gabadze",12
GE,"Lomashvili",12
GE,"Demetradze",12
GE,"Saldadze",12
GE,"Nioradze",12
GE,"Kutubidze",12
GE,"Katsadze",12
GE,"დათო",12
GE,"Ramazashvili",12
GE,"Babunashvili",12
GE,"Kaya",12
GE,"Xidirov",12
GE,"Gurchiani",12
GE,"Memishishi",12
GE,"Gozalishvili",12
GE,"Tsiteladze",12
GE,"Gvetadze",12
GE,"Meliqidze",12
GE,"Tsirekidze",12
GE,"Goshadze",12
GE,"Tonoyan",12
GE,"Data",12
GE,"Gociridze",12
GE,"Mirotadze",12
GE,"Gugunishvili",12
GE,"Kuxalashvili",12
GE,"Kurshubadze",12
GE,"Kvachantiradze",12
GE,"Msxaladze",12
GE,"Lekishvili",12
GE,"Lagadze",12
GE,"Aduashvili",12
GE,"Meliqishvili",12
GE,"Kakiashvili",12
GE,"Bucxrikidze",12
GE,"Kodua",12
GE,"Kavelashvili",12
GE,"Kartozia",12
GE,"ონიანი",12
GE,"Shvangiradze",12
GE,"Kh",12
GE,"Tlashadze",12
GE,"Kenchadze",12
GE,"Kekua",12
GE,"Chiburdanidze",12
GE,"ნაჭყებია",12
GE,"Lolua",12
GE,"Inashvili",12
GE,"Svianadze",12
GE,"Gvritishvili",12
GE,"Eradze",12
GE,"Enukidze",12
GE,"Chargazia",12
GE,"Eristavi",12
GE,"Vashalomidze",12
GE,"Geguchadze",12
GE,"Beroshvili",12
GE,"Cirekidze",12
GE,"Zautashvili",12
GE,"Gegenava",12
GE,"Gugava",12
GE,"Петросян",12
GE,"Chaladze",12
GE,"Jugeli",12
GE,"მუმლაძე",12
GE,"Kankia",12
GE,"Dabrundashvili",12
GE,"Gergaia",12
GE,"Ch",12
GE,"Kavtarashvili",12
GE,"Григорян",12
GE,"Bagashvili",12
GE,"Kekelia",12
GE,"Gvalia",12
GE,"Zurabiani",12
GE,"Gia",12
GE,"Xarebava",12
GE,"Kutateladze",12
GE,"Makarati",12
GE,"Mania",12
GE,"Mesxia",12
GE,"Tkemaladze",12
GE,"Rurua",12
GE,"Tsenteradze",12
GE,"Gogilashvili",12
GE,"კონცელიძე",12
GE,"Joxadze",12
GE,"ქავთარაძე",12
GE,"Latsabidze",12
GE,"Xizanishvili",12
GE,"Акопян",12
GE,"Chrelashvili",12
GE,"Imedashvili",12
GE,"Gumbatov",11
GE,"Akhmedov",11
GE,"Мустафаев",11
GE,"Ge",11
GE,"Ba",11
GE,"Oganezova",11
GE,"Sh",11
GE,"Bediyev",11
GE,"Celilov",11
GE,"ანა",11
GE,"Akopov",11
GE,"Nazarov",11
GE,"Quseyinov",11
GE,"Nagiyev",11
GE,"Niako",11
GE,"Abzianidze",11
GE,"Tatia",11
GE,"Heydarov",11
GE,"Irma",11
GE,"Man",11
GE,"Исмаилов",11
GE,"Humbetov",11
GE,"Fxakadze",11
GE,"Jangveladze",11
GE,"Sarifov",11
GE,"Khorava",11
GE,"Skhirtladze",11
GE,"Погосян",11
GE,"Xajishvili",11
GE,"Go",11
GE,"Machitidze",11
GE,"Dima",11
GE,"Ибрагимов",11
GE,"Noniashvili",11
GE,"Xachapuridze",11
GE,"Kamashidze",11
GE,"Sofromadze",11
GE,"Maruashvili",11
GE,"Mkheidze",11
GE,"Temuri",11
GE,"შენგელია",11
GE,"ხურციძე",11
GE,"Adamashvili",11
GE,"Pruidze",11
GE,"Gogashvili",11
GE,"Gogava",11
GE,"Tornike",11
GE,"ფიფია",11
GE,"Lazarashvili",11
GE,"Dalakishvili",11
GE,"Kviciani",11
GE,"ბექაური",11
GE,"Badzagua",11
GE,"Khelashvili",11
GE,"Shamanadze",11
GE,"Ambroladze",11
GE,"Tkebuchava",11
GE,"Didebashvili",11
GE,"Popkhadze",11
GE,"Osadze",11
GE,"Mirzoyan",11
GE,"Ayvazyan",11
GE,"Odikadze",11
GE,"Goletiani",11
GE,"Gerliani",11
GE,"ჭაღალიძე",11
GE,"Lukava",11
GE,"Markozashvili",11
GE,"Davituliani",11
GE,"Svanadze",11
GE,"Matkava",11
GE,"დანელია",11
GE,"Deisadze",11
GE,"Darsavelidze",11
GE,"Mamporia",11
GE,"Datashvili",11
GE,"Iakobidze",11
GE,"Ablotia",11
GE,"Qurdadze",11
GE,"Guliyev",11
GE,"Mukutadze",11
GE,"Беридзе",11
GE,"Benashvili",11
GE,"Bolotashvili",11
GE,"Zardiashvili",11
GE,"Eliashvili",11
GE,"Gognadze",11
GE,"გიგაური",11
GE,"Chkuaseli",11
GE,"Enuqidze",11
GE,"Dolaberidze",11
GE,"Gudadze",11
GE,"Datuashvili",11
GE,"Zaalishvili",11
GE,"Ilia",11
GE,"Gvilava",11
GE,"Keshelava",11
GE,"Kamadadze",11
GE,"Jalaghonia",11
GE,"Gurgenadze",11
GE,"Jashiashvili",11
GE,"Butskhrikidze",11
GE,"მგელაძე",11
GE,"Gigashvili",11
GE,"Мартиросян",11
GE,"Dzandzava",11
GE,"Gogrichiani",11
GE,"Lanchava",11
GE,"Lashxia",11
GE,"Mindia",11
GE,"Pakeliani",11
GE,"Miqaberidze",11
GE,"Wiqarishvili",11
GE,"Orjonikidze",11
GE,"Motskobili",11
GE,"Martirosyan",11
GE,"Petrosian",11
GE,"Maxaroblidze",11
GE,"Peranidze",11
GE,"Purtseladze",11
GE,"ხოზრევანიძე",11
GE,"Turiashvili",11
GE,"Pkhaladze",11
GE,"Varsimashvili",11
GE,"Tsanava",11
GE,"Love",11
GE,"Torosyan",11
GE,"Saakyan",11
GE,"Sulkhanishvili",11
GE,"Gagoshidze",11
GE,"Beglarashvili",11
GE,"Gasviani",11
GE,"Oganesyan",11
GE,"Tabidze",11
GE,"წერეთელი",11
GE,"Vibliani",11
GE,"Saitadze",11
GE,"Vashadze",11
GE,"Salukvadze",11
GE,"Maglaperidze",11
GE,"Zakaradze",11
GE,"საბა",11
GE,"Tushishvili",11
GE,"Art",11
GE,"Chavleishvili",11
GE,"Lebanidze",11
GE,"Mansurov",10
GE,"Asadov",10
GE,"Xa",10
GE,"Imanov",10
GE,"Kalaev",10
GE,"Jaba",10
GE,"Abdulaev",10
GE,"Maxmudov",10
GE,"Курбанов",10
GE,"Almazov",10
GE,"თამო",10
GE,"Cobanov",10
GE,"Kikadze",10
GE,"Ugrekhelidze",10
GE,"Yusubova",10
GE,"ლუკა",10
GE,"Ibragimova",10
GE,"Chikaidze",10
GE,"Nuriyev",10
GE,"Shurgaia",10
GE,"Ediberidze",10
GE,"Songulashvili",10
GE,"Kato",10
GE,"Chabashvili",10
GE,"Abazadze",10
GE,"Eliava",10
GE,"Papunidze",10
GE,"Bedukadze",10
GE,"Goginava",10
GE,"Tsutskiridze",10
GE,"მაჭარაშვილი",10
GE,"Gvari",10
GE,"Taso",10
GE,"Gogo",10
GE,"Gogeshvili",10
GE,"Afaqidze",10
GE,"ოქროპირიძე",10
GE,"Akopyan",10
GE,"Gorjomeladze",10
GE,"Gudushauri",10
GE,"Lamparadze",10
GE,"Batiashvili",10
GE,"Kakhadze",10
GE,"ფერაძე",10
GE,"შარაშიძე",10
GE,"Milorava",10
GE,"თაკო",10
GE,"თეო",10
GE,"Dogonadze",10
GE,"Xujadze",10
GE,"Оганесян",10
GE,"Xasaia",10
GE,"On",10
GE,"Pachkoria",10
GE,"Ahmedov",10
GE,"Shariqadze",10
GE,"Sargsyan",10
GE,"Mutoshvili",10
GE,"ცერცვაძე",10
GE,"მეტრეველი",10
GE,"Gunia",10
GE,"Jangirashvili",10
GE,"Masurashvili",10
GE,"Qeburia",10
GE,"Chedia",10
GE,"Gaukmebulia",10
GE,"Baratashvili",10
GE,"Tuxashvili",10
GE,"Tyemaladze",10
GE,"Makaridze",10
GE,"Gabashvili",10
GE,"Nikolashvili",10
GE,"Shashiashvili",10
GE,"ნი",10
GE,"თავართქილაძე",10
GE,"Jikidze",10
GE,"Zaqaidze",10
GH,"Mensah",12092
GH,"Owusu",7663
GH,"Gh",6064
GH,"Boateng",5857
GH,"Mohammed",5556
GH,"Yeboah",5284
GH,"Emmanuel",5121
GH,"Appiah",4981
GH,"Osei",4520
GH,"Tetteh",4447
GH,"Asare",4216
GH,"Arthur",3964
GH,"Adjei",3407
GH,"Ibrahim",3367
GH,"Asante",3257
GH,"Samuel",3232
GH,"Opoku",3189
GH,"Amoah",3043
GH,"Frimpong",2920
GH,"Ofori",2913
GH,"Isaac",2881
GH,"Addo",2744
GH,"Antwi",2719
GH,"Boakye",2680
GH,"Alhassan",2561
GH,"Nyarko",2408
GH,"Asamoah",2395
GH,"Daniel",2354
GH,"Obeng",2354
GH,"Amponsah",2281
GH,"Acquah",2244
GH,"Ansah",2150
GH,"Oppong",2147
GH,"Kofi",2146
GH,"Kwame",2122
GH,"Francis",2106
GH,"Richard",2007
GH,"Adu",1992
GH,"Donkor",1990
GH,"Joseph",1989
GH,"Stephen",1963
GH,"Yaw",1926
GH,"Acheampong",1913
GH,"Sarpong",1866
GH,"Agyemang",1865
GH,"Brown",1830
GH,"Prince",1817
GH,"Agyei",1772
GH,"Musah",1769
GH,"Michael",1732
GH,"Yakubu",1676
GH,"Darko",1643
GH,"Aidoo",1621
GH,"Okyere",1605
GH,"Adams",1603
GH,"Love",1598
GH,"Seidu",1578
GH,"Amoako",1575
GH,"David",1554
GH,"John",1549
GH,"Eric",1516
GH,"Junior",1507
GH,"Issah",1506
GH,"Gyamfi",1506
GH,"Danso",1493
GH,"Asiedu",1473
GH,"Sam",1466
GH,"Baidoo",1465
GH,"Eshun",1459
GH,"Serwaa",1406
GH,"Nkrumah",1402
GH,"Mary",1387
GH,"Nartey",1358
GH,"Ali",1357
GH,"Adam",1346
GH,"Baah",1329
GH,"Ama",1320
GH,"Annan",1319
GH,"Quaye",1315
GH,"Oduro",1305
GH,"Quansah",1301
GH,"Aboagye",1299
GH,"Jnr",1294
GH,"James",1277
GH,"Ebenezer",1259
GH,"Otoo",1251
GH,"Solomon",1241
GH,"Dadzie",1239
GH,"Salifu",1213
GH,"Konadu",1210
GH,"Yaa",1193
GH,"Abdulai",1185
GH,"Tawiah",1184
GH,"Sackey",1179
GH,"Abubakar",1166
GH,"Afriyie",1161
GH,"Iddrisu",1153
GH,"Osman",1123
GH,"Williams",1114
GH,"Lamptey",1081
GH,"Johnson",1080
GH,"Afful",1077
GH,"Esther",1076
GH,"Cudjoe",1073
GH,"Bright",1070
GH,"Kwaku",1070
GH,"George",1062
GH,"Koomson",1056
GH,"Andoh",1041
GH,"Evans",1038
GH,"Peter",1036
GH,"Lartey",1028
GH,"Arhin",1025
GH,"Manu",1021
GH,"Paul",1010
GH,"Yussif",1010
GH,"Benjamin",1004
GH,"Smith",998
GH,"Agyapong",991
GH,"Essel",986
GH,"Frank",971
GH,"Charles",958
GH,"Larbi",958
GH,"Sarfo",935
GH,"Bonsu",923
GH,"Gifty",918
GH,"Moses",907
GH,"Kwabena",904
GH,"Papabi",901
GH,"Amankwah",893
GH,"Wilson",885
GH,"Grace",879
GH,"Elizabeth",876
GH,"Bismark",875
GH,"Baba",875
GH,"Comfort",869
GH,"King",866
GH,"Haruna",862
GH,"Gyan",854
GH,"Ernest",848
GH,"Adepa",847
GH,"Teye",847
GH,"Kwarteng",844
GH,"Akua",838
GH,"Addai",832
GH,"Armah",827
GH,"Patrick",807
GH,"Fosu",804
GH,"Thomas",798
GH,"Boadi",798
GH,"Boadu",795
GH,"Badu",783
GH,"Kojo",779
GH,"Abigail",778
GH,"Asantewaa",777
GH,"Nana",777
GH,"Ahmed",770
GH,"Kwasi",769
GH,"Kumi",769
GH,"Fuseini",768
GH,"Nkansah",763
GH,"Kwofie",762
GH,"Wan",758
GH,"Forson",757
GH,"Linda",748
GH,"Bae",748
GH,"Kyei",748
GH,"Duah",746
GH,"Joyce",745
GH,"Kwakye",742
GH,"Boamah",737
GH,"Ofosu",736
GH,"Quarshie",736
GH,"Felix",734
GH,"Marfo",729
GH,"Narh",728
GH,"Kusi",724
GH,"Gideon",723
GH,"Gyasi",721
GH,"Nyamekye",716
GH,"Issaka",709
GH,"Agyeman",709
GH,"Awuah",706
GH,"Agyekum",704
GH,"Amissah",699
GH,"Collins",695
GH,"Danquah",693
GH,"Boy",686
GH,"Boatemaa",682
GH,"Simon",682
GH,"Philip",680
GH,"Abraham",675
GH,"Takyi",675
GH,"Man",673
GH,"Laryea",672
GH,"Nyame",670
GH,"Hammond",667
GH,"Ankrah",667
GH,"Nelson",663
GH,"Cobbinah",663
GH,"Agyeiwaa",658
GH,"Kumah",655
GH,"Sampson",654
GH,"Akoto",653
GH,"Abu",651
GH,"Patience",649
GH,"Quartey",648
GH,"Janet",641
GH,"Karim",636
GH,"Coffie",633
GH,"Mavis",631
GH,"Joshua",630
GH,"Gyimah",627
GH,"Rita",626
GH,"Abubakari",622
GH,"Abena",619
GH,"Koranteng",618
GH,"Amadu",616
GH,"Yahaya",614
GH,"Anane",613
GH,"Anthony",609
GH,"Kay",609
GH,"Addae",608
GH,"Razak",606
GH,"Joe",603
GH,"Seth",602
GH,"Maxwell",600
GH,"Rose",598
GH,"Bwoy",593
GH,"Mercy",591
GH,"Adwoa",588
GH,"Anderson",588
GH,"Godwin",586
GH,"Ampofo",585
GH,"Mumuni",581
GH,"Queen",579
GH,"Quayson",572
GH,"Wisdom",569
GH,"Lydia",569
GH,"Mahama",569
GH,"Augustine",565
GH,"Robert",565
GH,"Godfred",565
GH,"Tettey",564
GH,"Gabriel",563
GH,"Ackah",559
GH,"Sowah",558
GH,"Hayford",557
GH,"Ankomah",557
GH,"Doe",556
GH,"Mustapha",555
GH,"Sarah",554
GH,"Sulemana",554
GH,"Donkoh",554
GH,"Emma",553
GH,"Alex",552
GH,"Poku",551
GH,"Blay",550
GH,"Anim",549
GH,"Annor",546
GH,"Mills",544
GH,"Victoria",537
GH,"Bernard",536
GH,"Zakaria",536
GH,"Aryee",536
GH,"Kwadwo",534
GH,"Twumasi",533
GH,"Justice",528
GH,"Richmond",527
GH,"Atta",527
GH,"Boafo",526
GH,"Doris",524
GH,"Vida",523
GH,"Abbey",523
GH,"Moro",521
GH,"Kwesi",517
GH,"Abban",513
GH,"William",512
GH,"Thompson",512
GH,"Debrah",511
GH,"Gee",510
GH,"Umar",509
GH,"Edward",508
GH,"Blessing",506
GH,"Nortey",505
GH,"Odoom",502
GH,"Jacob",501
GH,"Twum",501
GH,"Clement",499
GH,"Awudu",499
GH,"Essien",498
GH,"Aggrey",495
GH,"Dickson",491
GH,"Quainoo",491
GH,"Martey",491
GH,"Tagoe",491
GH,"Prosper",490
GH,"Peprah",487
GH,"Asiamah",487
GH,"Okai",487
GH,"Ben",484
GH,"Blinks",484
GH,"Nsiah",478
GH,"Bediako",472
GH,"Mintah",471
GH,"Felicia",470
GH,"Allotey",470
GH,"Rebecca",469
GH,"Mark",463
GH,"Faustina",459
GH,"Zakari",459
GH,"Nicholas",458
GH,"Awuku",458
GH,"Albert",457
GH,"Botchway",457
GH,"Adamu",456
GH,"Beatrice",454
GH,"Offei",454
GH,"Opare",454
GH,"Adusei",452
GH,"Adomako",451
GH,"Jackson",449
GH,"Yankey",449
GH,"Christian",448
GH,"Diana",447
GH,"Jones",446
GH,"Biney",446
GH,"Sakyi",445
GH,"Baffoe",445
GH,"Anokye",445
GH,"Vivian",443
GH,"Morgan",442
GH,"Jennifer",441
GH,"Priscilla",441
GH,"Baffour",441
GH,"Christopher",439
GH,"Shaibu",439
GH,"Sumaila",438
GH,"Bawa",437
GH,"Gloria",436
GH,"Amuzu",436
GH,"Adom",434
GH,"Kingsley",432
GH,"Essuman",432
GH,"Florence",430
GH,"Nuhu",429
GH,"Sandra",428
GH,"Ocran",428
GH,"Bee",428
GH,"Achiaa",426
GH,"Okine",426
GH,"Charity",425
GH,"Sika",425
GH,"Abdullah",424
GH,"Martin",423
GH,"Afia",420
GH,"Dominic",420
GH,"Ruth",418
GH,"Aziz",418
GH,"Jay",417
GH,"Akwasi",416
GH,"Patricia",416
GH,"Pokuaa",414
GH,"Gladys",413
GH,"Addy",411
GH,"Desmond",410
GH,"Mariam",410
GH,"Baiden",409
GH,"Sarkodie",408
GH,"Adjetey",404
GH,"Quaicoe",403
GH,"Amos",400
GH,"Abdallah",399
GH,"Regina",398
GH,"Blankson",398
GH,"Enoch",396
GH,"Abass",396
GH,"Dennis",391
GH,"Ackon",390
GH,"Bless",389
GH,"Andrews",387
GH,"Aikins",386
GH,"Prempeh",384
GH,"Bernice",383
GH,"Evelyn",379
GH,"Owusu Ansah",379
GH,"Abdul",375
GH,"Hannah",373
GH,"Dorcas",373
GH,"Oteng",372
GH,"Enock",370
GH,"Atsu",370
GH,"Effah",370
GH,"Bruce",369
GH,"Mawuli",368
GH,"Ababio",368
GH,"Saeed",367
GH,"Hagan",367
GH,"Cynthia",365
GH,"Ampong",364
GH,"Yawson",362
GH,"Owusua",361
GH,"Suleman",361
GH,"Bonney",360
GH,"Lawson",358
GH,"Victor",357
GH,"Owusuaa",357
GH,"Turkson",356
GH,"Walker",354
GH,"Wiafe",352
GH,"Tahiru",351
GH,"Ameyaw",351
GH,"Micheal",350
GH,"Nyarkoh",350
GH,"Eunice",349
GH,"Ohene",349
GH,"Nti",348
GH,"Inusah",347
GH,"Buabeng",347
GH,"Yusif",346
GH,"Boye",342
GH,"Kobby",340
GH,"Doku",340
GH,"Ntiamoah",340
GH,"Akosua",339
GH,"Taylor",338
GH,"Agnes",336
GH,"Beauty",336
GH,"Rich",336
GH,"Benson",336
GH,"Boahen",335
GH,"Yamoah",335
GH,"Naomi",334
GH,"Young",334
GH,"Addison",334
GH,"Rashid",333
GH,"Stone",330
GH,"Amankwaa",330
GH,"Bukari",329
GH,"Bentil",328
GH,"Foster",327
GH,"Christiana",327
GH,"Kotey",327
GH,"Ampomah",327
GH,"Kyeremeh",325
GH,"Edem",323
GH,"Juliana",321
GH,"Henry",320
GH,"Attah",320
GH,"Odoi",320
GH,"Ghana",319
GH,"Duodu",317
GH,"Hanson",317
GH,"Frimpomaa",316
GH,"Afari",315
GH,"Rahman",314
GH,"Hassan",314
GH,"Sule",314
GH,"Esi",313
GH,"Arkoh",313
GH,"Dede",311
GH,"Alfred",310
GH,"Bentum",309
GH,"Issahaku",308
GH,"Awal",308
GH,"Malik",308
GH,"Akakpo",307
GH,"Jonathan",306
GH,"Alexander",305
GH,"Portia",305
GH,"Muhammed",305
GH,"Tandoh",305
GH,"Dodoo",304
GH,"Frederick",302
GH,"Vincent",302
GH,"Oforiwaa",300
GH,"Amoh",300
GH,"Gariba",300
GH,"Odame",300
GH,"Ayisha",299
GH,"Hamidu",299
GH,"Nunoo",299
GH,"Dankwah",298
GH,"Raymond",297
GH,"Siaw",297
GH,"Lee",297
GH,"Ocansey",297
GH,"Tamakloe",296
GH,"Prah",295
GH,"Dankwa",295
GH,"Martha",293
GH,"Adoma",293
GH,"Dauda",292
GH,"Otchere",291
GH,"Sagoe",291
GH,"Bekoe",289
GH,"Ampah",289
GH,"Karikari",288
GH,"Kennedy",287
GH,"Ansong",287
GH,"Akuffo",286
GH,"Juliet",283
GH,"Latif",283
GH,"Awuni",282
GH,"Nketia",280
GH,"Fati",279
GH,"Millicent",279
GH,"Serwaah",277
GH,"Azumah",276
GH,"Amina",274
GH,"Botwe",274
GH,"Kwao",273
GH,"Francisca",272
GH,"Maiga",271
GH,"Salam",271
GH,"White",271
GH,"Hawa",269
GH,"Antwiwaa",268
GH,"Josephine",268
GH,"Issifu",268
GH,"Fynn",268
GH,"Nuamah",268
GH,"Paintsil",267
GH,"Abakah",265
GH,"Otu",264
GH,"Stella",263
GH,"Monica",263
GH,"Acquaye",263
GH,"Margaret",262
GH,"Naa",261
GH,"Ntim",261
GH,"Otabil",261
GH,"Assan",261
GH,"Afrifa",260
GH,"Tweneboah",260
GH,"Amo",260
GH,"Georgina",259
GH,"Morrison",259
GH,"Deborah",258
GH,"Kyere",258
GH,"Agbo",258
GH,"Cecilia",257
GH,"Alice",257
GH,"Nash",257
GH,"Boss",256
GH,"Ayitey",256
GH,"Berry",255
GH,"Matilda",254
GH,"Fordjour",253
GH,"Agyare",252
GH,"Dee",252
GH,"Inkoom",251
GH,"Kpodo",251
GH,"Hamza",250
GH,"Dufie",249
GH,"Brobbey",249
GH,"Noah",248
GH,"Douglas",247
GH,"Ampadu",247
GH,"Dapaah",245
GH,"Matthew",244
GH,"Dora",244
GH,"Musa",244
GH,"Chris",243
GH,"Carter",243
GH,"Egyir",243
GH,"Sammy",242
GH,"Yankson",242
GH,"Kelvin",241
GH,"Belinda",240
GH,"Ba",240
GH,"Kissi",240
GH,"Yiadom",240
GH,"Dery",240
GH,"Kelly",239
GH,"Dogbey",239
GH,"Mabel",238
GH,"Fred",238
GH,"Larry",238
GH,"Ntow",238
GH,"Kassim",238
GH,"Veronica",237
GH,"Odonkor",237
GH,"Darkwah",237
GH,"Wahab",236
GH,"Parker",236
GH,"Amartey",236
GH,"Ashong",236
GH,"Abukari",234
GH,"Duku",234
GH,"Tanko",233
GH,"Amanor",233
GH,"Ohenewaa",232
GH,"Amidu",232
GH,"Frempong",232
GH,"Adongo",231
GH,"Dorothy",230
GH,"Lawrence",229
GH,"Osei Bonsu",229
GH,"Moore",228
GH,"Elijah",227
GH,"Obed",227
GH,"Daniels",227
GH,"Boahemaa",226
GH,"Boat",226
GH,"Kweku",225
GH,"Mireku",225
GH,"Korankye",225
GH,"Lucy",224
GH,"Odei",224
GH,"Sylvester",223
GH,"Augustina",223
GH,"Essilfie",223
GH,"Asmah",222
GH,"Neequaye",222
GH,"Mantey",222
GH,"Mansah",221
GH,"Gold",221
GH,"Wiredu",221
GH,"Tina",220
GH,"Bashiru",220
GH,"Agbeko",220
GH,"Benedicta",219
GH,"Derrick",219
GH,"Fatawu",219
GH,"Baafi",219
GH,"Nii",218
GH,"Tuffour",218
GH,"Ayisi",218
GH,"Dwomoh",218
GH,"Sterling",217
GH,"Sekyere",217
GH,"Ennin",217
GH,"Pokua",216
GH,"Elvis",216
GH,"Commey",216
GH,"Darkwa",216
GH,"Don",215
GH,"Scott",214
GH,"Sulley",214
GH,"Kwaw",214
GH,"Aryeetey",213
GH,"Boahene",212
GH,"Dogbe",212
GH,"Mens",212
GH,"Mohamed",211
GH,"Hussein",211
GH,"Quarcoo",211
GH,"Freeman",210
GH,"Precious",210
GH,"Kankam",210
GH,"Jonas",209
GH,"Angel",209
GH,"Kesse",209
GH,"Korsah",209
GH,"Pomaa",208
GH,"Nhyira",208
GH,"Timothy",207
GH,"Alidu",207
GH,"Shadrack",205
GH,"Sadia",205
GH,"Wale",205
GH,"Pee",205
GH,"Coleman",205
GH,"Dotse",204
GH,"Adama",204
GH,"Abekah",204
GH,"Black",202
GH,"Muhammad",202
GH,"Saah",202
GH,"Davis",202
GH,"Salamatu",201
GH,"Ishmael",201
GH,"Latifa",201
GH,"Eugene",200
GH,"Nurudeen",200
GH,"Godsway",200
GH,"Aminu",200
GH,"Sani",200
GH,"Ghartey",200
GH,"Newton",199
GH,"Tutu",198
GH,"Peace",197
GH,"Amofa",197
GH,"Brew",197
GH,"Osafo",196
GH,"Sey",196
GH,"Owusuwaa",195
GH,"Jerry",195
GH,"Harrison",195
GH,"Usman",195
GH,"Boampong",195
GH,"General",194
GH,"Gilbert",194
GH,"Louis",194
GH,"Ayensu",194
GH,"Nketiah",194
GH,"Wise",193
GH,"Bortey",193
GH,"Safo",193
GH,"Cobbina",193
GH,"Djan",192
GH,"Berko",192
GH,"Barnes",191
GH,"Bills",190
GH,"Koduah",189
GH,"Lizzy",188
GH,"Annang",188
GH,"Promise",187
GH,"Dramani",187
GH,"Anku",187
GH,"Elorm",187
GH,"Bamfo",186
GH,"Reigns",186
GH,"Wood",186
GH,"Kate",184
GH,"Majeed",184
GH,"Oscar",184
GH,"Tijani",184
GH,"Adu Gyamfi",184
GH,"Theophilus",183
GH,"Sasu",183
GH,"Abdul Rahman",183
GH,"Bondzie",183
GH,"Anang",183
GH,"Ackom",183
GH,"Ernestina",182
GH,"Amoateng",182
GH,"Dwamena",182
GH,"Bansah",182
GH,"Enyonam",181
GH,"Fatima",181
GH,"Sekyi",181
GH,"Kyerewaa",180
GH,"Ocloo",180
GH,"Takyiwaa",179
GH,"Rashida",179
GH,"Leticia",178
GH,"Nyantakyi",178
GH,"Gyebi",178
GH,"Adade",178
GH,"Banks",178
GH,"Ayim",178
GH,"Mike",177
GH,"Guy",177
GH,"Kenneth",176
GH,"Adjoa",175
GH,"Emelia",175
GH,"Diamond",175
GH,"Mingle",175
GH,"Asana",174
GH,"Anita",174
GH,"Ismail",174
GH,"Foli",174
GH,"Ankamah",174
GH,"Akos",173
GH,"Angela",173
GH,"Imoro",173
GH,"Attipoe",173
GH,"Cole",172
GH,"Rukaya",171
GH,"Raphael",171
GH,"Selorm",171
GH,"Abdullai",171
GH,"Amakye",171
GH,"Amankwa",171
GH,"Fosuaa",170
GH,"Affum",170
GH,"Braimah",170
GH,"Abotsi",170
GH,"Awortwe",170
GH,"Anaba",170
GH,"Nancy",169
GH,"Aisha",169
GH,"Bello",169
GH,"Quarm",169
GH,"Adutwumwaa",168
GH,"Jane",168
GH,"Appau",168
GH,"Anum",168
GH,"Eghan",168
GH,"Somuah",168
GH,"Lomotey",168
GH,"Ellen",167
GH,"Charlotte",167
GH,"Dawuda",167
GH,"Destiny",167
GH,"Woode",167
GH,"Anaman",167
GH,"Nimo",167
GH,"Adobea",166
GH,"Gyamfua",166
GH,"Olivia",166
GH,"Iddris",166
GH,"Korley",166
GH,"Botchwey",166
GH,"Cofie",166
GH,"Sikapa",166
GH,"Tay",166
GH,"Rauf",165
GH,"Pat",165
GH,"Amin",165
GH,"Mawusi",165
GH,"Okrah",165
GH,"Amankwaah",165
GH,"Ike",164
GH,"Kyeremaa",164
GH,"Wonder",164
GH,"Rockson",164
GH,"Muniru",164
GH,"Abaidoo",164
GH,"Korang",164
GH,"Mumin",162
GH,"Theresa",161
GH,"Yao",161
GH,"Ewusi",161
GH,"Boah",161
GH,"Agyapomaa",160
GH,"Klutse",160
GH,"Ayeh",160
GH,"Akorli",160
GH,"Nimako",160
GH,"Adomah",159
GH,"Aboagyewaa",158
GH,"Mathew",158
GH,"Vera",158
GH,"Mohammad",158
GH,"Delali",158
GH,"Klu",158
GH,"Ray",157
GH,"Dan",157
GH,"Abudu",157
GH,"Obiri",157
GH,"Arhinful",157
GH,"Essoun",157
GH,"Osae",157
GH,"Kubi",156
GH,"Dadson",156
GH,"Korkor",155
GH,"Paulina",155
GH,"Innocent",155
GH,"Saviour",155
GH,"Nation",155
GH,"Amevor",155
GH,"Deku",155
GH,"Quist",155
GH,"Duncan",155
GH,"Emefa",154
GH,"Essandoh",154
GH,"Gaisie",154
GH,"Christy",153
GH,"Fredrick",153
GH,"Julius",153
GH,"Guy Guy",153
GH,"Kuffour",153
GH,"Azure",153
GH,"Attoh",153
GH,"Efya",152
GH,"Hero",152
GH,"Tee",152
GH,"Gyekye",152
GH,"Amihere",152
GH,"Boakyewaa",151
GH,"Dacosta",151
GH,"Dzifa",151
GH,"Blinkz",151
GH,"Tackie",151
GH,"Hemaa",150
GH,"Yaro",150
GH,"Adofo",150
GH,"Owusu-Ansah",150
GH,"Kodua",150
GH,"Yalley",150
GH,"Gyapong",149
GH,"Oware",149
GH,"Awotwe",149
GH,"Whyte",149
GH,"Joel",148
GH,"Hafiz",148
GH,"Owiredu",148
GH,"Damoah",148
GH,"Selina",147
GH,"Lukman",147
GH,"Andy",147
GH,"Abdul Karim",147
GH,"Nettey",147
GH,"Tenkorang",147
GH,"Akrofi",147
GH,"Kuma",147
GH,"Fosua",146
GH,"Asabea",146
GH,"Senyo",146
GH,"Favour",146
GH,"Akowuah",146
GH,"Amarh",146
GH,"Yeboaa",145
GH,"Godson",145
GH,"Aba",145
GH,"Ofosua",144
GH,"Animah",144
GH,"Papa",144
GH,"Ayuba",144
GH,"Agbesi",144
GH,"Sena",144
GH,"Sosu",144
GH,"Buckman",144
GH,"Nyaaba",143
GH,"Omari",143
GH,"Ashitey",143
GH,"Clinton",142
GH,"Mathias",142
GH,"Khalifa",142
GH,"Hamid",142
GH,"Abugri",142
GH,"Yorke",142
GH,"Clottey",142
GH,"Lawer",141
GH,"Mensa",141
GH,"Tei",141
GH,"Amoo",141
GH,"Theresah",140
GH,"Sophia",140
GH,"Nketsiah",140
GH,"Kafui",139
GH,"Hackman",139
GH,"Ransford",138
GH,"Bridget",138
GH,"Ramatu",138
GH,"Abdul Razak",138
GH,"Darling",138
GH,"Israel",137
GH,"Legacy",137
GH,"Kasim",137
GH,"Joy",137
GH,"Adu-Gyamfi",137
GH,"Yirenkyi",137
GH,"Perry",137
GH,"Quashie",137
GH,"Mamudu",137
GH,"Mends",137
GH,"Alhaji",136
GH,"Darlington",136
GH,"Sadick",136
GH,"Tia",136
GH,"Senior",135
GH,"Abrafi",135
GH,"Solo",135
GH,"Entsie",135
GH,"Glover",135
GH,"Nyarkoa",134
GH,"Ophelia",134
GH,"Judith",134
GH,"Sunday",134
GH,"Lord",134
GH,"Iddi",134
GH,"Crentsil",134
GH,"Divine",133
GH,"Bowy",133
GH,"Hope",133
GH,"Akwetey",133
GH,"Agyiri",133
GH,"Adubea",132
GH,"Ann",132
GH,"Yahya",132
GH,"Baako",132
GH,"Atanga",132
GH,"Dela",132
GH,"Twumwaa",131
GH,"Suleiman",131
GH,"Eben",130
GH,"Richie",130
GH,"Cosmos",130
GH,"Romeo",129
GH,"Power",129
GH,"Gordon",129
GH,"Apraku",129
GH,"Brako",129
GH,"Halidu",129
GH,"Issa",129
GH,"Obuobi",129
GH,"Agyepong",129
GH,"Kwateng",129
GH,"Ahenkorah",129
GH,"Kyeraa",128
GH,"Habib",128
GH,"Anani",128
GH,"Jibril",128
GH,"Sefa",128
GH,"Amenyo",128
GH,"Abeka",128
GH,"Ninson",128
GH,"Ohemeng",128
GH,"Irene",127
GH,"Birago",127
GH,"Eva",127
GH,"Bella",127
GH,"Bill",127
GH,"Budu",127
GH,"Ayi",127
GH,"Pablo",126
GH,"Perfect",126
GH,"Aku",126
GH,"Saani",126
GH,"Newman",126
GH,"Yartey",126
GH,"Savage",126
GH,"Salomey",125
GH,"Steven",125
GH,"Brefo",125
GH,"Obour",125
GH,"Osei Tutu",125
GH,"Edwin",124
GH,"Sadik",124
GH,"Hudu",124
GH,"Tabi",124
GH,"Ashley",124
GH,"Enchill",124
GH,"Sadat",123
GH,"Messi",123
GH,"Barikisu",123
GH,"Powers",123
GH,"Banahene",123
GH,"Quao",123
GH,"Sefah",123
GH,"Tiwaa",122
GH,"Erica",122
GH,"Grant",122
GH,"Maccarthy",122
GH,"Nice",122
GH,"Betty",121
GH,"Tuga",121
GH,"Baron",121
GH,"Dodzi",121
GH,"Miller",121
GH,"Oti",121
GH,"Iddriss",121
GH,"Odai",121
GH,"Adotey",121
GH,"Seyram",121
GH,"Ghansah",121
GH,"Asiedua",120
GH,"Gina",120
GH,"Kwashie",120
GH,"Bio",120
GH,"Kyeremateng",120
GH,"Abrokwah",120
GH,"Bimpong",120
GH,"Stanley",119
GH,"Obaapa",119
GH,"Ranking",119
GH,"Appiagyei",119
GH,"Amanfo",119
GH,"Simpson",119
GH,"Acheampomaa",118
GH,"Rejoice",118
GH,"Brago",118
GH,"Samira",118
GH,"Snr",118
GH,"Bea",118
GH,"Ashie",118
GH,"Aseidu",118
GH,"Asomaning",118
GH,"Tony",117
GH,"Faisal",117
GH,"Guyguy",117
GH,"Pascal",116
GH,"Empress",116
GH,"Appiah Kubi",116
GH,"Yaya",116
GH,"Gyau",116
GH,"Anning",116
GH,"Darkoh",116
GH,"Constance",115
GH,"Atuahene",115
GH,"Sadiq",115
GH,"Tieku",115
GH,"Doh",115
GH,"Graham",115
GH,"Bossman",115
GH,"Agbozo",115
GH,"Mawutor",115
GH,"Dartey",115
GH,"Bawah",115
GH,"Asumadu",115
GH,"Akpalu",115
GH,"Anima",114
GH,"Afua",114
GH,"Edith",114
GH,"Shatta",114
GH,"Omar",114
GH,"Amaning",114
GH,"Manuel",113
GH,"Yayra",113
GH,"Isaiah",113
GH,"Ayamga",113
GH,"Archer",113
GH,"Mariama",112
GH,"Rock",112
GH,"Suzzy",112
GH,"May",112
GH,"Pinto",112
GH,"Osabutey",112
GH,"Afram",112
GH,"Kingsford",111
GH,"Jamila",111
GH,"Boakye Yiadom",111
GH,"Aning",111
GH,"Mante",111
GH,"Davies",111
GH,"Rahinatu",110
GH,"West",110
GH,"Fuseni",110
GH,"Happy",110
GH,"Ofosuhene",110
GH,"Akuoko",110
GH,"Ampiah",110
GH,"Akomeah",110
GH,"Basit",109
GH,"Garba",109
GH,"Lion",109
GH,"Yakub",109
GH,"Incoom",109
GH,"Eli",109
GH,"Susana",108
GH,"Sly",108
GH,"Eyram",108
GH,"Ansu",108
GH,"Salia",108
GH,"Broni",108
GH,"Benard",107
GH,"Ayivor",107
GH,"Ayiku",107
GH,"Lumor",107
GH,"Ayertey",107
GH,"Akrong",107
GH,"Dei",107
GH,"Quame",106
GH,"Esinam",106
GH,"Mansa",106
GH,"Lina",106
GH,"Emmanuella",106
GH,"Ezekiel",106
GH,"Wayo",106
GH,"Best",106
GH,"Sayibu",106
GH,"Nasiru",106
GH,"Moussa",106
GH,"Gyesi",106
GH,"Ahiable",106
GH,"Bilson",106
GH,"Amu",106
GH,"Rosemary",105
GH,"Tabiri",105
GH,"Ventures",105
GH,"Awudi",105
GH,"Boachie",105
GH,"Afrane",105
GH,"Apenteng",105
GH,"Welbeck",105
GH,"Ekua",104
GH,"Adiza",104
GH,"Queenzy",104
GH,"Eliasu",104
GH,"Noble",104
GH,"Abiba",104
GH,"Bempong",104
GH,"Benewaa",103
GH,"Boasiako",103
GH,"Deen",103
GH,"Philomina",103
GH,"Son",103
GH,"Jeff",103
GH,"Sarkcess",103
GH,"Bosompem",103
GH,"Pappoe",103
GH,"Kiss",103
GH,"Gyamfuaa",102
GH,"Hagar",102
GH,"Roland",102
GH,"Maame",102
GH,"Samson",102
GH,"Osei Owusu",102
GH,"Arkorful",102
GH,"Botwey",102
GH,"Bannerman",102
GH,"Nsoh",102
GH,"Pretty",101
GH,"Ivy",101
GH,"Nathaniel",101
GH,"Brain",101
GH,"Jessica",101
GH,"Edmund",101
GH,"Abel",101
GH,"Jack",101
GH,"Faith",101
GH,"Awini",101
GH,"Annobil",101
GH,"Nkum",101
GH,"Pearl",100
GH,"Bongo",100
GH,"Gafaru",100
GH,"Vibes",100
GH,"Appah",100
GH,"Asirifi",100
GH,"Agbenyo",100
GH,"Mole",100
GH,"Osuman",100
GH,"Bertha",99
GH,"Darkoa",99
GH,"Ohemaa",99
GH,"Ken",99
GH,"Sandy",99
GH,"Nanor",99
GH,"Krampah",99
GH,"Plange",99
GH,"Edmond",98
GH,"Pokuah",98
GH,"Mubarak",98
GH,"Koffi",98
GH,"Abdul Rahaman",98
GH,"Salisu",98
GH,"Abanga",98
GH,"Kofie",98
GH,"Gyedu",98
GH,"Mccarthy",98
GH,"Larbie",98
GH,"Lopez",98
GH,"Serwah",97
GH,"Moni",97
GH,"Obenewaa",97
GH,"Abdul Aziz",97
GH,"Sky",97
GH,"Dc",97
GH,"Apau",97
GH,"Agbanyo",97
GH,"Kwakyewaa",96
GH,"Bamba",96
GH,"Suraj",96
GH,"Kodjo",96
GH,"Ephraim",96
GH,"Dzikunu",96
GH,"Rahaman",95
GH,"Rahim",95
GH,"Osumanu",95
GH,"Kobi",95
GH,"Amoasi",95
GH,"Armoo",95
GH,"Swanzy",95
GH,"Amoakoh",95
GH,"Angelina",94
GH,"Jamal",94
GH,"Freda",94
GH,"Zainab",94
GH,"Kamal",94
GH,"Samed",94
GH,"Mawuena",94
GH,"Dagadu",94
GH,"Amonoo",94
GH,"Kwapong",94
GH,"Asenso",94
GH,"Buah",94
GH,"Cephas",93
GH,"Kissiwaa",93
GH,"Toure",93
GH,"Lucky",93
GH,"Sackitey",93
GH,"Asomani",93
GH,"Galley",93
GH,"Koffie",93
GH,"Catherine",92
GH,"Reuben",92
GH,"Cletus",92
GH,"Rafia",92
GH,"Kamil",92
GH,"Humble",92
GH,"Pounds",92
GH,"Nelly",92
GH,"Dompreh",92
GH,"Obodai",92
GH,"Dansoa",91
GH,"Efua",91
GH,"Silas",91
GH,"Fuseina",91
GH,"Clifford",91
GH,"Joana",91
GH,"Mubarik",91
GH,"Alpha",91
GH,"Lamar",91
GH,"Mawuko",91
GH,"Ofoe",91
GH,"Eduful",91
GH,"Mahmud",90
GH,"Muntari",90
GH,"Dankyi",90
GH,"Padi",90
GH,"Eduah",90
GH,"Dey",90
GH,"Amegah",90
GH,"Quaynor",90
GH,"Lsaac",89
GH,"Helena",89
GH,"Benedict",89
GH,"Ataa",89
GH,"Ganyo",89
GH,"Selasi",89
GH,"Nimoh",89
GH,"Mawunyo",89
GH,"Ametepe",89
GH,"Becky",88
GH,"Pomaah",88
GH,"Zion",88
GH,"Sakina",88
GH,"Jonah",88
GH,"Adamou",88
GH,"Khalid",88
GH,"Cee",88
GH,"Amofah",88
GH,"Hazard",87
GH,"Memuna",87
GH,"Oliver",87
GH,"Jordan",87
GH,"Gambo",87
GH,"Sumani",87
GH,"Fataw",87
GH,"Wayne",87
GH,"Smart",87
GH,"Essah",87
GH,"Agyarko",87
GH,"Zigah",87
GH,"Appoh",87
GH,"Sai",87
GH,"Ablorh",87
GH,"Pobee",87
GH,"Bioh",87
GH,"Bassaw",87
GH,"Alhasan",87
GH,"Festus",86
GH,"Afi",86
GH,"Sala",86
GH,"Sei",86
GH,"Golden",86
GH,"Acquaah",86
GH,"Etornam",86
GH,"Lbrahim",86
GH,"Fofie",86
GH,"Tsikata",86
GH,"Real",86
GH,"Osie",86
GH,"Farouk",85
GH,"Sark",85
GH,"Walter",85
GH,"Bhim",85
GH,"Confidence",85
GH,"Boison",85
GH,"Enyan",85
GH,"Ainoo",85
GH,"Ayesu",85
GH,"Franklin",84
GH,"Anna",84
GH,"Khid",84
GH,"Komla",84
GH,"Issahak",84
GH,"Bullet",84
GH,"Sia",84
GH,"Matey",84
GH,"Good",84
GH,"Kaku",84
GH,"Lokko",84
GH,"Roger",83
GH,"Gershon",83
GH,"Maria",83
GH,"Husein",83
GH,"Wusu",83
GH,"Safia",83
GH,"Faruk",83
GH,"Saaka",83
GH,"Mutala",83
GH,"Bempah",83
GH,"Ferguson",83
GH,"Maclean",83
GH,"Dziwornu",83
GH,"Ayine",83
GH,"Bayor",83
GH,"Amoafo",83
GH,"Dansowaa",82
GH,"Gyamfuah",82
GH,"Sarpomaa",82
GH,"Frema",82
GH,"Alberta",82
GH,"Jude",82
GH,"Fosuah",82
GH,"Hakim",82
GH,"Gyabaah",82
GH,"Kabore",82
GH,"Asumah",82
GH,"Abdul Mumin",82
GH,"Yunus",82
GH,"Abdullahi",82
GH,"Odum",82
GH,"Adarkwah",82
GH,"Krah",82
GH,"Ayivi",82
GH,"Sylvia",81
GH,"Lawrencia",81
GH,"Flex",81
GH,"Jesus",81
GH,"Ntsiful",81
GH,"Akosah",81
GH,"Narteh",81
GH,"Arko",81
GH,"Ahenkan",81
GH,"Kwafo",81
GH,"Akwaboah",81
GH,"Mba",81
GH,"Sallah",81
GH,"Bemah",80
GH,"Ella",80
GH,"Fremah",80
GH,"Sarfowaa",80
GH,"Murphy",80
GH,"Adutwum",80
GH,"Morris",80
GH,"Abdulrahman",80
GH,"Anas",80
GH,"Ahadzi",80
GH,"Tsatsu",80
GH,"Barnor",80
GH,"Nhyiraba",80
GH,"Agbenyegah",80
GH,"Fianu",80
GH,"Caleb",79
GH,"Hellen",79
GH,"Cobby",79
GH,"Helina",79
GH,"Rosemond",79
GH,"Lincoln",79
GH,"Banda",79
GH,"Aheto",79
GH,"Conduah",79
GH,"Asempa",79
GH,"Robertson",79
GH,"Gomez",79
GH,"Bliss",79
GH,"Haizel",79
GH,"Sarbah",79
GH,"Akpabli",79
GH,"Amoabeng",79
GH,"Max",78
GH,"Manso",78
GH,"Blaq",78
GH,"Fianko",78
GH,"Dzakpasu",78
GH,"Amegashie",78
GH,"Nani",78
GH,"Asem",78
GH,"Idrisu",78
GH,"Bannor",78
GH,"Asamani",78
GH,"Tawia",78
GH,"Qwame",77
GH,"Jemima",77
GH,"Rabi",77
GH,"Rahama",77
GH,"Jallo",77
GH,"Davidson",77
GH,"Wireko",77
GH,"Denteh",77
GH,"Amon",77
GH,"Wellington",77
GH,"Munkaila",77
GH,"Lawal",77
GH,"Laar",77
GH,"Ofei",77
GH,"Nyanzu",77
GH,"Rosina",76
GH,"Hamdia",76
GH,"Hardi",76
GH,"Salim",76
GH,"Pius",76
GH,"Majid",76
GH,"Rufai",76
GH,"Abi",76
GH,"Kunadu",76
GH,"Dawson",76
GH,"Wasty",76
GH,"Ishaq",76
GH,"Omane",76
GH,"Dowuona",76
GH,"Kamara",76
GH,"Lyrical",76
GH,"Enninful",76
GH,"Bawuah",76
GH,"Kotei",76
GH,"Mettle",76
GH,"Brenya",76
GH,"Dada",75
GH,"Elikem",75
GH,"Barry",75
GH,"Akuamoah",75
GH,"Seshie",75
NG,"Ibrahim",58644
NG,"Muhammad",46415
NG,"Abubakar",46035
NG,"Emmanuel",42463
NG,"Abdullahi",42293
NG,"Musa",38456
NG,"John",35222
NG,"Umar",33760
NG,"Sunday",32682
NG,"Usman",31956
NG,"Samuel",31496
NG,"Yusuf",29962
NG,"Mohammed",26089
NG,"Joseph",25598
NG,"James",23765
NG,"David",23127
NG,"Bello",22569
NG,"Daniel",22331
NG,"Adamu",22062
NG,"Aliyu",21859
NG,"Lawal",21795
NG,"Peter",21434
NG,"Sani",21382
NG,"Hassan",18931
NG,"Michael",18720
NG,"Blessing",18133
NG,"Eze",18005
NG,"Ahmad",17674
NG,"Johnson",16939
NG,"Muhammed",16405
NG,"Adebayo",15792
NG,"Taiwo",14885
NG,"Okafor",14877
NG,"Paul",14790
NG,"Idris",14747
NG,"Abiodun",14653
NG,"Ahmed",14625
NG,"Moses",14578
NG,"Haruna",13681
NG,"Victor",13276
NG,"Ali",12950
NG,"Adam",12935
NG,"Yakubu",12857
NG,"Garba",12630
NG,"Williams",12380
NG,"Godwin",12259
NG,"Isah",12124
NG,"Okeke",11949
NG,"Joy",11805
NG,"Ojo",11659
NG,"Ajayi",11610
NG,"Mustapha",11594
NG,"Yahaya",11558
NG,"Solomon",11297
NG,"Suleiman",11292
NG,"Adeyemi",11040
NG,"Obi",10999
NG,"Anthony",10974
NG,"Esther",10643
NG,"Francis",10233
NG,"Chukwu",10194
NG,"Babatunde",10177
NG,"Akpan",10159
NG,"Stephen",10111
NG,"Balogun",10011
NG,"Idowu",9958
NG,"Bassey",9861
NG,"Joshua",9856
NG,"Shehu",9798
NG,"Uche",9681
NG,"Nwachukwu",9459
NG,"Mary",9434
NG,"Kehinde",9336
NG,"Isaac",9332
NG,"Okoro",9242
NG,"Gabriel",9139
NG,"Adekunle",9075
NG,"Opeyemi",9040
NG,"Sulaiman",9026
NG,"Precious",8985
NG,"Favour",8945
NG,"Adewale",8916
NG,"George",8762
NG,"Smith",8714
NG,"Samson",8657
NG,"Okoye",8529
NG,"Henry",8408
NG,"Gold",8405
NG,"Aminu",8401
NG,"Okonkwo",8342
NG,"Charles",8338
NG,"Ismail",8275
NG,"Temitope",8172
NG,"Salisu",8090
NG,"Bala",8036
NG,"Micheal",7912
NG,"Emeka",7894
NG,"Grace",7778
NG,"Kingsley",7766
NG,"Jimoh",7660
NG,"Adeniyi",7655
NG,"Patrick",7632
NG,"Nwankwo",7607
NG,"Ogbonna",7570
NG,"Kayode",7507
NG,"Afolabi",7346
NG,"Abdul",7269
NG,"Friday",7260
NG,"Ifeanyi",7231
NG,"Olanrewaju",7211
NG,"Oluwaseun",7198
NG,"Chinedu",7113
NG,"Monday",7101
NG,"Dauda",7084
NG,"Kalu",7012
NG,"Okon",7001
NG,"Alabi",6975
NG,"Olawale",6952
NG,"Ugwu",6924
NG,"Felix",6910
NG,"Igwe",6829
NG,"Mercy",6752
NG,"Azeez",6565
NG,"Olayinka",6478
NG,"Benjamin",6467
NG,"Adeola",6459
NG,"Christopher",6454
NG,"Olalekan",6435
NG,"Amadi",6433
NG,"Thomas",6398
NG,"Prince",6361
NG,"Rabiu",6349
NG,"Brown",6322
NG,"Abiola",6253
NG,"Faith",6229
NG,"Ayodele",6202
NG,"Kolawole",6158
NG,"Olatunji",6154
NG,"Gift",6149
NG,"Matthew",6074
NG,"Ola",6071
NG,"Baba",6055
NG,"Simon",6017
NG,"Jacob",6014
NG,"Frank",5945
NG,"Chioma",5886
NG,"Ezekiel",5883
NG,"Abba",5831
NG,"Victoria",5791
NG,"Ademola",5771
NG,"Ikechukwu",5755
NG,"Amos",5747
NG,"Lawan",5724
NG,"Okechukwu",5719
NG,"Udoh",5715
NG,"Mark",5713
NG,"Isa",5706
NG,"Adams",5671
NG,"Nwosu",5632
NG,"Richard",5615
NG,"Segun",5607
NG,"Tunde",5581
NG,"Audu",5563
NG,"Lawrence",5484
NG,"Bashir",5470
NG,"Orji",5442
NG,"Shuaibu",5436
NG,"Christian",5399
NG,"Owolabi",5398
NG,"Njoku",5376
NG,"Muhd",5370
NG,"Ngozi",5369
NG,"Martins",5352
NG,"Adeleke",5333
NG,"Philip",5330
NG,"Salihu",5323
NG,"Love",5321
NG,"Sadiq",5320
NG,"Abraham",5285
NG,"Chris",5199
NG,"Saidu",5197
NG,"Ben",5163
NG,"Okorie",5154
NG,"Andrew",5029
NG,"Peace",4960
NG,"Olamide",4908
NG,"Augustine",4895
NG,"Obinna",4887
NG,"Anyanwu",4882
NG,"Elizabeth",4877
NG,"Chuks",4827
NG,"Alex",4814
NG,"Saleh",4810
NG,"Onuoha",4800
NG,"Innocent",4780
NG,"Femi",4765
NG,"Salami",4763
NG,"Vincent",4757
NG,"Juliet",4743
NG,"Damilola",4734
NG,"King",4727
NG,"Ugochukwu",4721
NG,"Edet",4703
NG,"Saheed",4667
NG,"Oluwafemi",4634
NG,"Kazeem",4630
NG,"Bright",4629
NG,"Timothy",4617
NG,"Collins",4604
NG,"Gbenga",4602
NG,"Essien",4590
NG,"Jonathan",4569
NG,"Kabir",4555
NG,"Stanley",4547
NG,"Ayuba",4539
NG,"Nelson",4539
NG,"Bamidele",4533
NG,"Effiong",4515
NG,"Nuhu",4489
NG,"Auwal",4486
NG,"Nwafor",4483
NG,"William",4438
NG,"Olajide",4401
NG,"Alhassan",4399
NG,"Bukola",4348
NG,"Etim",4342
NG,"Hamza",4337
NG,"Ezeh",4332
NG,"Ani",4303
NG,"Ayomide",4297
NG,"Sule",4293
NG,"Udo",4290
NG,"Okoli",4238
NG,"Babalola",4218
NG,"Joe",4196
NG,"Clement",4191
NG,"Amaka",4189
NG,"Uchenna",4176
NG,"Yunusa",4171
NG,"Dada",4169
NG,"Bakare",4169
NG,"Ade",4142
NG,"Adedeji",4141
NG,"Lucky",4140
NG,"Hussaini",4137
NG,"Kelvin",4119
NG,"Chukwuemeka",4118
NG,"Oke",4085
NG,"Chika",4073
NG,"Kenneth",4069
NG,"Chukwuma",4067
NG,"Vivian",4064
NG,"Chima",4050
NG,"Ayodeji",4029
NG,"Queen",4011
NG,"Chinyere",4000
NG,"Adeoye",4000
NG,"Oladimeji",3981
NG,"Akinola",3975
NG,"Cynthia",3973
NG,"Sanni",3960
NG,"Jude",3959
NG,"Agu",3954
NG,"Danjuma",3940
NG,"Ishola",3929
NG,"Tosin",3929
NG,"Mathew",3923
NG,"Umeh",3915
NG,"Peters",3915
NG,"Jibrin",3914
NG,"Abdulkadir",3911
NG,"Nweke",3906
NG,"Oluwatosin",3906
NG,"Ibraheem",3894
NG,"Benson",3877
NG,"Sam",3874
NG,"Mohd",3866
NG,"Bukar",3862
NG,"Toyin",3856
NG,"Opara",3847
NG,"Sanusi",3843
NG,"Joel",3837
NG,"Abimbola",3837
NG,"Oladele",3805
NG,"Olamilekan",3803
NG,"Tijani",3791
NG,"Julius",3784
NG,"Wilson",3752
NG,"Adeyemo",3727
NG,"Jackson",3714
NG,"Ruth",3702
NG,"Ijeoma",3702
NG,"Stella",3687
NG,"Funmilayo",3655
NG,"Umoh",3650
NG,"Ndubuisi",3632
NG,"Akande",3624
NG,"Ifeoma",3621
NG,"Oluwatoyin",3611
NG,"Ibe",3604
NG,"Rose",3598
NG,"Mike",3585
NG,"Gambo",3585
NG,"Deborah",3577
NG,"Chidi",3576
NG,"Chijioke",3575
NG,"Best",3575
NG,"Madu",3574
NG,"Ayo",3566
NG,"Olaniyi",3564
NG,"Dahiru",3558
NG,"Adenike",3544
NG,"Israel",3540
NG,"Promise",3530
NG,"Elijah",3525
NG,"Adebisi",3511
NG,"Ike",3484
NG,"Oni",3472
NG,"Chukwudi",3468
NG,"Omotayo",3465
NG,"Olusegun",3461
NG,"Eke",3452
NG,"Emma",3451
NG,"Glory",3428
NG,"Okoh",3427
NG,"Gloria",3424
NG,"Wasiu",3421
NG,"Popoola",3414
NG,"Raji",3409
NG,"Ebere",3408
NG,"Bolaji",3400
NG,"Agbo",3389
NG,"Akeem",3381
NG,"Abdulsalam",3376
NG,"Adegoke",3373
NG,"Obasi",3371
NG,"Seun",3364
NG,"Olayemi",3361
NG,"Inyang",3360
NG,"Abayomi",3357
NG,"Ishaq",3356
NG,"Ajibola",3341
NG,"Dickson",3339
NG,"Shittu",3331
NG,"Magaji",3330
NG,"Pius",3321
NG,"Adesina",3320
NG,"Jennifer",3319
NG,"Dike",3313
NG,"Oluchi",3281
NG,"Festus",3272
NG,"Kelechi",3265
NG,"Abdullah",3251
NG,"Jamiu",3229
NG,"Uzoma",3220
NG,"Abu",3217
NG,"Olaitan",3210
NG,"Rita",3168
NG,"Jane",3165
NG,"Oluwakemi",3163
NG,"Chinenye",3161
NG,"Onyeka",3159
NG,"Patience",3147
NG,"Kareem",3142
NG,"Robert",3135
NG,"Duru",3123
NG,"Abosede",3122
NG,"Mohammad",3115
NG,"Smart",3109
NG,"Florence",3108
NG,"Ayobami",3107
NG,"Olusola",3086
NG,"Chigozie",3077
NG,"Olayiwola",3068
NG,"Tijjani",3056
NG,"Helen",3054
NG,"Hammed",3054
NG,"Danladi",3047
NG,"Ayoola",3029
NG,"Asuquo",3028
NG,"Sandra",3022
NG,"Kabiru",3022
NG,"Olabisi",3019
NG,"Loveth",3018
NG,"Jerry",3018
NG,"Lateef",3009
NG,"Agboola",3008
NG,"Suleman",2995
NG,"Nnaji",2991
NG,"Thompson",2980
NG,"Tony",2978
NG,"Nnamdi",2951
NG,"Omolara",2950
NG,"Nasir",2949
NG,"Momoh",2947
NG,"Udeh",2943
NG,"Chinonso",2933
NG,"Dominic",2929
NG,"Tope",2927
NG,"Wisdom",2925
NG,"Olatunde",2922
NG,"Angel",2919
NG,"Akinyemi",2892
NG,"Yetunde",2883
NG,"Onyebuchi",2879
NG,"Okereke",2871
NG,"Edward",2870
NG,"Rasheed",2867
NG,"Adedayo",2849
NG,"Sunny",2836
NG,"Young",2812
NG,"Abel",2810
NG,"Titilayo",2808
NG,"Jnr",2798
NG,"Olufemi",2786
NG,"Ayeni",2783
NG,"Adeleye",2777
NG,"Jibril",2776
NG,"Adeshina",2776
NG,"Bankole",2775
NG,"Oladipupo",2774
NG,"Badmus",2772
NG,"Uba",2771
NG,"Adebowale",2757
NG,"Comfort",2753
NG,"Abdulrahman",2745
NG,"Adetunji",2739
NG,"Nurudeen",2732
NG,"Oluwole",2731
NG,"Edeh",2729
NG,"White",2725
NG,"Ameh",2724
NG,"Adesanya",2720
NG,"Ogbu",2715
NG,"Mahmud",2712
NG,"Eniola",2712
NG,"Sulaimon",2709
NG,"Aina",2705
NG,"Abbas",2702
NG,"Dennis",2702
NG,"Adeniran",2702
NG,"Destiny",2691
NG,"Ayinde",2689
NG,"Sarah",2678
NG,"Abdulazeez",2676
NG,"Ajoke",2664
NG,"Olumide",2664
NG,"Chidinma",2647
NG,"Aremu",2646
NG,"Okpara",2645
NG,"Gideon",2637
NG,"Tajudeen",2619
NG,"Isaiah",2619
NG,"Janet",2616
NG,"Mariam",2610
NG,"Oluwasegun",2609
NG,"Raymond",2607
NG,"Adewumi",2607
NG,"Yau",2592
NG,"Jay",2592
NG,"Junior",2583
NG,"Kenny",2581
NG,"Muazu",2579
NG,"Adeyinka",2578
NG,"Ogechi",2574
NG,"Bola",2573
NG,"Jonah",2563
NG,"Zainab",2557
NG,"Sabo",2556
NG,"Inuwa",2554
NG,"Oluwaseyi",2553
NG,"Scott",2551
NG,"Oyewole",2551
NG,"Jones",2551
NG,"Ogunleye",2548
NG,"Tanko",2547
NG,"Ejike",2545
NG,"Bako",2535
NG,"Amarachi",2530
NG,"Olaleye",2520
NG,"Chibuike",2504
NG,"Bolanle",2502
NG,"Jeremiah",2498
NG,"Adeniji",2498
NG,"Chisom",2493
NG,"Sylvester",2492
NG,"Ekanem",2492
NG,"Ganiyu",2491
NG,"Olasunkanmi",2489
NG,"Sambo",2479
NG,"Austin",2477
NG,"Morgan",2471
NG,"Onah",2465
NG,"Olaide",2458
NG,"Shaibu",2448
NG,"Ekpo",2442
NG,"Raphael",2439
NG,"Hope",2436
NG,"Charity",2435
NG,"Zakari",2425
NG,"Ibeh",2420
NG,"Tukur",2417
NG,"Fatai",2415
NG,"Olabode",2412
NG,"Nkechi",2409
NG,"Bawa",2401
NG,"Dan",2401
NG,"Alfred",2399
NG,"Adepoju",2399
NG,"Buhari",2388
NG,"Okolo",2386
NG,"Bitrus",2378
NG,"Adekoya",2376
NG,"Lukman",2358
NG,"Osas",2358
NG,"Alao",2326
NG,"Alade",2326
NG,"Chimezie",2321
NG,"Adisa",2320
NG,"Shola",2294
NG,"Ajibade",2292
NG,"Amaechi",2285
NG,"Mukhtar",2283
NG,"Christiana",2280
NG,"Maxwell",2269
NG,"Bulus",2269
NG,"Okolie",2248
NG,"Azubuike",2245
NG,"Arinze",2244
NG,"Happiness",2242
NG,"Ada",2232
NG,"Akanbi",2232
NG,"Olarewaju",2218
NG,"Fatima",2214
NG,"Zubairu",2212
NG,"Mba",2208
NG,"Fidelis",2197
NG,"Kemi",2193
NG,"Adigun",2193
NG,"Dare",2191
NG,"Victory",2191
NG,"Lilian",2187
NG,"Imam",2186
NG,"Omolola",2181
NG,"Rotimi",2181
NG,"Ugo",2175
NG,"Aliu",2172
NG,"Oseni",2171
NG,"Ebenezer",2163
NG,"Chibuzor",2162
NG,"Hamisu",2157
NG,"Eunice",2146
NG,"Oladapo",2146
NG,"Nnamani",2144
NG,"Ndukwe",2144
NG,"Nnadi",2135
NG,"Don",2134
NG,"Modupe",2133
NG,"Chinwe",2129
NG,"Chidiebere",2128
NG,"Adebiyi",2124
NG,"Praise",2111
NG,"Nasiru",2109
NG,"Onyekachi",2107
NG,"Abidemi",2102
NG,"Folashade",2098
NG,"Mayowa",2091
NG,"Lizzy",2090
NG,"Odunayo",2090
NG,"Ajiboye",2084
NG,"Sodiq",2079
NG,"Yemi",2077
NG,"Ishaya",2076
NG,"Ernest",2075
NG,"Ebuka",2074
NG,"Edwin",2067
NG,"Daniels",2062
NG,"Oladipo",2056
NG,"Iyke",2054
NG,"Chiamaka",2040
NG,"Omowunmi",2040
NG,"Olaniyan",2040
NG,"Silas",2038
NG,"Iliyasu",2037
NG,"Daramola",2032
NG,"Maryam",2031
NG,"Yaro",2030
NG,"Omoniyi",2027
NG,"Tolulope",2020
NG,"Tina",2012
NG,"Edem",2012
NG,"Okere",2012
NG,"Iliya",2011
NG,"Rosemary",2005
NG,"Idoko",2005
NG,"Jack",2000
NG,"Desmond",1999
NG,"Aisha",1997
NG,"Oloyede",1995
NG,"Okpala",1995
NG,"Olakunle",1994
NG,"Ado",1994
NG,"Quadri",1989
NG,"Omotosho",1988
NG,"Chidimma",1984
NG,"Ismaila",1984
NG,"Anderson",1983
NG,"Simeon",1981
NG,"Sale",1980
NG,"Yahya",1980
NG,"Adebola",1979
NG,"Ifeoluwa",1978
NG,"Alexander",1971
NG,"Austine",1970
NG,"Eyo",1969
NG,"Funke",1968
NG,"Galadima",1968
NG,"Attah",1963
NG,"Nwabueze",1961
NG,"Chibueze",1958
NG,"Udofia",1955
NG,"Doris",1950
NG,"Abah",1947
NG,"Waziri",1946
NG,"Abdulkareem",1938
NG,"Bunmi",1928
NG,"Uthman",1928
NG,"Adedoyin",1927
NG,"Rufai",1919
NG,"Giwa",1917
NG,"Harrison",1914
NG,"Ishaku",1914
NG,"Linus",1914
NG,"Mamman",1907
NG,"Samaila",1906
NG,"Omowumi",1899
NG,"Ekene",1898
NG,"Onoja",1896
NG,"Adewole",1891
NG,"Motunrayo",1883
NG,"Saeed",1881
NG,"Nkem",1880
NG,"Alhaji",1879
NG,"Valentine",1877
NG,"Dorcas",1875
NG,"Isiaka",1872
NG,"Kanu",1869
NG,"Nathaniel",1868
NG,"Steve",1867
NG,"Ogbonnaya",1866
NG,"Donald",1861
NG,"Ify",1860
NG,"Yohanna",1860
NG,"Nneka",1859
NG,"Nancy",1854
NG,"Albert",1852
NG,"Obiora",1850
NG,"Archibong",1848
NG,"Sarki",1847
NG,"Harry",1846
NG,"Sampson",1844
NG,"Wale",1842
NG,"Eric",1842
NG,"Adesola",1841
NG,"Titus",1840
NG,"Kate",1834
NG,"Ann",1833
NG,"Kelly",1832
NG,"Tochukwu",1830
NG,"Buba",1830
NG,"Makinde",1826
NG,"Yusif",1823
NG,"Tayo",1823
NG,"Onyinye",1821
NG,"Akindele",1819
NG,"Umaru",1814
NG,"Diamond",1814
NG,"Murtala",1813
NG,"Moshood",1810
NG,"Chi",1810
NG,"Bose",1809
NG,"Yunus",1802
NG,"Lee",1802
NG,"Fred",1798
NG,"Olajumoke",1796
NG,"Benedict",1786
NG,"Ladan",1783
NG,"Onyema",1783
NG,"Racheal",1779
NG,"Osuji",1777
NG,"Ogochukwu",1773
NG,"Yusuff",1773
NG,"Osagie",1771
NG,"Reuben",1769
NG,"Tobi",1766
NG,"Abdallah",1766
NG,"Angela",1763
NG,"Hussain",1762
NG,"Tom",1759
NG,"Berry",1758
NG,"Yakub",1756
NG,"Nicholas",1754
NG,"Akintunde",1751
NG,"Muktar",1750
NG,"Nura",1748
NG,"Linda",1738
NG,"Kunle",1733
NG,"Ekeh",1731
NG,"Damilare",1729
NG,"Onu",1725
NG,"Raheem",1722
NG,"Chukwuka",1721
NG,"Odey",1713
NG,"Olubunmi",1703
NG,"Onwuka",1702
NG,"Ossai",1699
NG,"Ogar",1697
NG,"Chizoba",1693
NG,"Adewunmi",1691
NG,"Ejiofor",1685
NG,"Mbah",1681
NG,"Olaoluwa",1675
NG,"Man",1674
NG,"Felicia",1673
NG,"Folorunsho",1673
NG,"Adeboye",1671
NG,"Olushola",1670
NG,"Nduka",1670
NG,"Josephine",1663
NG,"Ikenna",1661
NG,"Luka",1660
NG,"Shuaib",1653
NG,"Afolayan",1650
NG,"Odoh",1649
NG,"Onyinyechi",1647
NG,"Ige",1646
NG,"Adebanjo",1645
NG,"Evelyn",1643
NG,"Lekan",1639
NG,"Afeez",1633
NG,"Aminat",1628
NG,"Taofeek",1627
NG,"Uchechukwu",1627
NG,"Ekong",1625
NG,"Salaudeen",1624
NG,"Franklin",1623
NG,"Godfrey",1623
NG,"Olaoye",1622
NG,"Akanni",1619
NG,"Maureen",1618
NG,"Justice",1618
NG,"Babangida",1617
NG,"Judith",1616
NG,"Saad",1612
NG,"Ezenwa",1612
NG,"Thankgod",1608
NG,"Adedokun",1603
NG,"Steven",1601
NG,"Noah",1600
NG,"Oladejo",1600
NG,"Oluwatobi",1599
NG,"Yinka",1595
NG,"Offor",1594
NG,"Ibekwe",1593
NG,"Abdulhamid",1592
NG,"Ridwan",1587
NG,"Ajala",1587
NG,"Onyia",1587
NG,"Maduka",1578
NG,"Funmi",1574
NG,"Liman",1568
NG,"Ogbodo",1568
NG,"Bature",1567
NG,"Tahir",1565
NG,"Goodluck",1565
NG,"Dayo",1556
NG,"Robinson",1554
NG,"Etuk",1551
NG,"Alaba",1549
NG,"Abdulkarim",1541
NG,"Aderemi",1539
NG,"Nnaemeka",1536
NG,"Agada",1533
NG,"Rukayat",1530
NG,"Sola",1527
NG,"Kings",1526
NG,"Olaiya",1526
NG,"Miracle",1526
NG,"Evans",1524
NG,"Martin",1523
NG,"Saliu",1521
NG,"Mathias",1520
NG,"Rasaq",1519
NG,"Cletus",1519
NG,"Divine",1519
NG,"Ekpenyong",1518
NG,"Boss",1511
NG,"Adejoke",1510
NG,"Seyi",1508
NG,"Saka",1506
NG,"Chidera",1506
NG,"Wahab",1505
NG,"Efe",1505
NG,"Oyedele",1505
NG,"Abass",1504
NG,"Oladeji",1504
NG,"Ken",1502
NG,"Oliver",1500
NG,"Khalid",1499
NG,"Godspower",1496
NG,"Edith",1494
NG,"Emenike",1489
NG,"Davies",1489
NG,"Uzor",1488
NG,"Ubah",1488
NG,"Kadiri",1487
NG,"Nnenna",1486
NG,"Lucy",1481
NG,"Jumoke",1478
NG,"Ahmadu",1478
NG,"Nice",1478
NG,"Ojukwu",1475
NG,"Adekola",1474
NG,"Ajao",1469
NG,"Adeyeye",1469
NG,"Caleb",1468
NG,"Okey",1468
NG,"Alkali",1466
NG,"Madaki",1465
NG,"Abbey",1464
NG,"Said",1462
NG,"Yemisi",1458
NG,"Busayo",1456
NG,"Adejumo",1455
NG,"Ariyo",1452
NG,"Adeosun",1450
NG,"Sunusi",1449
NG,"Habib",1448
NG,"Otu",1444
NG,"Jessica",1442
NG,"Faruk",1442
NG,"Marcus",1442
NG,"Lasisi",1438
NG,"Abdu",1435
NG,"Cyril",1432
NG,"Roseline",1430
NG,"Nwogu",1429
NG,"Sadeeq",1428
NG,"Egbe",1428
NG,"Godswill",1427
NG,"Isyaku",1425
NG,"Adegboyega",1422
NG,"Igbokwe",1422
NG,"Douglas",1420
NG,"Okoronkwo",1420
NG,"Aderibigbe",1418
NG,"Ukpong",1418
NG,"West",1417
NG,"Oko",1417
NG,"Nonso",1414
NG,"Busari",1414
NG,"Maina",1411
NG,"Justina",1407
NG,"Obot",1407
NG,"Bernard",1406
NG,"Bella",1405
NG,"Akorede",1404
NG,"Ogundele",1403
NG,"Ene",1402
NG,"Goodness",1401
NG,"Balarabe",1401
NG,"Adegbite",1401
NG,"Sheriff",1397
NG,"Egwu",1397
NG,"Elisha",1395
NG,"Joyce",1394
NG,"Olugbenga",1384
NG,"Odeh",1383
NG,"Ude",1380
NG,"Habeeb",1376
NG,"Odo",1376
NG,"Iheanacho",1375
NG,"Atanda",1374
NG,"Celestine",1372
NG,"Alozie",1372
NG,"Akinwale",1371
NG,"Aluko",1371
NG,"Waheed",1369
NG,"Hamzat",1369
NG,"Lanre",1368
NG,"Muritala",1364
NG,"Olagunju",1364
NG,"Komolafe",1363
NG,"Louis",1360
NG,"Moore",1359
NG,"Jimmy",1356
NG,"Oyeniyi",1355
NG,"Ogundipe",1355
NG,"Ajani",1348
NG,"Ilesanmi",1348
NG,"Onyekwere",1346
NG,"Akin",1344
NG,"Chikezie",1344
NG,"Prosper",1340
NG,"Ogu",1338
NG,"Adeyanju",1337
NG,"Obioma",1337
NG,"Rebecca",1335
NG,"Kano",1334
NG,"Kennedy",1334
NG,"Temitayo",1334
NG,"Jegede",1333
NG,"Dele",1331
NG,"Abigail",1323
NG,"Donatus",1323
NG,"Kay",1322
NG,"Awe",1319
NG,"Salawu",1318
NG,"Josiah",1317
NG,"Kolade",1316
NG,"Hannah",1313
NG,"Vera",1312
NG,"Emmy",1309
NG,"Salako",1306
NG,"Aderonke",1303
NG,"Gbadamosi",1303
NG,"Bukky",1302
NG,"Umoren",1301
NG,"Akintola",1301
NG,"Roland",1298
NG,"Chinwendu",1297
NG,"Sikiru",1292
NG,"Cole",1292
NG,"Abdulmalik",1291
NG,"Adewuyi",1291
NG,"Onuorah",1291
NG,"Salau",1288
NG,"Ella",1277
NG,"Walter",1277
NG,"Nwoye",1270
NG,"Ayinla",1269
NG,"Adediran",1266
NG,"Christy",1265
NG,"Godson",1260
NG,"Adenuga",1257
NG,"Clinton",1256
NG,"Gana",1254
NG,"Olatunbosun",1254
NG,"Jumbo",1247
NG,"Dave",1246
NG,"Ephraim",1242
NG,"Tessy",1240
NG,"Agwu",1240
NG,"Ekundayo",1240
NG,"Black",1238
NG,"Susan",1237
NG,"Iyabo",1236
NG,"Auta",1236
NG,"Ogunyemi",1233
NG,"Chukwuebuka",1232
NG,"Ololade",1232
NG,"Pearl",1231
NG,"Nwobodo",1229
NG,"Bayo",1227
NG,"Rafiu",1224
NG,"Udoka",1223
NG,"Luke",1222
NG,"Oyindamola",1221
NG,"Rachael",1220
NG,"Chinasa",1219
NG,"Success",1219
NG,"Uko",1218
NG,"Gladys",1215
NG,"Aishat",1215
NG,"Nnanna",1215
NG,"Oluwadamilare",1214
NG,"Abioye",1214
NG,"Osita",1204
NG,"Pam",1204
NG,"Anthonia",1203
NG,"Oba",1203
NG,"Izuchukwu",1201
NG,"Mojisola",1200
NG,"Omobolanle",1200
NG,"Lawson",1198
NG,"Olu",1197
NG,"Omale",1197
NG,"Agbaje",1197
NG,"Temidayo",1195
NG,"Bosede",1191
NG,"Ugochi",1182
NG,"Uju",1182
NG,"Ozor",1182
NG,"Chinaza",1177
NG,"Oriyomi",1177
NG,"Adetola",1175
NG,"Rufus",1170
NG,"Martha",1168
NG,"Modu",1168
NG,"Chibuzo",1166
NG,"Akor",1166
NG,"Folarin",1164
NG,"Omotola",1163
NG,"Umoru",1162
NG,"Nwoke",1162
NG,"Amodu",1161
NG,"Okezie",1160
NG,"Omoruyi",1157
NG,"Leo",1156
NG,"Alli",1156
NG,"Folake",1155
NG,"Ita",1154
NG,"Udom",1154
NG,"Funmilola",1152
NG,"Alfa",1150
NG,"Maria",1148
NG,"Oge",1148
NG,"Aneke",1148
NG,"Egbo",1147
NG,"Folasade",1146
NG,"Goni",1145
NG,"Clara",1142
NG,"Bulama",1142
NG,"Theophilus",1141
NG,"Bashiru",1140
NG,"Enoch",1140
NG,"Becky",1139
NG,"Oluwabunmi",1139
NG,"Issa",1136
NG,"Wada",1136
NG,"Patricia",1133
NG,"Ukaegbu",1133
NG,"Onifade",1125
NG,"Ayoade",1123
NG,"Okoroafor",1123
NG,"Eneh",1123
NG,"Oscar",1122
NG,"Abdulwahab",1122
NG,"Basil",1121
NG,"Ambrose",1121
NG,"Caroline",1118
NG,"Anita",1117
NG,"Badamasi",1117
NG,"Morenikeji",1114
NG,"Lydia",1110
NG,"Job",1110
NG,"Babs",1108
NG,"Uchendu",1108
NG,"Jenny",1107
NG,"Sammy",1107
NG,"Adegbola",1107
NG,"Salis",1106
NG,"Odion",1106
NG,"Onuh",1103
NG,"Davis",1102
NG,"Bridget",1100
NG,"Oche",1097
NG,"Adetayo",1094
NG,"Amara",1090
NG,"Uzochukwu",1088
NG,"Ogundare",1088
NG,"Omo",1088
NG,"Abdulahi",1087
NG,"Olorunfemi",1087
NG,"Rapheal",1086
NG,"Jesus",1085
NG,"Green",1084
NG,"Ogah",1083
NG,"Akinpelu",1083
NG,"Danlami",1082
NG,"Ibukun",1082
NG,"Barnabas",1080
NG,"Amoo",1080
NG,"Odeyemi",1078
NG,"Abbakar",1077
NG,"Ogechukwu",1076
NG,"Darlington",1074
NG,"Adio",1070
NG,"Animashaun",1070
NG,"Kolo",1069
NG,"Kola",1068
NG,"Elvis",1067
NG,"Ronke",1065
NG,"Isreal",1065
NG,"Arowolo",1065
NG,"Olawumi",1064
NG,"Alimi",1063
NG,"Oyeyemi",1063
NG,"Hakeem",1062
NG,"Tanimu",1062
NG,"Ese",1062
NG,"Bolarinwa",1062
NG,"Ekpe",1062
NG,"Leonard",1058
NG,"Francisca",1057
NG,"Lazarus",1057
NG,"Owoeye",1057
NG,"Pat",1056
NG,"Beatrice",1053
NG,"Zubair",1053
NG,"Alice",1051
NG,"Omolade",1051
NG,"Olalere",1049
NG,"Hashim",1047
NG,"Amah",1044
NG,"Ede",1041
NG,"Ugwuanyi",1040
NG,"Okpe",1038
NG,"Gbadebo",1038
NG,"Nwodo",1037
NG,"Ilori",1036
NG,"Titilope",1035
NG,"Osho",1035
NG,"Anene",1033
NG,"Chidozie",1032
NG,"Dolapo",1032
NG,"Anozie",1032
NG,"Babajide",1030
NG,"Frosh",1029
NG,"Nwadike",1028
NG,"Pretty",1027
NG,"Chinelo",1027
NG,"Boniface",1026
NG,"Abdulrasheed",1025
NG,"Aaron",1022
NG,"Salam",1021
NG,"Ashiru",1020
NG,"Bliss",1019
NG,"Adaeze",1018
NG,"Asogwa",1018
NG,"Chizzy",1017
NG,"Philips",1016
NG,"Amina",1014
NG,"Adebimpe",1013
NG,"Folorunso",1013
NG,"Mubarak",1012
NG,"Markus",1012
NG,"Andy",1011
NG,"Eboh",1011
NG,"Labaran",1007
NG,"Jafar",1005
NG,"Fredrick",1004
NG,"Ajah",1004
NG,"Endurance",1004
NG,"Chime",1004
NG,"Veronica",1001
NG,"Mutiu",1001
NG,"Oboh",1001
NG,"Faruq",998
NG,"Umukoro",996
NG,"Miller",995
NG,"Kikelomo",993
NG,"Kabeer",993
NG,"Inusa",992
NG,"Ogunsola",992
NG,"Akinsanya",989
NG,"Tee",988
NG,"Gbolahan",987
NG,"Margaret",986
NG,"Hussein",986
NG,"Sylvanus",985
NG,"Momodu",985
NG,"Chichi",984
NG,"Shettima",984
NG,"Ebi",984
NG,"Uchechi",983
NG,"Olanipekun",982
NG,"Wilfred",979
NG,"Debby",978
NG,"Tiamiyu",978
NG,"Jaja",978
NG,"Odinaka",976
NG,"Daura",971
NG,"Dogo",971
NG,"Banjo",970
NG,"Abolaji",966
NG,"Nwaeze",966
NG,"Maryann",963
NG,"Alonge",962
NG,"Cecilia",961
NG,"Olawunmi",961
NG,"Kasim",959
NG,"Ganiu",958
NG,"Temmy",958
NG,"Anuoluwapo",958
NG,"Coker",957
NG,"Ugorji",956
NG,"Akpabio",956
NG,"Mansur",955
NG,"Akanji",955
NG,"Muyiwa",953
NG,"Nathan",953
NG,"Ujunwa",951
NG,"Sabiu",951
NG,"Niyi",950
NG,"Halilu",948
NG,"Ozioma",948
NG,"Adelaja",947
NG,"Juliana",945
NG,"Oluyemi",945
NG,"Okocha",945
NG,"Okenwa",945
NG,"Gidado",943
NG,"Richie",940
NG,"Larry",937
NG,"Oluwadamilola",936
NG,"Okanlawon",935
NG,"Gilbert",935
NG,"Akinsola",933
NG,"Habibu",931
NG,"Silver",927
NG,"Adah",926
NG,"Ebong",926
NG,"Anayo",923
NG,"Agnes",922
NG,"Ayorinde",922
NG,"Chinonye",921
NG,"Ubani",921
NG,"Briggs",921
NG,"Pedro",920
NG,"Anosike",920
NG,"Ifeyinwa",919
NG,"Olanike",916
NG,"Kafayat",916
NG,"Ezinne",916
NG,"Hart",916
NG,"Abdulraheem",914
NG,"Bisola",913
NG,"Ogwuche",912
NG,"Oby",911
NG,"Olisa",910
NG,"Gbemisola",909
NG,"Khadijat",906
NG,"Ibitoye",906
NG,"Pelumi",905
NG,"Okunola",903
NG,"Adama",903
NG,"Sharon",902
NG,"Prisca",901
NG,"Ifeanyichukwu",901
NG,"Allen",901
NG,"Olufunke",898
NG,"Ogbe",895
NG,"Theresa",893
NG,"Yerima",892
NG,"Boluwatife",891
NG,"Adeoti",890
NG,"Hauwa",889
NG,"Gimba",888
NG,"Wali",888
NG,"Gentle",887
NG,"Ejeh",887
NG,"Oladokun",887
NG,"Onyi",886
NG,"Yahuza",885
NG,"Kevin",883
NG,"Livinus",883
NG,"Malik",883
NG,"Josh",882
NG,"Onwe",881
NG,"Boy",879
NG,"Obioha",878
NG,"Catherine",876
NG,"Biodun",875
NG,"Atinuke",874
NG,"Paschal",873
NG,"Akintayo",873
NG,"Dalhatu",872
NG,"Adex",872
NG,"Nwokocha",872
NG,"Oji",871
NG,"Oluwadare",870
NG,"Oladosu",869
NG,"Oyedeji",869
NG,"Ikeh",868
NG,"Duke",867
NG,"Odu",867
NG,"Oluwa",866
NG,"Murphy",865
NG,"Vicky",863
NG,"Augustina",862
NG,"Justin",862
NG,"Dammy",862
NG,"Anya",862
NG,"Benard",860
NG,"Omoregie",860
NG,"Ukamaka",859
NG,"Jacobs",859
NG,"Falade",859
NG,"Agunbiade",858
NG,"Toheeb",857
NG,"Agbor",857
NG,"Ezeani",857
NG,"Hamidu",855
NG,"Omole",855
NG,"Auwalu",853
NG,"Nelly",853
NG,"Gyang",853
NG,"Bidemi",853
NG,"Anike",852
NG,"Sanda",852
NG,"Obafemi",852
NG,"Ndu",852
NG,"Ndidi",850
NG,"Eucharia",848
NG,"Naomi",847
NG,"Adeolu",847
NG,"Yarima",844
NG,"Ekwueme",841
NG,"Akinwande",841
NG,"Ogunbiyi",841
NG,"Rejoice",840
NG,"Idrees",839
NG,"Jubril",838
NG,"Uwakwe",838
NG,"Lola",837
NG,"Abdulaziz",837
NG,"Jatau",837
NG,"Nafiu",835
NG,"Bash",835
NG,"Ibanga",835
NG,"Ogbeide",835
NG,"Nweze",834
NG,"Ibikunle",834
NG,"Ezike",834
NG,"Sylvia",833
NG,"Okwara",833
NG,"Omotoso",833
NG,"Godstime",832
NG,"Johnny",832
NG,"Makanjuola",832
NG,"Ifunanya",830
NG,"Osakwe",829
NG,"Mabel",828
NG,"Dikko",828
NG,"Okeowo",827
NG,"Abisola",826
NG,"Nana",826
NG,"Adegboye",826
NG,"Oladayo",824
NG,"Christianah",822
NG,"Musty",821
NG,"Okojie",820
NG,"Mayor",819
NG,"Oludare",819
NG,"Nkiru",818
NG,"Shedrack",818
NG,"Golden",818
NG,"Olowu",818
NG,"Mshelia",817
NG,"Olawuyi",816
NG,"Pepple",816
NG,"Og",815
NG,"Yomi",815
NG,"Zango",814
NG,"Ray",814
NG,"Uka",814
NG,"Ngwu",812
NG,"Osondu",811
NG,"Ofoegbu",810
NG,"Tochi",810
NG,"Noble",809
NG,"Nifemi",809
NG,"Pascal",806
NG,"Adetutu",806
NG,"Olusanya",806
NG,"Chike",805
NG,"Agba",805
NG,"Ogwu",805
NG,"Adelakun",805
NG,"Ehis",804
NG,"Ebube",804
NG,"Osuagwu",804
NG,"Nwokolo",803
NG,"Jerome",800
NG,"Nike",799
NG,"Koko",798
NG,"Nkwocha",797
NG,"Habu",795
NG,"Nwoko",795
NG,"Oye",793
NG,"Saminu",792
NG,"Idemudia",791
NG,"Bae",790
NG,"Jamilu",790
NG,"Cruz",790
NG,"Ife",790
NG,"Regina",789
NG,"Lamidi",789
NG,"Nze",787
NG,"Walker",783
NG,"Habila",783
NG,"Sophia",782
NG,"Princewill",782
NG,"Sonia",781
NG,"Ogunsanya",780
NG,"Odili",779
NG,"Arike",778
NG,"Confidence",778
NG,"Olasupo",778
NG,"Zakariya",777
NG,"Oyewale",777
NG,"Ikpe",777
NG,"Rashidat",776
NG,"Micah",776
NG,"Onuigbo",776
NG,"Fagge",775
NG,"Abdulmumin",774
NG,"Stone",773
NG,"Onome",770
NG,"Nyong",770
NG,"Wakili",769
NG,"Oti",769
NG,"Saadu",767
NG,"Ik",767
NG,"Ihuoma",767
NG,"Eugene",766
NG,"Adu",766
NG,"Ahamad",765
NG,"Makama",765
NG,"Khalifa",764
NG,"Akinwumi",764
NG,"Ezugwu",764
NG,"Ezema",764
NG,"Oluchukwu",764
NG,"Sidi",763
NG,"Olukayode",761
NG,"Lbrahim",761
NG,"Azuka",761
NG,"Yakasai",757
NG,"Oyibo",756
NG,"Akerele",754
NG,"Kawu",752
NG,"Onyedikachi",752
NG,"Adejoh",752
NG,"Happy",752
NG,"Clifford",751
NG,"Ganiyat",749
NG,"Abdurrahman",748
NG,"Dee",748
NG,"Badejo",748
NG,"Amadu",747
NG,"Elias",747
NG,"Chiroma",746
NG,"Abe",746
NG,"Yussuf",745
NG,"Abdullateef",744
NG,"Oyekunle",744
NG,"Olagoke",743
NG,"Abdulganiyu",742
NG,"Nnadozie",742
NG,"Igbo",742
NG,"Abdulrahaman",741
NG,"Malami",740
NG,"Ajewole",740
NG,"Tela",739
NG,"Lucas",739
NG,"Ajadi",739
NG,"Dc",738
NG,"Fortune",738
NG,"Ogunlade",738
NG,"Bankz",737
NG,"Kaka",736
NG,"Omolayo",735
NG,"Taye",735
NG,"Ozoemena",735
NG,"Barde",734
NG,"Olowo",734
NG,"Banks",734
NG,"Ng",734
NG,"Anifowose",732
NG,"Muideen",731
NG,"Akpa",731
NG,"Akinleye",730
NG,"Ufuoma",730
NG,"Ejiro",729
NG,"Tunji",728
NG,"Okwudili",728
NG,"Adiele",728
NG,"Cosmas",727
NG,"Onyemaechi",727
NG,"Nwa",727
NG,"Omeje",726
NG,"Olaniran",725
NG,"Ngene",725
NG,"Babayo",724
NG,"Shitu",724
NG,"Hillary",724
NG,"Amanda",723
NG,"Jide",723
NG,"Mukaila",723
NG,"Anas",723
NG,"Jega",722
NG,"Korede",722
NG,"Light",722
NG,"Dupe",721
NG,"Adenekan",721
NG,"Ukachukwu",721
NG,"Iwuchukwu",721
NG,"Taiye",719
TM,"Atayew",55
TM,"Atayev",46
TM,"Мамедова",39
TM,"Mamedov",37
TM,"Mamedova",33
TM,"Gurbanow",31
TM,"Kurbanova",30
TM,"Meredow",29
TM,"Мамедов",26
TM,"Amanov",26
TM,"Курбанов",26
TM,"Алиева",26
TM,"Atayewa",26
TM,"Gurbanov",26
TM,"Kurbanov",26
TM,"Muradova",25
TM,"Nazarov",25
TM,"Turkmen",25
TM,"Myradow",24
TM,"Rejepov",23
TM,"Atayeva",23
TM,"Berdiyew",22
TM,"Amanow",22
TM,"Saparov",22
TM,"Ovezova",21
TM,"Bayramova",21
TM,"Мурадов",20
TM,"Атаева",20
TM,"Чарыев",20
TM,"Saparow",20
TM,"Ahmedov",20
TM,"Muradov",20
TM,"Kurbanowa",19
TM,"Bayramov",19
TM,"Атаев",19
TM,"Amanova",18
TM,"Orazow",18
TM,"Durdyyew",18
TM,"Мурадова",17
TM,"Курбанова",17
TM,"Nazarova",17
TM,"Orazov",17
TM,"Meredov",17
TM,"Meredova",17
TM,"Бабаев",17
TM,"Kurbanow",17
TM,"Сапарова",17
TM,"Charyyev",17
TM,"Nazarow",17
TM,"Berdiyev",17
TM,"Bayramow",16
TM,"Ashyrow",16
TM,"Gurbanowa",16
TM,"Caryyew",16
TM,"Джумаева",16
TM,"Alieva",16
TM,"Aliyeva",16
TM,"Чарыева",16
TM,"Rejepow",15
TM,"Owezow",15
TM,"Jumayew",15
TM,"Байрамов",15
TM,"Реджепова",15
TM,"Дурдыев",15
TM,"Джумаев",15
TM,"Алиев",15
TM,"Ibragimov",14
TM,"Бабаева",14
TM,"Rejepova",14
TM,"Гусейнова",14
TM,"Kerimova",14
TM,"Ashyrov",14
TM,"Murat",14
TM,"Ahmedow",13
TM,"Jumayewa",13
TM,"Yusupow",13
TM,"Hasanov",13
TM,"Mamedow",13
TM,"Bazarov",13
TM,"Gul",13
TM,"Babayeva",13
TM,"Merdan",13
TM,"Сапаров",13
TM,"Ovezov",13
TM,"Han",13
TM,"Babayew",12
TM,"Аманов",12
TM,"Muradowa",12
TM,"Абдуллаев",12
TM,"Юсупов",12
TM,"Юсупова",12
TM,"Annayew",12
TM,"Jorayew",12
TM,"Ibragimova",12
TM,"Muradow",12
TM,"Rejepowa",12
TM,"Gurbanova",12
TM,"Atajanova",12
TM,"Nepesov",12
TM,"Saparova",12
TM,"Batyrow",11
TM,"Berdiyeva",11
TM,"Serdar",11
TM,"Berdiyewa",11
TM,"Atajanov",11
TM,"Orazova",11
TM,"Абдуллаева",11
TM,"Muhammedow",11
TM,"Atajanow",11
TM,"Charyyew",11
TM,"Кулиев",11
TM,"Bazarova",11
TM,"Rahmanov",11
TM,"Geldiyew",11
TM,"Durdyev",11
TM,"Durdyeva",11
TM,"Abdullayew",11
TM,"Bazarow",10
TM,"Hasanova",10
TM,"Ahmedowa",10
TM,"Hojayew",10
TM,"Amanowa",10
TM,"Nuryyew",10
TM,"Rahmanova",10
TM,"Babayewa",10
TM,"Kadyrova",10
TM,"Geldiyev",10
TM,"Mammedowa",10
TM,"Kerimov",10
TM,"Kuliyeva",10
TM,"Jumayeva",10
TM,"Jorayev",10
TM,"Mammedow",10
TM,"Дурдыева",10
TM,"Muhammedov",10
TM,"Yusupova",10
TM,"Аширова",9
TM,"Rozyyev",9
TM,"Rahmanow",9
TM,"Клычева",9
TM,"Ачилов",9
TM,"Ahmedova",9
TM,"Керимова",9
TM,"Аннаев",9
TM,"Kerimow",9
TM,"Melek",9
TM,"Hanow",9
TM,"Bashimow",9
TM,"Джораев",9
TM,"Bahar",9
TM,"Реджепов",9
TM,"Mammedov",9
TM,"Bashimov",9
TM,"Ахмедов",9
TM,"Агаев",9
TM,"Jorayeva",9
TM,"Назарова",9
TM,"Базарова",9
TM,"Ибрагимова",9
TM,"Ибрагимов",9
TM,"Artykow",9
TM,"Chariyev",9
TM,"Jumayev",9
TM,"Jorayewa",9
TM,"Myrat",9
TM,"Аванесян",9
TM,"Can",9
TM,"Гасанова",8
TM,"Аннаева",8
TM,"Садыкова",8
TM,"Myradowa",8
TM,"Рахманова",8
TM,"Annayev",8
TM,"Ataev",8
TM,"Kakabayew",8
TM,"Meredowa",8
TM,"Эсенова",8
TM,"Hydyrow",8
TM,"Kadyrov",8
TM,"Sahatow",8
TM,"Hydyrova",8
TM,"Kadyrow",8
TM,"Ниязов",8
TM,"Oraz",8
TM,"Клычев",8
TM,"Myradov",8
TM,"Jumaniyazov",8
TM,"Овезова",8
TM,"Akyyew",8
TM,"Guseynova",8
TM,"Исмаилова",8
TM,"Аманова",8
TM,"Гурбанова",8
TM,"Gurban",8
TM,"Aliyev",8
TM,"Кадыров",8
TM,"Ахмедова",8
TM,"Agayew",8
TM,"Saparowa",8
TM,"Ashirov",8
TM,"Charyev",8
TM,"Gulya",8
TM,"Annamuhammedov",8
TM,"Оразов",8
TM,"Türkmen",8
TM,"Ahmet",8
TM,"Babaev",8
TM,"Anna",8
TM,"Кузнецова",7
TM,"Gurbanmyradow",7
TM,"Ходжаев",7
TM,"Hamrayew",7
TM,"Annamyradow",7
TM,"Esenow",7
TM,"Nurmyradow",7
TM,"Agayeva",7
TM,"Achilova",7
TM,"Atabayeva",7
TM,"Allaberdiyew",7
TM,"Akmyradow",7
TM,"Aman",7
TM,"Leyli",7
TM,"Хасанова",7
TM,"Kadyrowa",7
TM,"Cherkezov",7
TM,"Charyyeva",7
TM,"Розыев",7
TM,"Durdyyewa",7
TM,"Orazowa",7
TM,"Batyrov",7
TM,"Nazarowa",7
TM,"Мередова",7
TM,"Мухаммедова",7
TM,"Babayev",7
TM,"Yusupov",7
TM,"Owezowa",7
TM,"Durdiyev",7
TM,"Якубова",7
TM,"Allaberdiyev",7
TM,"Mammedova",7
TM,"Yakubova",7
TM,"Niyazova",7
TM,"Керимов",7
TM,"Annayeva",7
TM,"Geldiyeva",7
TM,"Esenov",7
TM,"Гусейнов",7
TM,"Guseynov",7
TM,"Hydyrov",7
TM,"Kerimowa",7
TM,"Ataeva",7
TM,"Аширов",7
TM,"Kim",7
TM,"Deniz",7
TM,"Григорян",7
TM,"Abdullayev",6
TM,"Garayewa",6
TM,"Taganow",6
TM,"Ashirova",6
TM,"Hanov",6
TM,"Yakubow",6
TM,"Касимов",6
TM,"Оразова",6
TM,"Seidov",6
TM,"Гельдыева",6
TM,"Бердыева",6
TM,"Artykova",6
TM,"Hamrayeva",6
TM,"Matyakubova",6
TM,"Aliyewa",6
TM,"Aliyew",6
TM,"Хайдарова",6
TM,"Dovletova",6
TM,"Розыева",6
TM,"Кадырова",6
TM,"Султанова",6
TM,"Geldiyewa",6
TM,"Achilov",6
TM,"Бердиев",6
TM,"Жумаева",6
TM,"Kulieva",6
TM,"Gurdow",6
TM,"Мередов",6
TM,"Hojaniyazov",6
TM,"Akmammedow",6
TM,"Gurbanmyradov",6
TM,"Mamedowa",6
TM,"Нурыев",6
TM,"Назаров",6
TM,"Azizov",6
TM,"Сарыев",6
TM,"Каримова",6
TM,"Агаева",6
TM,"Karimow",6
TM,"Абдурахманова",6
TM,"Babaeva",6
TM,"Bayram",6
TM,"Якубов",6
TM,"Ким",6
TM,"Hudayberdiyev",6
TM,"Иванова",6
TM,"Jumageldiyew",6
TM,"Allanazarov",6
TM,"Muhammet",6
TM,"Шукуров",6
TM,"Altyyew",6
TM,"Muhammedowa",6
TM,"Leyla",6
TM,"Ashyrova",6
TM,"Rustamow",6
TM,"Jumaeva",6
TM,"Касымов",6
TM,"Hallyyew",6
TM,"Turkmenistan",6
TM,"Степанян",6
TM,"Nur",6
TM,"Soltan",6
TM,"Mkrtchyan",6
TM,"Sh",6
TM,"Цой",6
TM,"Сейидова",5
TM,"Саидов",5
TM,"Orazmuhammedov",5
TM,"Hudayberdiyewa",5
TM,"Abdullayewa",5
TM,"Мамиева",5
TM,"Таганов",5
TM,"Baba",5
TM,"Sultanov",5
TM,"Kakajanow",5
TM,"Ataew",5
TM,"Amangeldiyew",5
TM,"Juma",5
TM,"Gurdova",5
TM,"Maksat",5
TM,"Matyakubow",5
TM,"Niyazov",5
TM,"Сахатова",5
TM,"Багдасаров",5
TM,"Arslan",5
TM,"Гурбанов",5
TM,"Annamuradov",5
TM,"Нурыева",5
TM,"Babajanowa",5
TM,"Babajanow",5
TM,"Хемраев",5
TM,"Serdarov",5
TM,"Sultanova",5
TM,"Natali",5
TM,"Torayew",5
TM,"Нурметова",5
TM,"Хыдырова",5
TM,"Rasulova",5
TM,"Yusupowa",5
TM,"Akmammedova",5
TM,"Rozyyew",5
TM,"Guliyev",5
TM,"Орунов",5
TM,"Agaev",5
TM,"Karayev",5
TM,"Велиев",5
TM,"Rozyyewa",5
TM,"Begjanow",5
TM,"Исаева",5
TM,"Gasanova",5
TM,"Nurmuhammedov",5
TM,"Ачилова",5
TM,"Rajapow",5
TM,"Haydarow",5
TM,"Murad",5
TM,"Михайлова",5
TM,"Ruslan",5
TM,"Hasanowa",5
TM,"Bazarowa",5
TM,"Charyeva",5
TM,"Батыров",5
TM,"Азизов",5
TM,"Джораева",5
TM,"Jan",5
TM,"Мухаммедов",5
TM,"Мухамедова",5
TM,"Багирова",5
TM,"Ильясова",5
TM,"Arazov",5
TM,"Базаров",5
TM,"Джафарова",5
TM,"Abasova",5
TM,"Abayev",5
TM,"Berdyev",5
TM,"Rustamova",5
TM,"Batyr",5
TM,"Mekan",5
TM,"Исмаилов",5
TM,"Хамраев",5
TM,"Abdullayeva",5
TM,"Ali",5
TM,"Ata",5
TM,"Kazakov",5
TM,"Maral",5
TM,"Baltayeva",5
TM,"Dovletov",5
TM,"Dovranova",5
TM,"Hamrayewa",5
TM,"Baltayewa",5
TM,"Haitova",5
TM,"Dowletow",5
TM,"Хамраева",5
TM,"Rahmanowa",5
TM,"Shukurov",5
TM,"Sadykow",5
TM,"Taganowa",5
TM,"Seyidow",5
TM,"Begench",5
TM,"Пак",5
TM,"Петросян",5
TM,"Ayrapetyan",5
TM,"Саркисян",5
TM,"Selbi",5
TM,"Hanova",4
TM,"Амирова",4
TM,"Annagylyjow",4
TM,"Annageldiyew",4
TM,"Hojamyradow",4
TM,"Annageldiyewa",4
TM,"Orunov",4
TM,"Yoldashow",4
TM,"Komekov",4
TM,"Berdyyewa",4
TM,"Анна",4
TM,"Soltanov",4
TM,"Orunova",4
TM,"Matyakubov",4
TM,"Abasov",4
TM,"Yusup",4
TM,"Masharipow",4
TM,"Hamraev",4
TM,"Хайдаров",4
TM,"Atjanov",4
TM,"Toylyyewa",4
TM,"Павлов",4
TM,"Artykov",4
TM,"Jumaniyazow",4
TM,"Авлиякулиев",4
TM,"Beshimov",4
TM,"Jumakulyyew",4
TM,"Abdullaev",4
TM,"Haydarov",4
TM,"Berdimyradov",4
TM,"Suleymanow",4
TM,"Hasanow",4
TM,"Амандурдыев",4
TM,"Garajayew",4
TM,"Arslanov",4
TM,"Maya",4
TM,"Geldimyradow",4
TM,"Ezizow",4
TM,"Kuliyev",4
TM,"Ханова",4
TM,"Кузнецов",4
TM,"Chariyeva",4
TM,"Amandurdyyev",4
TM,"Muhamedova",4
TM,"Жораев",4
TM,"Sharipova",4
TM,"Karyagdyyew",4
TM,"Gulamow",4
TM,"Batyrova",4
TM,"Akyyewa",4
TM,"Rozmetov",4
TM,"Kasymov",4
TM,"Umarow",4
TM,"Байрамова",4
TM,"Singh",4
TM,"Agabayev",4
TM,"Hajyyew",4
TM,"Baltayew",4
TM,"Byashimov",4
TM,"Mahmudova",4
TM,"Novruzov",4
TM,"Романова",4
TM,"Мая",4
TM,"Mahri",4
TM,"Aliev",4
TM,"Azadow",4
TM,"Kazimova",4
TM,"Yagmurova",4
TM,"Kalandarov",4
TM,"Рахмедова",4
TM,"Alimov",4
TM,"Jemal",4
TM,"Nuriev",4
TM,"Sabirow",4
TM,"Lion",4
TM,"Agayewa",4
TM,"Charyew",4
TM,"Tekayew",4
TM,"Бяшимов",4
TM,"Gylyjow",4
TM,"Japarow",4
TM,"Chariev",4
TM,"Guzel",4
TM,"Italmazow",4
TM,"Набиева",4
TM,"Абасова",4
TM,"Gül",4
TM,"Veliyev",4
TM,"Begenjow",4
TM,"Иванов",4
TM,"Jennet",4
TM,"Ismailov",4
TM,"Nurberdiyev",4
TM,"Iskanderova",4
TM,"Jepbarow",4
TM,"Rozyyeva",4
TM,"Эсенов",4
TM,"Baymyradov",4
TM,"Timur",4
TM,"Какабаев",4
TM,"Hudaynazarow",4
TM,"Арутюнов",4
TM,"Артыкова",4
TM,"Довлетова",4
TM,"Hudaynazarov",4
TM,"Тагиева",4
TM,"Allayarow",4
TM,"Jumabayew",4
TM,"Allayew",4
TM,"Tursunow",4
TM,"Jumadurdyyew",4
TM,"Hudaybergenow",4
TM,"Öwezowa",4
TM,"Hudaybergenov",4
TM,"King",4
TM,"Hudayberdiyew",4
TM,"Gurdov",4
TM,"Abdyyew",4
TM,"Горбунова",4
TM,"Ereshov",4
TM,"Караев",4
TM,"Atageldiyew",4
TM,"Orazgeldiyev",4
TM,"Açilowa",4
TM,"Serdarow",4
TM,"Geldiýew",4
TM,"Abdyyev",4
TM,"Hojiyew",4
TM,"Azat",4
TM,"Sahedow",4
TM,"Esenova",4
TM,"Palvanova",4
TM,"Allabergenova",4
TM,"Hallyev",4
TM,"Аскеров",4
TM,"Taganova",4
TM,"Atabayev",4
TM,"Allabergenov",4
TM,"Acilova",4
TM,"Ниязова",4
TM,"Гасанов",4
TM,"Yakubov",4
TM,"Bagirova",4
TM,"Annayewa",4
TM,"Гараев",4
TM,"Durdyyeva",4
TM,"Allanazarow",4
TM,"Sahatov",4
TM,"Durdyýew",4
TM,"Durdyyev",4
TM,"Ya",4
TM,"Kaya",4
TM,"Григорьян",4
TM,"An",4
TM,"Null",4
TM,"Каландарова",3
TM,"Каримов",3
TM,"Сулейманова",3
TM,"Карыева",3
TM,"Gulov",3
TM,"Тилляев",3
TM,"Иламанова",3
TM,"Каландаров",3
TM,"Какаджанов",3
TM,"Çaryýewa",3
TM,"Ashirow",3
TM,"Gulamov",3
TM,"Asyrowa",3
TM,"Абаев",3
TM,"Ильясов",3
TM,"Magomedova",3
TM,"Карпов",3
TM,"Ишанкулиев",3
TM,"Guli",3
TM,"Astanova",3
TM,"Каспарова",3
TM,"Atabayew",3
TM,"Gochmyradov",3
TM,"Gurbangeldiyew",3
TM,"Smith",3
TM,"Maks",3
TM,"Дж",3
TM,"Atamuradov",3
TM,"Muhamedov",3
TM,"Nurmedow",3
TM,"Bayramovna",3
TM,"Muratov",3
TM,"Bayramowa",3
TM,"Ka",3
TM,"Nurmamedova",3
TM,"Мустафаева",3
TM,"Nurlyyev",3
TM,"Мухамедов",3
TM,"Cherkezova",3
TM,"Nurjanov",3
TM,"Попов",3
TM,"Beg",3
TM,"Мухамметкулиева",3
TM,"Nuriyev",3
TM,"Bayramdurdyyew",3
TM,"Рахимова",3
TM,"Рахманов",3
TM,"Tashliyew",3
TM,"Di",3
TM,"Muhammed",3
TM,"Nuryagdy",3
TM,"Nury",3
TM,"Basimow",3
TM,"Tashliyev",3
TM,"Мехтиев",3
TM,"Baynazarow",3
TM,"Demir",3
TM,"Muhamow",3
TM,"Danatarow",3
TM,"Рахмедов",3
TM,"Muradovna",3
TM,"Пономаренко",3
TM,"Chariyarova",3
TM,"Bet",3
TM,"Boss",3
TM,"Niyazow",3
TM,"Овезов",3
TM,"Turaev",3
TM,"Berdiew",3
TM,"Bespalov",3
TM,"Brutyan",3
TM,"Омарова",3
TM,"Beshimow",3
TM,"Nedirova",3
TM,"Ораздурдыева",3
TM,"Оразмурадова",3
TM,"Nepesow",3
TM,"Нурмамедова",3
TM,"Bekiyewa",3
TM,"Begencheva",3
TM,"Нарбаев",3
TM,"Nurgeldiyev",3
TM,"Begenjov",3
TM,"Myahri",3
TM,"Caryyewa",3
TM,"Caryyeva",3
TM,"Caryewa",3
TM,"Bekiyeva",3
TM,"Byashimow",3
TM,"Udayew",3
TM,"Narbayew",3
TM,"Новрузов",3
TM,"Bekiyev",3
TM,"Nuryev",3
TM,"Baratow",3
TM,"Nuryew",3
TM,"Ayidov",3
TM,"Ayka",3
TM,"Orazmyradov",3
TM,"Orazmuhammedow",3
TM,"Ayna",3
TM,"Yoldasowa",3
TM,"Sultanowa",3
TM,"Yoldashova",3
TM,"Сеидова",3
TM,"Esedowa",3
TM,"Yilmaz",3
TM,"Лебедева",3
TM,"Aziza",3
TM,"Orazgeldiyew",3
TM,"Кулиева",3
TM,"Сердар",3
TM,"Fox",3
TM,"Ovezberdiyev",3
TM,"Owez",3
TM,"Gasanov",3
TM,"Garayeva",3
TM,"Garajayev",3
TM,"Soyunov",3
TM,"Martirosyan",3
TM,"Awezowa",3
TM,"Zak",3
TM,"Masharipova",3
TM,"Avezova",3
TM,"Mashtakova",3
TM,"Osipyan",3
TM,"Awezow",3
TM,"Ergeshowa",3
TM,"Лейла",3
TM,"Ereshova",3
TM,"Tajiyew",3
TM,"Tagiyewa",3
TM,"Mollayev",3
TM,"Tairov",3
TM,"Tairow",3
TM,"Махмудов",3
TM,"Ballyyev",3
TM,"Dowranow",3
TM,"Nuryyeva",3
TM,"Djafarova",3
TM,"Nuryyev",3
TM,"Welmyradow",3
TM,"Muhadow",3
TM,"Розметов",3
TM,"Садиков",3
TM,"Yegenmuradova",3
TM,"Babamuradova",3
TM,"Сарыбекова",3
TM,"Babahanowa",3
TM,"Babajanov",3
TM,"Meretgeldiyeva",3
TM,"Orayew",3
TM,"Babaniyazov",3
TM,"Садыков",3
TM,"Tachev",3
TM,"Мамед",3
TM,"Olga",3
TM,"Badalova",3
TM,"Bagdasarova",3
TM,"Маммедов",3
TM,"Durdyewa",3
TM,"Nepesova",3
TM,"Hudaykuliyew",3
TM,"Irina",3
TM,"Agaeva",3
TM,"Джафаров",3
TM,"Annageldiyev",3
TM,"Худайназарова",3
TM,"Saryyew",3
TM,"Халлыева",3
TM,"Hudayberdi",3
TM,"Agahanov",3
TM,"Hatamova",3
TM,"Saparmyradow",3
TM,"Hatamowa",3
TM,"Hudayarov",3
TM,"Худайкулов",3
TM,"Agajanowa",3
TM,"Эрешов",3
TM,"Haydarova",3
TM,"Haydarowa",3
TM,"Isakov",3
TM,"Денис",3
TM,"Isakova",3
TM,"Agamuradova",3
TM,"Худайкулиев",3
TM,"Saryyev",3
TM,"Hudayberenow",3
TM,"Rahimow",3
TM,"Aksoy",3
TM,"Rahimova",3
TM,"Annamyradowa",3
TM,"Алексеев",3
TM,"Annamuradow",3
TM,"Halmyradow",3
TM,"Sapargeldiyew",3
TM,"Annamuhammedow",3
TM,"Kuliyew",3
TM,"Queen",3
TM,"Akmamedova",3
TM,"Hamraeva",3
TM,"Джуманиязов",3
TM,"Hamrayev",3
TM,"Hudaykuliyeva",3
TM,"Sadykov",3
TM,"Annalyyew",3
TM,"Hudaykuliyev",3
TM,"Беркелиев",3
TM,"Akyyev",3
TM,"Hudaygulyyew",3
TM,"Hudaybergenowa",3
TM,"Agabayew",3
TM,"Джумабаев",3
TM,"Арзуманян",3
TM,"Annagulyyewa",3
TM,"Agamyradow",3
TM,"Hommadowa",3
TM,"Hojayeva",3
TM,"Бабаджанов",3
TM,"Rustamowa",3
TM,"Ая",3
TM,"Amandurdyyew",3
TM,"Komekow",3
TM,"Ismailow",3
TM,"Akmuradow",3
TM,"Komekova",3
TM,"Amanowna",3
TM,"Klychev",3
TM,"Ismailova",3
TM,"Sariyev",3
TM,"Amangeldiyev",3
TM,"Ходжиев",3
TM,"Аннаклычев",3
TM,"Hojaniyazow",3
TM,"Hojanazarow",3
TM,"Аннамухаммедов",3
TM,"Akmuradov",3
TM,"Аннамамедов",3
TM,"Akmammedowa",3
TM,"Аннамурадов",3
TM,"Гуламов",3
TM,"Hojamgulyyew",3
TM,"Аннагельдыев",3
TM,"Бабажанов",3
TM,"Kandymova",3
TM,"Rahymow",3
TM,"Хангельдыев",3
TM,"Sabirowa",3
TM,"Akopova",3
TM,"Hommadow",3
TM,"Agayev",3
TM,"Rahmedova",3
TM,"Худайбердиев",3
TM,"Sapayev",3
TM,"Бабаниязов",3
TM,"Sapayew",3
TM,"Худайбергенова",3
TM,"Redjepova",3
TM,"Rzayeva",3
TM,"Бяшимова",3
TM,"Recepov",3
TM,"Валиев",3
TM,"Karahanova",3
TM,"Ivanova",3
TM,"Rozyew",3
TM,"Saryeva",3
TM,"Akmyradov",3
TM,"Григорьева",3
TM,"Seyitjanowa",3
TM,"Hojayewa",3
TM,"Akmamedov",3
TM,"Гаджиев",3
TM,"Jumabayewa",3
TM,"Шамурадов",3
TM,"Ilmuradov",3
TM,"Shihiev",3
TM,"Акмурадов",3
TM,"Polatov",3
TM,"Hakiyev",3
TM,"Jumaniyazova",3
TM,"Ilamanow",3
TM,"Акопова",3
TM,"Атамурадов",3
TM,"Rizaev",3
TM,"Satlykov",3
TM,"Salaev",3
TM,"Allaberdiyeva",3
TM,"Allamyradow",3
TM,"Allamov",3
TM,"Чарыяров",3
TM,"Бекмурадова",3
TM,"Акиева",3
TM,"Гафурова",3
TM,"Акберова",3
TM,"Haitov",3
TM,"Айрапетян",3
TM,"Reyimova",3
TM,"Арутюнян",3
TM,"Illiyewa",3
TM,"Газарян",3
TM,"Allabayev",3
TM,"Газиева",3
TM,"Kurdova",3
TM,"Jumanow",3
TM,"Черкезова",3
TM,"Ibragimow",3
TM,"Hallyyev",3
TM,"Агалыев",3
TM,"Allaberdiyewa",3
TM,"Батырова",3
TM,"Hallyyewa",3
TM,"Азизова",3
TM,"Азимов",3
TM,"Шарипов",3
TM,"Атаханова",3
TM,"Jurayew",3
TM,"Александр",3
TM,"Acilow",3
TM,"Shirin",3
TM,"Safarova",3
TM,"Saparbayeva",3
TM,"Shirinov",3
TM,"Атаджанов",3
TM,"Kabulov",3
TM,"Kakabayewa",3
TM,"Умарова",3
TM,"Hallyew",3
TM,"Hydyrowa",3
TM,"Kakayev",3
TM,"Piriyew",3
TM,"Halliyev",3
TM,"Jumamuradowa",3
TM,"Abbasov",3
TM,"Довранов",3
TM,"Атаниязов",3
TM,"Умаров",3
TM,"Allakow",3
TM,"Seidowa",3
TM,"Yadgarow",2
TM,"Doskabulov",2
TM,"Muhtarova",2
TM,"Мирзоева",2
TM,"Мириева",2
TM,"Мириев",2
TM,"Davletova",2
TM,"Гайдаров",2
TM,"Muhamedowa",2
TM,"Dost",2
TM,"Ikramov",2
TM,"Dovranov",2
TM,"Ishankuliyev",2
TM,"Ishankulieva",2
TM,"Yagshymuradowa",2
TM,"Yagshyev",2
TM,"Ishaniyazova",2
TM,"Мкртчян",2
TM,"Ihlas",2
TM,"Danatarov",2
TM,"Yagmyrov",2
TM,"Миронова",2
TM,"Ахмедярова",2
TM,"Yagmurowa",2
TM,"Muller",2
TM,"Yagmurow",2
TM,"Ke",2
TM,"Гайипова",2
TM,"Ishangulyew",2
TM,"Vika",2
TM,"Karyagdyyev",2
TM,"Машарипов",2
TM,"Dawletow",2
TM,"Dawletowa",2
TM,"Мерденов",2
TM,"Ilyas",2
TM,"Ilyasov",2
TM,"Dinara",2
TM,"Dima",2
TM,"Deryayewa",2
TM,"Muha",2
TM,"Muhammedova",2
TM,"Ilyasow",2
TM,"Воронина",2
TM,"Weliyewa",2
TM,"Мелкумова",2
TM,"Мелкумян",2
TM,"Атдаев",2
TM,"Менглиев",2
TM,"Востока",2
TM,"Kasymova",2
TM,"Атаян",2
TM,"Атаниязова",2
TM,"Мельников",2
TM,"Вьюгова",2
TM,"Didar",2
TM,"Diana",2
TM,"Атамурадова",2
TM,"Kasparova",2
TM,"Ilmuradowa",2
TM,"Махмудова",2
TM,"Muhammetnazarow",2
TM,"Karyagdyyewa",2
TM,"Мехтиева",2
TM,"Karyeva",2
TM,"Матниязов",2
TM,"Матьякубов",2
TM,"Матьякубова",2
TM,"Movlamov",2
TM,"Гаипова",2
TM,"Kazakowa",2
TM,"Dmitriy",2
TM,"Kashkaev",2
TM,"Владимир",2
TM,"Kasymow",2
TM,"Машарипова",2
TM,"Wepayew",2
TM,"Isan",2
TM,"Атажанова",2
TM,"Медведева",2
TM,"Wepa",2
TM,"Ахадов",2
TM,"Меджидов",2
TM,"Lara",2
TM,"Валиева",2
TM,"Мовламова",2
TM,"Нуралиев",2
TM,"Narmamedowa",2
TM,"Tuwakow",2
TM,"Tuvakov",2
TM,"Нурлыева",2
TM,"Jumabayev",2
TM,"Jumabayeva",2
TM,"Tursunova",2
TM,"Borjakov",2
TM,"Jumadurdyyev",2
TM,"Нурмурадов",2
TM,"Kakageldi",2
TM,"Баласанян",2
TM,"Нурмурадова",2
TM,"Bon",2
TM,"Jumageldiyewa",2
TM,"Бекмурадов",2
TM,"Jumagulyyev",2
TM,"Tuwakowa",2
TM,"Нур",2
TM,"Bogdanova",2
TM,"Brown",2
TM,"Byashimova",2
TM,"Байрыева",2
TM,"Непесова",2
TM,"Nagiyeva",2
TM,"Бакаев",2
TM,"Ugur",2
TM,"Бердыев",2
TM,"Бердиева",2
TM,"Kakayewa",2
TM,"Беляева",2
TM,"Narbekova",2
TM,"Бакыев",2
TM,"Nargiz",2
TM,"Белов",2
TM,"Narkulıyeva",2
TM,"Kakajanowa",2
TM,"Jumagulyyew",2
TM,"Ачкасова",2
TM,"Jumanazarow",2
TM,"Beshimova",2
TM,"Бегджанов",2
TM,"Nedirow",2
TM,"Оразгельдыев",2
TM,"Kadyr",2
TM,"Kadirow",2
TM,"Бахшалиев",2
TM,"Toylyyew",2
TM,"Балян",2
TM,"Оразмурадов",2
TM,"Баратов",2
TM,"Бахтияр",2
TM,"Jummiyev",2
TM,"Оразмырадов",2
TM,"Баха",2
TM,"Toyliyev",2
TM,"Jurayewa",2
TM,"Jumanazarowa",2
TM,"Jumanazarov",2
TM,"Nasyrova",2
TM,"Bey",2
TM,"Ню",2
TM,"Бекдурдыева",2
TM,"Jumakuliyev",2
TM,"Kakabaev",2
TM,"Kaka",2
TM,"Kaibov",2
TM,"Bilbil",2
TM,"Kahramanova",2
TM,"Naz",2
TM,"Bikulov",2
TM,"Nazar",2
TM,"Балтаев",2
TM,"Kagramanov",2
TM,"Jumamuradova",2
TM,"Jumamuradow",2
TM,"Kafurova",2
TM,"Байрыев",2
TM,"Umbarova",2
TM,"Joraewa",2
TM,"Karanov",2
TM,"Вартанян",2
TM,"Italmazov",2
TM,"Ivanov",2
TM,"Муратова",2
TM,"Musayev",2
TM,"Chopanov",2
TM,"Cholukow",2
TM,"Choliyew",2
TM,"Valieva",2
TM,"Муслимова",2
TM,"Мустафаев",2
TM,"Мартиросян",2
TM,"Valiev",2
TM,"Бабакулыева",2
TM,"Jabarova",2
TM,"Jabarow",2
TM,"Karaeva",2
TM,"Vekilova",2
TM,"Васильев",2
TM,"Umirov",2
TM,"Ismailowa",2
TM,"Величко",2
TM,"Ishankulyyewa",2
TM,"Karimov",2
TM,"Ishanova",2
TM,"Векилов",2
TM,"Моллаев",2
TM,"Моллаева",2
TM,"Dadasheva",2
TM,"Iskanderowa",2
TM,"Dadashev",2
TM,"Ашыров",2
TM,"Islamowa",2
TM,"Моминова",2
TM,"Васильева",2
TM,"Морозов",2
TM,"Cumaguliyev",2
TM,"Muratberdyew",2
TM,"Karaev",2
TM,"Chekirov",2
TM,"Charyyewa",2
TM,"Jafarov",2
TM,"Jepbarov",2
TM,"Myradova",2
TM,"Kalandarowa",2
TM,"Kalandarow",2
TM,"Биджелов",2
TM,"Kalandarova",2
TM,"Бешимова",2
TM,"Бешимов",2
TM,"Беркелиева",2
TM,"Myratgeldiyev",2
TM,"Myratgeldiyew",2
TM,"Jon",2
TM,"Натали",2
TM,"Joraev",2
TM,"Joraeva",2
TM,"Umirova",2
TM,"Jenni",2
TM,"Байлыев",2
TM,"Наджафова",2
TM,"Багиров",2
TM,"Jahan",2
TM,"Jamilya",2
TM,"Jana",2
TM,"Бабаян",2
TM,"Kara",2
TM,"Будагян",2
TM,"Kanayeva",2
TM,"Баджиков",2
TM,"Наджафов",2
TM,"Мухтаров",2
TM,"Charieva",2
TM,"Байджанов",2
TM,"Мякенькая",2
TM,"Mutlu",2
TM,"Богданова",2
TM,"Богатова",2
TM,"Атаджанова",2
TM,"Арутюнова",2
TM,"Dowlet",2
TM,"Алигаджиева",2
TM,"Карпова",2
TM,"Çaryyew",2
TM,"Geldieva",2
TM,"Geldiev",2
TM,"Аликперова",2
TM,"Hangeldi",2
TM,"Geldi",2
TM,"Алимова",2
TM,"Алискерова",2
TM,"Hangulyyew",2
TM,"Джумабаева",2
TM,"Аллабердыев",2
TM,"Hanowa",2
TM,"Кеворкова",2
TM,"Maminow",2
TM,"Mamiyev",2
TM,"Джуманиязова",2
TM,"Kuliewa",2
TM,"Korov",2
TM,"Джураев",2
TM,"Камбаров",2
TM,"Malahova",2
TM,"Hallyýew",2
TM,"Kulyyew",2
TM,"Kulov",2
TM,"Giyasov",2
TM,"Алексанян",2
TM,"Kulmamedov",2
TM,"Malikgulyyev",2
TM,"Gezgin",2
TM,"Караджаев",2
TM,"Halmurzayeva",2
TM,"Gerayev",2
TM,"Mamaliewa",2
TM,"Алексеева",2
TM,"Дидар",2
TM,"Mamed",2
TM,"Mamiyew",2
TM,"Gavrilova",2
TM,"Аллакулыева",2
TM,"Gasymova",2
TM,"Garajaev",2
TM,"Козловская",2
TM,"Hemra",2
TM,"Zayka",2
TM,"Hemrayev",2
TM,"Zara",2
TM,"Zamira",2
TM,"Королева",2
TM,"Hemrayeva",2
TM,"Hemrayew",2
TM,"Gambarov",2
TM,"Zafer",2
TM,"Zadayan",2
TM,"Yıldız",2
TM,"Кочарян",2
TM,"Masaripow",2
TM,"Gajarova",2
TM,"Hemdemov",2
TM,"Hekimow",2
TM,"Man",2
TM,"Джавадов",2
TM,"Алламурадов",2
TM,"Kretov",2
TM,"Gasanowa",2
TM,"Алланазарова",2
TM,"Garryyeva",2
TM,"Garryyev",2
TM,"Киченов",2
TM,"Алтыева",2
TM,"Garayev",2
TM,"Демченко",2
TM,"Mammetjanow",2
TM,"Дельцова",2
TM,"Hazratkulova",2
TM,"Zeynalova",2
TM,"Kosumov",2
TM,"Амандурдыева",2
TM,"Maksimova",2
TM,"Алекперов",2
TM,"Калиев",2
TM,"Еламанова",2
TM,"Адамян",2
TM,"Guvanch",2
TM,"Kuvadov",2
TM,"Gulyyewa",2
TM,"Guyjowa",2
TM,"Gulshat",2
TM,"Абрамова",2
TM,"Абрамов",2
TM,"Gylych",2
TM,"Gulova",2
TM,"Gulmuradov",2
TM,"Gylyjov",2
TM,"Абдыев",2
TM,"Gylyjova",2
TM,"Gylyjowa",2
TM,"Lord",2
TM,"Ильмурадов",2
TM,"Gutlyyewa",2
TM,"Ибадулаев",2
TM,"Жилкубаев",2
TM,"Аветисян",2
TM,"Захаров",2
TM,"Агакишиев",2
TM,"Захарова",2
TM,"Gurbangylyjow",2
TM,"Lebedeva",2
TM,"Авилова",2
TM,"Lee",2
TM,"Gurbandurdyyev",2
TM,"Guseynowa",2
TM,"Gurdowa",2
TM,"Gurbandurdiyev",2
TM,"Загирова",2
TM,"Lalayeva",2
TM,"Жуманазаров",2
TM,"Авакян",2
TM,"Зухра",2
TM,"Елдашов",2
TM,"Ильмурадова",2
TM,"Hallyeva",2
TM,"Kuryazov",2
TM,"Grigoryan",2
TM,"Hakimova",2
TM,"Govher",2
TM,"Gosha",2
TM,"Mahmudinova",2
TM,"Акопян",2
TM,"Mahmudow",2
TM,"Kurambayew",2
TM,"Долунц",2
TM,"Mahriban",2
TM,"Gorbunov",2
TM,"Halbayev",2
TM,"Halbayew",2
TM,"Какаев",2
TM,"Halikova",2
TM,"Акыев",2
TM,"Довлетов",2
TM,"Ишанкулиева",2
TM,"Акимова",2
TM,"Gucci",2
TM,"Аббасова",2
TM,"Güven",2
TM,"Love",2
TM,"Guliev",2
TM,"Егендурдыева",2
TM,"Habibi",2
TM,"Евсеенко",2
TM,"Habibova",2
TM,"Hadisova",2
TM,"Kurbandurdyyew",2
TM,"Kurbannazarov",2
TM,"Абальян",2
TM,"Абаева",2
TM,"Айрапетова",2
TM,"Ёлдашев",2
TM,"Gudjieva",2
TM,"Mashadov",2
TM,"Koroleva",2
TM,"Mohamad",2
TM,"Любимая",2
TM,"Mergenow",2
TM,"Артыков",2
TM,"Ekayew",2
TM,"Герцен",2
TM,"Магомедов",2
TM,"Yazdurdyyeva",2
TM,"Мадаминов",2
TM,"Мадраимов",2
TM,"Yazberdiyew",2
TM,"Döwletow",2
TM,"Yazberdiyev",2
TM,"Yaz",2
TM,"Майорова",2
TM,"Khan",2
TM,"Mi",2
TM,"Yaylymow",2
TM,"Макарьян",2
TM,"Арсланова",2
TM,"Meretmamedowa",2
TM,"Gaipov",2
TM,"Meretgylyjow",2
TM,"Леонова",2
TM,"Леонтьева",2
TM,"Enesh",2
TM,"Литвиненко",2
TM,"Голубовская",2
TM,"Литвинов",2
TM,"Hudayberenowa",2
TM,"Литвинова",2
TM,"Eminow",2
TM,"Eminov",2
TM,"Kiliç",2
TM,"Yazyyew",2
TM,"Hudaykulyew",2
TM,"Hudaykulyyeva",2
TM,"Локоченко",2
TM,"Yaztuvakov",2
TM,"Meretgeldiyew",2
TM,"Максимов",2
TM,"Yashka",2
TM,"Зарянкина",2
TM,"Hummedowa",2
TM,"Мамиев",2
TM,"Durdiev",2
TM,"Гаспарян",2
TM,"Гарлыева",2
TM,"Гарлыев",2
TM,"Kerim",2
TM,"Ibadullaev",2
TM,"Yakup",2
TM,"Аскерова",2
TM,"Kepbanov",2
TM,"Ibragimowa",2
TM,"Марина",2
TM,"Ibrahim",2
TM,"Гамзатова",2
TM,"Астанова",2
TM,"Атабаева",2
TM,"Мария",2
TM,"Huseynow",2
TM,"Маметкулиев",2
TM,"Durdiyeva",2
TM,"Keshiyev",2
TM,"Mila",2
TM,"Kh",2
TM,"Гельдыев",2
TM,"Durdymuradov",2
TM,"Yanybayew",2
TM,"Yangibayeva",2
TM,"Hunter",2
TM,"Durdyew",2
TM,"Durdiyew",2
TM,"Асадова",2
TM,"Kertikow",2
TM,"Kertikova",2
TM,"Асадуллаева",2
TM,"Mirsadykow",2
TM,"Yalkanowa",2
TM,"Аразова",2
TM,"Kiyasov",2
TM,"Eresow",2
TM,"Курамбаева",2
TM,"Matkarimow",2
TM,"Hojaberdiyew",2
TM,"Кузьмин",2
TM,"Hojageldiyew",2
TM,"Yuldashew",2
TM,"Гурдова",2
TM,"Гурбанмырадов",2
TM,"Hojakow",2
TM,"Hojakuliyev",2
TM,"Matyakubowa",2
TM,"Yuldashev",2
TM,"Mavlyanov",2
TM,"Yu",2
TM,"Курамбаев",2
TM,"Гумманов",2
TM,"Аннакулиева",2
TM,"Hojamammedow",2
TM,"Matkarimova",2
TM,"Hoja",2
TM,"Matiyew",2
TM,"Амиров",2
TM,"Masharipov",2
TM,"Амбарцумов",2
TM,"Амбарцумян",2
TM,"Красавчик",2
TM,"Краснова",2
TM,"Дадашев",2
TM,"Давыдова",2
TM,"Yunusow",2
TM,"Hocakuliyeva",2
TM,"Gadjieva",2
TM,"Yusuf",2
TM,"Андреев",2
TM,"Гюльмамедова",2
TM,"Гылыжова",2
TM,"Matiyev",2
TM,"Анналыев",2
TM,"Max",2
TM,"Антоненко",2
TM,"Анналыева",2
TM,"Ylyasov",2
TM,"Esen",2
TM,"Esedow",2
TM,"Melayewa",2
TM,"Melebayev",2
TM,"Гребенюк",2
TM,"Klycev",2
TM,"Yildirim",2
TM,"Melikov",2
TM,"Melikowa",2
TM,"Yhtyyarow",2
TM,"Лебедев",2
TM,"Антипова",2
TM,"Левин",2
TM,"Ergeshov",2
TM,"Ergeshewa",2
TM,"Hojayev",2
TM,"Esenowa",2
TM,"Аннамурадова",2
TM,"Yollyevich",2
TM,"Курбанмагомедова",2
TM,"Maysa",2
TM,"Курбанмурадов",2
TM,"Yoldaşov",2
TM,"Hojamgulyyewa",2
TM,"Hojamow",2
TM,"Hojamuradov",2
TM,"Ylyasow",2
TM,"Eziz",2
TM,"Klychewa",2
TM,"Курбановв",2
TM,"Yoldasow",2
TM,"Yoldashov",2
TM,"Yok",2
TM,"Григорьянц",2
TM,"Авезова",2
TM,"Murik",2
TM,"Батыр",2
TM,"Ser",2
TM,"Oralow",2
TM,"Babamuradowa",2
TM,"Tach",2
TM,"Arushanova",2
TM,"Orayeva",2
TM,"Altyev",2
TM,"Худакулиева",2
TM,"Babamuradov",2
TM,"Altun",2
TM,"Altyn",2
TM,"Babakulyyewa",2
TM,"Altyyev",2
TM,"Babakulyyeva",2
TM,"Aly",2
TM,"Сарбаева",2
