country,name,count
BD,"Islam",134060
BD,"Ahmed",129220
BD,"Khan",111799
BD,"Hossain",87887
BD,"Rahman",76075
BD,"Hasan",50566
BD,"Uddin",39195
BD,"Akter",36656
BD,"Chowdhury",36357
BD,"Alam",31610
BD,"Ali",27138
BD,"Das",26050
BD,"Rana",21237
BD,"Roy",18014
BD,"Miah",14723
BD,"Mahmud",14038
BD,"Saha",13374
BD,"Mia",13198
BD,"Haque",13183
BD,"Biswas",12917
BD,"Mamun",12293
BD,"Hossen",12210
BD,"Sarker",11831
BD,"Begum",11684
BD,"Sumon",11479
BD,"Jahan",11131
BD,"Sarkar",10732
BD,"Sultana",10576
BD,"Amin",10440
BD,"Akash",9406
BD,"Kabir",9273
BD,"Hassan",9256
BD,"Aktar",9154
BD,"Ahamed",9133
BD,"Hussain",9042
BD,"Akther",8620
BD,"Babu",8116
BD,"Alom",7632
BD,"Karim",7535
BD,"Paul",7493
BD,"Raj",7449
BD,"Rasel",7445
BD,"Bhuiyan",7202
BD,"ইসলাম",7093
BD,"Joy",7091
BD,"Hoque",7013
BD,"Rubel",7003
BD,"Zaman",6734
BD,"Faruk",6691
BD,"Moni",6571
BD,"Emon",6456
BD,"Dey",6273
BD,"Rony",6257
BD,"Chy",6238
BD,"Shuvo",6234
BD,"Ullah",6184
BD,"Jannat",6122
BD,"Arif",6116
BD,"Ahmad",6115
BD,"Rahaman",6094
BD,"Habib",5783
BD,"Barua",5771
BD,"Rashid",5632
BD,"Rakib",5625
BD,"Raju",5608
BD,"Mim",5577
BD,"Kumar",5468
BD,"মন",5428
BD,"Hridoy",5389
BD,"Sohel",5330
BD,"Talukder",5249
BD,"Kamal",5234
BD,"Hosen",5065
BD,"Sheikh",4994
BD,"Ghosh",4984
BD,"Azad",4939
BD,"আকাশ",4828
BD,"Mondal",4811
BD,"Reza",4780
BD,"পাখি",4706
BD,"Molla",4649
BD,"Hossin",4567
BD,"Masud",4551
BD,"Munna",4472
BD,"হোসেন",4312
BD,"Sakib",4303
BD,"Sikder",4300
BD,"Ripon",4278
BD,"Monir",4261
BD,"Hossan",4249
BD,"Sagor",4248
BD,"Mon",4227
BD,"Shakil",4012
BD,"Imran",4010
BD,"Abir",3969
BD,"জীবন",3964
BD,"Shamim",3917
BD,"Khatun",3914
BD,"Fahim",3904
BD,"Abdullah",3842
BD,"Masum",3841
BD,"Nath",3837
BD,"Rahim",3814
BD,"Rafi",3736
BD,"Shahin",3696
BD,"Afrin",3695
BD,"খান",3656
BD,"Akhter",3577
BD,"Pori",3537
BD,"আক্তার",3526
BD,"Pakhi",3523
BD,"Nur",3523
BD,"Manik",3513
BD,"Liton",3511
BD,"Mondol",3470
BD,"Jibon",3430
BD,"Sharif",3392
BD,"রহমান",3372
BD,"Iqbal",3356
BD,"ছেলে",3354
BD,"Aziz",3345
BD,"Talukdar",3321
BD,"Alamin",3315
BD,"Ahammed",3297
BD,"বালক",3280
BD,"Sujon",3266
BD,"আহমেদ",3202
BD,"Nahar",3125
BD,"Milon",3089
BD,"Rayhan",3084
BD,"Arafat",3062
BD,"Chakma",3012
BD,"Raihan",3010
BD,"Tuhin",2983
BD,"Parvez",2931
BD,"Gazi",2926
BD,"Deb",2915
BD,"Chakraborty",2907
BD,"Salim",2906
BD,"Mohammad",2894
BD,"আমি",2889
BD,"Kalam",2870
BD,"Debnath",2842
BD,"Anik",2832
BD,"Robin",2793
BD,"Rifat",2792
BD,"Nahid",2779
BD,"Shohag",2756
BD,"মিয়া",2748
BD,"Sabbir",2719
BD,"Shawon",2712
BD,"Datta",2712
BD,"Jewel",2702
BD,"Noor",2692
BD,"Rashed",2666
BD,"Ctg",2653
BD,"Ray",2652
BD,"Mizan",2635
BD,"Ibrahim",2624
BD,"Shanto",2610
BD,"Arman",2600
BD,"Dhar",2589
BD,"Mahi",2589
BD,"Salam",2568
BD,"হাসান",2563
BD,"Hosain",2560
BD,"Sohag",2490
BD,"মানুষ",2474
BD,"Tanvir",2470
BD,"Bappy",2439
BD,"Jony",2424
BD,"Mahamud",2419
BD,"Rabby",2415
BD,"King",2404
BD,"Halder",2396
BD,"তারা",2394
BD,"Bd",2355
BD,"Maruf",2335
BD,"Ahsan",2313
BD,"Sen",2306
BD,"Sk",2303
BD,"Hamid",2299
BD,"Parvin",2298
BD,"আহমদ",2288
BD,"Saiful",2282
BD,"Niloy",2267
BD,"Asif",2267
BD,"Sayed",2265
BD,"Howlader",2259
BD,"Ahmmed",2230
BD,"Ovi",2227
BD,"Mannan",2214
BD,"ভালোবাসা",2210
BD,"Tabassum",2204
BD,"চৌধুরী",2200
BD,"Jamal",2192
BD,"Nasir",2171
BD,"Sajib",2154
BD,"Ismail",2143
BD,"Noman",2138
BD,"Hanif",2122
BD,"Miha",2120
BD,"Yousuf",2119
BD,"Rajib",2116
BD,"Nirob",2092
BD,"Ferdous",2090
BD,"Siddique",2085
BD,"Jaman",2064
BD,"Ridoy",2056
BD,"Tasnim",2052
BD,"Abedin",2044
BD,"Sojib",2032
BD,"Banik",2032
BD,"Alamgir",2031
BD,"Sumi",2025
BD,"Jahid",2020
BD,"Ashik",2018
BD,"Miya",2009
BD,"Babul",1988
BD,"Moon",1987
BD,"Prince",1964
BD,"Harun",1954
BD,"Anwar",1951
BD,"Rahat",1936
BD,"Tara",1919
BD,"Faisal",1913
BD,"আলো",1911
BD,"Shikder",1910
BD,"Adnan",1908
BD,"Sobuj",1894
BD,"Shah",1884
BD,"Jahangir",1865
BD,"Sultan",1850
BD,"Shakib",1807
BD,"Taher",1799
BD,"Kazi",1794
BD,"Mollah",1789
BD,"Morshed",1789
BD,"Shil",1789
BD,"Dewan",1775
BD,"Kobir",1773
BD,"Majumder",1766
BD,"Sharma",1764
BD,"Alim",1760
BD,"Sharmin",1756
BD,"Rohman",1751
BD,"Ahmod",1745
BD,"Patwary",1740
BD,"Rani",1740
BD,"Noyon",1727
BD,"আমার",1727
BD,"Sorkar",1726
BD,"তুমি",1721
BD,"Sami",1716
BD,"Mazumder",1705
BD,"Murad",1702
BD,"Kader",1694
BD,"Tamim",1677
BD,"Mahbub",1676
BD,"Cox",1661
BD,"Man",1654
BD,"Mitu",1653
BD,"Dutta",1636
BD,"Dev",1630
BD,"Ahad",1625
BD,"Roni",1616
BD,"Hannan",1604
BD,"Kawsar",1600
BD,"Bashar",1596
BD,"Khokon",1590
BD,"Mou",1585
BD,"Riyad",1581
BD,"সরকার",1577
BD,"Billah",1566
BD,"Tushar",1562
BD,"Sunny",1561
BD,"Riya",1561
BD,"Nil",1561
BD,"Khanom",1556
BD,"Ara",1551
BD,"Bablu",1551
BD,"Tarek",1549
BD,"Siam",1543
BD,"Mridha",1542
BD,"আলম",1541
BD,"বালিকা",1533
BD,"Shohel",1532
BD,"Helal",1530
BD,"Shimul",1524
BD,"Mehedi",1512
BD,"Asad",1506
BD,"Saif",1500
BD,"Hakim",1498
BD,"Akhi",1490
BD,"Fahad",1488
BD,"Biplob",1483
BD,"Tipu",1483
BD,"Shahid",1482
BD,"Forhad",1481
BD,"Robi",1479
BD,"Halim",1464
BD,"Dash",1463
BD,"Badsha",1457
BD,"Mostafa",1456
BD,"পরী",1453
BD,"Momin",1449
BD,"Sohan",1440
BD,"Kundu",1439
BD,"Azam",1436
BD,"Kashem",1430
BD,"Razzak",1427
BD,"Mithu",1420
BD,"Alauddin",1420
BD,"Mahin",1419
BD,"Osman",1415
BD,"Vai",1411
BD,"Mojumder",1405
BD,"মেয়ে",1402
BD,"Shahed",1397
BD,"Ami",1393
BD,"Bijoy",1382
BD,"পথিক",1377
BD,"Dipu",1374
BD,"Jakir",1372
BD,"Opu",1369
BD,"Polash",1363
BD,"Alo",1358
BD,"Nayem",1354
BD,"Limon",1348
BD,"Salman",1343
BD,"Jabed",1335
BD,"Mirza",1334
BD,"Alif",1333
BD,"Saddam",1316
BD,"Mollik",1308
BD,"Wahid",1305
BD,"Sayem",1294
BD,"Siddik",1294
BD,"Kamrul",1289
BD,"Dulal",1286
BD,"Huda",1282
BD,"Ashraf",1279
BD,"Belal",1278
BD,"Shihab",1270
BD,"Emran",1270
BD,"Khanam",1267
BD,"Raja",1267
BD,"Chowdury",1266
BD,"Prodhan",1261
BD,"ভালবাসা",1260
BD,"Nayeem",1258
BD,"Foysal",1254
BD,"আলী",1245
BD,"Nila",1245
BD,"Azim",1244
BD,"Mozumder",1234
BD,"Fatema",1230
BD,"Haq",1226
BD,"Samad",1225
BD,"Cr",1225
BD,"Shahriar",1222
BD,"Bristy",1215
BD,"Pal",1214
BD,"গল্প",1206
BD,"Farhan",1203
BD,"Mukta",1195
BD,"Yasmin",1192
BD,"Ratul",1192
BD,"Apon",1190
BD,"উদ্দিন",1189
BD,"Bhattacharjee",1185
BD,"রায়",1185
BD,"Yeasmin",1180
BD,"Hussen",1177
BD,"Palash",1172
BD,"Mohammed",1171
BD,"Rose",1171
BD,"Jahed",1167
BD,"Sardar",1167
BD,"Bhowmik",1166
BD,"Gomes",1164
BD,"Titu",1160
BD,"Haider",1157
BD,"Saju",1155
BD,"Rumi",1154
BD,"Jamil",1153
BD,"Himel",1151
BD,"Al Mamun",1148
BD,"Choudhury",1142
BD,"Feni",1137
BD,"Rocky",1136
BD,"Priya",1135
BD,"Rohan",1134
BD,"Eva",1131
BD,"Munni",1129
BD,"Faysal",1127
BD,"Rimon",1127
BD,"Farhad",1121
BD,"Juwel",1119
BD,"Selim",1119
BD,"Nipa",1116
BD,"Sarwar",1113
BD,"Akram",1108
BD,"Mohiuddin",1104
BD,"Jui",1104
BD,"Sarder",1102
BD,"Khalil",1102
BD,"Musa",1101
BD,"Afroz",1099
BD,"Shipon",1092
BD,"Rahul",1090
BD,"Roman",1090
BD,"Apu",1087
BD,"Nayan",1086
BD,"Nasrin",1086
BD,"রাজকুমার",1080
BD,"Al Amin",1078
BD,"Munshi",1076
BD,"Nazmul",1075
BD,"Tanha",1073
BD,"Tonmoy",1072
BD,"Salauddin",1072
BD,"Liza",1071
BD,"Riaz",1068
BD,"মনি",1067
BD,"Jalal",1066
BD,"Uzzal",1056
BD,"Sifat",1054
BD,"Hasib",1051
BD,"Anam",1048
BD,"Malek",1046
BD,"রানা",1045
BD,"আকতার",1045
BD,"Shaon",1039
BD,"Goni",1038
BD,"Sathi",1038
BD,"Anis",1033
BD,"Rhaman",1030
BD,"Marma",1025
BD,"Sikdar",1024
BD,"Ariyan",1021
BD,"Barman",1020
BD,"Amir",1019
BD,"Pranto",1016
BD,"Husain",1016
BD,"Sabuj",1015
BD,"Rupa",1005
BD,"Hossian",1002
BD,"Angel",1002
BD,"Farid",1001
BD,"Mijan",1000
BD,"Sinha",998
BD,"কাব্য",995
BD,"Santo",993
BD,"Karmakar",989
BD,"Zahid",988
BD,"Husen",987
BD,"Hawlader",985
BD,"Tamanna",982
BD,"দাস",982
BD,"Yesmin",981
BD,"Abid",980
BD,"Himu",980
BD,"Sakil",975
BD,"Shagor",974
BD,"Kibria",974
BD,"Riad",973
BD,"হোসাইন",972
BD,"Kadir",969
BD,"Robel",967
BD,"Al-Amin",965
BD,"Aslam",965
BD,"Hosan",964
BD,"Atik",963
BD,"Rima",962
BD,"Mir",959
BD,"Bari",959
BD,"Rafiq",958
BD,"Tania",958
BD,"Aman",957
BD,"Malik",955
BD,"Naim",951
BD,"Shishir",951
BD,"Sadia",951
BD,"Akbar",942
BD,"Balok",940
BD,"Nusrat",940
BD,"Mostofa",938
BD,"Mahabub",936
BD,"Ruma",931
BD,"Razu",929
BD,"Balika",929
BD,"Sujan",925
BD,"Basak",925
BD,"Mintu",919
BD,"Rahi",918
BD,"Tisha",915
BD,"Jashim",912
BD,"Sutradhar",910
BD,"Zia",903
BD,"Anowar",902
BD,"Tareq",900
BD,"Shovon",897
BD,"Samir",897
BD,"Rajon",888
BD,"রাজকন্যা",887
BD,"Tutul",884
BD,"Chanda",879
BD,"Mohsin",878
BD,"Nazrul",878
BD,"ভাই",878
BD,"Ahamad",877
BD,"নীল",865
BD,"মাহমুদ",864
BD,"Mimi",863
BD,"Salma",863
BD,"কন্যা",863
BD,"Akas",863
BD,"Raz",861
BD,"Didar",861
BD,"Sayeed",861
BD,"Hoq",858
BD,"হক",858
BD,"Dip",856
BD,"কথা",856
BD,"পৃথিবী",854
BD,"Korim",852
BD,"Sattar",848
BD,"Nadim",846
BD,"Nazim",844
BD,"Hira",844
BD,"Imam",843
BD,"Lucky",842
BD,"Yeasin",841
BD,"হৃদয়",841
BD,"Yasin",839
BD,"Younus",834
BD,"Shaikh",830
BD,"Hafiz",826
BD,"Badhon",826
BD,"Lima",824
BD,"Huq",824
BD,"Mallick",821
BD,"Ahammad",818
BD,"Singha",815
BD,"Shekh",814
BD,"Sahin",814
BD,"Mahmood",813
BD,"Tanim",809
BD,"Kajol",808
BD,"Mithun",806
BD,"Abrar",806
BD,"Elias",805
BD,"Shimu",805
BD,"মেঘ",803
BD,"Shohan",801
BD,"Maya",800
BD,"Jan",799
BD,"Hasnat",797
BD,"Ak",797
BD,"Acharjee",792
BD,"Pavel",791
BD,"Sagar",790
BD,"Shikdar",790
BD,"Jisan",789
BD,"Awal",788
BD,"Sha",787
BD,"Mitra",786
BD,"Shahadat",784
BD,"Mishu",784
BD,"Khandaker",780
BD,"Rabbani",779
BD,"Sadik",778
BD,"Mahfuz",777
BD,"Zara",777
BD,"Alli",776
BD,"Faruque",771
BD,"Bahar",769
BD,"বাবু",768
BD,"Akthar",768
BD,"Billal",766
BD,"Farabi",764
BD,"Omar",761
BD,"Pk",758
BD,"Mohin",757
BD,"Sadi",755
BD,"Samim",755
BD,"Uzzaman",753
BD,"Meye",753
BD,"Dhali",752
BD,"Chandra",751
BD,"Arfat",751
BD,"Kotha",751
BD,"পরি",748
BD,"Nabi",747
BD,"Asha",747
BD,"Sajjad",746
BD,"Khaled",746
BD,"Mandal",746
BD,"Ma",746
BD,"জাহান",745
BD,"Evan",744
BD,"Nasim",743
BD,"Sazzad",742
BD,"Shak",741
BD,"Bala",740
BD,"সুমন",739
BD,"Popy",737
BD,"Parves",736
BD,"Rohoman",736
BD,"Mukul",735
BD,"Bappi",735
BD,"Begom",734
BD,"Rozario",734
BD,"Kan",731
BD,"Rehman",729
BD,"Nishi",728
BD,"Absar",728
BD,"বৃষ্টি",725
BD,"Rohim",724
BD,"Pappu",722
BD,"Baidya",722
BD,"Kar",719
BD,"Nishat",719
BD,"ফুল",719
BD,"Anika",718
BD,"Adhikary",717
BD,"Jalil",715
BD,"Amar",714
BD,"Akhtar",712
BD,"Nayon",711
BD,"Arefin",711
BD,"Miraj",707
BD,"Toma",705
BD,"Topu",702
BD,"Keya",702
BD,"Nobi",702
BD,"Ritu",702
BD,"Sufian",700
BD,"Khondokar",700
BD,"তালুকদার",697
BD,"পাতা",697
BD,"Queen",696
BD,"Shorif",694
BD,"Roshid",694
BD,"Kona",694
BD,"বেগম",694
BD,"Shopon",692
BD,"Suman",692
BD,"বিশ্বাস",690
BD,"Rashel",688
BD,"Siddika",688
BD,"Urmi",686
BD,"Jasim",685
BD,"রাজা",685
BD,"Konna",682
BD,"সাগর",682
BD,"Sani",681
BD,"Bepari",680
BD,"Robiul",680
BD,"Sajid",679
BD,"Pathan",675
BD,"Mahim",675
BD,"Zakir",675
BD,"Tahsin",674
BD,"Alomgir",672
BD,"রাত",671
BD,"Saad",670
BD,"Koli",670
BD,"Sd",670
BD,"Arnob",669
BD,"Mone",667
BD,"Akib",666
BD,"Bulbul",666
BD,"শেখ",666
BD,"Gupta",664
BD,"Karmokar",662
BD,"দাশ",661
BD,"Akon",657
BD,"Lokman",657
BD,"Mony",657
BD,"Amran",656
BD,"Sadek",656
BD,"Shafi",655
BD,"Suma",655
BD,"Shill",655
BD,"Habiba",654
BD,"Anjum",654
BD,"জিবন",653
BD,"Monsur",652
BD,"Shaha",651
BD,"Abdul",648
BD,"মামুন",647
BD,"Parvej",646
BD,"Muhammad",645
BD,"Nabil",645
BD,"Ratan",643
BD,"Srabon",642
BD,"প্রজাপতি",640
BD,"Ruhi",639
BD,"Naeem",638
BD,"Job",638
BD,"Mollick",638
BD,"Raza",637
BD,"Shaheen",634
BD,"Arshad",632
BD,"Antor",631
BD,"Runa",629
BD,"Saimon",628
BD,"Motin",625
BD,"রাজ",625
BD,"Tumi",621
BD,"Miraz",618
BD,"Jihad",618
BD,"Podder",618
BD,"Siraj",616
BD,"একা",615
BD,"Rajkonna",614
BD,"Nupur",613
BD,"Sourav",612
BD,"Sara",610
BD,"Sany",609
BD,"কুমার",609
BD,"Singh",607
BD,"খাঁন",606
BD,"Rj",601
BD,"Nill",601
BD,"শুভ",600
BD,"চাই",600
BD,"Don",599
BD,"সাহা",599
BD,"Tusher",598
BD,"Jafor",595
BD,"Rouf",593
BD,"Bhai",592
BD,"Sam",592
BD,"Kamruzzaman",586
BD,"Latif",586
BD,"Joynal",586
BD,"Hero",585
BD,"Akbor",583
BD,"Shahjahan",582
BD,"Redoy",582
BD,"Alvi",577
BD,"সকাল",577
BD,"Shanta",576
BD,"Sa",574
BD,"Ruman",573
BD,"Ayon",572
BD,"Hossein",572
BD,"Rimi",571
BD,"Shek",571
BD,"Poly",569
BD,"Syed",568
BD,"Solaiman",565
BD,"Araf",565
BD,"Fariya",565
BD,"Faruq",563
BD,"Nandi",562
BD,"Barmon",560
BD,"চাঁদ",560
BD,"Abdulla",558
BD,"Emu",558
BD,"Megh",558
BD,"Bhuyan",557
BD,"Matin",557
BD,"Anu",557
BD,"Saleh",556
BD,"Khokan",554
BD,"Bangla",554
BD,"প্রেম",554
BD,"Ebrahim",553
BD,"Razib",550
BD,"Mallik",550
BD,"Nodi",550
BD,"Manus",549
BD,"Saikat",548
BD,"Kaium",546
BD,"জয়",546
BD,"Faria",544
BD,"Safa",544
BD,"Chowdhory",544
BD,"Irfan",543
BD,"Nizam",543
BD,"Jakaria",542
BD,"Tonni",542
BD,"Patowary",540
BD,"Day",540
BD,"Mohon",539
BD,"Shila",539
BD,"Hussin",537
BD,"Omi",537
BD,"Lipi",536
BD,"Bithi",535
BD,"Tuli",534
BD,"Barai",534
BD,"Farjana",532
BD,"Sahed",532
BD,"দে",531
BD,"Zahan",530
BD,"Sony",529
BD,"উদ্দীন",528
BD,"Durjoy",527
BD,"Mustafa",526
BD,"Karmaker",526
BD,"Jubayer",525
BD,"জান্নাত",524
BD,"Kuddus",523
BD,"Firoz",523
BD,"Rabbi",522
BD,"Sonia",521
BD,"Hashem",521
BD,"Minhaj",521
BD,"স্বপ্ন",521
BD,"Monju",519
BD,"Rumon",518
BD,"Hussan",515
BD,"Ayan",514
BD,"Na",514
BD,"Suhel",512
BD,"Fariha",511
BD,"Hi",511
BD,"Rokon",510
BD,"Shovo",510
BD,"Imtiaz",510
BD,"Shohid",508
BD,"Numan",507
BD,"Pramanik",507
BD,"শিশির",507
BD,"Tumpa",506
BD,"Suvo",504
BD,"সুলতানা",504
BD,"Josim",503
BD,"Maria",503
BD,"Jara",503
BD,"Talha",502
BD,"Afridi",502
BD,"Neha",502
BD,"Mojumdar",501
BD,"মজুমদার",500
BD,"পাগল",499
BD,"Sordar",498
BD,"Saiful Islam",497
BD,"Badal",497
BD,"Shobuj",497
BD,"Reja",496
BD,"On",496
BD,"Shajahan",495
BD,"মিম",495
BD,"Mahadi",493
BD,"Rat",493
BD,"Minhaz",491
BD,"তোমায়",491
BD,"রাসেল",490
BD,"Deb Nath",488
BD,"জন্য",488
BD,"Null",487
BD,"Malakar",486
BD,"Sajal",485
BD,"Taj",485
BD,"Esha",484
BD,"Kayes",483
BD,"Bhuiya",483
BD,"Parveen",482
BD,"Hamza",482
BD,"An",481
BD,"আহম্মেদ",480
BD,"Siyam",479
BD,"Kawser",479
BD,"Tripura",479
BD,"Ayub",478
BD,"Newaz",478
BD,"Naher",477
BD,"Shojib",476
BD,"Panna",476
BD,"Ripa",473
BD,"Patti",473
BD,"বাংলাদেশ",469
BD,"Bagum",468
BD,"Abbas",467
BD,"Trisha",466
BD,"Farhana",465
BD,"Saba",465
BD,"Pinky",464
BD,"Sharkar",462
BD,"Hamim",460
BD,"Samrat",459
BD,"Shafiq",459
BD,"Bhowmick",459
BD,"Ii",458
BD,"Khandakar",458
BD,"Mona",458
BD,"পাল",455
BD,"Ema",454
BD,"Adil",453
BD,"Tahmid",453
BD,"Rajkumar",451
BD,"Ratri",451
BD,"Labib",450
BD,"Raisa",450
BD,"Niha",450
BD,"Ashraful",449
BD,"Rob",449
BD,"Forid",449
BD,"Mithila",448
BD,"Ahasan",448
BD,"Kumer",447
BD,"Jowel",447
BD,"আমিন",446
BD,"Sorker",446
BD,"Sumaiya",445
BD,"Banu",443
BD,"রনি",443
BD,"Ar",443
BD,"Bokul",443
BD,"Abu",442
BD,"Manna",442
BD,"Rina",442
BD,"Siddiqui",441
BD,"Nipu",441
BD,"Ador",440
BD,"Anas",440
BD,"Muntaha",439
BD,"Imon",436
BD,"Hena",436
BD,"Pothik",435
BD,"Manush",435
BD,"Rone",434
BD,"বয়",434
BD,"Yusuf",432
BD,"Moin",430
BD,"Moniruzzaman",429
BD,"Saidul",429
BD,"Hawladar",429
BD,"Ikbal",429
BD,"Tithi",428
BD,"Joni",428
BD,"Momo",427
BD,"Najmul",427
BD,"Gain",426
BD,"রাজকুমারী",426
BD,"Rahoman",426
BD,"হিমু",426
BD,"সোহাগ",425
BD,"Naser",425
BD,"Arkani",425
BD,"Orin",425
BD,"Rita",424
BD,"Arohi",424
BD,"Kiron",423
BD,"Sourov",422
BD,"Shopno",422
BD,"Jerin",421
BD,"Mita",421
BD,"Setu",421
BD,"মানব",420
BD,"Amit",419
BD,"Forkan",419
BD,"Adi",418
BD,"Jahir",418
BD,"Khair",418
BD,"Tasin",418
BD,"গোলাপ",417
BD,"Muna",416
BD,"Sarmin",416
BD,"Nilanjona",415
BD,"Sana",415
BD,"Piash",414
BD,"Fuad",414
BD,"মাঝি",414
BD,"Shake",413
BD,"Nisha",412
BD,"Pasha",412
BD,"Rs",412
BD,"Lslam",412
BD,"Kabbo",412
BD,"বন্ধু",411
BD,"Gani",410
BD,"Zzaman",410
BD,"Somrat",410
BD,"Fakir",410
BD,"Johir",410
BD,"Arju",410
BD,"Anamul",407
BD,"Rk",407
BD,"Bipul",405
BD,"Shuvro",404
BD,"Shams",403
BD,"Payel",402
BD,"হাওলাদার",401
BD,"Mun",401
BD,"Chele",400
BD,"Bristi",400
BD,"Ansari",400
BD,"Sojol",398
BD,"Elahi",398
BD,"Joya",398
BD,"Pabel",397
BD,"Pervin",397
BD,"Murshed",397
BD,"Khalifa",397
BD,"Khondoker",397
BD,"Dalim",396
BD,"Meem",395
BD,"Jishan",394
BD,"Badol",394
BD,"Pagol",394
BD,"Mili",393
BD,"রাজু",393
BD,"Gold",393
BD,"রুবেল",392
BD,"ইমন",392
BD,"Afsar",392
BD,"Sanju",392
BD,"সাথী",392
BD,"Dipto",391
BD,"Likhon",391
BD,"Salahuddin",391
BD,"Arfin",391
BD,"Sawon",390
BD,"Kasem",390
BD,"Rafsan",390
BD,"Valobasa",390
BD,"Borhan",389
BD,"Kaisar",389
BD,"সৈনিক",388
BD,"Rahad",387
BD,"বড়ুয়া",386
BD,"Aminul",385
BD,"Dhaka",385
BD,"Sajeeb",384
BD,"Sun",383
BD,"Raha",383
BD,"Milton",381
BD,"সবুজ",381
BD,"Israt",381
BD,"Bormon",381
BD,"সুজন",380
BD,"Basar",379
BD,"Mizi",379
BD,"Borsha",379
BD,"Tanbir",379
BD,"Sharker",379
BD,"Antu",379
BD,"Mumu",378
BD,"Zakaria",378
BD,"Sheik",378
BD,"Chakrabarty",378
BD,"Toha",378
BD,"Ruhul",377
BD,"Mahdi",377
BD,"কষ্ট",377
BD,"নদী",377
BD,"Al Hasan",376
BD,"পোলা",376
BD,"Sima",376
BD,"Nesa",375
BD,"Mulla",375
BD,"Afnan",375
BD,"Pintu",374
BD,"সোহেল",374
BD,"Mina",374
BD,"Nishu",373
BD,"Farzana",372
BD,"Khalek",372
BD,"Remon",371
BD,"Miazi",371
BD,"Balal",371
BD,"Projapoti",371
BD,"Shipu",371
BD,"জান",370
BD,"Bakkar",369
BD,"Taleb",369
BD,"Jaber",369
BD,"Zihad",368
BD,"Karmoker",368
BD,"Sume",368
BD,"Chad",368
BD,"Ayat",368
BD,"Tarin",367
BD,"Bird",367
BD,"Monna",366
BD,"Somon",366
BD,"Ria",366
BD,"চাকরি",366
BD,"Sky",366
BD,"Rasal",365
BD,"Sahadat",365
BD,"সিকদার",364
BD,"Jim",364
BD,"Galib",363
BD,"Golpo",363
BD,"Rihan",362
BD,"Asaduzzaman",361
BD,"Delwar",361
BD,"Rofik",361
BD,"Raiyan",360
BD,"Bin",359
BD,"Saifullah",358
BD,"Bepary",358
BD,"Shajib",357
BD,"Delowar",357
BD,"মন্ডল",357
BD,"Gosh",357
BD,"Zannat",356
BD,"Goswami",356
BD,"As",356
BD,"কবিতা",356
BD,"ছায়া",356
BD,"Era",355
BD,"Ramim",355
BD,"Hok",355
BD,"Nag",355
BD,"আলি",354
BD,"Baroi",354
BD,"ফারুক",353
BD,"Wadud",353
BD,"Tanni",353
BD,"Sing",353
BD,"জল",353
BD,"Najim",352
BD,"Mahfuj",352
BD,"আবির",351
BD,"Rumel",350
BD,"Ornob",350
BD,"বাংলা",350
BD,"Al",349
BD,"Mahir",349
BD,"Sangma",349
BD,"Chowdhuri",349
BD,"Rudro",348
BD,"Fardin",348
BD,"Hai",347
BD,"Surjo",347
BD,"Ful",347
BD,"টেলিকম",346
BD,"মোল্লা",346
BD,"Mumin",345
BD,"করিম",345
BD,"Costa",345
BD,"Kayum",344
BD,"Momen",344
BD,"Asma",344
BD,"Rinku",344
BD,"Babo",344
BD,"Asik",343
BD,"Wasim",343
BD,"Mainuddin",342
BD,"Shifat",342
BD,"Javed",342
BD,"Prem",342
BD,"Akanda",341
BD,"Abul",341
BD,"Arian",341
BD,"Taha",341
BD,"Refat",340
BD,"Saima",340
BD,"Maisha",340
BD,"Juthi",339
BD,"Motaleb",339
BD,"Sorif",339
BD,"Rafique",339
BD,"Afroj",338
BD,"Bashir",338
BD,"Bakar",336
BD,"Suhag",336
BD,"Valobasha",336
BD,"সাহেব",335
BD,"Hadi",335
BD,"Sohid",335
BD,"Mawa",335
BD,"Shorna",334
BD,"Siddiki",334
BD,"Basher",333
BD,"Sahid",333
BD,"Tusar",332
BD,"Nishan",332
BD,"Mistry",332
BD,"Tonu",332
BD,"Kaiser",331
BD,"Arfan",331
BD,"Neel",331
BD,"Live",331
BD,"Pervez",330
BD,"Shammi",330
BD,"Tanisha",330
BD,"আরিফ",329
BD,"Mehjabin",329
BD,"Bai",328
BD,"Rudra",328
BD,"Masud Rana",327
BD,"Oli",327
BD,"Shathi",327
BD,"Kholil",326
BD,"Mridul",325
BD,"কবির",325
BD,"রং",325
BD,"Dipa",324
BD,"Nuruzzaman",323
BD,"Joshim",323
BD,"Tawhid",323
BD,"Bapari",323
BD,"Adib",323
BD,"Jitu",323
BD,"Nilima",323
BD,"Sh",323
BD,"Kanon",323
BD,"Shoaib",322
BD,"Dina",321
BD,"শাওন",321
BD,"Repon",321
BD,"Nurul",321
BD,"Raaz",320
BD,"নয়ন",320
BD,"Anower",320
BD,"Hussein",319
BD,"Shumon",318
BD,"Monjur",318
BD,"Mobin",318
BD,"Humayun",318
BD,"Sopno",318
BD,"Sarowar",317
BD,"Jarin",317
BD,"Adiba",317
BD,"Juned",316
BD,"Shima",316
BD,"Hasem",316
BD,"Putul",316
BD,"Ujjal",315
BD,"Ab",315
BD,"জুয়েল",314
BD,"Roky",314
BD,"Jubair",314
BD,"Devnath",314
BD,"Kha",313
BD,"Chakroborty",313
BD,"Ra",313
BD,"Towhid",312
BD,"Romjan",312
BD,"Rehan",312
BD,"Hosin",312
BD,"Bagom",312
BD,"Shiplu",311
BD,"Shiblu",311
BD,"Oni",311
BD,"Bou",311
BD,"প্রহর",310
BD,"Shirin",309
BD,"Nitu",309
BD,"Jack",309
BD,"Sanjida",308
BD,"Khandokar",308
BD,"Apurbo",307
BD,"Laboni",307
BD,"Shaik",307
BD,"Ayesha",307
BD,"Howladar",307
BD,"Muskan",307
BD,"Onik",306
BD,"Shafin",306
BD,"Jafar",306
BD,"ইমরান",305
BD,"Soha",305
BD,"Rimu",305
BD,"নাই",305
BD,"Lemon",304
BD,"Reaz",304
BD,"Samia",304
BD,"Anan",304
BD,"রাব্বি",303
BD,"Bahadur",303
BD,"রায়হান",303
BD,"Tomal",302
BD,"Tani",302
BD,"Khandoker",302
BD,"Bp",301
BD,"Reyad",301
BD,"Bonik",301
BD,"Tarafder",301
BD,"Id",301
BD,"Tonny",300
BD,"Kamran",300
BD,"Ruhan",300
BD,"Ok",300
BD,"Nessa",299
BD,"Rock",299
BD,"Ad",299
BD,"দেব",299
BD,"Sopon",298
BD,"Naima",298
BD,"Misty",298
BD,"Sadman",298
BD,"Baba",298
BD,"Asraf",297
BD,"Feroz",297
BD,"মুসাফির",297
BD,"Majumdar",297
BD,"পথে",297
BD,"Jabbar",296
BD,"Turjo",295
BD,"Eti",295
BD,"Shan",295
BD,"You",295
BD,"Ferdousi",294
BD,"Khalid",294
BD,"Pata",294
BD,"Shahabuddin",293
BD,"Morol",293
BD,"Farazi",293
BD,"Koly",293
BD,"Tanu",293
BD,"Ulla",292
BD,"ছোয়া",292
BD,"Babor",291
BD,"Kosto",291
BD,"Asraful",289
BD,"Nandy",289
BD,"খাতুন",289
BD,"Rafa",289
BD,"Jit",288
BD,"Nabila",288
BD,"Puja",288
BD,"Nisho",288
BD,"Maliha",287
BD,"Soma",287
BD,"Ramjan",287
BD,"Ahmmad",287
BD,"Sohel Rana",286
BD,"সাকিব",286
BD,"Saim",285
BD,"Leon",285
BD,"Zahir",285
BD,"নীল আকাশ",285
BD,"Hossion",284
BD,"Mow",284
BD,"Sylhet",284
BD,"Sokal",284
BD,"Said",283
BD,"Aj",283
BD,"Chowdory",283
BD,"রাকিব",282
BD,"Lal",282
BD,"Rajkumari",282
BD,"Modak",282
BD,"Raton",281
BD,"Zubair",281
BD,"Dhrubo",280
BD,"Ferdaus",280
BD,"Bushra",279
BD,"Han",279
BD,"Boby",279
BD,"Ha",279
BD,"Hemel",278
BD,"Fokir",278
BD,"Safi",278
BD,"Bose",278
BD,"Mi",278
BD,"Nisa",277
BD,"Tom",277
BD,"Jesmin",275
BD,"Kahan",275
BD,"পাখী",275
BD,"Shilpi",274
BD,"Rafin",274
BD,"Nadia",274
BD,"Nowrin",273
BD,"Hamja",273
BD,"Mala",273
BD,"Ansary",272
BD,"Tarak",272
BD,"Ehsan",272
BD,"Diya",272
BD,"Marjan",272
BD,"Bairagi",270
BD,"Hera",270
BD,"Rokib",269
BD,"Sorna",269
BD,"Jon",269
BD,"Haldar",269
BD,"Simu",269
BD,"Ashiq",268
BD,"Sadat",268
BD,"Russell",268
BD,"মা",268
BD,"Shourov",267
BD,"Nafi",267
BD,"Rumman",267
BD,"Lota",267
BD,"Nobel",266
BD,"Meraj",266
BD,"Jolil",266
BD,"Bishwas",266
BD,"Mira",266
BD,"রানী",265
BD,"Mobarak",264
BD,"Nazir",264
BD,"Basit",264
BD,"Misbah",264
BD,"Afzal",264
BD,"Nijhum",264
BD,"Moyna",264
BD,"Razz",263
BD,"Shahidul",263
BD,"Nishad",263
BD,"প্রেমিক",263
BD,"Mohona",263
BD,"তোমার",263
BD,"Nibir",262
BD,"Shariar",262
BD,"Kafi",262
BD,"Foysol",262
BD,"হাছান",262
BD,"Sb",262
BD,"Aryan",261
BD,"Farha",261
BD,"Minto",260
BD,"Rezaul",260
BD,"Rhman",260
BD,"Banerjee",260
BD,"Nir",260
BD,"Plabon",259
BD,"Munsi",259
BD,"Sandwip",259
BD,"Jerry",259
BD,"হুসাইন",258
BD,"Oishi",258
BD,"Afsana",258
BD,"Majid",258
BD,"St",258
BD,"বিন্দু",257
BD,"Aksh",257
BD,"Bapary",256
BD,"Nahin",256
BD,"নাথ",256
BD,"Shetu",256
BD,"Mahedi",255
BD,"সৌরভ",255
BD,"Touhid",255
BD,"Taslima",255
BD,"San",255
BD,"Sajol",254
BD,"Naznin",254
BD,"Kaiyum",254
BD,"Sorder",254
BD,"Ratna",254
BD,"Saeed",254
BD,"Tanjim",254
BD,"Bishal",253
BD,"Suzon",253
BD,"Pritom",253
BD,"Swapon",253
BD,"Russel",253
BD,"Suhan",253
BD,"Piya",253
BD,"Da",253
BD,"অপেক্ষায়",253
BD,"Siddiqua",252
BD,"Coxs",252
BD,"Sp",252
BD,"সরদার",252
BD,"Krishna",252
BD,"তাঁরা",252
BD,"Lina",251
BD,"Idris",251
BD,"Binte",251
BD,"Sobuz",250
BD,"হাবিব",250
BD,"Mk",250
BD,"Mitul",250
BD,"Marak",250
BD,"Riyadh",249
BD,"রিয়াদ",249
BD,"Nerob",248
BD,"Labonno",248
BD,"Junaid",248
BD,"Bindu",248
BD,"Hoshen",247
BD,"Omor",247
BD,"Jihan",247
BD,"Mazid",246
BD,"Mirdha",246
BD,"Redwan",246
BD,"Emam",246
BD,"Chadni",246
BD,"Any",246
BD,"Pagli",246
BD,"Prithibi",246
BD,"Shadin",245
BD,"Prity",245
BD,"Saymon",245
BD,"Ahnaf",245
BD,"Rekha",244
BD,"মনির",244
BD,"Quddus",244
BD,"Rofiq",244
BD,"Max",244
BD,"Adhikari",244
BD,"ছাএ",244
BD,"Rhoman",244
BD,"Kahn",244
HK,"Chan",172164
HK,"Wong",150458
HK,"Lee",71307
HK,"Leung",69440
HK,"Lam",66893
HK,"Cheung",63629
HK,"Ng",60774
HK,"Lau",52233
HK,"Ho",49139
HK,"Li",48694
HK,"Cheng",33569
HK,"Lai",30635
HK,"Yeung",30180
HK,"Lo",28678
HK,"Tang",26574
HK,"Tsang",23815
HK,"Chow",23100
HK,"Kwok",22995
HK,"Fung",22470
HK,"Chung",21960
HK,"Yu",20944
HK,"Tam",20697
HK,"Law",18768
HK,"Yip",18386
HK,"Tse",17853
HK,"So",17223
HK,"Chu",17022
HK,"Liu",16457
HK,"Wu",15407
HK,"Mak",15224
HK,"Choi",15137
HK,"Hui",14746
HK,"Ma",14568
HK,"Yuen",13805
HK,"Chiu",12811
HK,"Kwan",11676
HK,"Chau",11528
HK,"Au",11373
HK,"Poon",11220
HK,"Yau",11204
HK,"Wan",11075
HK,"Hung",11010
HK,"Lui",10797
HK,"Siu",10613
HK,"Man",10226
HK,"Chen",9952
HK,"Tong",9715
HK,"Tsui",9603
HK,"Pang",9495
HK,"Ip",9440
HK,"Fong",9261
HK,"Mok",7986
HK,"Kong",7962
HK,"Ko",7613
HK,"Kwong",7492
HK,"Lin",6997
HK,"Yan",6995
HK,"To",6818
HK,"Chong",6784
HK,"Yiu",6766
HK,"Wang",6720
HK,"Luk",6371
HK,"Fan",6130
HK,"Chui",5792
HK,"Yung",5757
HK,"Sin",5615
HK,"Wai",5372
HK,"Zhang",5052
HK,"Ling",5030
HK,"Ching",4864
HK,"Tsoi",4836
HK,"Tai",4716
HK,"Sze",4715
HK,"Fu",4668
HK,"Yim",4254
HK,"Shum",4183
HK,"Huang",4181
HK,"Ngai",4177
HK,"Kam",4035
HK,"Kan",4014
HK,"Yang",3907
HK,"Chang",3899
HK,"Choy",3840
HK,"Lok",3455
HK,"Suen",3442
HK,"Shek",3302
HK,"Woo",3279
HK,"Tung",3171
HK,"Sun",3164
HK,"Fok",3102
HK,"Ngan",3049
HK,"Pun",3046
HK,"Ting",3031
HK,"Mo",3009
HK,"Ming",2939
HK,"Chun",2889
HK,"Wing",2812
HK,"Gurung",2783
HK,"Hon",2675
HK,"Keung",2616
HK,"Hong",2544
HK,"Ying",2447
HK,"Tan",2421
HK,"Lu",2402
HK,"Yin",2313
HK,"Yee",2305
HK,"Cho",2206
HK,"Xu",2203
HK,"Lung",2201
HK,"Yam",2160
HK,"Ku",2103
HK,"Kit",2063
HK,"Chin",2039
HK,"Hk",2019
HK,"Po",1969
HK,"Liang",1966
HK,"Cheuk",1945
HK,"Mui",1911
HK,"Chi",1907
HK,"Khan",1904
HK,"Sung",1898
HK,"Szeto",1841
HK,"Kung",1803
HK,"Sam",1792
HK,"Ha",1758
HK,"Ka",1738
HK,"King",1706
HK,"Zhou",1705
HK,"Or",1705
HK,"Sit",1699
HK,"Koo",1697
HK,"Sum",1697
HK,"May",1659
HK,"Fai",1648
HK,"Shing",1587
HK,"Au Yeung",1564
HK,"Hu",1528
HK,"Tso",1526
HK,"Hau",1514
HK,"Tin",1498
HK,"Ken",1490
HK,"He",1478
HK,"Kim",1449
HK,"Zhu",1441
HK,"Lim",1431
HK,"Yue",1428
HK,"Luo",1373
HK,"Lun",1367
HK,"Shiu",1352
HK,"Rai",1335
HK,"Ki",1330
HK,"Sham",1324
HK,"Zheng",1313
HK,"Pan",1297
HK,"Chiang",1290
HK,"Singh",1251
HK,"Lei",1250
HK,"Zhao",1240
HK,"Leong",1233
HK,"Kin",1227
HK,"Yi",1226
HK,"Wah",1211
HK,"Young",1165
HK,"Pak",1162
HK,"Cai",1092
HK,"Putri",1086
HK,"Wei",1078
HK,"Andy",1074
HK,"Amy",1067
HK,"Chak",1066
HK,"Limbu",1062
HK,"Jiang",1057
HK,"Heung",1057
HK,"Zeng",1055
HK,"Su",1046
HK,"Pong",1035
HK,"Ye",1014
HK,"Cheong",1012
HK,"Chim",1009
HK,"Mei",1008
HK,"Peter",998
HK,"Shi",996
HK,"Tony",983
HK,"Ping",982
HK,"Deng",980
HK,"Jason",975
HK,"Xie",973
HK,"Feng",971
HK,"Alex",958
HK,"Kei",952
HK,"Sing",949
HK,"Lan",947
HK,"Guo",947
HK,"Eric",926
HK,"Joe",925
HK,"Hei",919
HK,"Shan",912
HK,"Jacky",902
HK,"Ben",879
HK,"Han",878
HK,"Zhong",869
HK,"Wati",857
HK,"Hang",857
HK,"Ar",844
HK,"David",842
HK,"Chik",839
HK,"Wen",832
HK,"Angel",827
HK,"Wa",820
HK,"Candy",813
HK,"Xiao",810
HK,"Ch",806
HK,"Cat",801
HK,"Ali",792
HK,"Yao",782
HK,"Long",780
HK,"Peng",778
HK,"Tao",765
HK,"Sari",763
HK,"Jim",760
HK,"Chou",759
HK,"Hsu",752
HK,"John",749
HK,"Yuan",734
HK,"Liao",732
HK,"Leo",729
HK,"Nam",725
HK,"Ayu",712
HK,"Simon",710
HK,"Hin",708
HK,"Kelvin",706
HK,"Michael",695
HK,"Fang",691
HK,"Thapa",691
HK,"Tsai",689
HK,"On",684
HK,"Kok",683
HK,"Gao",677
HK,"Dai",670
HK,"Winnie",669
HK,"Kai",664
HK,"Ding",657
HK,"Iu",654
HK,"Alan",652
HK,"Love",644
HK,"Shen",644
HK,"Song",642
HK,"Ray",640
HK,"Jack",638
HK,"Garcia",624
HK,"Huen",616
HK,"Wat",612
HK,"Jenny",607
HK,"Tom",605
HK,"Mandy",603
HK,"Chris",599
HK,"Chai",597
HK,"Raymond",594
HK,"Lou",592
HK,"Ivan",590
HK,"Pui",586
HK,"Yo",581
HK,"Nguyen",579
HK,"Tommy",575
HK,"Ck",574
HK,"Tsz",573
HK,"Wo",567
HK,"James",562
HK,"Sy",559
HK,"Fat",557
HK,"Qiu",555
HK,"Ah",555
HK,"Nip",547
HK,"San",546
HK,"Thomas",544
HK,"Cherry",537
HK,"Tim",537
HK,"司徒",536
HK,"Hing",535
HK,"Loo",535
HK,"Yuk",533
HK,"Hi",530
HK,"Pau",530
HK,"See",529
HK,"Ramos",528
HK,"Sandy",526
HK,"Apple",525
HK,"Go",524
HK,"Anna",523
HK,"Ricky",523
HK,"Gary",521
HK,"Paul",519
HK,"歐陽",519
HK,"Kee",518
HK,"Hoi",518
HK,"Lily",517
HK,"Kenny",516
HK,"Cruz",512
HK,"Yik",512
HK,"Ada",505
HK,"Mai",505
HK,"Na",504
HK,"Henry",503
HK,"Cao",502
HK,"Kuen",502
HK,"Sunny",500
HK,"Yick",499
HK,"Dong",498
HK,"Miu",496
HK,"Reyes",495
HK,"Grg",495
HK,"Eva",492
HK,"You",491
HK,"Le",489
HK,"Mark",483
HK,"Tak",480
HK,"Cinta",477
HK,"Che",476
HK,"Auyeung",476
HK,"Dewi",475
HK,"Santos",472
HK,"Moon",470
HK,"Rose",467
HK,"Hou",467
HK,"Smith",467
HK,"Ann",464
HK,"Lao",464
HK,"Wendy",462
HK,"Grace",460
HK,"Ngo",460
HK,"Maggie",459
HK,"Chuen",458
HK,"Ou",456
HK,"Park",456
HK,"Cham",456
HK,"Cindy",453
HK,"Billy",452
HK,"Lopez",450
HK,"Dela Cruz",448
HK,"Jimmy",446
HK,"Du",446
HK,"Alice",445
HK,"Chao",443
HK,"Wilson",442
HK,"Yun",442
HK,"Kelly",441
HK,"Foo",441
HK,"Lie",440
HK,"Connie",435
HK,"Jin",432
HK,"William",430
HK,"Ana",429
HK,"Kevin",428
HK,"Daniel",428
HK,"Fanny",426
HK,"Yuki",425
HK,"Anson",425
HK,"Vincent",424
HK,"Gu",424
HK,"Shah",424
HK,"Seto",424
HK,"Ivy",423
HK,"Shih",421
HK,"Annie",420
HK,"Koon",420
HK,"Jai",418
HK,"Guan",418
HK,"Ryan",417
HK,"Mendoza",410
HK,"Low",409
HK,"Shirley",408
HK,"Ong",407
HK,"Roy",405
HK,"Kaur",401
HK,"Wun",401
HK,"Him",400
HK,"Karen",399
HK,"Mi",398
HK,"Yoyo",396
HK,"Sky",393
HK,"Martin",392
HK,"Ning",392
HK,"Lestari",389
HK,"Chua",386
HK,"Tina",385
HK,"Yanti",383
HK,"Hussain",378
HK,"Chum",378
HK,"Lum",378
HK,"Kc",377
HK,"Shu",377
HK,"Marco",376
HK,"Fish",375
HK,"Soo",375
HK,"Emily",374
HK,"Ani",373
HK,"Kiu",371
HK,"Qin",369
HK,"Bee",367
HK,"Shun",366
HK,"Pig",365
HK,"Zou",364
HK,"Tseung",362
HK,"But",362
HK,"An",362
HK,"Fernandez",360
HK,"Yen",360
HK,"Danny",359
HK,"Bautista",359
HK,"Si",359
HK,"Helen",356
HK,"Sang",356
HK,"Terry",354
HK,"Bo",354
HK,"La",352
HK,"Ni",351
HK,"Jo",351
HK,"Joyce",350
HK,"Dee",349
HK,"Sa",347
HK,"Kay",346
HK,"Brian",344
HK,"Hati",343
HK,"Au-Yeung",343
HK,"Bobo",342
HK,"Matthew",341
HK,"Louis",337
HK,"Chuk",336
HK,"Oscar",335
HK,"Rana",335
HK,"Win",333
HK,"Patrick",331
HK,"Michelle",331
HK,"Stephen",330
HK,"Mau",329
HK,"Yong",329
HK,"Suki",327
HK,"Tseng",327
HK,"Ahmed",324
HK,"Lia",322
HK,"Sheung",322
HK,"Gor",321
HK,"Ren",321
HK,"Pat",321
HK,"Fei",316
HK,"Joey",312
HK,"Gong",311
HK,"Villanueva",310
HK,"She",309
HK,"Kenneth",308
HK,"Fun",308
HK,"Zhuang",308
HK,"Coco",307
HK,"Flores",306
HK,"Gonzales",306
HK,"Xia",306
HK,"Kuang",304
HK,"Kang",304
HK,"Shin",304
HK,"Senja",303
HK,"Kumar",303
HK,"Yani",302
HK,"Fa",302
HK,"Mao",300
HK,"Kwai",300
HK,"Chuang",299
HK,"Sharma",297
HK,"Johnny",294
HK,"Jessica",294
HK,"Castillo",293
HK,"Steven",290
HK,"Elaine",289
HK,"Louie",289
HK,"Chloe",288
HK,"Bao",288
HK,"Cha",287
HK,"Domingo",286
HK,"Chee",286
HK,"Kiki",285
HK,"Mary",284
HK,"Vicky",284
HK,"Irene",283
HK,"Tian",282
HK,"Rahayu",279
HK,"Yati",277
HK,"Valdez",277
HK,"Crystal",276
HK,"Yap",275
HK,"Nicole",274
HK,"Do",274
HK,"Yum",274
HK,"Ke",274
HK,"Zahra",273
HK,"Andrew",272
HK,"Tat",271
HK,"Tracy",270
HK,"Max",270
HK,"Carmen",269
HK,"Bong",269
HK,"Shea",269
HK,"Ji",268
HK,"Angela",267
HK,"Sai",267
HK,"Linda",266
HK,"Melati",264
HK,"Lisa",264
HK,"Benny",264
HK,"Keith",264
HK,"Anthony",264
HK,"Perez",264
HK,"Hongkong",264
HK,"Samuel",263
HK,"Mike",261
HK,"Hiu",261
HK,"Tran",261
HK,"Magar",261
HK,"Iris",260
HK,"Gigi",258
HK,"Putra",258
HK,"Kao",256
HK,"Zoe",255
HK,"Tu",255
HK,"Eddie",253
HK,"Rivera",253
HK,"Sha",253
HK,"Ay",253
HK,"Meng",252
HK,"Cy",252
HK,"Pratama",252
HK,"Blue",252
HK,"Jerry",249
HK,"Mc",249
HK,"Ly",249
HK,"Bella",248
HK,"Jeff",247
HK,"Kuo",247
HK,"Loi",246
HK,"Sally",245
HK,"Cui",245
HK,"Calvin",244
HK,"Ati",243
HK,"Aquino",243
HK,"Ang",240
HK,"Carol",239
HK,"Joy",236
HK,"Xiong",236
HK,"Nur",235
HK,"Dan",235
HK,"Mawar",234
HK,"Sau",234
HK,"Vivian",233
HK,"Mung",232
HK,"Hugo",231
HK,"Corpuz",231
HK,"Ae",229
HK,"De Guzman",229
HK,"Indah",228
HK,"Gomez",228
HK,"Judy",227
HK,"Kathy",227
HK,"Jay",227
HK,"Sim",226
HK,"Harry",225
HK,"Victor",225
HK,"Soriano",225
HK,"Castro",225
HK,"Mu",225
HK,"Xue",225
HK,"Gill",225
HK,"Bear",225
HK,"Mang",223
HK,"Johnson",222
HK,"Jones",222
HK,"Teng",222
HK,"Loh",222
HK,"Betty",221
HK,"Bae",220
HK,"Son",220
HK,"Mong",220
HK,"Edward",219
HK,"Ruby",219
HK,"Qi",219
HK,"Kui",219
HK,"Gan",218
HK,"Yeh",218
HK,"Bun",218
HK,"Putry",217
HK,"Rita",216
HK,"Ta",215
HK,"Momo",215
HK,"Xiang",214
HK,"Lian",214
HK,"Miao",214
HK,"Lyn",213
HK,"Jj",213
HK,"Azza",212
HK,"Rain",212
HK,"Tiffany",211
HK,"Frankie",211
HK,"Nick",211
HK,"Kaka",211
HK,"Mimi",210
HK,"Nie",209
HK,"Shao",209
HK,"Ky",209
HK,"Bi",208
HK,"Lit",207
HK,"Chor",207
HK,"Jane",206
HK,"Ice",206
HK,"Zhan",206
HK,"Zhen",205
HK,"Weng",205
HK,"Ya",205
HK,"Torres",204
HK,"My",204
HK,"Ahmad",203
HK,"Hua",203
HK,"Yui",203
HK,"Sui",202
HK,"Haha",202
HK,"Nelson",201
HK,"Sanchez",201
HK,"Black",201
HK,"Aza",200
HK,"Bonnie",200
HK,"Kot",200
HK,"Rachel",199
HK,"Anita",199
HK,"Butt",199
HK,"Jia",199
HK,"Jan",199
HK,"Natalie",198
HK,"Sarah",198
HK,"Dick",198
HK,"Lala",198
HK,"Ball",198
HK,"Ningsih",197
HK,"Qian",197
HK,"Green",197
HK,"Fiona",196
HK,"Ako",196
HK,"Mon",196
HK,"Siti",195
HK,"Berduri",194
HK,"Nana",194
HK,"Da",194
HK,"Van",194
HK,"Daisy",193
HK,"Agustin",193
HK,"Tiger",193
HK,"Jing",193
HK,"Min",193
HK,"Brown",193
HK,"Loong",193
HK,"White",191
HK,"Tiu",191
HK,"Felix",190
HK,"Hao",190
HK,"Lina",189
HK,"Janet",189
HK,"Joseph",189
HK,"Bai",189
HK,"Tsim",189
HK,"Ella",188
HK,"Martinez",188
HK,"Tea",188
HK,"Won",188
HK,"Mohammad",186
HK,"Sandhu",186
HK,"Dennis",185
HK,"Christy",185
HK,"Qu",185
HK,"Venus",183
HK,"Rebecca",183
HK,"Sk",183
HK,"Ty",183
HK,"Jackie",183
HK,"Alvin",182
HK,"Pascual",182
HK,"Vu",182
HK,"Kuk",182
HK,"Har",182
HK,"Kun",182
HK,"Stanley",181
HK,"Gordon",181
HK,"Tamang",181
HK,"Maria",180
HK,"June",180
HK,"Dicky",177
HK,"Diaz",177
HK,"Summer",177
HK,"Kasih",176
HK,"Pham",176
HK,"Lama",176
HK,"Kum",176
HK,"Chew",176
HK,"Charles",175
HK,"Peggy",175
HK,"Pinky",174
HK,"Edmond",174
HK,"Cathy",174
HK,"Be",174
HK,"Kw",174
HK,"Mar",174
HK,"Oh",174
HK,"Pascua",173
HK,"House",173
HK,"Hsieh",173
HK,"Asih",172
HK,"Marie",172
HK,"Mia",172
HK,"Shrestha",172
HK,"Jun",172
HK,"Philip",171
HK,"Zee",171
HK,"Yat",170
HK,"Samson",170
HK,"Mou",170
HK,"Mini",169
HK,"Jackson",169
HK,"Car",169
HK,"Lang",168
HK,"Tsun",168
HK,"Kou",168
HK,"Koh",168
HK,"Kuan",168
HK,"Gloria",167
HK,"Stella",167
HK,"Little",167
HK,"Kau",167
HK,"Red",167
HK,"Kiang",167
HK,"Gi",166
HK,"Allen",166
HK,"Don",166
HK,"Muhammad",165
HK,"Antonio",165
HK,"Bing",165
HK,"Subba",165
HK,"Lay",165
HK,"Nia",164
HK,"Jasmine",164
HK,"Cheang",164
HK,"Tsao",164
HK,"Derek",163
HK,"Maya",163
HK,"Morales",163
HK,"Janice",162
HK,"Rex",162
HK,"Suet",162
HK,"Cow",162
HK,"Malik",162
HK,"Mk",162
HK,"Xian",162
HK,"Sri",161
HK,"Lv",161
HK,"Hwang",161
HK,"Ieong",161
HK,"Jung",161
HK,"Aulia",160
HK,"Queenie",160
HK,"Tolentino",160
HK,"Saputra",160
HK,"Susan",159
HK,"Delacruz",159
HK,"Merah",158
HK,"Rahma",158
HK,"Bill",158
HK,"Chick",158
HK,"Edwin",157
HK,"Christine",157
HK,"Jennifer",157
HK,"Duan",157
HK,"Tze",157
HK,"Esther",156
HK,"Jojo",156
HK,"Kho",156
HK,"Cool",156
HK,"Angus",155
HK,"Salvador",155
HK,"Santiago",155
HK,"Xing",155
HK,"Toby",155
HK,"Amelia",154
HK,"Agnes",154
HK,"Queen",154
HK,"Ramirez",154
HK,"Nancy",153
HK,"Rani",153
HK,"Catherine",153
HK,"Hello",153
HK,"Sharon",152
HK,"Ge",152
HK,"Oi",151
HK,"Ruan",151
HK,"Susanti",150
HK,"Steve",150
HK,"Arema",150
HK,"Rodriguez",150
HK,"Polly",149
HK,"Phoebe",149
HK,"Rainbow",149
HK,"Ian",149
HK,"Ao",149
HK,"Vong",149
HK,"Oo",149
HK,"Albert",148
HK,"Manuel",148
HK,"Jain",148
HK,"Yvonne",147
HK,"Home",147
HK,"Reog",146
HK,"Yuet",146
HK,"Ida",145
HK,"Bui",145
HK,"Too",145
HK,"Lip",145
HK,"Jatt",144
HK,"Lal",144
HK,"Ok",144
HK,"Km",144
HK,"Lucky",144
HK,"Hoo",144
HK,"Williams",144
HK,"Ajja",143
HK,"Flora",143
HK,"George",143
HK,"Hoang",143
HK,"Panda",143
HK,"Lor",143
HK,"Dwi",142
HK,"Francisco",142
HK,"Fitri",141
HK,"Amanda",141
HK,"Heart",141
HK,"Ai",141
HK,"Goh",141
HK,"Look",141
HK,"Acosta",140
HK,"Yueng",140
HK,"Astuti",139
HK,"Sue",139
HK,"Miranda",139
HK,"Lucas",139
HK,"Chueng",139
HK,"Sek",139
HK,"Hai",139
HK,"Ks",138
HK,"Tuen",138
HK,"Anne",137
HK,"Dy",137
HK,"Cm",137
HK,"Pok",137
HK,"No",137
HK,"Shuen",137
HK,"Tammy",136
HK,"Raja",136
HK,"Rong",136
HK,"Tik",136
HK,"Stone",136
HK,"St",136
HK,"Sammy",135
HK,"Cw",135
HK,"Yuni",134
HK,"Ti",134
HK,"The",134
HK,"Marcus",133
HK,"Diana",133
HK,"Justin",133
HK,"Cyrus",133
HK,"Smile",133
HK,"Lap",133
HK,"Kl",133
HK,"Shui",133
HK,"Fion",132
HK,"Francis",132
HK,"Hernandez",132
HK,"Chien",132
HK,"Chia",132
HK,"Lemon",132
HK,"Joan",131
HK,"Lawrence",131
HK,"Good",131
HK,"Can",131
HK,"Wahyuni",130
HK,"Kate",130
HK,"Wk",130
HK,"Bu",130
HK,"Yk",130
HK,"Milk",130
HK,"Un",130
HK,"Arum",129
HK,"Teresa",129
HK,"Mahmood",129
HK,"Isaac",129
HK,"Lock",129
HK,"New",129
HK,"Pao",129
HK,"Jingga",128
HK,"Jeffrey",128
HK,"Melody",128
HK,"Mariano",128
HK,"Tjong",128
HK,"Lewis",128
HK,"Dang",128
HK,"Taylor",128
HK,"Sasa",127
HK,"Bibi",127
HK,"Sheng",127
HK,"Iam",127
HK,"Jian",126
HK,"Mun",126
HK,"Tham",126
HK,"Wulandari",125
HK,"Heidi",125
HK,"Barry",125
HK,"Mercado",125
HK,"Kent",125
HK,"Tc",125
HK,"Lp",125
HK,"Pesek",124
HK,"Ronald",124
HK,"Leon",124
HK,"Aguilar",124
HK,"Xin",124
HK,"Small",124
HK,"Jong",124
HK,"Sou",124
HK,"Bintang",123
HK,"Lulu",123
HK,"Leng",122
HK,"Cen",122
HK,"Uy",122
HK,"Hor",122
HK,"Soong",122
HK,"Aini",121
HK,"Javier",121
HK,"欧阳",121
HK,"Kowk",121
HK,"Azzahra",120
HK,"Dickson",120
HK,"Malang",120
HK,"Cecilia",120
HK,"Jade",120
HK,"Laam",120
HK,"Ba",120
HK,"Gabriel",120
HK,"Siuce",119
HK,"Manis",119
HK,"Carman",119
HK,"Molina",119
HK,"Flower",118
HK,"April",118
HK,"Pu",118
HK,"Pin",118
HK,"Kwun",118
HK,"Mae",117
HK,"Frank",117
HK,"Nga",117
HK,"Ca",117
HK,"Yc",117
HK,"Day",117
HK,"Wulan",116
HK,"Ponorogo",116
HK,"Joanne",116
HK,"Biru",116
HK,"Bob",116
HK,"Baba",116
HK,"Walker",116
HK,"Mic",116
HK,"Maulana",116
HK,"Ju",116
HK,"Navarro",115
HK,"Nita",114
HK,"Ka Chun",114
HK,"Doris",114
HK,"Marquez",114
HK,"Brar",114
HK,"Nok",114
HK,"Katie",113
HK,"Ferrer",113
HK,"Alfred",113
HK,"Ouyang",113
HK,"Rahman",113
HK,"Sh",113
HK,"Maharani",112
HK,"Aisyah",112
HK,"Xi",112
HK,"Hoho",112
HK,"Wood",112
HK,"Diu",112
HK,"Jessie",111
HK,"Sweet",111
HK,"Peralta",111
HK,"Patel",111
HK,"Thai",111
HK,"Tsung",111
HK,"Hy",111
HK,"Elsa",110
HK,"Emma",110
HK,"Adrian",110
HK,"Dinh",110
HK,"Ra",110
HK,"Jose",110
HK,"Al",110
HK,"Mac",110
HK,"Issac",109
HK,"Carrie",109
HK,"Clara",109
HK,"Kaman",109
HK,"Adam",109
HK,"Ct",109
HK,"Wahyu",108
HK,"Sakura",108
HK,"Phang",108
HK,"Jen",108
HK,"In",108
HK,"Hassan",107
HK,"Ka Wai",107
HK,"Wy",107
HK,"Vanessa",106
HK,"Ashley",106
HK,"Dizon",106
HK,"Bruce",106
HK,"Popo",106
HK,"Lk",106
HK,"Di",106
HK,"Cc",106
HK,"Sara",105
HK,"Will",105
HK,"Owen",105
HK,"Fernando",105
HK,"Seven",105
HK,"Pei",105
HK,"Kon",105
HK,"Monica",104
HK,"Lili",104
HK,"Jonathan",104
HK,"Cortez",104
HK,"Lueng",104
HK,"Cl",104
HK,"Kh",103
HK,"Lyu",103
HK,"Ghale",103
HK,"Choo",103
HK,"Donald",102
HK,"Olivia",102
HK,"Lingling",102
HK,"Terence",102
HK,"Juan",102
HK,"Velasco",102
HK,"Bosco",101
HK,"Joanna",101
HK,"Bryan",101
HK,"Pk",101
HK,"Kat",101
HK,"Luke",101
HK,"Sen",101
HK,"Key",101
HK,"Gee",101
HK,"Utami",100
HK,"Roger",100
HK,"Asuncion",100
HK,"Ringo",100
HK,"Stephanie",100
HK,"Prince",100
HK,"Howard",100
HK,"Padilla",100
HK,"Jie",100
HK,"Scott",100
HK,"Shang",100
HK,"Hill",100
HK,"Ga",100
HK,"Tini",99
HK,"Handayani",99
HK,"Bunga",99
HK,"Richard",99
HK,"Suci",99
HK,"Kita",99
HK,"Kt",99
HK,"Luen",99
HK,"Se",99
HK,"Kar",99
HK,"Ria",98
HK,"Belle",98
HK,"Salazar",98
HK,"Hay",98
HK,"Rao",98
HK,"Jacob",98
HK,"Shaw",98
HK,"Gupta",98
HK,"Wg",98
HK,"Bhai",97
HK,"Nisa",97
HK,"Chi Keung",97
HK,"Christina",97
HK,"Sophia",97
HK,"Aja",97
HK,"Espiritu",97
HK,"Pink",97
HK,"De Leon",97
HK,"Dhillon",97
HK,"Nail",96
HK,"Hazel",96
HK,"Abby",96
HK,"Sarmiento",96
HK,"Iqbal",96
HK,"Wijaya",96
HK,"Kawai",96
HK,"Bon",96
HK,"Aaron",95
HK,"Mina",95
HK,"Robert",95
HK,"Setia",95
HK,"Davis",95
HK,"Snow",95
HK,"Yt",95
HK,"Liew",95
HK,"Pi",95
HK,"Azizah",94
HK,"Kirana",94
HK,"Madiun",94
HK,"Wayne",94
HK,"Alvarez",94
HK,"Islam",94
HK,"Gutierrez",94
HK,"Manman",94
HK,"Fox",94
HK,"Wai Man",94
HK,"Bell",94
HK,"Hossain",93
HK,"Kyle",93
HK,"Timothy",93
HK,"Eunice",93
HK,"Andres",93
HK,"Luu",93
HK,"Mah",93
HK,"Bin",93
HK,"Kuok",93
HK,"Jam",93
HK,"Pon",93
HK,"Eddy",92
HK,"Mehmood",92
HK,"Abbas",92
HK,"Dora",92
HK,"Alcantara",92
HK,"Manalo",92
HK,"Sidhu",92
HK,"Lc",92
HK,"Jc",92
HK,"Bunda",91
HK,"Josephine",91
HK,"Becky",91
HK,"Lamlam",91
HK,"Lew",91
HK,"Charlie",91
HK,"Silva",91
HK,"Sc",91
HK,"Ngok",91
HK,"Muk",91
HK,"Fatimah",90
HK,"Aprilia",90
HK,"Liza",90
HK,"Bobby",90
HK,"Matt",90
HK,"Luna",90
HK,"Villa",90
HK,"Zhai",90
HK,"Qing",90
HK,"Aditya",90
HK,"Quan",90
HK,"As",90
HK,"Tee",90
HK,"Suzuki",90
HK,"Rini",89
HK,"Tia",89
HK,"Guzman",89
HK,"Aries",89
HK,"Miguel",89
HK,"Situ",89
HK,"Pa",89
HK,"Lamb",89
HK,"Setiawan",89
HK,"Sia",89
HK,"Imuet",88
HK,"Pratiwi",88
HK,"De Vera",88
HK,"Jimenez",88
HK,"Womg",88
HK,"Jordan",88
HK,"Mann",88
HK,"Miller",88
HK,"Watt",88
HK,"Yoon",88
HK,"Rina",87
HK,"Ami",87
HK,"Safitri",87
HK,"Anjani",87
HK,"Rosa",87
HK,"Valencia",87
HK,"Wallace",87
HK,"Boss",87
HK,"Huo",87
HK,"Dao",87
HK,"Anggraini",86
HK,"Nasa",86
HK,"Kaho",86
HK,"Carson",86
HK,"Mum",86
HK,"Nicky",86
HK,"Ii",86
HK,"Zhuo",86
HK,"Yl",86
HK,"Chio",86
HK,"De",86
HK,"Cece",85
HK,"Azahra",85
HK,"Eka",85
HK,"Lucy",85
HK,"Yana",85
HK,"Sammi",85
HK,"Romero",85
HK,"Anderson",85
HK,"Ja",85
HK,"We",85
HK,"Nanda",84
HK,"Ceci",84
HK,"Nicolas",84
HK,"Yeong",84
HK,"Merindu",83
HK,"Cahaya",83
HK,"Vivi",83
HK,"Tk",83
HK,"Fuk",83
HK,"Jean",83
HK,"Zi",83
HK,"Khoo",83
HK,"Mickey",83
HK,"Gold",83
HK,"Nan",83
HK,"Jang",83
HK,"Boo",83
HK,"Mila",82
HK,"Dian",82
HK,"Pauline",82
HK,"Rizky",82
HK,"Pik",82
HK,"Kendal",82
HK,"Arthur",82
HK,"Rock",82
HK,"Rico",82
HK,"Heng",82
HK,"Ys",82
HK,"Yuli",81
HK,"Kimmy",81
HK,"Ka Ho",81
HK,"Ignacio",81
HK,"Sandra",81
HK,"Herman",81
HK,"Pro",81
HK,"Nguyễn",81
HK,"Zuo",81
HK,"Tou",81
HK,"Katy",80
HK,"Formosa",80
HK,"Katherine",80
HK,"Any",80
HK,"Pineda",80
HK,"Tamu",80
HK,"Kwon",80
HK,"Soon",80
HK,"Agarwal",80
HK,"Eng",80
HK,"Ak",80
HK,"Hey",80
HK,"Waiwai",80
HK,"Chun Kit",79
HK,"Sonia",79
HK,"Hailey",79
HK,"Ancheta",79
HK,"Erica",79
HK,"Raj",79
HK,"Alam",79
HK,"Lolo",79
HK,"Niu",79
HK,"Shop",79
HK,"Wi",79
HK,"Putih",78
HK,"Winson",78
HK,"Yanyan",78
HK,"Tamayo",78
HK,"Harris",78
HK,"Soso",78
HK,"Duck",78
HK,"Ym",78
HK,"Yeah",78
HK,"Evans",78
HK,"Mey",77
HK,"Tika",77
HK,"Adja",77
HK,"Benson",77
HK,"Walter",77
HK,"Ocampo",77
HK,"Kf",77
HK,"Ron",77
HK,"Zhi",77
HK,"Ton",77
HK,"Ale",77
HK,"Sea",77
HK,"Art",77
HK,"Tsin",77
HK,"Julia",76
HK,"Tri",76
HK,"Cynthia",76
HK,"Setya",76
HK,"Brenda",76
HK,"Medina",76
HK,"Florence",76
HK,"Kobe",76
HK,"Za",76
HK,"Penny",76
HK,"Chuck",76
HK,"Chi Wai",75
HK,"Santi",75
HK,"Delos Santos",75
HK,"Yah",75
HK,"Sabado",75
HK,"Arellano",75
HK,"Ho Yin",75
HK,"Miki",75
HK,"Evangelista",75
HK,"Kusuma",75
HK,"Smart",75
HK,"Cp",75
HK,"Kelana",75
HK,"Null",75
HK,"Wawa",75
HK,"Bean",75
HK,"Agustina",74
HK,"Puspita",74
HK,"Hana",74
HK,"Lorenzo",74
HK,"Teddy",74
HK,"Bravo",74
HK,"Palma",74
HK,"Meow",74
HK,"Ac",74
HK,"Lg",74
HK,"Puk",74
HK,"Tree",74
HK,"Liem",74
HK,"Coffee",74
HK,"Vergara",73
HK,"Olshop",73
HK,"Ragil",73
HK,"Margaret",73
HK,"Ellen",73
HK,"Estrada",73
HK,"Rosales",73
HK,"Galang",73
HK,"Ran",73
HK,"Tok",73
HK,"Mateo",73
HK,"Sze To",73
HK,"Chandra",73
HK,"Dou",73
HK,"Moore",73
HK,"Hsiao",73
HK,"Jor",73
HK,"Cici",72
HK,"Astutik",72
HK,"Manzano",72
HK,"Susanna",72
HK,"Ma Ma",72
HK,"Ramadhani",72
HK,"Miko",72
HK,"Ci",72
HK,"Perry",72
HK,"Fi",72
HK,"Que",72
HK,"Daswani",72
HK,"Pc",72
HK,"Zen",72
HK,"Cky",72
HK,"Tay",72
HK,"Why",72
HK,"Yeo",72
HK,"Davies",72
HK,"Hidayah",71
HK,"Rocky",71
HK,"Timmy",71
HK,"Ananda",71
HK,"Power",71
HK,"Vargas",71
HK,"Luong",71
HK,"Zh",71
HK,"Py",71
HK,"Ban",71
HK,"Teo",71
HK,"Ab",71
HK,"Ws",71
HK,"Susi",70
HK,"Rindu",70
HK,"Ruiz",70
HK,"Marcos",70
HK,"Dave",70
HK,"Mabel",70
HK,"Enriquez",70
HK,"Chok",70
HK,"Carlos",70
HK,"Asia",70
HK,"Cong",70
HK,"Silver",70
HK,"Dung",70
HK,"Doo",70
HK,"Atun",69
HK,"Atin",69
HK,"Ningrum",69
HK,"Kary",69
HK,"Patria",69
HK,"Hannah",69
HK,"Caem",69
HK,"Rehman",69
HK,"Master",69
HK,"Faye",69
HK,"Suarez",69
HK,"Qiao",69
HK,"Sherpa",69
HK,"Rahmawati",68
HK,"Tari",68
HK,"Chi Ming",68
HK,"Hatiku",68
HK,"Mami",68
HK,"Yumi",68
HK,"Ortiz",68
HK,"Trinidad",68
HK,"Moe",68
HK,"Bebe",68
HK,"Fajardo",68
HK,"Alexander",68
HK,"Awan",68
HK,"Clark",68
HK,"Bow",68
HK,"Yew",68
HK,"Imut",67
HK,"Salju",67
HK,"Cayank",67
HK,"Maione",67
HK,"Ventura",67
HK,"Mee",67
HK,"Nicholas",67
HK,"Hero",67
HK,"Waiman",67
HK,"Kids",67
HK,"Cu",67
HK,"Way",67
HK,"Kris",67
HK,"Pow",67
HK,"Dc",67
HK,"Woon",67
HK,"How",67
HK,"Chue",67
HK,"Moy",67
HK,"Kejora",66
HK,"Sayank",66
HK,"Blitar",66
HK,"Via",66
HK,"Tjhin",66
HK,"Collado",66
HK,"Sison",66
HK,"Lynn",66
HK,"Rin",66
HK,"Jon",66
HK,"Ro",66
HK,"Wh",66
HK,"Yoo",66
HK,"Tw",66
HK,"Wright",66
HK,"Sindy",65
HK,"Sophie",65
HK,"Devi",65
HK,"Desa",65
HK,"Rick",65
HK,"Del Rosario",65
HK,"Pearl",65
HK,"Abad",65
HK,"Sales",65
HK,"Abadi",65
HK,"Super",65
HK,"Ny",65
HK,"Wc",65
HK,"Akbar",65
HK,"Sher",65
HK,"Sato",65
HK,"Cn",65
HK,"Mg",65
HK,"Real",65
HK,"Diamond",65
HK,"Khotimah",64
KZ,"Ахметова",6360
KZ,"Ким",6183
KZ,"Ахметов",4440
KZ,"Kim",3952
KZ,"Омарова",3816
KZ,"Оспанова",3328
KZ,"Иванова",2830
KZ,"Алиева",2803
KZ,"Иванов",2782
KZ,"Алиев",2771
KZ,"Сулейменова",2716
KZ,"Омаров",2676
KZ,"Искакова",2614
KZ,"Калиева",2586
KZ,"Оспанов",2448
KZ,"Ли",2421
KZ,"Абдрахманова",2206
KZ,"Ибраева",2096
KZ,"Садыкова",2088
KZ,"Смагулова",2068
KZ,"Искаков",1911
KZ,"Сулейменов",1896
KZ,"Калиев",1870
KZ,"Пак",1856
KZ,"Kz",1773
KZ,"Нургалиева",1767
KZ,"Султанова",1763
KZ,"Ибрагимова",1720
KZ,"Исаева",1648
KZ,"Абдрахманов",1629
KZ,"Каримова",1627
KZ,"Садыков",1622
KZ,"Ибрагимов",1579
KZ,"Ибраев",1562
KZ,"Асанова",1552
KZ,"Цой",1546
KZ,"Кусаинова",1528
KZ,"Смагулов",1493
KZ,"Жумабаева",1475
KZ,"Султанов",1470
KZ,"Аубакирова",1430
KZ,"Касымова",1425
KZ,"Каримов",1423
KZ,"Жунусова",1418
KZ,"Абишева",1417
KZ,"Тулегенова",1393
KZ,"Юсупова",1356
KZ,"Исаев",1351
KZ,"Муканова",1348
KZ,"Абдуллаев",1341
KZ,"Мусаева",1327
KZ,"Нургалиев",1297
KZ,"Исмаилова",1296
KZ,"Серик",1294
KZ,"Касенова",1281
KZ,"Хан",1274
KZ,"Муратова",1266
KZ,"Асанов",1266
KZ,"Сыздыкова",1264
KZ,"Абдуллаева",1250
KZ,"Мусина",1237
KZ,"Аскарова",1232
KZ,"Серикбаева",1220
KZ,"Мукашева",1214
KZ,"Юсупов",1208
KZ,"Петров",1194
KZ,"Шарипова",1190
KZ,"Мусаев",1177
KZ,"Сарсенбаева",1175
KZ,"Исмаилов",1171
KZ,"Жумабаев",1161
KZ,"Рахимова",1127
KZ,"Утегенова",1124
KZ,"Omarova",1101
KZ,"Жакупова",1093
KZ,"Кузнецова",1093
KZ,"Ильясова",1092
KZ,"Жусупова",1087
KZ,"Рахметова",1087
KZ,"Тулегенов",1080
KZ,"Касымов",1069
KZ,"Нуржанова",1068
KZ,"Аскаров",1067
KZ,"Абишев",1062
KZ,"Рамазанова",1059
KZ,"Муратов",1045
KZ,"Амирова",1045
KZ,"Шарипов",1024
KZ,"Жумабекова",1013
KZ,"Кусаинов",1013
KZ,"Хасенова",1004
KZ,"Сарсенбаев",1003
KZ,"Серикбаев",995
KZ,"Марат",995
KZ,"Жунусов",985
KZ,"Рахимов",974
KZ,"Ержанова",974
KZ,"Серикова",973
KZ,"Жумагалиева",972
KZ,"Сыздыков",970
KZ,"Аубакиров",967
KZ,"Петрова",961
KZ,"Мурат",959
KZ,"Сапарова",954
KZ,"Ospanova",951
KZ,"Назарова",950
KZ,"Omarov",942
KZ,"Кудайбергенова",939
KZ,"Муканов",926
KZ,"Кожахметова",924
KZ,"Aliev",920
KZ,"Попова",916
KZ,"Кенжебаева",905
KZ,"Мустафина",899
KZ,"Шевченко",892
KZ,"Болат",889
KZ,"Жан",883
KZ,"Али",878
KZ,"Akhmetova",876
KZ,"Ахмет",874
KZ,"Абенова",870
KZ,"Нуржанов",863
KZ,"Айтжанова",863
KZ,"Утегенов",861
KZ,"Оразбаева",859
KZ,"Ильясов",857
KZ,"Мамедов",856
KZ,"Умарова",854
KZ,"Мукашев",850
KZ,"Ахмедов",850
KZ,"Кадыров",850
KZ,"Касенов",849
KZ,"Жумагулова",849
KZ,"Ахметжанова",846
KZ,"Alieva",844
KZ,"Сериков",841
KZ,"Сарсенова",840
KZ,"Нур",840
KZ,"Аманова",838
KZ,"Nur",838
KZ,"Хасанов",836
KZ,"Ержанов",835
KZ,"Кадырова",834
KZ,"Хасанова",830
KZ,"Lee",828
KZ,"Li",827
KZ,"Султан",827
KZ,"Тен",827
KZ,"Базарбаев",826
KZ,"Iskakova",825
KZ,"Кузнецов",824
KZ,"Pak",821
KZ,"Жумагалиев",818
KZ,"Васильева",817
KZ,"Сапаров",815
KZ,"Кудайбергенов",814
KZ,"Базарбаева",811
KZ,"Амиров",806
KZ,"Рахметов",805
KZ,"Рамазанов",804
KZ,"Аманжолова",804
KZ,"Мусин",802
KZ,"Усенова",791
KZ,"Попов",781
KZ,"Абилова",779
KZ,"Жусупов",774
KZ,"Tsoy",773
KZ,"Сарсенов",768
KZ,"Жумабеков",768
KZ,"Ali",768
KZ,"Исмагулова",763
KZ,"Бек",763
KZ,"Назаров",759
KZ,"Смирнова",756
KZ,"Умаров",755
KZ,"Serik",753
KZ,"Курбанов",742
KZ,"Оразбаев",741
KZ,"Хамитова",739
KZ,"Курбанова",737
KZ,"Куаныш",737
KZ,"Ahmetova",735
KZ,"Кенжебаев",733
KZ,"Ергалиева",733
KZ,"Даулетова",732
KZ,"Бондаренко",732
KZ,"Садвакасова",727
KZ,"Ospanov",727
KZ,"Жакупов",725
KZ,"Нурлан",720
KZ,"Жаксылык",716
KZ,"Akhmetov",714
KZ,"Усенов",708
KZ,"Айтбаева",708
KZ,"Мухамеджанова",706
KZ,"Astana",705
KZ,"Аманов",704
KZ,"Sultan",703
KZ,"Тажибаева",702
KZ,"Идрисова",701
KZ,"Хасенов",699
KZ,"Сариева",695
KZ,"Маханова",693
KZ,"Ibragimov",693
KZ,"Кан",680
KZ,"Альжанова",669
KZ,"Абилов",668
KZ,"Кожахметов",668
KZ,"Жаксылыкова",665
KZ,"Волкова",664
KZ,"Абуова",661
KZ,"Смаилова",660
KZ,"Адилова",660
KZ,"Коваленко",659
KZ,"Bek",655
KZ,"Васильев",653
KZ,"Рахимжанова",651
KZ,"Алибекова",650
KZ,"Аманжолов",650
KZ,"Khan",647
KZ,"Аскар",645
KZ,"Хамзина",644
KZ,"Ahmetov",643
KZ,"Almaty",640
KZ,"Аманбаева",636
KZ,"Алимова",633
KZ,"Айтбаев",632
KZ,"Айтжанов",632
KZ,"Ахмедова",632
KZ,"Ismailov",632
KZ,"Курманова",630
KZ,"Муханова",626
KZ,"Курмангалиева",625
KZ,"Исабекова",625
KZ,"Смирнов",619
KZ,"Бейсенова",616
KZ,"Даулетов",616
KZ,"Ергалиев",608
KZ,"Жуманова",608
KZ,"Волков",605
KZ,"Абенов",605
KZ,"Жумагулов",605
KZ,"Байжанова",600
KZ,"Сариев",598
KZ,"Тажибаев",598
KZ,"Мамедова",598
KZ,"Karimov",598
KZ,"Smagulova",597
KZ,"Аман",596
KZ,"Бекенова",594
KZ,"Мустафин",594
KZ,"Романова",593
KZ,"Бижанова",591
KZ,"Боранбаев",591
KZ,"Хамитов",590
KZ,"Боранбаева",590
KZ,"Асылбекова",589
KZ,"Руслан",589
KZ,"Suleimenova",588
KZ,"Омар",588
KZ,"Sultanov",586
KZ,"Толеген",585
KZ,"Ниязова",583
KZ,"Sultanova",583
KZ,"Есенова",582
KZ,"Жумашева",581
KZ,"Алимбаева",580
KZ,"Сабитова",580
KZ,"Махамбетова",579
KZ,"Сабирова",576
KZ,"Бисенова",576
KZ,"Балтабаева",576
KZ,"Ibragimova",575
KZ,"Кайрат",575
KZ,"Жанабаева",574
KZ,"Елена",574
KZ,"Жолдасова",572
KZ,"Алдабергенова",569
KZ,"Ахметжанов",569
KZ,"Жаксылыков",569
KZ,"Андреева",568
KZ,"Карибаева",568
KZ,"Алтынбекова",568
KZ,"Астана",568
KZ,"Бауыржан",567
KZ,"Кравченко",567
KZ,"Дуйсенова",566
KZ,"Ашимова",564
KZ,"Морозова",563
KZ,"Имангалиева",562
KZ,"Ержан",562
KZ,"Соколова",560
KZ,"Орынбаева",559
KZ,"Karimova",559
KZ,"Усманова",556
KZ,"Sadykova",555
KZ,"Сыдыкова",553
KZ,"Александр",552
KZ,"Куандыкова",549
KZ,"Канат",549
KZ,"Iskakov",547
KZ,"Бейсембаева",546
KZ,"Маликова",541
KZ,"Исмагулов",541
KZ,"Ivanov",541
KZ,"Ибраимова",540
KZ,"Толегенова",539
KZ,"Шакирова",536
KZ,"Иманбаева",536
KZ,"Арман",536
KZ,"Ivanova",534
KZ,"Ткаченко",534
KZ,"Abdullaev",533
KZ,"Усманов",533
KZ,"Bolat",533
KZ,"Орынбаев",532
KZ,"Болатова",532
KZ,"Наурызбаева",531
KZ,"Алимов",530
KZ,"Адилов",528
KZ,"Касимова",527
KZ,"Орынбасар",527
KZ,"Курманбаева",525
KZ,"Болатов",525
KZ,"Murat",525
KZ,"Дуйсенбаева",523
KZ,"Новикова",521
KZ,"Алпысбаева",521
KZ,"Маханов",520
KZ,"Татьяна",520
KZ,"Аманбаев",518
KZ,"Мухтарова",517
KZ,"Казиева",514
KZ,"Мухамеджанов",509
KZ,"Маратов",508
KZ,"Талгат",507
KZ,"Наталья",506
KZ,"Павлова",504
KZ,"Галиева",501
KZ,"Kalieva",501
KZ,"Калдыбаева",499
KZ,"Дуйсенов",498
KZ,"Бейсенбаева",498
KZ,"Исакова",496
KZ,"Касымбекова",494
KZ,"Kaliev",493
KZ,"Askarova",493
KZ,"Бойко",493
KZ,"Балтабаев",491
KZ,"Нурманова",491
KZ,"Ниязов",491
KZ,"Идрисов",490
KZ,"Маратова",490
KZ,"Абуов",490
KZ,"Карабаева",490
KZ,"Хамзин",487
KZ,"Сабиров",487
KZ,"Камалова",486
KZ,"Альжанов",485
KZ,"Избасарова",485
KZ,"Юлдашев",484
KZ,"Габдуллина",484
KZ,"Нугманова",483
KZ,"Утебаева",481
KZ,"Алибеков",481
KZ,"Садуакасова",480
KZ,"Мусабекова",480
KZ,"Алтаева",480
KZ,"Жуманов",478
KZ,"Нурик",478
KZ,"Даулет",478
KZ,"Куанышева",477
KZ,"Бекжанова",477
KZ,"Асан",477
KZ,"Ismailova",476
KZ,"Махамбетов",475
KZ,"Ермекова",474
KZ,"Жаксыбаева",474
KZ,"Серикбай",474
KZ,"Ашимов",473
KZ,"Нуржан",473
KZ,"Толегенов",472
KZ,"Валиева",472
KZ,"Сеитова",471
KZ,"Zh",471
KZ,"Есенов",470
KZ,"Тулебаева",469
KZ,"Нурбаева",468
KZ,"Умбетова",468
KZ,"Жумадилова",468
KZ,"Жолдасов",467
KZ,"Бекенов",466
KZ,"Marat",466
KZ,"Бисенов",465
KZ,"Тлеубаева",465
KZ,"Андреев",464
KZ,"Сыдыков",464
KZ,"Сагындыкова",463
KZ,"Касимов",463
KZ,"Кадирова",462
KZ,"Шаяхметова",459
KZ,"Колесникова",459
KZ,"Иманбаев",457
KZ,"Алексеева",457
KZ,"Уразбаева",456
KZ,"Камалов",456
KZ,"Михайлова",456
KZ,"Сергеева",456
KZ,"Амантай",456
KZ,"Курмангалиев",455
KZ,"Даутова",455
KZ,"Степанова",454
KZ,"Мамбетов",454
KZ,"Бейсенов",454
KZ,"Орлова",454
KZ,"Жумабек",454
KZ,"Оразов",453
KZ,"Suleimenov",453
KZ,"Асылбек",453
KZ,"Уалиева",452
KZ,"Оразбекова",452
KZ,"Жанабаев",451
KZ,"Каратаева",451
KZ,"Макарова",451
KZ,"Мамбетова",450
KZ,"Утепова",450
KZ,"Нурмагамбетова",450
KZ,"Ерлан",450
KZ,"Кудайберген",449
KZ,"Нурпеисова",448
KZ,"Молдабекова",448
KZ,"Smagulov",448
KZ,"Бакирова",447
KZ,"Курманов",446
KZ,"Байжанов",446
KZ,"Null",445
KZ,"Асылбеков",444
KZ,"Макаров",444
KZ,"Аманжол",444
KZ,"Алимбаев",443
KZ,"Мухтаров",443
KZ,"Бижанов",443
KZ,"Muratova",443
KZ,"Дюсембаева",442
KZ,"Алпысбаев",441
KZ,"Имашева",440
KZ,"Иманкулова",439
KZ,"Исабаева",438
KZ,"Сембаева",438
KZ,"Сулейманова",438
KZ,"Сарсембаева",437
KZ,"Оразова",437
KZ,"Умбетов",436
KZ,"Askarov",436
KZ,"Смаилов",436
KZ,"Азамат",436
KZ,"Сергеев",435
KZ,"Куандыков",434
KZ,"Кенжебекова",434
KZ,"Сабитов",434
KZ,"Бакыт",434
KZ,"Ten",433
KZ,"Маликов",432
KZ,"Набиев",432
KZ,"Шакиров",432
KZ,"Зайцева",432
KZ,"Жолдыбаева",432
KZ,"Досанова",432
KZ,"Романов",431
KZ,"Сергей",431
KZ,"Amangeldi",430
KZ,"Садвакасов",429
KZ,"Савченко",429
KZ,"Муханов",428
KZ,"Алтынбеков",428
KZ,"Park",428
KZ,"Ирина",427
KZ,"Калдыбаев",425
KZ,"Смайлова",424
KZ,"Мельникова",424
KZ,"Serikova",424
KZ,"Askar",423
KZ,"Молдабаева",422
KZ,"Исаков",422
KZ,"Ibraeva",422
KZ,"Sadykov",422
KZ,"Алимжанова",420
KZ,"Соколов",418
KZ,"Рахимжанов",418
KZ,"Сатыбалдиева",418
KZ,"Aubakirova",418
KZ,"Муса",418
KZ,"Алибаева",417
KZ,"Захарова",415
KZ,"Егорова",414
KZ,"Рахманова",414
KZ,"Abisheva",413
KZ,"Есжанова",412
KZ,"Избасаров",412
KZ,"Закирова",412
KZ,"Кадиров",411
KZ,"Орынбасарова",411
KZ,"Карабаев",411
KZ,"Светлана",411
KZ,"Muratov",411
KZ,"Алдабергенов",409
KZ,"Турсунов",408
KZ,"Никитина",408
KZ,"Амантаева",408
KZ,"Динара",408
KZ,"Нурманов",407
KZ,"Айдарова",407
KZ,"Ермекбаева",407
KZ,"Акимова",407
KZ,"Утепов",406
KZ,"Имангалиев",405
KZ,"Ермеков",405
KZ,"Жумашев",404
KZ,"Карибаев",403
KZ,"Шмидт",403
KZ,"Дуйсенбаев",402
KZ,"Новиков",402
KZ,"Nurlan",402
KZ,"Сатыбалдиев",401
KZ,"Алтаев",401
KZ,"Наурызбаев",401
KZ,"Исабеков",400
KZ,"Жумабай",400
KZ,"Федорова",399
KZ,"Алимбекова",399
KZ,"Турганбаева",398
KZ,"Юлдашева",397
KZ,"Набиева",397
KZ,"Махметова",397
KZ,"Канатова",397
KZ,"Яковлева",397
KZ,"Сагындыков",396
KZ,"Козлова",395
KZ,"Сулейманов",395
KZ,"Дюсенова",395
KZ,"Медведева",395
KZ,"Жунисова",394
KZ,"Семенова",394
KZ,"Темиров",394
KZ,"Mamedov",394
KZ,"Марченко",394
KZ,"Абдиева",393
KZ,"Баха",393
KZ,"Жаксыбаев",391
KZ,"Досжанова",391
KZ,"Ермек",391
KZ,"Мустафаева",390
KZ,"Бакиров",390
KZ,"Морозов",390
KZ,"Казбекова",390
KZ,"Ибраимов",389
KZ,"Serikov",389
KZ,"Орынбасаров",388
KZ,"Оспан",388
KZ,"Жуматаева",387
KZ,"Кенжегалиева",386
KZ,"Валиев",385
KZ,"Дарибаева",385
KZ,"Ан",385
KZ,"Бекжанов",384
KZ,"Аширова",384
KZ,"Мустафаев",383
KZ,"Курманбаев",383
KZ,"Темирова",382
KZ,"Павлов",382
KZ,"Тян",382
KZ,"Сериковна",380
KZ,"Tulegenova",380
KZ,"Мухамбетова",379
KZ,"Колесников",378
KZ,"Кузьмина",378
KZ,"Григорьева",378
KZ,"Asanova",378
KZ,"Ералиева",377
KZ,"Мажитова",377
KZ,"Kan",377
KZ,"Рахманов",376
KZ,"Zhan",374
KZ,"Даутов",373
KZ,"Лебедева",373
KZ,"Кабиева",373
KZ,"Мусабаева",372
KZ,"Жолдыбаев",372
KZ,"Хайруллина",372
KZ,"Ольга",372
KZ,"Aman",372
KZ,"Миллер",372
KZ,"Сакенова",371
KZ,"Гончарова",371
KZ,"Козлов",371
KZ,"Мурзагалиева",370
KZ,"Бегалиева",370
KZ,"Уразова",370
KZ,"Есенбаева",369
KZ,"Насырова",369
KZ,"Нуртазина",369
KZ,"Исламова",369
KZ,"Исламов",368
KZ,"Мусабеков",368
KZ,"Махмудов",367
KZ,"Турсынбаева",367
KZ,"Омарбекова",367
KZ,"Jan",367
KZ,"Темирбекова",366
KZ,"Казиев",366
KZ,"Елемесова",366
KZ,"Каратаев",366
KZ,"Бакытжан",366
KZ,"Михайлов",365
KZ,"Абдуллина",365
KZ,"Тулебаев",364
KZ,"Бейсембаев",364
KZ,"Kusainova",364
KZ,"Мырзахметова",363
KZ,"Малик",363
KZ,"Темиргалиева",362
KZ,"Нурмагамбетов",362
KZ,"Джумабаева",362
KZ,"Mukanova",362
KZ,"Мадиева",361
KZ,"Амангелди",361
KZ,"Куанышев",360
KZ,"Садуакасов",360
KZ,"Ковалева",360
KZ,"Isaev",360
KZ,"Темирбаева",359
KZ,"Аширбекова",359
KZ,"Исабаев",359
KZ,"Алтынбек",358
KZ,"Сейдахметова",357
KZ,"Рустемова",357
KZ,"Ramazanova",357
KZ,"Салимова",356
KZ,"Тусупова",356
KZ,"Умирзакова",356
KZ,"Байзакова",356
KZ,"Нурбаев",355
KZ,"Миронова",355
KZ,"Амантаев",355
KZ,"Галиев",355
KZ,"Алибек",355
KZ,"Мукушева",354
KZ,"Nurgalieva",354
KZ,"Досжанов",354
KZ,"Omar",354
KZ,"Чернова",353
KZ,"Абдиев",353
KZ,"Николаева",353
KZ,"Нурмаганбетова",353
KZ,"Amirova",353
KZ,"Сеитов",352
KZ,"Шаймерденова",352
KZ,"Борисова",352
KZ,"Asanov",352
KZ,"Александровна",352
KZ,"Марина",352
KZ,"Нурахметова",351
KZ,"Махмутова",351
KZ,"Kazakhstan",351
KZ,"Нуралиева",350
KZ,"Рахимбаева",350
KZ,"Касым",349
KZ,"Касымбеков",348
KZ,"Тлеубаев",348
KZ,"Abdullaeva",348
KZ,"Абдурахманов",347
KZ,"Кенжебеков",347
KZ,"Куспанова",347
KZ,"Гумарова",346
KZ,"Sharipova",345
KZ,"Алексеев",344
KZ,"Есимова",344
KZ,"Александрова",343
KZ,"Жиенбаева",343
KZ,"Елубаева",342
KZ,"Мырзабекова",342
KZ,"Ермекбаев",342
KZ,"Жапарова",342
KZ,"Макс",342
KZ,"Бейсенбаев",341
KZ,"Нурпеисов",341
KZ,"Хусаинова",341
KZ,"Sharipov",341
KZ,"Алимжанов",340
KZ,"Тулеуова",340
KZ,"Акимов",340
KZ,"Елемесов",340
KZ,"Максимова",340
KZ,"Молдабеков",340
KZ,"Нуртаева",340
KZ,"Айдаров",339
KZ,"Елеусизова",339
KZ,"Руденко",339
KZ,"Утебаев",338
KZ,"Рамазан",338
KZ,"Утешова",337
KZ,"Аюпова",337
KZ,"Мажитов",337
KZ,"Уразбаев",337
KZ,"Аширов",337
KZ,"Юнусов",337
KZ,"Utegenova",337
KZ,"Батырбекова",336
KZ,"Mukasheva",336
KZ,"Айдарбекова",335
KZ,"Даулетбаева",335
KZ,"Шакенова",335
KZ,"Клименко",335
KZ,"Базарова",334
KZ,"Маратовна",334
KZ,"Абай",334
KZ,"Кали",334
KZ,"Хван",334
KZ,"Жумадилов",333
KZ,"Абжанова",333
KZ,"Нугманов",333
KZ,"Османов",333
KZ,"Куандык",333
KZ,"Максимов",332
KZ,"Юнусова",332
KZ,"Литвинова",332
KZ,"Дмитриева",332
KZ,"Нурланова",332
KZ,"Белова",332
KZ,"Aubakirov",332
KZ,"Иса",332
KZ,"Мансурова",331
KZ,"Фролова",331
KZ,"Турсунова",331
KZ,"Данияр",331
KZ,"Узакбаев",330
KZ,"Нурбекова",330
KZ,"Орлов",330
KZ,"Isaeva",330
KZ,"Узакбаева",329
KZ,"Жакенова",329
KZ,"Сарбасова",329
KZ,"Abishev",329
KZ,"Абиева",328
KZ,"Аханова",328
KZ,"Жуматаев",328
KZ,"Ерболат",328
KZ,"Степанов",327
KZ,"Алия",327
KZ,"Майер",327
KZ,"Имашев",326
KZ,"Tulegenov",326
KZ,"Ербол",326
KZ,"Дос",326
KZ,"Жанат",326
KZ,"Досанов",325
KZ,"Шаяхметов",325
KZ,"Рустемов",325
KZ,"Турганбаев",325
KZ,"Сакенов",324
KZ,"Рысбаева",324
KZ,"Сапарбаева",324
KZ,"Мадина",324
KZ,"Жукова",324
KZ,"Захаров",323
KZ,"Ережепова",323
KZ,"Сарсембаев",323
KZ,"Иманкулов",323
KZ,"Кожанова",323
KZ,"Абдулла",323
KZ,"Жалгасбаева",322
KZ,"Umarov",322
KZ,"Амир",322
KZ,"Ералиев",321
KZ,"Габбасова",321
KZ,"Abdrahmanova",321
KZ,"Есжанов",320
KZ,"Оразбеков",320
KZ,"Берик",320
KZ,"Сулеймен",320
KZ,"Павленко",320
KZ,"Югай",320
KZ,"Уалиев",319
KZ,"Арыстанова",319
KZ,"Данилова",319
KZ,"Saparov",319
KZ,"Абдрахман",319
KZ,"Молдабаев",318
KZ,"Алибаев",318
KZ,"Умирзаков",318
KZ,"Рысбекова",318
KZ,"Абдраманова",317
KZ,"Султанбекова",317
KZ,"Максутова",317
KZ,"Егоров",316
KZ,"Баймуратова",315
KZ,"Амангалиева",315
KZ,"Musaev",315
KZ,"Исмайлова",315
KZ,"Айгерим",315
KZ,"Нургали",314
KZ,"Абдикаримов",313
KZ,"Бисенгалиева",313
KZ,"Абилдаева",312
KZ,"Беков",312
KZ,"Мырзабаева",312
KZ,"Ибрагим",311
KZ,"Турсынбаев",310
KZ,"Баратова",310
KZ,"Мухаметжанова",309
KZ,"Мухамбетов",309
KZ,"Семенов",309
KZ,"Габдуллин",308
KZ,"Зайцев",308
KZ,"Смайлов",308
KZ,"Османова",308
KZ,"Ramazanov",308
KZ,"Ислам",308
KZ,"Камбарова",307
KZ,"Жунисов",307
KZ,"Отарбаева",307
KZ,"Ескалиева",307
KZ,"Осипова",306
KZ,"Абдикаримова",306
KZ,"Гасанов",305
KZ,"Амирханова",305
KZ,"Saparova",305
KZ,"Сергеевна",305
KZ,"Жанар",305
KZ,"Баймагамбетова",304
KZ,"Айгуль",304
KZ,"Айнур",304
KZ,"Насыров",303
KZ,"Самат",303
KZ,"Ааа",303
KZ,"Ильина",302
KZ,"Азизов",302
KZ,"Кудабаева",302
KZ,"Бекбаева",302
KZ,"Tolegen",302
KZ,"Дюсембаев",301
KZ,"Тлегенова",301
KZ,"Сейтова",301
KZ,"Кенжегалиев",301
KZ,"Богданова",301
KZ,"Жанна",300
KZ,"Канатов",298
KZ,"Оразалиева",298
KZ,"Жалгасбаев",298
KZ,"Петренко",298
KZ,"Уразов",297
KZ,"Маханбетова",297
KZ,"Булатова",297
KZ,"Sarsenova",297
KZ,"Amirov",297
KZ,"Лысенко",297
KZ,"Николаев",296
KZ,"Ерназарова",296
KZ,"Аманкулова",296
KZ,"Базаров",296
KZ,"Владимир",296
KZ,"Бегалиев",295
KZ,"Абилдаев",295
KZ,"Темирбаев",295
KZ,"Хусаинов",295
KZ,"Шин",295
KZ,"Сорокина",294
KZ,"Гульмира",294
KZ,"Abdrakhmanova",294
KZ,"Карим",294
KZ,"Кот",294
KZ,"Амангалиев",293
KZ,"Медведев",293
KZ,"Есенгалиева",293
KZ,"Utegenov",293
KZ,"Сапар",293
KZ,"Кусайнова",292
KZ,"Григорьев",292
KZ,"Турлыбекова",292
KZ,"Smailova",292
KZ,"Курмашева",291
KZ,"Бабаев",291
KZ,"Закиров",291
KZ,"Джумагалиева",291
KZ,"Musaeva",291
KZ,"Мельник",291
KZ,"Мельников",290
KZ,"Nurgaliev",290
KZ,"Байменова",290
KZ,"Мырзабеков",290
KZ,"Шакенов",289
KZ,"Садуова",289
KZ,"Яковлев",289
KZ,"Кожабекова",288
KZ,"Молдашева",288
KZ,"Yusupov",288
KZ,"Алимбетова",288
KZ,"Жиенбаев",288
KZ,"Syzdykova",288
KZ,"Маке",288
KZ,"Муслим",288
KZ,"Неважно",288
KZ,"Щербакова",287
KZ,"Абдукаримова",287
KZ,"Сактаганова",287
KZ,"Ibraev",287
KZ,"Ruslan",287
KZ,"Сатыбалды",287
KZ,"Василенко",287
KZ,"Мурзагалиев",286
KZ,"Королева",286
KZ,"Максутов",286
KZ,"Андрей",286
KZ,"Nazarov",286
KZ,"Sh",286
KZ,"Рысбаев",285
KZ,"Баймуханова",285
KZ,"Кумарова",285
KZ,"Владимировна",285
KZ,"Никитин",285
KZ,"Елубаев",284
KZ,"Муратовна",284
KZ,"Жапаров",284
KZ,"Дюсенов",284
KZ,"Власова",284
KZ,"Нурмаганбетов",283
KZ,"Шалабаева",283
KZ,"Kurbanov",283
KZ,"Kanat",283
KZ,"Сидоренко",283
KZ,"Сембаев",282
KZ,"Тажиева",282
KZ,"Юлия",282
KZ,"Даниярова",282
KZ,"Борисов",281
KZ,"Аязбаева",281
KZ,"Баратов",281
KZ,"Мансуров",281
KZ,"Молдахметова",281
KZ,"Давыдова",281
KZ,"Акишева",280
KZ,"Омарбеков",280
KZ,"Салимов",280
KZ,"Арыстанов",280
KZ,"Жакипова",280
KZ,"Нурланов",280
KZ,"Ережепов",280
KZ,"Zhakupova",280
KZ,"Алимбеков",279
KZ,"Есимов",279
KZ,"Нуралиев",279
KZ,"Гуля",279
KZ,"Мухтар",279
KZ,"Ихсанова",278
KZ,"Мусабаев",278
KZ,"Аширбеков",278
KZ,"Kairat",278
KZ,"Турсын",278
KZ,"Кенес",278
KZ,"Камбаров",277
KZ,"Молдагалиева",277
KZ,"Матвеева",277
KZ,"Куатова",277
KZ,"Иманова",277
KZ,"Nurik",277
KZ,"Бектурганова",276
KZ,"Исмайлов",276
KZ,"Дарибаев",276
KZ,"Aliyev",276
KZ,"Воробьева",276
KZ,"Еримбетова",276
KZ,"Махмудова",276
KZ,"Тарасова",276
KZ,"Кузембаева",275
KZ,"Утешов",275
KZ,"Жетписбаева",275
KZ,"Алимкулова",275
KZ,"Бекетова",275
KZ,"Александрович",275
KZ,"Talgat",275
KZ,"Нурбеков",274
KZ,"Макашева",274
KZ,"Дуйсебаева",274
KZ,"Mukanov",274
KZ,"Mustafina",274
KZ,"Полякова",273
KZ,"Белов",273
KZ,"Акылбекова",273
KZ,"Керимбекова",273
KZ,"Федоров",273
KZ,"Айткулова",273
KZ,"Айка",273
KZ,"Базарбай",273
KZ,"Есенбаев",272
KZ,"Джумабаев",272
KZ,"Гумаров",272
KZ,"Амренова",272
KZ,"Успанова",272
KZ,"Кушербаева",272
KZ,"Нурмуханова",272
KZ,"Баймуратов",271
KZ,"Калинина",271
KZ,"Тажиев",270
KZ,"Жусипова",270
KZ,"Темирханова",270
KZ,"Куликова",270
KZ,"Абдуллин",270
KZ,"Атырау",270
KZ,"Кыдырбаев",269
KZ,"Кожанов",269
KZ,"Azamat",269
KZ,"Usmanov",268
KZ,"Мырзахметов",268
KZ,"Антонова",268
KZ,"Алина",268
KZ,"Abenova",268
KZ,"Айдар",268
KZ,"Рыскулова",267
KZ,"Абдукаримов",267
KZ,"Махметов",267
KZ,"Ракишева",267
KZ,"Umarova",267
KZ,"Салтанат",267
KZ,"Daulet",267
KZ,"Кабиев",266
KZ,"Абдурахманова",265
KZ,"Аюпов",265
KZ,"Казбеков",265
KZ,"Бекова",265
KZ,"Адильбекова",265
KZ,"Даулетбаев",265
KZ,"Мухамадиева",265
KZ,"Nazarova",265
KZ,"Еркин",265
KZ,"Сайлау",265
KZ,"Алматы",265
KZ,"Карпова",264
KZ,"Белоусова",264
KZ,"Дмитриев",264
KZ,"Бактыбаева",264
KZ,"Abdrahmanov",264
KZ,"Bolatova",264
KZ,"Мынбаева",263
KZ,"Сейтжанова",263
KZ,"Исина",263
KZ,"Han",263
KZ,"Балтабай",263
KZ,"Сапарбаев",262
KZ,"Рысбеков",262
KZ,"Котова",262
KZ,"Маханбетов",262
KZ,"Кыдырбаева",262
KZ,"Шалабаев",262
KZ,"Нурпейсова",262
KZ,"Сарсенгалиева",262
KZ,"Жолдас",262
KZ,"Харченко",262
KZ,"Абиев",261
KZ,"Куанова",261
KZ,"Абдиров",261
KZ,"Serikbaev",261
KZ,"Максат",261
KZ,"Александров",260
KZ,"Аманкулов",260
KZ,"Афанасьева",260
KZ,"Жуков",260
KZ,"Абдраимова",260
KZ,"Alimova",260
KZ,"Сакен",260
KZ,"Сабыр",260
KZ,"Кенжебек",260
KZ,"Капарова",259
KZ,"Мырзабаев",259
KZ,"Кенесов",259
KZ,"Климова",259
KZ,"Давлетова",259
KZ,"Темиргалиев",259
KZ,"Arman",259
KZ,"Жанибек",259
KZ,"Хегай",259
KZ,"Куспанов",258
KZ,"Есетова",258
KZ,"Соловьева",258
KZ,"Белый",258
KZ,"Мухаметжанов",258
KZ,"Нуртаев",258
KZ,"Bolatov",258
KZ,"Нурсултан",258
KZ,"Елеусизов",257
KZ,"Бактыбаев",257
KZ,"Тусупов",257
KZ,"Филиппова",257
KZ,"Казанцева",257
KZ,"Киселева",257
KZ,"Ермагамбетова",257
KZ,"Ескалиев",257
KZ,"Бисембаева",256
KZ,"Азизова",256
KZ,"Сарыбаева",256
KZ,"Асель",256
KZ,"Юн",256
KZ,"Елеуова",255
KZ,"Батырбеков",255
KZ,"Mamedova",255
KZ,"Atyrau",255
KZ,"Бисенгалиев",254
KZ,"Сагимбаева",254
KZ,"Керимбаева",254
KZ,"Махмутов",254
KZ,"Сатаева",254
KZ,"Талипова",254
KZ,"Танатаров",254
KZ,"Хайруллин",254
KZ,"Сауле",254
KZ,"Левченко",254
KZ,"Темирбеков",253
KZ,"Султанбеков",253
KZ,"Serikbaeva",253
KZ,"Kurbanova",253
KZ,"Болатбек",253
KZ,"Сагындык",253
KZ,"Сабит",253
KZ,"Сатаев",252
KZ,"Абаева",252
KZ,"Муратбекова",252
KZ,"Бахыт",252
KZ,"Карпенко",252
KZ,"Оразалиев",251
KZ,"Кузьмин",251
KZ,"Турдиева",251
KZ,"Байзаков",251
KZ,"Сейдахметов",251
KZ,"Газизова",251
KZ,"Нурахметов",251
KZ,"Бека",251
KZ,"Kudaibergen",251
KZ,"Сундетова",250
KZ,"Антонов",250
KZ,"Абжанов",250
KZ,"Кенесова",249
KZ,"Мадиев",249
KZ,"Пономарева",249
KZ,"Adilov",249
KZ,"Скакова",249
KZ,"Zhumabekova",249
KZ,"Кузьменко",249
KZ,"Bazarbaev",248
KZ,"Кузембаев",248
KZ,"Бектасова",248
KZ,"Бисенбаева",248
KZ,"Литвинов",248
KZ,"Абу",248
KZ,"Бекболат",248
KZ,"Назаренко",248
KZ,"Айткалиева",247
KZ,"Калдыбекова",247
KZ,"Бакиева",247
KZ,"Абубакирова",247
KZ,"Кулбаева",247
KZ,"Оразалина",247
KZ,"Айжан",247
KZ,"Медетова",246
KZ,"Тулеуов",246
KZ,"Мамаева",246
KZ,"Абдирова",246
KZ,"Какимова",246
KZ,"Умирбекова",246
KZ,"Kusainov",246
KZ,"Алимкулов",246
KZ,"Adilova",246
KZ,"Asan",246
KZ,"Вагнер",246
KZ,"Шаймерденов",245
KZ,"Денисова",245
KZ,"Амирбекова",245
KZ,"Сарсенбай",245
KZ,"Юрченко",245
KZ,"Романенко",245
KZ,"Нурсеитова",244
KZ,"Турлыбеков",244
KZ,"Sarsenov",244
KZ,"Kudaibergenova",244
KZ,"Даурен",244
KZ,"Ораз",244
KZ,"Муслимова",243
KZ,"Отарбаев",243
KZ,"Сидорова",243
KZ,"Омирзак",243
KZ,"Yuldashev",242
KZ,"Alimov",242
KZ,"Гасанова",242
KZ,"Maratov",242
KZ,"Махатова",242
KZ,"Dos",242
KZ,"Кадырбаева",241
KZ,"Сергеевич",241
KZ,"Роза",241
KZ,"Владимирович",240
KZ,"Коновалова",240
KZ,"Батырханова",240
KZ,"Жакенов",240
KZ,"Amanova",240
KZ,"Nurzhanova",240
KZ,"Адай",240
KZ,"Рустем",240
KZ,"Есен",240
KZ,"Нурлыбаева",239
KZ,"Рахимбекова",239
KZ,"Ерназаров",239
KZ,"Казакова",239
KZ,"Mukashev",239
KZ,"Найман",239
KZ,"Муратбек",239
KZ,"Орынбай",239
KZ,"Сансызбаева",238
KZ,"Сарбасов",238
KZ,"Горбунова",238
KZ,"Бекбосынова",238
KZ,"Нурмаханова",238
KZ,"Сарсен",238
KZ,"Зинченко",238
KZ,"Калашникова",237
KZ,"Турганова",237
KZ,"Абубакиров",237
KZ,"Дмитрий",237
KZ,"Нурбек",237
KZ,"Кириченко",237
KZ,"Арынова",236
KZ,"Искалиева",236
KZ,"Егембердиева",236
KZ,"Бекмуратова",236
KZ,"Женис",236
KZ,"Утепбергенова",235
KZ,"Kadirov",235
KZ,"Миронов",235
KZ,"Аралбаева",235
KZ,"Мынбаев",235
KZ,"Sarsenbaev",235
KZ,"Гончаров",234
KZ,"Бекишева",234
KZ,"Сансызбаев",234
KZ,"Мусагалиева",234
KZ,"Эльмира",234
KZ,"Атабаева",234
KZ,"Титова",234
KZ,"Мустафа",234
KZ,"Назарбаев",233
KZ,"Куанышбаева",233
KZ,"Abilov",233
KZ,"Батырхан",233
KZ,"Демченко",233
KZ,"Нам",233
KZ,"Сейтов",232
KZ,"Доскалиева",232
KZ,"Иманов",232
KZ,"Сапаргалиева",232
KZ,"Танатарова",232
KZ,"Матвеев",232
KZ,"Фомина",232
KZ,"Нысанбаева",232
KZ,"Есенгалиев",232
KZ,"Maratova",232
KZ,"Кульбаева",232
KZ,"Алихан",232
KZ,"Адилбекова",231
KZ,"Тулешова",231
KZ,"Давлетов",231
KZ,"Жанибекова",231
KZ,"Батырова",231
KZ,"Алмас",231
KZ,"Ramazan",231
KZ,"Жумагали",231
KZ,"Алтыбаева",230
KZ,"Мырзагалиева",230
KZ,"Kadyrov",230
KZ,"Sarsenbaeva",230
KZ,"Kasenova",230
KZ,"Rahimov",230
KZ,"Мырза",230
KZ,"Мади",230
KZ,"Ммм",230
KZ,"Шнайдер",230
KZ,"Бекбаев",229
KZ,"Мукатаева",229
KZ,"Фролов",229
KZ,"Ahmedov",229
KZ,"Абдраманов",229
KZ,"Журавлева",229
KZ,"Di",229
KZ,"Фоменко",229
KZ,"Жубанова",228
KZ,"Амангелдиев",228
KZ,"Абдраимов",228
KZ,"Чернов",228
KZ,"Бабаева",228
KZ,"Усербаева",228
KZ,"Тимофеева",228
KZ,"Ковалев",228
KZ,"Туякбаева",228
KZ,"Николаевна",228
KZ,"Мищенко",228
KZ,"Туленова",227
KZ,"Габбасов",227
KZ,"Мальцева",227
KZ,"Сисенова",227
KZ,"Ахметкалиева",227
KZ,"Кудабаев",227
KZ,"Бектурганов",227
KZ,"Максим",227
KZ,"Батыр",227
KZ,"Оразбек",227
KZ,"Ospan",227
KZ,"Malik",227
KZ,"Осипов",226
KZ,"Сартаева",226
KZ,"Сорокин",226
KZ,"Гусейнов",226
KZ,"Молдахметов",226
KZ,"Жаканова",226
KZ,"Кумаров",226
KZ,"Турдиев",225
KZ,"Сексенбаева",225
KZ,"Азимов",225
KZ,"Иманбекова",225
KZ,"Сидоров",225
KZ,"Дауренбекова",225
KZ,"Abilova",225
KZ,"Aliyeva",225
KZ,"Асем",225
KZ,"Adil",225
KZ,"Иващенко",225
KZ,"Дьяченко",225
KZ,"Ни",225
KZ,"Тулепова",224
KZ,"Жанибеков",224
KZ,"Утенова",224
KZ,"Магзумова",224
KZ,"Нурмуханов",224
KZ,"Abenov",224
KZ,"Sabirova",224
KZ,"Хамит",224
KZ,"Турсынбай",224
KZ,"Цай",224
KZ,"Жанаева",223
KZ,"Плотникова",223
KZ,"Исатаева",223
KZ,"Султангалиева",223
KZ,"Amir",223
KZ,"Приходько",223
KZ,"Жанузакова",222
KZ,"Оралбаева",222
KZ,"Sabitova",222
KZ,"Галина",222
KZ,"Amanzholova",222
KZ,"Ibrayeva",222
KZ,"Рысбек",222
KZ,"Макаренко",222
KZ,"Куанышбаев",221
KZ,"Mustafin",221
KZ,"King",221
KZ,"Куанышбек",221
KZ,"Сарманова",220
KZ,"Кожабаева",220
KZ,"Калашников",220
KZ,"Amanov",220
KZ,"Алексей",220
KZ,"Киреева",220
KZ,"Асылхан",220
KZ,"Мырзабек",220
KZ,"Оразбай",220
KZ,"Конысбаева",219
KZ,"Ахмадиева",219
KZ,"Куатов",219
KZ,"Саматов",219
KZ,"Kadyrova",219
KZ,"Pro",219
KZ,"Aktau",219
KZ,"Лукпанова",218
KZ,"Танирбергенова",218
KZ,"Анастасия",218
KZ,"Аяпбергенова",218
KZ,"Курмашев",218
KZ,"Alibekova",218
KZ,"Kasimov",218
KZ,"Popov",218
KZ,"Тимур",218
KZ,"Байжуманова",217
KZ,"Дуйсебаев",217
KZ,"Орманова",217
KZ,"Нургазина",217
KZ,"Евгений",217
KZ,"Тагаева",217
KZ,"Тусупбекова",217
KZ,"Аханов",217
KZ,"Жандос",217
KZ,"Дархан",217
KZ,"Berik",217
KZ,"Ергали",217
KZ,"Karim",217
KZ,"Байбосынова",216
KZ,"Расулов",216
KZ,"Рыспаева",216
KZ,"Сарыбаев",216
KZ,"Таиров",216
KZ,"Ташенова",216
KZ,"Мамаев",216
KZ,"Кусайнов",216
KZ,"Садвокасова",216
KZ,"Нуртазин",216
KZ,"Дюсенбаева",216
KZ,"Раева",216
KZ,"Молдагалиев",216
KZ,"Kudaibergenov",216
KZ,"Popova",216
KZ,"Амангелды",216
KZ,"Ahmet",216
KZ,"Тарасенко",216
KZ,"Алпысбай",216
KZ,"Аймагамбетова",215
KZ,"Нугуманова",215
KZ,"Раисова",215
KZ,"Токсанбаева",215
KZ,"Филатова",215
KZ,"Ismagulova",215
KZ,"Nurgali",215
KZ,"Абаев",214
KZ,"Данилов",214
KZ,"Якупова",214
KZ,"Тулепов",214
KZ,"Данияров",214
KZ,"Утеулиева",214
KZ,"Молдашев",214
KZ,"Байназарова",214
KZ,"Zhumabaeva",214
KZ,"Ковальчук",214
KZ,"Бондарь",214
KZ,"Яковенко",214
KZ,"Еримбетов",213
KZ,"Давыдов",213
KZ,"Амангелдиева",213
KZ,"Баймаханова",213
KZ,"Акылбеков",213
KZ,"Абрамова",213
KZ,"Казак",213
KZ,"Аринова",212
KZ,"Жоламанова",212
KZ,"Айдарбеков",212
KZ,"Оксана",212
KZ,"Sabirov",212
KZ,"Айбек",212
KZ,"Мырзалиева",211
KZ,"Амирханов",211
KZ,"Кожабеков",211
KZ,"Ниязбекова",211
KZ,"Джумагалиев",211
KZ,"Курманбекова",211
KZ,"Tolegenova",211
KZ,"Рахимбаев",211
KZ,"Нурсеитов",211
KZ,"Бакиев",211
KZ,"Артыкбаева",211
KZ,"Есентаева",211
KZ,"Мукушев",211
KZ,"Утемисова",211
KZ,"Манапова",211
KZ,"Islam",211
KZ,"Сактаганов",210
KZ,"Балгабаева",210
KZ,"Ильин",210
KZ,"Zhunusova",210
KZ,"Турсынова",209
KZ,"Канафина",209
KZ,"Щербаков",209
KZ,"Медетов",209
KZ,"Онгарбаева",209
KZ,"Канаева",209
KZ,"Богданов",209
KZ,"Фомин",209
KZ,"Dauletova",209
KZ,"Бай",209
KZ,"Уразгалиева",208
KZ,"Абильдаева",208
KZ,"Котов",208
KZ,"Беляева",208
KZ,"Ажибаева",208
KZ,"Тлегенов",208
KZ,"Турганов",208
KZ,"Жолдасбаева",208
KZ,"Есенбекова",208
KZ,"Сандыбаева",208
KZ,"Дина",208
KZ,"Иван",208
KZ,"Сансызбай",208
KZ,"Коваль",208
KZ,"Байменов",207
KZ,"Ганиева",207
KZ,"Талипов",207
KZ,"Алимбетов",207
KZ,"Мукажанова",207
KZ,"Тулеубаева",207
MO,"Chan",13748
MO,"Wong",11461
MO,"Leong",7801
MO,"Lei",6935
MO,"Lam",6772
MO,"Ng",5480
MO,"Ho",5151
MO,"Cheong",3773
MO,"Lee",3297
MO,"Nguyen",3120
MO,"Lao",2907
MO,"Choi",2663
MO,"Fong",2486
MO,"Cheang",2313
MO,"Tam",2288
MO,"Lai",2221
MO,"Lo",2142
MO,"Ieong",1992
MO,"Chao",1963
MO,"Wu",1937
MO,"Tang",1847
MO,"Li",1724
MO,"Lou",1662
MO,"Chong",1661
MO,"Chen",1636
MO,"Hong",1335
MO,"Kuok",1280
MO,"Ip",1280
MO,"Mak",1275
MO,"Chu",1273
MO,"Hoi",1272
MO,"Vong",1267
MO,"Chio",1258
MO,"Leung",1254
MO,"Ao",1239
MO,"Lau",1197
MO,"Chang",1177
MO,"Tong",1096
MO,"Sou",1091
MO,"Ma",1019
MO,"Huang",994
MO,"Liu",988
MO,"Pun",980
MO,"Lin",967
MO,"Zhang",966
MO,"Un",966
MO,"Yu",951
MO,"Che",939
MO,"Kuan",935
MO,"Loi",923
MO,"Cheng",912
MO,"Tran",911
MO,"Kou",904
MO,"Wang",898
MO,"Kong",854
MO,"Sam",819
MO,"Kam",788
MO,"Nguyễn",776
MO,"Sio",768
MO,"Lok",756
MO,"Le",728
MO,"Cheung",686
MO,"Si",675
MO,"Yang",659
MO,"Wan",657
MO,"Lio",648
MO,"Pham",611
MO,"Pang",609
MO,"Sun",583
MO,"Vu",576
MO,"Sin",575
MO,"Ku",570
MO,"Gurung",558
MO,"Macau",558
MO,"Hoang",523
MO,"Tai",514
MO,"Liang",496
MO,"Man",494
MO,"Tou",489
MO,"Chou",488
MO,"Iong",475
MO,"Chow",469
MO,"Xu",468
MO,"Fan",468
MO,"Mok",461
MO,"Chau",455
MO,"Mai",451
MO,"Long",449
MO,"Tan",438
MO,"Kuong",436
MO,"Iao",428
MO,"Ha",425
MO,"Lu",422
MO,"Santos",422
MO,"Thanh",421
MO,"Wai",419
MO,"Ao Ieong",419
MO,"Fu",398
MO,"Kwok",394
MO,"Au",386
MO,"Chiang",381
MO,"Thu",377
MO,"Lan",376
MO,"Garcia",366
MO,"Hoa",363
MO,"Kim",359
MO,"Yeung",358
MO,"Fung",351
MO,"Zhou",338
MO,"Dela Cruz",337
MO,"Cruz",327
MO,"Fok",327
MO,"Ian",324
MO,"Zhao",315
MO,"Zheng",309
MO,"Chiu",307
MO,"Bui",306
MO,"Chung",306
MO,"Siu",306
MO,"Ung",300
MO,"Yan",299
MO,"Yip",299
MO,"Huong",288
MO,"Reyes",288
MO,"So",287
MO,"He",276
MO,"Ko",264
MO,"Mo",264
MO,"Van",263
MO,"Luo",261
MO,"Duong",260
MO,"Ramos",258
MO,"Law",258
MO,"Nguyen Thi",257
MO,"Chi",257
MO,"Su",256
MO,"Cheok",256
MO,"Thuy",254
MO,"Hu",254
MO,"Io",254
MO,"Pan",248
MO,"Anh",242
MO,"Shrestha",241
MO,"Phuong",239
MO,"Kwan",239
MO,"Ka",236
MO,"Trần",235
MO,"Ngai",234
MO,"Zhu",232
MO,"Thapa",229
MO,"Yuen",229
MO,"Kan",227
MO,"Ngoc",224
MO,"歐陽",224
MO,"Tse",223
MO,"Mendoza",222
MO,"Ly",220
MO,"Do",217
MO,"Song",215
MO,"Peng",211
MO,"Leng",211
MO,"Jiang",210
MO,"San",210
MO,"Hung",210
MO,"May",209
MO,"Cai",208
MO,"Zeng",207
MO,"Lê",205
MO,"Hao",204
MO,"Sit",204
MO,"Kok",204
MO,"Silva",202
MO,"Gonzales",200
MO,"Mui",199
MO,"Xie",196
MO,"Guo",196
MO,"Hui",196
MO,"Phan",193
MO,"Hou",193
MO,"Love",192
MO,"Bautista",191
MO,"Dang",187
MO,"Feng",186
MO,"Ngan",183
MO,"Weng",183
MO,"Lopez",180
MO,"Shi",180
MO,"Ling",179
MO,"Lim",179
MO,"Minh",178
MO,"David",177
MO,"Phạm",176
MO,"Deng",176
MO,"Hang",176
MO,"Kit",175
MO,"Villanueva",174
MO,"Hoàng",172
MO,"Ngo",170
MO,"Teng",170
MO,"Cao",170
MO,"Ken",169
MO,"Xiao",169
MO,"Mou",169
MO,"Zhong",167
MO,"Tsang",163
MO,"Luong",162
MO,"Linh",157
MO,"Castro",157
MO,"To",156
MO,"Wa",154
MO,"Poon",154
MO,"Liao",154
MO,"Wei",153
MO,"Fai",152
MO,"Fernandez",152
MO,"Lay",151
MO,"Truong",151
MO,"Nguyenthi",150
MO,"Singh",150
MO,"Hien",149
MO,"Yuan",149
MO,"Aquino",147
MO,"Ye",146
MO,"Wen",145
MO,"Chin",144
MO,"Trinh",142
MO,"Iu",142
MO,"Rivera",142
MO,"Chon",141
MO,"Francisco",141
MO,"Hai",138
MO,"King",137
MO,"Nga",136
MO,"Mei",136
MO,"Gao",136
MO,"Soriano",136
MO,"Guan",134
MO,"Ou",133
MO,"Valdez",132
MO,"Hon",132
MO,"Kun",132
MO,"Kin",131
MO,"Seng",129
MO,"Luu",128
MO,"Yen",127
MO,"Leo",127
MO,"Ieng",127
MO,"Angel",126
MO,"Dao",124
MO,"Flores",124
MO,"Meng",124
MO,"Castillo",124
MO,"An",123
MO,"Fang",122
MO,"Santiago",122
MO,"Dinh",121
MO,"Yao",121
MO,"Domingo",120
MO,"Lama",119
MO,"Perez",119
MO,"Chim",119
MO,"Rose",118
MO,"Kc",118
MO,"Du",118
MO,"Mac",118
MO,"Ch",117
MO,"John",115
MO,"In",114
MO,"Lui",114
MO,"Yin",113
MO,"Torres",113
MO,"Putri",112
MO,"Aoieong",112
MO,"Dung",110
MO,"My",108
MO,"Huyen",107
MO,"欧阳",107
MO,"Phung",106
MO,"Go",106
MO,"Trang",105
MO,"Smith",105
MO,"Macao",105
MO,"Tsui",105
MO,"Kei",105
MO,"Mi",104
MO,"Rai",104
MO,"Huynh",104
MO,"Pou",104
MO,"Chui",104
MO,"Iun",104
MO,"Son",103
MO,"De Guzman",103
MO,"Win",103
MO,"Salvador",102
MO,"Han",102
MO,"Dong",101
MO,"Joe",100
MO,"Manuel",100
MO,"Qiu",99
MO,"Pong",99
MO,"Amy",98
MO,"Alex",98
MO,"Ben",97
MO,"Nguyên",97
MO,"Doan",97
MO,"Kuang",97
MO,"Nam",97
MO,"Tamang",96
MO,"Cat",96
MO,"Vũ",96
MO,"Kwong",96
MO,"Jason",95
MO,"Yau",95
MO,"司徒",94
MO,"Wing",94
MO,"Iam",94
MO,"Khadka",93
MO,"Antonio",93
MO,"De Leon",93
MO,"Jack",92
MO,"Hồng",92
MO,"Karki",92
MO,"Rosario",92
MO,"Pao",92
MO,"Keong",91
MO,"Ming",91
MO,"Bao",91
MO,"Dai",91
MO,"Tolentino",91
MO,"Ayu",90
MO,"Agustin",90
MO,"Pascual",90
MO,"Sousa",90
MO,"Yo",89
MO,"La",89
MO,"Shen",88
MO,"Tin",88
MO,"Yi",87
MO,"Tu",87
MO,"Peter",86
MO,"Eric",86
MO,"Andy",86
MO,"Marquez",86
MO,"Sari",84
MO,"Jenny",84
MO,"Phương",84
MO,"James",84
MO,"Delacruz",84
MO,"Mio",84
MO,"Cho",84
MO,"Gomez",83
MO,"Min",83
MO,"Sanchez",83
MO,"Gomes",83
MO,"Ferreira",83
MO,"Na",82
MO,"Rodriguez",82
MO,"You",82
MO,"Tom",81
MO,"Mercado",81
MO,"Navarro",81
MO,"Loan",80
MO,"Ngọc",80
MO,"Lon",80
MO,"Martin",80
MO,"Koo",80
MO,"Nhung",79
MO,"Lien",79
MO,"Anna",79
MO,"Corpuz",79
MO,"Sy",79
MO,"Jacky",78
MO,"Hanh",78
MO,"Simon",78
MO,"Ck",78
MO,"Pak",78
MO,"Ramirez",78
MO,"Young",78
MO,"Rana",77
MO,"Sky",77
MO,"Grg",76
MO,"Qin",76
MO,"Pineda",76
MO,"Ako",76
MO,"Hernandez",76
MO,"Oo",76
MO,"Hue",75
MO,"Tuyet",75
MO,"Candy",75
MO,"Mark",75
MO,"Moon",75
MO,"Si Tou",75
MO,"Tim",75
MO,"Cinta",74
MO,"Sa",74
MO,"Po",74
MO,"Wati",73
MO,"Ray",73
MO,"Te",73
MO,"Aung",73
MO,"Miranda",73
MO,"Ferrer",73
MO,"Kumar",72
MO,"Cherry",72
MO,"Thao",72
MO,"Magar",72
MO,"Xuan",72
MO,"Ta",72
MO,"Ching",72
MO,"Kai",72
MO,"Luk",72
MO,"Javier",72
MO,"Nip",71
MO,"Morales",71
MO,"Chek",71
MO,"Kevin",70
MO,"Nguyễn Thị",70
MO,"Đỗ",70
MO,"Giang",70
MO,"Ding",70
MO,"Binh",69
MO,"Pascua",69
MO,"Gu",69
MO,"Martinez",69
MO,"Tien",68
MO,"Bee",68
MO,"Apple",67
MO,"Sharma",67
MO,"Dizon",67
MO,"Dias",67
MO,"Lopes",67
MO,"Lily",66
MO,"Ann",66
MO,"Michael",66
MO,"Hà",66
MO,"Chai",66
MO,"Sitou",66
MO,"Jin",66
MO,"Ong",66
MO,"Pereira",66
MO,"Woo",66
MO,"Xa",65
MO,"Yung",65
MO,"Lv",65
MO,"Rodrigues",65
MO,"Kelvin",64
MO,"Thi",64
MO,"Ana",64
MO,"Adhikari",64
MO,"Bùi",64
MO,"Vo",64
MO,"Alvarez",64
MO,"Hun",64
MO,"Tony",63
MO,"Thai",63
MO,"Hsu",63
MO,"Dewi",62
MO,"Kelly",62
MO,"Ki",62
MO,"Chun",62
MO,"Diaz",62
MO,"Fernandes",62
MO,"Padilla",62
MO,"Ai",62
MO,"Tran Thi",61
MO,"Oanh",61
MO,"Ni",61
MO,"Jose",61
MO,"Tina",60
MO,"Le Thi",60
MO,"Ivy",60
MO,"Dương",60
MO,"Quang",60
MO,"Limbu",60
MO,"Jo",60
MO,"Yiu",60
MO,"Yee",60
MO,"Im",60
MO,"Chris",59
MO,"De Jesus",59
MO,"Ren",59
MO,"Iek",59
MO,"Pham Thi",58
MO,"Ruan",58
MO,"Park",58
MO,"Bich",57
MO,"Sandy",57
MO,"Daniel",57
MO,"Aguilar",57
MO,"Zhuang",57
MO,"Mariano",57
MO,"Roy",56
MO,"Thomas",56
MO,"Lieu",56
MO,"House",56
MO,"Mon",56
MO,"Cortez",56
MO,"Miguel",56
MO,"Cham",56
MO,"Jimenez",56
MO,"Da Silva",56
MO,"Winnie",55
MO,"Ivan",55
MO,"Tham",55
MO,"Gutierrez",55
MO,"Huy",55
MO,"Del Rosario",55
MO,"Manalo",55
MO,"Mandy",54
MO,"Lyn",54
MO,"Grace",54
MO,"Coco",54
MO,"Chua",54
MO,"Tao",54
MO,"Hi",54
MO,"Gabriel",53
MO,"Tian",53
MO,"Khan",52
MO,"Asuncion",52
MO,"Ancheta",52
MO,"Serrano",52
MO,"Gan",52
MO,"Lian",52
MO,"Pat",52
MO,"Yong",52
MO,"Rosa",52
MO,"Ke",52
MO,"Velasco",52
MO,"Costa",52
MO,"Vu Thi",51
MO,"Bhandari",51
MO,"Eva",51
MO,"Joy",51
MO,"Khanh",51
MO,"Ying",51
MO,"Sai",51
MO,"Sarmiento",51
MO,"Ocampo",51
MO,"Dee",51
MO,"Kenny",50
MO,"Xue",50
MO,"Pig",50
MO,"Lang",50
MO,"Carlos",50
MO,"Se",50
MO,"Maggie",49
MO,"Fat",49
MO,"Fajardo",49
MO,"Gong",49
MO,"Sang",49
MO,"Ting",48
MO,"Angeles",48
MO,"Vuong",48
MO,"Medina",48
MO,"Rain",48
MO,"Seak",48
MO,"Zhen",48
MO,"Mc",48
MO,"Ryan",47
MO,"Quynh",47
MO,"Thuong",47
MO,"Steven",47
MO,"Hoai",47
MO,"Hati",47
MO,"Ngô",47
MO,"Ar",47
MO,"Sunny",47
MO,"Espiritu",47
MO,"Hau",47
MO,"Bi",47
MO,"Nguyet",46
MO,"Hương",46
MO,"Peralta",46
MO,"Tuan",46
MO,"Cui",46
MO,"Ah",46
MO,"Ouyang",46
MO,"Salazar",46
MO,"Fish",46
MO,"Delos Santos",46
MO,"Yap",46
MO,"Xin",46
MO,"Zou",46
MO,"Bella",45
MO,"Vincent",45
MO,"Rong",45
MO,"Evangelista",45
MO,"Mao",45
MO,"Choy",45
MO,"Lestari",44
MO,"Vi",44
MO,"Tuyen",44
MO,"Joyce",44
MO,"Tinh",44
MO,"Heart",44
MO,"Lie",44
MO,"Yim",44
MO,"Romero",44
MO,"Annie",43
MO,"Jane",43
MO,"Kieu",43
MO,"Nana",43
MO,"Sweet",43
MO,"Bobo",43
MO,"Vy",43
MO,"Maria",43
MO,"Souza",43
MO,"Chak",43
MO,"Lucas",43
MO,"Martins",43
MO,"Yanti",42
MO,"Basnet",42
MO,"Henry",42
MO,"Jimmy",42
MO,"Alan",42
MO,"Acosta",42
MO,"Carvalho",42
MO,"Quan",42
MO,"Ignacio",42
MO,"Vai",42
MO,"Thang",42
MO,"Lâm",42
MO,"White",42
MO,"Wat",42
MO,"Chhetri",41
MO,"Wendy",41
MO,"Nu",41
MO,"Mary",41
MO,"Jim",41
MO,"De Vera",41
MO,"Chavez",41
MO,"Suen",41
MO,"Hua",41
MO,"Yeong",41
MO,"Xing",41
MO,"Black",41
MO,"Lorenzo",41
MO,"Da",41
MO,"Hei",41
MO,"Johnson",41
MO,"Pui",41
MO,"Pau",41
MO,"Nguyen Van",40
MO,"Cindy",40
MO,"Mae",40
MO,"Louis",40
MO,"Jun",40
MO,"Phong",40
MO,"Concepcion",40
MO,"Tung",40
MO,"Almeida",40
MO,"Tsai",40
MO,"Xavier",40
MO,"Mawi",39
MO,"Ricky",39
MO,"Lia",39
MO,"Emily",39
MO,"Ada",39
MO,"Paul",39
MO,"Tat",39
MO,"Vargas",39
MO,"Diep",39
MO,"Jai",39
MO,"Sung",39
MO,"Xia",39
MO,"Valencia",39
MO,"Iau",39
MO,"Fei",39
MO,"Yuki",38
MO,"Nhi",38
MO,"Tak",38
MO,"Que",38
MO,"Zamora",38
MO,"Vicente",38
MO,"Moe",38
MO,"Jay",38
MO,"Mallari",38
MO,"Molina",38
MO,"Marques",38
MO,"Wo",38
MO,"Oliveira",38
MO,"Shum",38
MO,"Miu",38
MO,"Gary",37
MO,"Senja",37
MO,"Indah",37
MO,"Đinh",37
MO,"Sau",37
MO,"Bo",37
MO,"Qi",37
MO,"Legaspi",37
MO,"Enriquez",37
MO,"Sison",37
MO,"Loo",37
MO,"Roxas",37
MO,"De Castro",37
MO,"Lisa",36
MO,"Marco",36
MO,"Leon",36
MO,"Zoe",36
MO,"Ji",36
MO,"Wilson",36
MO,"Hin",36
MO,"Sui",36
MO,"On",36
MO,"Espinosa",36
MO,"Ali",36
MO,"Kung",36
MO,"Luz",36
MO,"Uy",36
MO,"Xian",36
MO,"Kang",36
MO,"Samson",36
MO,"Lun",36
MO,"Pedro",36
MO,"Hằng",35
MO,"Par",35
MO,"Chien",35
MO,"Don",35
MO,"Deguzman",35
MO,"Nie",35
MO,"Heng",35
MO,"Cordova",35
MO,"Abad",35
MO,"Kouk",35
MO,"Guzman",35
MO,"Alves",35
MO,"Phamthi",34
MO,"Lethi",34
MO,"Jessica",34
MO,"Lina",34
MO,"Alice",34
MO,"Vinh",34
MO,"Max",34
MO,"Kho",34
MO,"Sherpa",34
MO,"Trung",34
MO,"Hải",34
MO,"Soares",34
MO,"Nunes",34
MO,"Jerry",33
MO,"Aza",33
MO,"Queen",33
MO,"Anne",33
MO,"Dy",33
MO,"Ice",33
MO,"Putra",33
MO,"Quach",33
MO,"Fa",33
MO,"Alfonso",33
MO,"Lucky",33
MO,"Apostol",33
MO,"Jones",33
MO,"Angela",32
MO,"Yati",32
MO,"Thảo",32
MO,"Tamu",32
MO,"Tho",32
MO,"Oscar",32
MO,"Tâm",32
MO,"Hoan",32
MO,"Carino",32
MO,"Mar",32
MO,"Assis",32
MO,"Pangilinan",32
MO,"Cool",32
MO,"Con",32
MO,"Yue",32
MO,"Galang",32
MO,"Kuo",32
MO,"Matias",32
MO,"Fernando",32
MO,"Trương",32
MO,"Ortega",32
MO,"Estrada",32
MO,"Clemente",32
MO,"Montemayor",32
MO,"Mike",31
MO,"Tommy",31
MO,"Helen",31
MO,"Justin",31
MO,"Terry",31
MO,"Iris",31
MO,"Kyaw",31
MO,"Ghimire",31
MO,"Đào",31
MO,"Đặng",31
MO,"Em",31
MO,"Ca",31
MO,"Tea",31
MO,"Andres",31
MO,"Guillermo",31
MO,"Keng",31
MO,"Juan",31
MO,"Cunanan",31
MO,"Jia",31
MO,"Carpio",31
MO,"Suki",30
MO,"Karen",30
MO,"Huyền",30
MO,"Jeff",30
MO,"Raymond",30
MO,"Trieu",30
MO,"Bai",30
MO,"Billy",30
MO,"Villa",30
MO,"Luis",30
MO,"Qu",30
MO,"Jan",30
MO,"Cuong",30
MO,"Lưu",30
MO,"Trinidad",30
MO,"Lương",30
MO,"Delos Reyes",30
MO,"Cabrera",30
MO,"Ruiz",30
MO,"Gaspar",30
MO,"Miller",30
MO,"Ge",30
MO,"Jacob",30
MO,"Phuc",30
MO,"Red",30
MO,"Nicolas",30
MO,"Monteiro",30
MO,"No",30
MO,"Yani",29
MO,"Hugo",29
MO,"Linda",29
MO,"Ani",29
MO,"Quyen",29
MO,"Nhan",29
MO,"Nick",29
MO,"Maharjan",29
MO,"Zhuo",29
MO,"Tun",29
MO,"Momo",29
MO,"Than",29
MO,"Shan",29
MO,"Sing",29
MO,"Mu",29
MO,"Pablo",29
MO,"Campos",29
MO,"Jie",29
MO,"Franco",29
MO,"Calma",29
MO,"Low",29
MO,"Szeto",29
MO,"Kasih",28
MO,"Nicole",28
MO,"Crystal",28
MO,"Be",28
MO,"Đoàn",28
MO,"Pratama",28
MO,"Hieu",28
MO,"Thuan",28
MO,"Small",28
MO,"Ventura",28
MO,"Heong",28
MO,"Cheuk",28
MO,"Jung",28
MO,"Zhan",28
MO,"Jorge",28
MO,"Sales",28
MO,"Neng",28
MO,"Tseng",28
MO,"Vergara",28
MO,"Dan",28
MO,"Ya",28
MO,"Maximo",28
MO,"Sim",28
MO,"Cathy",27
MO,"Sally",27
MO,"Michelle",27
MO,"Gigi",27
MO,"Putry",27
MO,"Raj",27
MO,"Vicky",27
MO,"Danny",27
MO,"Thành",27
MO,"Ae",27
MO,"Len",27
MO,"Ninh",27
MO,"Bảo",27
MO,"Adam",27
MO,"Mk",27
MO,"Gi",27
MO,"Seven",27
MO,"Duc",27
MO,"Koh",27
MO,"Bien",27
MO,"Alcantara",27
MO,"Soe",27
MO,"Kao",27
MO,"Sheng",27
MO,"Yam",27
MO,"Oliveros",27
MO,"Blue",27
MO,"Morgan",27
MO,"Pinto",27
MO,"Bui Thi",26
MO,"Tranthi",26
MO,"Chaudhary",26
MO,"Melati",26
MO,"Hoang Thi",26
MO,"Matthew",26
MO,"Nhu",26
MO,"Sabado",26
MO,"Vien",26
MO,"Toan",26
MO,"Duy",26
MO,"Nho",26
MO,"Cardoso",26
MO,"Kaka",26
MO,"Co",26
MO,"Sen",26
MO,"Koc",26
MO,"Stone",26
MO,"Ba",26
MO,"Madeira",26
MO,"Cen",26
MO,"Cha",26
MO,"Punzalan",26
MO,"Marcelo",26
MO,"Custodio",26
MO,"Brown",26
MO,"St",26
MO,"Jian",26
MO,"Lg",26
MO,"William",25
MO,"Luyen",25
MO,"Aulia",25
MO,"Shirley",25
MO,"Chloe",25
MO,"Sasa",25
MO,"Carmen",25
MO,"Allen",25
MO,"Flora",25
MO,"Joshi",25
MO,"Chinh",25
MO,"Kay",25
MO,"Cam",25
MO,"Rosales",25
MO,"Ping",25
MO,"Joey",25
MO,"Mendez",25
MO,"Rico",25
MO,"Lyu",25
MO,"Bernardo",25
MO,"Fun",25
MO,"Shao",25
MO,"Rocha",25
MO,"Marasigan",25
MO,"Nogueira",25
MO,"Villegas",25
MO,"Bang",25
MO,"Ky",25
MO,"Au Yeung",25
MO,"Green",25
MO,"Shin",25
MO,"Roque",25
MO,"Lung",25
MO,"Fanai",24
MO,"Quỳnh",24
MO,"Do Thi",24
MO,"Harry",24
MO,"Thoa",24
MO,"Ruby",24
MO,"Ella",24
MO,"Richard",24
MO,"Kiki",24
MO,"Gloria",24
MO,"Sapkota",24
MO,"Anthony",24
MO,"Siti",24
MO,"Jennifer",24
MO,"Htet",24
MO,"Ati",24
MO,"Yun",24
MO,"Hello",24
MO,"Atienza",24
MO,"Lucero",24
MO,"Cow",24
MO,"Paulo",24
MO,"Milk",24
MO,"Clark",24
MO,"Loc",24
MO,"Gia",24
MO,"Di",24
MO,"Osorio",24
MO,"Cong",24
MO,"Rey",24
MO,"Torio",24
MO,"Sum",24
MO,"Mayo",24
MO,"The",24
MO,"Qian",24
MO,"Neupane",23
MO,"Duyen",23
MO,"Elaine",23
MO,"Berduri",23
MO,"Marie",23
MO,"Fiona",23
MO,"Rahayu",23
MO,"Bay",23
MO,"Ghale",23
MO,"Boih",23
MO,"Vân",23
MO,"Keith",23
MO,"Azza",23
MO,"Rio",23
MO,"Xuân",23
MO,"Duan",23
MO,"Nong",23
MO,"Tuấn",23
MO,"Shop",23
MO,"Smile",23
MO,"Madriaga",23
MO,"Sandoval",23
MO,"Felix",23
MO,"She",23
MO,"Bon",23
MO,"Xiang",23
MO,"Pu",23
MO,"Kot",23
MO,"Tomas",23
MO,"Machado",23
MO,"Hồ",23
MO,"Roldan",23
MO,"Ro",23
MO,"Baltazar",23
MO,"Hwang",23
MO,"Quinto",23
MO,"Sơn",23
MO,"Natividad",23
MO,"Mateo",23
MO,"Esteban",23
MO,"Lc",23
MO,"Dulay",23
MO,"De Assis",23
MO,"Esguerra",23
MO,"Manzano",23
MO,"Al",23
MO,"Xi",23
MO,"Fanny",22
MO,"Maung",22
MO,"Dhakal",22
MO,"Susan",22
MO,"Giri",22
MO,"Thom",22
MO,"Amelia",22
MO,"Catalan",22
MO,"Nur",22
MO,"Flower",22
MO,"Khatri",22
MO,"Charles",22
MO,"Phi",22
MO,"Tamayo",22
MO,"Viernes",22
MO,"Carreon",22
MO,"Dc",22
MO,"Bartolome",22
MO,"Mg",22
MO,"Da Rosa",22
MO,"Jj",22
MO,"Lwin",22
MO,"Austria",22
MO,"Sk",22
MO,"Borges",22
MO,"Jackie",22
MO,"Phu",22
MO,"De La Cruz",22
MO,"Neves",22
MO,"Cayabyab",22
MO,"Scott",22
MO,"Victor",21
MO,"Brian",21
MO,"Emma",21
MO,"Paudel",21
MO,"Patrick",21
MO,"Cici",21
MO,"Vivian",21
MO,"Aye",21
MO,"Rosal",21
MO,"Johnny",21
MO,"Dennis",21
MO,"Lý",21
MO,"Luna",21
MO,"Hoài",21
MO,"Pagaduan",21
MO,"Prince",21
MO,"Sue",21
MO,"Miao",21
MO,"Zh",21
MO,"Baccay",21
MO,"Yeu",21
MO,"Jacinto",21
MO,"Marcos",21
MO,"Moore",21
MO,"Kyle",21
MO,"Sinh",21
MO,"Sotto",21
MO,"Cayanan",21
MO,"Chit",21
MO,"Ronquillo",21
MO,"Jade",21
MO,"Briones",21
MO,"Chueng",21
MO,"Bear",21
MO,"Cariaga",21
MO,"Crisostomo",21
MO,"Bernabe",21
MO,"Espina",21
MO,"Good",21
MO,"Mina",21
MO,"Pi",21
MO,"Shu",21
MO,"Nan",21
MO,"Bong",21
MO,"Cordeiro",21
MO,"Tracy",20
MO,"Ningsih",20
MO,"Jutex",20
MO,"Tuyết",20
MO,"Aaron",20
MO,"Nepal",20
MO,"Hiền",20
MO,"Connie",20
MO,"Vivi",20
MO,"Abby",20
MO,"Melody",20
MO,"Kate",20
MO,"Maya",20
MO,"Edward",20
MO,"Stella",20
MO,"Stephen",20
MO,"Anson",20
MO,"Mong",20
MO,"Tiger",20
MO,"Huệ",20
MO,"Yoyo",20
MO,"Vin",20
MO,"Mun",20
MO,"Magno",20
MO,"Trịnh",20
MO,"Luc",20
MO,"Canlas",20
MO,"Myint",20
MO,"Thien",20
MO,"Arellano",20
MO,"Paiva",20
MO,"Summer",20
MO,"Jojo",20
MO,"Walker",20
MO,"Viet",20
MO,"Joaquin",20
MO,"Hsieh",20
MO,"Mejia",20
MO,"Bueno",20
MO,"Ci",20
MO,"Magsino",20
MO,"Villaruel",20
MO,"Suarez",20
MO,"Fuentes",20
MO,"Figueiredo",20
MO,"Armendez",20
MO,"Phyo",20
MO,"San Juan",20
MO,"Zhi",20
MO,"Won",20
MO,"Thakuri",19
MO,"Anita",19
MO,"Elsa",19
MO,"Judy",19
MO,"Bill",19
MO,"Vuthi",19
MO,"Lynn",19
MO,"Mawar",19
MO,"Sarah",19
MO,"Snow",19
MO,"Benny",19
MO,"Setiawan",19
MO,"Naing",19
MO,"Ford",19
MO,"Khaing",19
MO,"Kenneth",19
MO,"Đức",19
MO,"Panda",19
MO,"Madrigal",19
MO,"Fontanilla",19
MO,"Hio",19
MO,"Sagun",19
MO,"Blanco",19
MO,"Iok",19
MO,"Gamboa",19
MO,"Joson",19
MO,"Nhat",19
MO,"Ning",19
MO,"Ortiz",19
MO,"Cuaresma",19
MO,"Velasquez",19
MO,"Gold",19
MO,"Lel",19
MO,"Sale",19
MO,"Rubio",19
MO,"Jing",19
MO,"Deleon",19
MO,"Guevarra",19
MO,"Little",19
MO,"Viray",19
MO,"Yeh",19
MO,"Dimalanta",19
MO,"Sevilla",19
MO,"Andaya",19
MO,"See",19
MO,"Sebastian",19
MO,"Chok",19
MO,"Yến",18
MO,"Ngân",18
MO,"Lala",18
MO,"Malla",18
MO,"Pradhan",18
MO,"Vanessa",18
MO,"Mimi",18
MO,"Manis",18
MO,"Khin",18
MO,"Bonnie",18
MO,"Gautam",18
MO,"Malang",18
MO,"Samuel",18
MO,"Joseph",18
MO,"Janet",18
MO,"Thinh",18
MO,"Aini",18
MO,"Bhattarai",18
MO,"Buon",18
MO,"Mini",18
MO,"Sao",18
MO,"Gai",18
MO,"Quy",18
MO,"Giap",18
MO,"Aries",18
MO,"Arema",18
MO,"Zaw",18
MO,"Rex",18
MO,"Panganiban",18
MO,"Thin",18
MO,"Cl",18
MO,"Bae",18
MO,"Baladad",18
MO,"Ceci",18
MO,"Borja",18
MO,"Miki",18
MO,"Pastor",18
MO,"Hoho",18
MO,"Saputra",18
MO,"Meneses",18
MO,"Adriano",18
MO,"Đời",18
MO,"Magboo",18
MO,"Ball",18
MO,"Philip",18
MO,"Estrella",18
MO,"Prado",18
MO,"Qing",18
MO,"Montero",18
MO,"Jackson",18
MO,"Nolasco",18
MO,"Bustamante",18
MO,"Moreno",18
MO,"Kelana",18
MO,"Manh",18
MO,"Isip",18
MO,"Solis",18
MO,"Xiong",18
MO,"Ban",18
MO,"Harris",18
MO,"Baniqued",18
MO,"Duran",18
MO,"Cg",18
MO,"Koi",18
MO,"Baptista",18
MO,"Car",18
MO,"Hoo",18
MO,"Haha",18
MO,"Ace",18
MO,"Asia",18
MO,"Morais",18
MO,"Lemos",18
MO,"Maharani",17
MO,"Dwi",17
MO,"Edwin",17
MO,"Xuyen",17
MO,"Bích",17
MO,"Nguyễn Thi",17
MO,"Cecilia",17
MO,"Thủy",17
MO,"Desa",17
MO,"Bie",17
MO,"Subba",17
MO,"Merah",17
MO,"Bell",17
MO,"Rita",17
MO,"Baba",17
MO,"Ballesteros",17
MO,"Gc",17
MO,"Frankie",17
MO,"Tình",17
MO,"Mia",17
MO,"Cw",17
MO,"Ju",17
MO,"Shaw",17
MO,"More",17
MO,"Trong",17
MO,"Lp",17
MO,"Cuevas",17
MO,"Bacani",17
MO,"Bacay",17
MO,"Oi",17
MO,"Abella",17
MO,"Cordero",17
MO,"Khong",17
MO,"Nelson",17
MO,"Rubi",17
MO,"Biglete",17
MO,"Dalisay",17
MO,"Pancho",17
MO,"New",17
MO,"Robles",17
MO,"Kita",17
MO,"Pangan",17
MO,"Banares",17
MO,"Ramon",17
MO,"Camacho",17
MO,"Ten",17
MO,"Foo",17
MO,"Julian",17
MO,"Fox",17
MO,"Teixeira",17
MO,"Tuong",17
MO,"Sek",17
MO,"Or",17
MO,"Manalang",17
MO,"Collado",17
MO,"Goh",17
MO,"Fonseca",17
MO,"Madiun",16
MO,"Tini",16
MO,"Marcus",16
MO,"Buithi",16
MO,"Haokip",16
MO,"Him",16
MO,"Liên",16
MO,"Cuc",16
MO,"Hana",16
MO,"Mahato",16
MO,"Will",16
MO,"Rahma",16
MO,"Carol",16
MO,"Ut",16
MO,"Rock",16
MO,"Junior",16
MO,"Joan",16
MO,"Tiffany",16
MO,"Nia",16
MO,"Quoc",16
MO,"Adja",16
MO,"Ami",16
MO,"Bouti",16
MO,"Feliciano",16
MO,"Francia",16
MO,"Jordan",16
MO,"Bình",16
MO,"En",16
MO,"Thong",16
MO,"Aryal",16
MO,"Gemini",16
MO,"Limban",16
MO,"Hk",16
MO,"Lk",16
MO,"Madrid",16
MO,"Shih",16
MO,"Miles",16
MO,"Oh",16
MO,"Kt",16
MO,"Ti",16
MO,"Benedicto",16
MO,"Grospe",16
MO,"Lolo",16
MO,"Ribeiro",16
MO,"Dam",16
MO,"Wijaya",16
MO,"Soo",16
MO,"We",16
MO,"Gonzaga",16
MO,"Galvez",16
MO,"June",16
MO,"Kris",16
MO,"Devera",16
MO,"Huỳnh",16
MO,"Lourenco",16
MO,"De",16
MO,"Musa",16
MO,"Chand",16
MO,"Taguiam",16
MO,"Hill",16
MO,"Shek",16
MO,"Raymundo",16
MO,"Estorninho",16
MO,"Sze",16
MO,"Constantino",16
MO,"Valenzuela",16
MO,"Ritchie",16
MO,"Super",16
MO,"Sia",16
MO,"Au Ieong",16
MO,"Jesus",16
MO,"Frias",16
MO,"Tay",16
MO,"Angelo",16
MO,"Melo",16
MO,"Donato",16
MO,"Quizon",16
MO,"Manlapaz",16
MO,"Cm",16
MO,"Lazaro",16
MO,"Za",16
MO,"Aisyah",15
MO,"Sakura",15
MO,"Nguyenvan",15
MO,"Xanh",15
MO,"Pink",15
MO,"Zahra",15
MO,"Eddie",15
MO,"Poudel",15
MO,"Tuoi",15
MO,"Vui",15
MO,"Andrew",15
MO,"Teresa",15
MO,"Bintang",15
MO,"Anjani",15
MO,"Jasmine",15
MO,"Ngoan",15
MO,"Carson",15
MO,"Rachel",15
MO,"Siuce",15
MO,"Amanda",15
MO,"Stanley",15
MO,"Lili",15
MO,"Dang Thi",15
MO,"Queenie",15
MO,"Cayank",15
MO,"Stha",15
MO,"Steve",15
MO,"Tersakiti",15
MO,"Gor",15
MO,"Bosco",15
MO,"Sandra",15
MO,"Jen",15
MO,"Wg",15
MO,"Putih",15
MO,"Dien",15
MO,"Kunwar",15
MO,"Tuazon",15
MO,"Huo",15
MO,"Juadiong",15
MO,"Thuỷ",15
MO,"Kediri",15
MO,"Costales",15
MO,"Kathy",15
MO,"Suguitan",15
MO,"Belle",15
MO,"Bu",15
MO,"Hing",15
MO,"Lulu",15
MO,"Kio",15
MO,"Nhật",15
MO,"Rafael",15
MO,"Home",15
MO,"Almazan",15
MO,"Bayani",15
MO,"Bayog",15
MO,"Seong",15
MO,"Amor",15
MO,"Mang",15
MO,"Toi",15
MO,"Chuang",15
MO,"Chum",15
MO,"El",15
MO,"Bing",15
MO,"Ga",15
MO,"Duarte",15
MO,"Zedlav",15
MO,"Francis",15
MO,"Noel",15
MO,"Noble",15
MO,"Ang",15
MO,"Zi",15
MO,"Cu",15
MO,"Revilla",15
MO,"Alejo",15
SG,"Tan",87019
SG,"Lim",60456
SG,"Lee",48072
SG,"Ng",37715
SG,"Wong",25861
SG,"Ong",23661
SG,"Goh",19654
SG,"Kumar",19185
SG,"Chan",18731
SG,"Chua",18211
SG,"Koh",16002
SG,"Teo",15817
SG,"Ang",14544
SG,"Islam",13322
SG,"Tay",12438
SG,"Ho",12381
SG,"Chen",12113
SG,"Khan",12107
SG,"Yeo",12105
SG,"Wang",11408
SG,"Hossain",11312
SG,"Low",11242
SG,"Chong",11211
SG,"Li",9693
SG,"Lin",8523
SG,"Sim",8316
SG,"Toh",8203
SG,"Raj",8160
SG,"Loh",8122
SG,"Leong",8088
SG,"Zhang",7887
SG,"Chia",7577
SG,"Chew",7522
SG,"Yap",7198
SG,"Liu",6997
SG,"Rahman",6448
SG,"Ali",6427
SG,"Tang",6364
SG,"Yong",6357
SG,"Soh",6236
SG,"Lau",5983
SG,"Yang",5949
SG,"Singh",5926
SG,"Chin",5846
SG,"Neo",5803
SG,"Raja",5355
SG,"Foo",5321
SG,"Cheng",5279
SG,"Lai",5169
SG,"Heng",5094
SG,"Ling",4932
SG,"Huang",4881
SG,"Choo",4770
SG,"Wee",4704
SG,"Mani",4398
SG,"Cheong",4374
SG,"Wu",4360
SG,"Liew",4328
SG,"Rana",4294
SG,"Poh",4281
SG,"Hasan",4214
SG,"Hong",4202
SG,"Pang",4095
SG,"Yu",4059
SG,"Seah",4055
SG,"Quek",3978
SG,"Ahmed",3921
SG,"Chang",3916
SG,"Ahmad",3892
SG,"Lam",3804
SG,"Wei",3764
SG,"Khoo",3701
SG,"Han",3675
SG,"Lay",3612
SG,"Nguyen",3449
SG,"Gan",3349
SG,"Kim",3296
SG,"Xu",3285
SG,"Aung",3263
SG,"Yee",3064
SG,"Chow",3032
SG,"Fong",3000
SG,"Oh",2995
SG,"Sun",2913
SG,"Miah",2900
SG,"Murugan",2899
SG,"Samy",2894
SG,"Yan",2835
SG,"Ismail",2811
SG,"Loo",2800
SG,"Uddin",2792
SG,"Kong",2790
SG,"Alam",2788
SG,"Chee",2782
SG,"Chai",2763
SG,"See",2757
SG,"Ting",2743
SG,"Hui",2708
SG,"Min",2532
SG,"Teng",2515
SG,"Win",2511
SG,"Kang",2502
SG,"Tham",2488
SG,"Lu",2488
SG,"Liang",2452
SG,"Abdullah",2433
SG,"Muthu",2410
SG,"Sg",2405
SG,"Tee",2377
SG,"Seng",2343
SG,"Phua",2318
SG,"Suresh",2302
SG,"Song",2300
SG,"Kannan",2289
SG,"Hassan",2280
SG,"Bala",2270
SG,"Kaur",2254
SG,"Leow",2253
SG,"Zhou",2236
SG,"Chng",2156
SG,"Tong",2122
SG,"Zhao",2117
SG,"Oo",2100
SG,"Ramesh",2080
SG,"Das",2078
SG,"Soon",2077
SG,"Ma",2064
SG,"Nathan",2050
SG,"Yi",2038
SG,"Zheng",2030
SG,"Siva",2002
SG,"Wan",1986
SG,"Ibrahim",1975
SG,"Mia",1974
SG,"Sam",1974
SG,"Vel",1949
SG,"Teh",1949
SG,"Kok",1942
SG,"Seow",1942
SG,"Law",1942
SG,"Rajan",1936
SG,"Selvam",1918
SG,"Love",1916
SG,"Peh",1909
SG,"Singapore",1897
SG,"Eng",1891
SG,"Krishnan",1880
SG,"San",1875
SG,"Babu",1851
SG,"Mohd",1838
SG,"Woo",1834
SG,"Shah",1825
SG,"Amin",1817
SG,"Yip",1815
SG,"Chung",1814
SG,"Ying",1802
SG,"Ram",1766
SG,"Raju",1763
SG,"Ko",1743
SG,"Mohamed",1740
SG,"Peng",1738
SG,"Su",1722
SG,"Jie",1719
SG,"Sng",1703
SG,"Zhu",1694
SG,"Tun",1688
SG,"Kee",1659
SG,"Aw",1649
SG,"Ooi",1648
SG,"Wen",1642
SG,"King",1638
SG,"Guo",1590
SG,"Jiang",1581
SG,"Sekar",1561
SG,"John",1557
SG,"Hu",1543
SG,"Meng",1540
SG,"Sharma",1532
SG,"Ming",1529
SG,"Saravanan",1525
SG,"Hao",1515
SG,"Ching",1507
SG,"Ravi",1501
SG,"Yin",1475
SG,"He",1474
SG,"Long",1458
SG,"Fang",1447
SG,"Rahim",1444
SG,"Soe",1444
SG,"Leng",1420
SG,"Sarker",1404
SG,"Pandi",1393
SG,"Soo",1393
SG,"Mamun",1388
SG,"Cai",1387
SG,"Man",1378
SG,"Yuan",1376
SG,"Thu",1375
SG,"Chiang",1371
SG,"Osman",1370
SG,"May",1364
SG,"Fu",1361
SG,"Joy",1355
SG,"Wati",1349
SG,"Teoh",1341
SG,"Aziz",1339
SG,"Yew",1336
SG,"Pan",1331
SG,"Kwek",1329
SG,"Feng",1326
SG,"Roy",1324
SG,"Wai",1324
SG,"Chu",1321
SG,"Kyaw",1319
SG,"Rai",1318
SG,"Shi",1309
SG,"Jun",1305
SG,"David",1288
SG,"Tai",1288
SG,"Loke",1282
SG,"Naing",1276
SG,"Xiao",1273
SG,"Salim",1270
SG,"Mohan",1268
SG,"Ahamed",1265
SG,"Reddy",1258
SG,"Lian",1253
SG,"Le",1250
SG,"Sin",1248
SG,"Lum",1241
SG,"Salleh",1240
SG,"Cheah",1240
SG,"Mok",1239
SG,"Sumon",1235
SG,"Rose",1230
SG,"Kamal",1228
SG,"Putri",1225
SG,"Hossen",1212
SG,"Ah",1212
SG,"Vijay",1208
SG,"Prakash",1203
SG,"Xie",1201
SG,"Ping",1200
SG,"Shen",1199
SG,"Poon",1198
SG,"Durai",1193
SG,"Zaw",1188
SG,"Lo",1185
SG,"Tran",1184
SG,"Ee",1184
SG,"Lew",1177
SG,"Kwan",1170
SG,"Sarkar",1166
SG,"Ye",1164
SG,"Jin",1158
SG,"Gao",1157
SG,"Mohammad",1138
SG,"Karthik",1137
SG,"Mon",1136
SG,"Rashid",1127
SG,"Moorthy",1122
SG,"Kwok",1118
SG,"Moe",1116
SG,"Koo",1115
SG,"Boon",1114
SG,"Leo",1108
SG,"Senthil",1105
SG,"Qi",1100
SG,"Omar",1097
SG,"Raman",1089
SG,"Siew",1084
SG,"Devi",1078
SG,"Choong",1078
SG,"Hamid",1072
SG,"Ann",1070
SG,"Rahaman",1068
SG,"Chandran",1063
SG,"Khor",1060
SG,"Ding",1058
SG,"How",1053
SG,"James",1052
SG,"Sankar",1047
SG,"Hua",1038
SG,"Sia",1035
SG,"Sari",1034
SG,"Xin",1033
SG,"Choy",1030
SG,"Shan",1027
SG,"Cho",1021
SG,"Phang",1020
SG,"Yao",1019
SG,"Ganesan",1018
SG,"Molla",1010
SG,"Foong",1008
SG,"Akter",1007
SG,"Mei",1005
SG,"Xuan",1005
SG,"Nur",1004
SG,"Joseph",1003
SG,"Woon",999
SG,"Lan",989
SG,"Guan",987
SG,"Xiang",986
SG,"Karim",979
SG,"Nair",979
SG,"Yeoh",976
SG,"Tian",975
SG,"Rao",974
SG,"Lwin",974
SG,"Selva",973
SG,"Luo",963
SG,"Mahmud",949
SG,"Mak",949
SG,"Sri",948
SG,"Hoe",945
SG,"Garcia",944
SG,"Er",944
SG,"Sheng",937
SG,"Huat",934
SG,"Arumugam",929
SG,"Ow",927
SG,"Hussain",922
SG,"Kai",920
SG,"Arif",917
SG,"Cruz",917
SG,"Thomas",914
SG,"Abdul",912
SG,"Sulaiman",907
SG,"Rasel",906
SG,"Wah",906
SG,"Sk",901
SG,"Paul",892
SG,"Ganesh",887
SG,"Yeow",882
SG,"Hoo",882
SG,"Mah",881
SG,"Tey",878
SG,"Faruk",874
SG,"Fernandez",874
SG,"Gupta",874
SG,"Kho",872
SG,"Lye",869
SG,"Palani",868
SG,"Na",856
SG,"Rubel",854
SG,"Gill",854
SG,"Peter",851
SG,"Aye",849
SG,"Yuen",849
SG,"Murugesan",845
SG,"Myint",842
SG,"Krishna",840
SG,"Yen",840
SG,"Kabir",839
SG,"Jack",839
SG,"Rahmat",838
SG,"Alex",836
SG,"Biswas",834
SG,"Othman",834
SG,"Bee",832
SG,"Haque",831
SG,"Ni",828
SG,"Rajesh",826
SG,"Seet",826
SG,"Yusoff",825
SG,"Sing",824
SG,"Santos",821
SG,"Anand",820
SG,"Yun",816
SG,"Reyes",816
SG,"Velu",812
SG,"Keong",811
SG,"Park",811
SG,"Sheikh",808
SG,"Tamil",807
SG,"Angel",800
SG,"Jing",798
SG,"Hoon",798
SG,"Noor",796
SG,"Kandan",793
SG,"An",793
SG,"Jia",792
SG,"Monir",789
SG,"Dong",786
SG,"Png",785
SG,"Zin",784
SG,"Smith",779
SG,"Choi",778
SG,"Hashim",777
SG,"Quah",777
SG,"Yusof",775
SG,"Yeong",772
SG,"Kuan",769
SG,"Hossin",768
SG,"Rani",766
SG,"Sakthi",757
SG,"Sikder",752
SG,"Chuan",749
SG,"Priya",749
SG,"Tok",745
SG,"Sha",742
SG,"Karan",739
SG,"Daniel",738
SG,"Muhammad",737
SG,"Kiat",735
SG,"You",735
SG,"Sohel",728
SG,"Nasir",726
SG,"Tam",721
SG,"Fan",718
SG,"Akash",714
SG,"Yati",714
SG,"Hakim",712
SG,"Anbu",711
SG,"Rajendran",710
SG,"Dela Cruz",710
SG,"Perumal",708
SG,"Chandra",703
SG,"Alom",702
SG,"Ji",700
SG,"Kan",699
SG,"Yadav",698
SG,"Arun",697
SG,"Prabu",696
SG,"Nguyễn",696
SG,"Steven",695
SG,"Michael",695
SG,"Joe",695
SG,"Cao",695
SG,"Chiam",695
SG,"Adam",694
SG,"Sathish",693
SG,"Ramasamy",693
SG,"Sandhu",693
SG,"Ayu",692
SG,"Ramos",692
SG,"Yanti",691
SG,"Siow",688
SG,"Jay",687
SG,"Zeng",687
SG,"Yue",685
SG,"Karthi",682
SG,"Gopal",680
SG,"Bai",675
SG,"Thong",674
SG,"Francis",672
SG,"Vincent",670
SG,"Mondal",668
SG,"Habib",668
SG,"Naidu",667
SG,"Zainal",666
SG,"Au",666
SG,"Subramanian",662
SG,"Hossan",661
SG,"Zhong",661
SG,"Weng",660
SG,"Selvan",659
SG,"Halim",659
SG,"Dewi",656
SG,"Mohamad",656
SG,"Loy",654
SG,"Masud",653
SG,"Sara",653
SG,"Jenny",652
SG,"Saw",651
SG,"Pham",649
SG,"Htet",647
SG,"Jamal",647
SG,"Lopez",645
SG,"Sharif",644
SG,"Rong",642
SG,"Said",642
SG,"Jason",641
SG,"Ngo",641
SG,"Chye",640
SG,"Subramaniam",640
SG,"Shamim",639
SG,"Manikandan",638
SG,"Hock",638
SG,"Mendoza",638
SG,"Ren",638
SG,"Ana",636
SG,"Bong",636
SG,"Anwar",635
SG,"William",631
SG,"Azman",628
SG,"Andy",626
SG,"Phyo",625
SG,"Boo",624
SG,"Sky",622
SG,"Tiong",622
SG,"Hlaing",622
SG,"Lok",621
SG,"Qin",620
SG,"Bin",619
SG,"Lui",619
SG,"Shanmugam",618
SG,"Kam",618
SG,"Shahin",616
SG,"Saran",615
SG,"Gurung",612
SG,"Beh",611
SG,"Xue",610
SG,"Maran",609
SG,"Simon",608
SG,"Tng",607
SG,"Cinta",606
SG,"Reza",602
SG,"Ray",601
SG,"Hamzah",600
SG,"Pek",600
SG,"Imran",598
SG,"Kalai",595
SG,"Go",593
SG,"Siang",589
SG,"Mun",588
SG,"Alamin",587
SG,"Siong",587
SG,"Din",587
SG,"Kutty",586
SG,"Salam",585
SG,"Tin",584
SG,"Moon",583
SG,"Kassim",583
SG,"Yani",582
SG,"Amir",582
SG,"En",582
SG,"Ramu",581
SG,"Kumaran",581
SG,"Young",581
SG,"Anna",580
SG,"Venkat",579
SG,"Ken",579
SG,"Ani",577
SG,"Deng",576
SG,"Lingam",573
SG,"Gonzales",573
SG,"Gyi",572
SG,"Du",572
SG,"Rony",571
SG,"Kelvin",571
SG,"Kavi",571
SG,"Arasan",570
SG,"Maung",568
SG,"Hwee",566
SG,"Arul",564
SG,"Alan",563
SG,"Pandian",563
SG,"Phyu",563
SG,"Mary",562
SG,"Anthony",561
SG,"Ripon",559
SG,"Chowdhury",559
SG,"Chun",559
SG,"Hee",559
SG,"Gu",558
SG,"Ku",554
SG,"Jo",554
SG,"Richard",552
SG,"Bautista",552
SG,"Hosen",551
SG,"Pandiyan",548
SG,"Qiu",548
SG,"Guna",545
SG,"Lily",543
SG,"Liao",543
SG,"Veera",542
SG,"Chuah",542
SG,"Khaing",541
SG,"Lek",541
SG,"Teck",540
SG,"Lestari",538
SG,"Than",538
SG,"Vinoth",537
SG,"Eric",536
SG,"Xian",536
SG,"Jain",536
SG,"Phan",535
SG,"Ck",531
SG,"Lei",531
SG,"Abu",530
SG,"Myo",529
SG,"Xia",528
SG,"Pillai",522
SG,"Qian",522
SG,"Leung",520
SG,"Kalam",519
SG,"Ning",518
SG,"Lynn",517
SG,"Dai",517
SG,"Prasad",516
SG,"Razak",516
SG,"Martin",515
SG,"Xiong",512
SG,"Patel",512
SG,"Mondol",511
SG,"Mar",510
SG,"Begum",509
SG,"Boey",507
SG,"Linda",506
SG,"Nah",506
SG,"Balu",505
SG,"Liow",505
SG,"Saiful",504
SG,"Krish",503
SG,"Qing",503
SG,"Chiew",503
SG,"Lina",502
SG,"Mathi",502
SG,"Hafiz",501
SG,"Thiru",499
SG,"Sundaram",499
SG,"Muru",498
SG,"Sani",496
SG,"Harun",494
SG,"Don",493
SG,"Johari",493
SG,"Yam",493
SG,"Alice",491
SG,"Hou",489
SG,"Ch",488
SG,"Gwee",487
SG,"Fung",487
SG,"Liton",486
SG,"Grace",486
SG,"Zhen",485
SG,"Loong",484
SG,"Keng",484
SG,"Arasu",483
SG,"Rock",482
SG,"Mai",482
SG,"Prabhu",481
SG,"Bhuiyan",480
SG,"Rosli",480
SG,"Chiu",480
SG,"Putra",479
SG,"Sundar",478
SG,"Ramli",478
SG,"Fei",478
SG,"Ryan",477
SG,"Khin",475
SG,"Selamat",475
SG,"Hari",474
SG,"Bakar",473
SG,"Kay",473
SG,"Villanueva",472
SG,"Heart",471
SG,"Hon",470
SG,"Loi",470
SG,"Pereira",469
SG,"Ahammed",468
SG,"Shin",468
SG,"Mohammed",467
SG,"Castillo",467
SG,"Quan",466
SG,"Chi",465
SG,"Lyn",464
SG,"Chit",464
SG,"Ha",464
SG,"Jaya",463
SG,"Htwe",463
SG,"Milon",462
SG,"Beng",462
SG,"Abdul Rahman",462
SG,"Gong",462
SG,"Siti",460
SG,"Ishak",459
SG,"Htoo",458
SG,"Selvaraj",457
SG,"Roslan",457
SG,"Moorthi",456
SG,"Liau",456
SG,"Lia",455
SG,"Samad",455
SG,"Cher",454
SG,"Waran",452
SG,"Amy",452
SG,"Aman",452
SG,"Bay",452
SG,"Too",451
SG,"Kit",450
SG,"Iqbal",449
SG,"Sen",449
SG,"Irfan",447
SG,"Jian",447
SG,"Masum",446
SG,"Dass",446
SG,"Jane",446
SG,"Kwang",445
SG,"Choon",445
SG,"Sum",445
SG,"Ks",444
SG,"Dan",443
SG,"Nan",443
SG,"George",442
SG,"Narayanan",441
SG,"Flores",441
SG,"Perez",439
SG,"Idris",439
SG,"Hew",438
SG,"Danial",436
SG,"Surya",436
SG,"Jamil",436
SG,"Cheung",436
SG,"Saha",435
SG,"Lie",435
SG,"Johnson",434
SG,"Sivakumar",432
SG,"Vicky",431
SG,"Oon",431
SG,"Hosain",430
SG,"Tung",430
SG,"Alvin",429
SG,"Murali",428
SG,"Black",428
SG,"Manickam",427
SG,"Thein",427
SG,"Ben",426
SG,"Iskandar",426
SG,"Si",426
SG,"Zaman",425
SG,"Hung",425
SG,"Kuah",425
SG,"Bao",424
SG,"Kua",424
SG,"Irene",423
SG,"Balan",423
SG,"Te",423
SG,"Hwa",423
SG,"Nizam",422
SG,"Raymond",421
SG,"Khong",421
SG,"Firdaus",420
SG,"Natarajan",420
SG,"Tao",420
SG,"Hoque",419
SG,"Muhd",419
SG,"Nana",419
SG,"Sai",419
SG,"Kadir",418
SG,"Gomez",418
SG,"Liaw",417
SG,"Xing",416
SG,"Jan",415
SG,"Rasu",413
SG,"Cindy",413
SG,"Da",413
SG,"Yau",411
SG,"Haron",411
SG,"Ghosh",410
SG,"De Guzman",409
SG,"Baskar",407
SG,"Mike",407
SG,"Sy",406
SG,"Selvi",405
SG,"Lua",405
SG,"Jasmine",404
SG,"Ramachandran",404
SG,"Cheang",404
SG,"Mi",403
SG,"Mu",403
SG,"Ler",403
SG,"Jimmy",402
SG,"Diana",402
SG,"Malik",402
SG,"Kwa",401
SG,"Mao",401
SG,"Ullah",400
SG,"Vanan",400
SG,"ေလး",400
SG,"Zai",400
SG,"Yeap",400
SG,"Aquino",399
SG,"Siah",399
SG,"Yahya",399
SG,"Robin",397
SG,"Maya",395
SG,"Wendy",394
SG,"Rama",394
SG,"Jaafar",394
SG,"Htun",393
SG,"Ya",393
SG,"Andrew",392
SG,"Chay",391
SG,"Mahamud",390
SG,"Hanif",390
SG,"Sunny",388
SG,"Cool",388
SG,"Cui",388
SG,"Jalil",387
SG,"Kelly",386
SG,"Zhuang",385
SG,"Vino",383
SG,"Susan",382
SG,"Rivera",382
SG,"Abu Bakar",382
SG,"Banu",381
SG,"Mark",381
SG,"Azmi",381
SG,"Cheok",381
SG,"Kumari",380
SG,"Nwe",380
SG,"Shankar",380
SG,"Balaji",378
SG,"Mo",378
SG,"Ke",378
SG,"Queen",376
SG,"Phoon",376
SG,"Deva",375
SG,"Juan",375
SG,"Jibon",374
SG,"Chris",374
SG,"Sh",374
SG,"Voon",374
SG,"So",374
SG,"Manik",372
SG,"Dhillon",372
SG,"Son",372
SG,"Sekaran",371
SG,"Annie",370
SG,"Tony",369
SG,"Balakrishnan",369
SG,"Sidhu",369
SG,"Castro",368
SG,"Sarah",366
SG,"Shariff",366
SG,"Yoong",366
SG,"Looi",365
SG,"Pua",364
SG,"Sanchez",363
SG,"Azhar",362
SG,"Zhi",362
SG,"Thng",362
SG,"Hwang",362
SG,"Mano",360
SG,"Nam",360
SG,"Alim",359
SG,"Farhan",359
SG,"Musa",359
SG,"Eu",358
SG,"Wijaya",358
SG,"Dewan",357
SG,"Kwong",357
SG,"La",357
SG,"Dinesh",356
SG,"Sally",356
SG,"Bo",356
SG,"Hang",356
SG,"Huynh",355
SG,"Srinivasan",355
SG,"Mizan",354
SG,"Yow",353
SG,"Azad",351
SG,"Koon",351
SG,"Nath",350
SG,"Sharon",350
SG,"Sham",350
SG,"Fernando",350
SG,"Pei",349
SG,"Ra",349
SG,"Dee",349
SG,"Helen",348
SG,"Bd",348
SG,"Rajkumar",348
SG,"Wilson",348
SG,"Hadi",348
SG,"Ly",348
SG,"Sp",347
SG,"Lou",347
SG,"Jong",347
SG,"Sultan",346
SG,"Wahab",346
SG,"Anne",345
SG,"Maria",345
SG,"Ge",345
SG,"Zou",344
SG,"Menon",344
SG,"Nagarajan",343
SG,"Suhaimi",343
SG,"Maha",342
SG,"Tina",340
SG,"Bella",340
SG,"Marimuthu",340
SG,"Ramalingam",340
SG,"Valdez",340
SG,"Jones",339
SG,"Babul",338
SG,"Xavier",338
SG,"Lakshmi",338
SG,"Anis",337
SG,"Lun",337
SG,"Rui",337
SG,"Haziq",336
SG,"Guru",336
SG,"Corpuz",336
SG,"Soriano",336
SG,"Nor",336
SG,"Henry",335
SG,"Mk",335
SG,"Domingo",334
SG,"Wahid",334
SG,"Razali",334
SG,"Sohag",333
SG,"Mg",333
SG,"Karuppiah",332
SG,"Hai",332
SG,"Hsu",332
SG,"Jewel",331
SG,"Ashok",331
SG,"Kc",331
SG,"Sasi",330
SG,"Junior",330
SG,"Chau",330
SG,"Faizal",328
SG,"Linn",328
SG,"Alamgir",327
SG,"Sui",327
SG,"White",327
SG,"Hati",326
SG,"Hoong",326
SG,"Mollah",325
SG,"Sakthivel",325
SG,"Hussin",325
SG,"New",325
SG,"Jj",324
SG,"Talukder",323
SG,"Karthick",323
SG,"Michelle",323
SG,"Venkatesan",323
SG,"Ariffin",323
SG,"Swee",323
SG,"Nazmul",322
SG,"Buang",322
SG,"Rajib",321
SG,"Gandhi",321
SG,"Khim",321
SG,"Francisco",321
SG,"Soong",321
SG,"Jahangir",320
SG,"Indah",320
SG,"Aisyah",320
SG,"Majid",320
SG,"Rakib",319
SG,"Miha",319
SG,"Kazi",319
SG,"Lisa",319
SG,"Patrick",319
SG,"Kiong",319
SG,"Myat",319
SG,"Uzzal",318
SG,"Prince",318
SG,"Zar",318
SG,"Saini",317
SG,"Xi",317
SG,"Swe",315
SG,"Hor",315
SG,"Ahmmed",314
SG,"Marie",314
SG,"Martinez",313
SG,"Zhuo",313
SG,"Doss",312
SG,"Liong",312
SG,"Jaffar",312
SG,"Htay",311
SG,"Vasan",310
SG,"Kenny",310
SG,"My",310
SG,"Kuek",310
SG,"Ananth",309
SG,"Bharathi",309
SG,"Jai",309
SG,"Syed",309
SG,"Suppiah",309
SG,"Kanna",308
SG,"Khine",308
SG,"Chao",308
SG,"Anuar",308
SG,"Mustafa",308
SG,"Senthilkumar",307
SG,"Danish",307
SG,"Dev",307
SG,"Bae",307
SG,"Daud",307
SG,"Cha",307
SG,"Sujon",306
SG,"Arshad",306
SG,"Kek",306
SG,"Gui",305
SG,"Chinna",304
SG,"Dang",304
SG,"Qu",304
SG,"Farid",303
SG,"Deen",303
SG,"Jose",303
SG,"Rodriguez",303
SG,"Kheng",303
SG,"Nu",302
SG,"Fitri",302
SG,"Sami",301
SG,"Syafiq",301
SG,"Natasha",301
SG,"Qiang",301
SG,"Cong",301
SG,"Kin",301
SG,"Hussein",301
SG,"Afiq",300
SG,"Naga",300
SG,"Torres",300
SG,"Atan",300
SG,"Malai",299
SG,"Shirley",299
SG,"Viji",299
SG,"Devan",298
SG,"Sathya",298
SG,"Ju",298
SG,"Agarwal",298
SG,"Kamrul",297
SG,"Kh",297
SG,"Miranda",297
SG,"Kow",297
SG,"Sa",297
SG,"Rahayu",296
SG,"Saleh",296
SG,"Shu",296
SG,"Yoon",296
SG,"Praba",295
SG,"Iman",295
SG,"Brown",295
SG,"Santiago",295
SG,"Say",295
SG,"Ain",294
SG,"Nge",294
SG,"Adnan",294
SG,"Moh",294
SG,"Mari",293
SG,"Mahesh",292
SG,"Lawrence",292
SG,"Jackson",292
SG,"Billal",291
SG,"Gazi",290
SG,"St",290
SG,"Amat",290
SG,"Joo",290
SG,"Ngoh",290
SG,"Sebastian",289
SG,"Shohag",288
SG,"Albert",288
SG,"Kader",288
SG,"Fun",288
SG,"Ker",288
SG,"Samsudin",288
SG,"Kum",288
SG,"Gee",288
SG,"Nazrul",287
SG,"Sagor",287
SG,"Johnny",287
SG,"Bob",287
SG,"Zakaria",287
SG,"Mahmood",287
SG,"Ar",286
SG,"Chou",286
SG,"Ivy",285
SG,"Lakshmanan",285
SG,"Aktar",284
SG,"Sung",284
SG,"Apple",283
SG,"Di",283
SG,"Javier",283
SG,"Gopi",282
SG,"Max",282
SG,"Diaz",282
SG,"Awang",282
SG,"Melati",281
SG,"Joyce",281
SG,"Samuel",281
SG,"Shao",281
SG,"Ningsih",280
SG,"Saddam",280
SG,"June",280
SG,"Shohel",279
SG,"Louis",279
SG,"Latif",279
SG,"Fen",278
SG,"Hoang",278
SG,"Ragu",277
SG,"Robert",277
SG,"Zul",277
SG,"Jahid",276
SG,"Jaman",276
SG,"Mathew",276
SG,"Kyi",276
SG,"Shafiq",275
SG,"Candy",275
SG,"Abi",275
SG,"Honey",275
SG,"Then",275
SG,"Thia",275
SG,"Yim",275
SG,"Alagu",274
SG,"Desmond",274
SG,"Santhosh",274
SG,"Nisha",274
SG,"Ai",274
SG,"Isa",274
SG,"Verma",274
SG,"Sze",274
SG,"Mawar",273
SG,"Rafi",273
SG,"Mee",273
SG,"Yo",273
SG,"Howlader",272
SG,"Mae",272
SG,"Rina",272
SG,"Akbar",272
SG,"Thet",272
SG,"Raihan",271
SG,"Aini",271
SG,"Kar",271
SG,"Pal",271
SG,"Gabriel",271
SG,"Jee",271
SG,"Kiang",271
SG,"Peck",271
SG,"Ngiam",271
SG,"Vu",271
SG,"Jakir",270
SG,"Razzak",270
SG,"Serene",270
SG,"Chaw",270
SG,"Nurul",270
SG,"Karen",269
SG,"Mui",269
SG,"Hernandez",269
SG,"Pong",269
SG,"Selvakumar",268
SG,"Latt",268
SG,"Ak",268
SG,"Loon",268
SG,"Hau",268
SG,"Thapa",268
SG,"Puah",268
SG,"মন",267
SG,"Jung",267
SG,"Tu",267
SG,"Chui",267
SG,"Mahendran",266
SG,"Jeff",266
SG,"Karthikeyan",266
SG,"Agustin",266
SG,"Khalid",266
SG,"Zulkifli",266
SG,"Jacob",266
SG,"Zaini",266
SG,"Latiff",266
SG,"Thian",266
SG,"Amelia",265
SG,"Ru",265
SG,"Pin",265
SG,"Zahra",264
SG,"Saputra",264
SG,"Thant",264
SG,"Antony",263
SG,"Vo",263
SG,"Ti",263
SG,"Ghani",263
SG,"Moo",263
SG,"Philip",262
SG,"Rizal",261
SG,"Mannan",260
SG,"Emon",260
SG,"Htut",260
SG,"Raji",260
SG,"Al",260
SG,"Williams",260
SG,"Gani",259
SG,"Ou",259
SG,"Trần",259
SG,"Chuang",259
SG,"Po",259
SG,"Boss",258
SG,"Venkatesh",258
SG,"Tolentino",257
SG,"Bear",257
SG,"Taib",257
SG,"Limbu",257
SG,"Samat",256
SG,"Hameed",255
SG,"Kun",254
SG,"Mishra",254
SG,"Giam",254
SG,"Lang",254
SG,"Angela",253
SG,"Periyasamy",253
SG,"Jean",253
SG,"Nancy",252
SG,"Hein",252
SG,"Dar",252
SG,"Ramirez",252
SG,"Pratama",252
SG,"জীবন",251
SG,"Tea",251
SG,"Tahir",251
SG,"Vasu",250
SG,"Stephen",250
SG,"Charles",250
SG,"Hidayat",250
SG,"Bing",250
SG,"Kor",249
SG,"Ta",249
SG,"Nordin",249
SG,"Nisa",248
SG,"Jalal",248
SG,"Hidayah",248
SG,"Vijayakumar",248
SG,"Htike",248
SG,"Salvador",248
SG,"As",248
SG,"Jony",247
SG,"Har",247
SG,"Mehta",247
SG,"Teow",247
SG,"Kian",246
SG,"Zee",246
SG,"Keyan",245
SG,"Ivan",245
SG,"Arora",245
SG,"Ricky",244
SG,"Aulia",244
SG,"Mirza",244
SG,"Hing",244
SG,"Victor",243
SG,"Mala",243
SG,"Zhan",243
SG,"Ei",242
SG,"Baskaran",242
SG,"Gunawan",242
SG,"Khaw",242
SG,"Joshi",242
SG,"Vignesh",241
SG,"Tom",241
SG,"Baba",241
SG,"Kesavan",240
SG,"Thai",240
SG,"Huan",240
SG,"Robel",239
SG,"Jeeva",239
SG,"Malek",239
SG,"Koko",239
SG,"Ten",239
SG,"Silva",239
SG,"Subramani",238
SG,"Ban",238
SG,"Smile",238
SG,"Gay",238
SG,"Ka",238
SG,"Susanti",237
SG,"Snow",237
SG,"Cat",237
SG,"Do",237
SG,"Tio",237
SG,"Miao",237
SG,"Hoh",237
SG,"Saad",237
SG,"Thin",236
SG,"Shaikh",236
SG,"Van",236
SG,"Nick",235
SG,"Jothi",235
SG,"ခ်စ္သူ",235
SG,"Antonio",235
SG,"Bi",235
SG,"Mazlan",235
SG,"Jacky",234
SG,"Danny",234
SG,"Maw",234
SG,"Manuel",234
SG,"Bhai",233
SG,"Nicholas",233
SG,"Abbas",233
SG,"Pun",233
SG,"Tsai",233
SG,"Rain",233
SG,"Parvez",232
SG,"Mawi",232
SG,"Cherry",232
SG,"To",232
SG,"Yana",231
SG,"Keat",231
SG,"Hin",231
SG,"Zi",231
SG,"Tamang",230
SG,"Morales",230
SG,"Hi",230
SG,"Zain",230
SG,"Tiang",230
SG,"Jen",229
SG,"Rajoo",229
SG,"Fam",229
SG,"Talib",229
SG,"Tiger",228
SG,"Miya",228
SG,"Huda",228
SG,"Moni",228
SG,"Thang",228
SG,"Kamis",228
SG,"Roni",227
SG,"Pk",227
SG,"Green",227
SG,"Tew",227
SG,"Ayyappan",226
SG,"Sabrina",226
SG,"Flower",226
SG,"Bose",226
SG,"Prem",226
SG,"Thar",226
SG,"Maniam",226
SG,"Yazid",226
SG,"Ngan",226
SG,"Muthukumar",225
SG,"Jeffrey",225
SG,"Ria",225
SG,"Nil",225
SG,"Latha",225
SG,"Justin",224
SG,"Liza",224
SG,"Muthusamy",224
SG,"Yunos",224
SG,"Lock",224
SG,"Cheow",224
SG,"Cham",224
SG,"Koay",224
SG,"Paw",223
SG,"Setiawan",223
SG,"Che",223
SG,"Kiew",223
SG,"Lah",223
SG,"Yousuf",222
SG,"Kasih",222
SG,"Mahi",222
SG,"Yasin",222
SG,"Mimi",222
SG,"Marquez",222
SG,"Theng",222
SG,"Sivam",221
SG,"Zack",221
SG,"De",221
SG,"Boh",221
SG,"Lv",221
SG,"Perera",221
SG,"Fatimah",220
SG,"Rk",220
SG,"Asad",219
SG,"Ida",219
SG,"Ramakrishnan",219
SG,"Pascual",219
SG,"No",219
SG,"Paing",218
SG,"De Leon",218
SG,"Mugam",217
SG,"Vani",217
SG,"Ammu",217
SG,"Jahan",217
SG,"Vadivel",216
SG,"Kawsar",216
SG,"Hannan",216
SG,"Nia",216
SG,"Aza",216
SG,"Lala",216
SG,"Adi",216
SG,"Pandey",216
SG,"Aj",216
SG,"Won",216
SG,"Sc",216
SG,"Prasath",215
SG,"Ramanathan",215
SG,"Sajib",214
SG,"Bryan",214
SG,"Eileen",214
SG,"Pascua",214
SG,"Mercado",214
SG,"Pay",214
SG,"Kuang",214
SG,"Tien",214
SG,"Hossian",213
SG,"Vijayan",213
SG,"Shaik",213
SG,"Abdul Rahim",213
SG,"Catherine",212
SG,"Balamurugan",212
SG,"Yvonne",212
SG,"Elias",212
SG,"Sorkar",211
SG,"Elango",211
SG,"Singam",211
SG,"Merah",210
SG,"Shikder",209
SG,"Khalil",209
SG,"Naw",209
SG,"Sandy",209
SG,"Kwee",209
SG,"Pathi",208
SG,"Jessie",208
SG,"Berduri",208
SG,"Esther",208
SG,"Ashraf",208
SG,"Benjamin",208
SG,"Deep",208
SG,"Yeung",208
SG,"Gary",207
SG,"Navarro",207
SG,"Ab",207
SG,"Hoi",207
SG,"Faisal",206
SG,"သူ",206
SG,"Sayed",205
SG,"Joanne",205
SG,"Kevin",205
SG,"Anu",205
SG,"Dulal",204
SG,"Ati",204
SG,"Nicole",204
SG,"Yuni",204
SG,"Khairul",204
SG,"Joey",204
SG,"Ferrer",204
SG,"Nai",204
SG,"Mansor",204
SG,"Kathir",203
SG,"Rs",203
SG,"Nie",203
SG,"Suan",203
SG,"De Silva",203
SG,"Jang",203
SG,"Anowar",202
SG,"Sikdar",202
SG,"Shak",202
SG,"Eddie",202
SG,"Tat",202
SG,"Palanisamy",202
SG,"Dave",202
SG,"Mj",202
SG,"Hooi",202
SG,"Putry",201
SG,"Senja",201
SG,"Sean",201
SG,"Christopher",201
SG,"Jonathan",201
SG,"Velasco",201
SG,"Haran",200
SG,"Murugesh",200
SG,"Jennifer",200
SG,"Christina",200
SG,"Ako",200
SG,"Alif",200
SG,"Ravichandran",200
SG,"Tia",200
SG,"Momin",199
SG,"Velmurugan",199
SG,"Thi",199
SG,"Sidek",199
SG,"Elaine",198
SG,"On",198
SG,"Govindasamy",198
SG,"Arifin",198
SG,"Kumaresan",197
SG,"Jerry",197
SG,"Faiz",197
SG,"Kobir",196
SG,"Zakir",196
SG,"Nagaraj",196
SG,"Madhavan",196
SG,"Truong",196
SG,"Chien",196
SG,"Seelan",195
SG,"Doris",195
SG,"Winnie",195
SG,"Chandru",195
SG,"Fai",195
SG,"Lucky",195
SG,"Yeh",195
SG,"Khokon",194
SG,"Ranjith",194
SG,"Aslam",194
SG,"Alexander",194
SG,"Yusuf",194
SG,"Abraham",194
SG,"Shang",194
SG,"Lili",193
SG,"Jayaraman",193
SG,"Sue",193
SG,"Thakur",193
SG,"Kl",193
SG,"Shakil",192
SG,"Hnin",192
SG,"Aaron",192
SG,"Brar",192
SG,"Bui",192
SG,"Johan",192
SG,"Duan",192
SG,"Chiong",192
TW,"Chen",24300
TW,"Lin",18677
TW,"Huang",12081
TW,"Chang",11161
TW,"Wang",10375
TW,"Lee",10168
TW,"Wu",9270
TW,"Liu",7126
TW,"Hsu",6555
TW,"Yang",5799
TW,"Tsai",5248
TW,"Cheng",3957
TW,"Yu",3310
TW,"Lu",3270
TW,"Li",3187
TW,"Hsieh",3139
TW,"Chou",2964
TW,"Kuo",2954
TW,"Lai",2842
TW,"Formosa",2812
TW,"Liao",2738
TW,"Chiu",2487
TW,"Su",2407
TW,"Hung",2325
TW,"Tseng",2311
TW,"Yeh",2301
TW,"Chiang",2107
TW,"Ho",2077
TW,"Kao",1772
TW,"Chan",1764
TW,"Chu",1753
TW,"Chuang",1573
TW,"Lo",1572
TW,"Chung",1525
TW,"Shih",1500
TW,"Hsiao",1344
TW,"Wei",1303
TW,"Hu",1277
TW,"Chien",1273
TW,"Pan",1232
TW,"Shen",1210
TW,"Peng",1193
TW,"Sun",1113
TW,"Yen",1092
TW,"Liang",1089
TW,"Chao",1073
TW,"Putri",1042
TW,"Tang",887
TW,"Fang",844
TW,"Tu",819
TW,"Wong",788
TW,"Fan",767
TW,"Wen",766
TW,"Ko",751
TW,"Sari",741
TW,"Wati",711
TW,"Ma",685
TW,"Hong",683
TW,"Fu",675
TW,"Weng",668
TW,"Ku",659
TW,"Chi",637
TW,"Zhang",632
TW,"Sung",615
TW,"Ting",573
TW,"Formoza",568
TW,"Ayu",566
TW,"Tsao",539
TW,"Tai",536
TW,"Tan",534
TW,"Tung",510
TW,"Dewi",475
TW,"Lan",465
TW,"Teng",459
TW,"Hou",453
TW,"Han",450
TW,"Ani",447
TW,"Cinta",445
TW,"Jiang",443
TW,"Yao",441
TW,"Lestari",439
TW,"Ni",413
TW,"Yi",410
TW,"Putra",409
TW,"Chin",409
TW,"Feng",405
TW,"Lien",404
TW,"Yuan",402
TW,"Bae",390
TW,"Saputra",381
TW,"Yanti",374
TW,"Zheng",362
TW,"Ling",360
TW,"Lim",359
TW,"Hsueh",356
TW,"Luo",351
TW,"Pratama",343
TW,"Kang",338
TW,"Xu",324
TW,"Yan",323
TW,"Yani",316
TW,"Ana",315
TW,"Ati",312
TW,"Cho",302
TW,"Nguyen",301
TW,"Guo",297
TW,"Ou",293
TW,"Yati",290
TW,"Lia",287
TW,"Ke",287
TW,"Kung",286
TW,"Hati",283
TW,"Rahayu",281
TW,"Azza",277
TW,"Mei",275
TW,"Wan",268
TW,"Ng",268
TW,"Mawar",265
TW,"Zahra",261
TW,"Liou",261
TW,"Shu",260
TW,"Setiawan",258
TW,"Pai",258
TW,"Dai",258
TW,"Yin",254
TW,"Tien",253
TW,"Indah",251
TW,"Chiou",250
TW,"Melati",243
TW,"Siti",241
TW,"Senja",239
TW,"Kuan",234
TW,"Zeng",234
TW,"Hwang",226
TW,"Xie",226
TW,"Young",224
TW,"Shi",223
TW,"Putry",220
TW,"You",219
TW,"Nur",217
TW,"Aulia",216
TW,"Ya",216
TW,"Wijaya",215
TW,"Cai",212
TW,"Xiao",209
TW,"Song",203
TW,"An",201
TW,"Aza",200
TW,"Tsou",199
TW,"Jian",198
TW,"Lam",196
TW,"Na",195
TW,"Lau",195
TW,"Ye",195
TW,"Asih",191
TW,"He",191
TW,"Ningsih",189
TW,"Hua",187
TW,"Berduri",185
TW,"Kim",183
TW,"Aini",182
TW,"Amy",178
TW,"Du",178
TW,"Lie",174
TW,"Jen",174
TW,"Wulan",172
TW,"Shao",171
TW,"Ying",170
TW,"Chia",170
TW,"Anna",168
TW,"Mey",167
TW,"Ae",167
TW,"Deng",167
TW,"Lina",164
TW,"Chai",164
TW,"Angel",163
TW,"Kevin",162
TW,"Amelia",161
TW,"Nana",159
TW,"King",159
TW,"Ching",159
TW,"Jan",159
TW,"Nia",155
TW,"Ajja",155
TW,"Hsia",155
TW,"Sri",154
TW,"Bunga",154
TW,"Ch",153
TW,"Pesek",152
TW,"Yo",151
TW,"Le",150
TW,"Juan",150
TW,"Maulana",149
TW,"Kan",149
TW,"Susanti",148
TW,"David",148
TW,"Zhu",147
TW,"Mi",146
TW,"Ai",146
TW,"Dwi",146
TW,"Ding",146
TW,"Wahyuni",144
TW,"Ju",143
TW,"Andy",142
TW,"Tina",141
TW,"Ahmad",141
TW,"Tzeng",141
TW,"Hui",140
TW,"Aya",139
TW,"Lei",139
TW,"Mao",139
TW,"Chow",139
TW,"Lisa",137
TW,"Tea",137
TW,"Leung",137
TW,"Yun",136
TW,"Bintang",136
TW,"Chong",136
TW,"Tao",136
TW,"Astuti",135
TW,"Aisyah",135
TW,"Ali",135
TW,"歐陽",134
TW,"Nguyễn",134
TW,"Tong",132
TW,"Cheung",132
TW,"Leo",131
TW,"Wulandari",130
TW,"Hsiung",130
TW,"Jason",127
TW,"Sam",127
TW,"Jaya",127
TW,"Azzahra",126
TW,"Mai",126
TW,"Merah",125
TW,"Rahma",124
TW,"Eric",124
TW,"Pei",124
TW,"Bungsu",124
TW,"Alex",122
TW,"Kelana",122
TW,"Formossa",122
TW,"Ong",122
TW,"James",121
TW,"Kasih",121
TW,"Hao",121
TW,"Ming",121
TW,"Linda",120
TW,"Shan",120
TW,"Agustin",119
TW,"Bella",119
TW,"Rizky",119
TW,"Syu",119
TW,"Fong",119
TW,"Hsin",118
TW,"Tsui",117
TW,"Chih",116
TW,"Gao",116
TW,"Zhou",116
TW,"Aditya",115
TW,"Mo",115
TW,"Meng",115
TW,"Chun",115
TW,"Yuni",114
TW,"Paijem",114
TW,"Suci",114
TW,"Prasetyo",114
TW,"Shin",114
TW,"Zhan",114
TW,"Sheng",113
TW,"Jin",113
TW,"Reog",112
TW,"Cha",111
TW,"Diana",110
TW,"Mini",110
TW,"Kurniawan",110
TW,"Min",110
TW,"Jack",109
TW,"Maya",107
TW,"Yanto",106
TW,"Lian",105
TW,"Biru",103
TW,"Qiu",103
TW,"Gu",103
TW,"Mia",102
TW,"Handayani",102
TW,"Shieh",102
TW,"Pang",102
TW,"Lou",102
TW,"Fitri",101
TW,"May",101
TW,"Ti",101
TW,"Ragil",101
TW,"Jia",101
TW,"Fatimah",100
TW,"Jhang",100
TW,"Hsiang",100
TW,"Dong",100
TW,"Mu",99
TW,"Tran",99
TW,"Anita",98
TW,"Cahaya",98
TW,"Yuli",98
TW,"Rindu",98
TW,"Joe",98
TW,"Anjani",97
TW,"Rini",97
TW,"Chueh",97
TW,"Da",96
TW,"Chiao",96
TW,"Nisa",95
TW,"Irawan",95
TW,"Taiwan",95
TW,"Rose",94
TW,"Lala",94
TW,"San",94
TW,"Zhao",94
TW,"Santi",93
TW,"Kai",93
TW,"Wahyu",93
TW,"Jo",93
TW,"Jerry",92
TW,"Ta",92
TW,"Ping",92
TW,"Woo",92
TW,"Cindy",91
TW,"Santoso",91
TW,"Paijo",91
TW,"Love",91
TW,"Lung",91
TW,"Safitri",90
TW,"Ken",90
TW,"Zhong",90
TW,"Hayati",89
TW,"Jingga",89
TW,"Ramadhani",89
TW,"Sa",89
TW,"Hidayat",89
TW,"Tini",88
TW,"Rahmawati",88
TW,"Agus",88
TW,"Zhuang",88
TW,"Any",87
TW,"Ami",87
TW,"Deso",87
TW,"Ari",87
TW,"Maharani",86
TW,"Sakura",86
TW,"Allen",86
TW,"Anto",86
TW,"Dian",86
TW,"Nabila",85
TW,"Azahra",85
TW,"Nasa",85
TW,"Kirana",85
TW,"Nita",85
TW,"Tsang",85
TW,"Jung",85
TW,"Shiu",85
TW,"Sinta",84
TW,"John",84
TW,"Eka",84
TW,"Tw",84
TW,"Jeng",84
TW,"Jheng",84
TW,"Umi",83
TW,"Ann",83
TW,"Yana",83
TW,"Gunawan",83
TW,"Tony",82
TW,"Merindu",82
TW,"Ning",82
TW,"Lily",81
TW,"Subang",81
TW,"Sary",80
TW,"Ika",80
TW,"Jun",80
TW,"Susanto",80
TW,"Pao",80
TW,"Anggraini",79
TW,"Anisa",79
TW,"Ria",79
TW,"Rani",79
TW,"Hidayah",79
TW,"Adi",79
TW,"La",79
TW,"Ji",79
TW,"Azizah",78
TW,"Aprilia",78
TW,"Arum",78
TW,"Wibowo",78
TW,"Setia",78
TW,"Tian",78
TW,"Wahyudi",77
TW,"Jane",77
TW,"Arifin",77
TW,"Jang",77
TW,"Nurhayati",76
TW,"Ita",76
TW,"Michael",76
TW,"Kiki",76
TW,"Ryan",76
TW,"Sin",76
TW,"Xin",76
TW,"Kong",76
TW,"Yong",76
TW,"Pu",76
TW,"Tia",75
TW,"Tin",75
TW,"Ha",75
TW,"Sue",75
TW,"Kusuma",75
TW,"Ka",75
TW,"Yung",75
TW,"Ida",74
TW,"Utami",73
TW,"Atin",73
TW,"Kejora",73
TW,"Caem",73
TW,"Black",73
TW,"Ii",72
TW,"Ray",72
TW,"Formozza",72
TW,"Intan",71
TW,"Tiara",71
TW,"Susi",71
TW,"Kelly",71
TW,"Daniel",71
TW,"Tri",71
TW,"Sulung",71
TW,"Abadi",71
TW,"Law",71
TW,"Go",71
TW,"Bai",71
TW,"Chua",71
TW,"Aminah",70
TW,"Anggraeni",70
TW,"Tika",70
TW,"Paul",70
TW,"Ben",70
TW,"Amanda",70
TW,"Chris",70
TW,"Xuan",70
TW,"Tam",70
TW,"Agustina",69
TW,"Dinda",69
TW,"Nanda",69
TW,"Ru",69
TW,"Rantau",69
TW,"Fung",69
TW,"Tok",69
TW,"Cantika",68
TW,"Eva",68
TW,"Annie",68
TW,"Tunggal",68
TW,"Khan",68
TW,"Rina",67
TW,"Formusa",67
TW,"Purnama",67
TW,"Pati",67
TW,"To",67
TW,"Nien",67
TW,"Jenny",66
TW,"Amey",66
TW,"Naicha",66
TW,"Lulu",66
TW,"Bagus",66
TW,"Saputri",65
TW,"Vivian",65
TW,"Atun",65
TW,"Bwi",65
TW,"Adja",65
TW,"Liaw",65
TW,"Smith",65
TW,"She",65
TW,"Puspita",64
TW,"Wangi",64
TW,"Citra",64
TW,"Sulastri",64
TW,"Nick",64
TW,"Cahya",64
TW,"Ireng",64
TW,"Ramadhan",64
TW,"Agung",64
TW,"Miao",64
TW,"Pham",63
TW,"Hsuan",63
TW,"Bayu",63
TW,"Ang",63
TW,"Sie",63
TW,"Siauce",62
TW,"Tari",62
TW,"Ra",62
TW,"Sandy",62
TW,"Steven",62
TW,"Mimi",62
TW,"Leong",62
TW,"Blue",62
TW,"Ilham",62
TW,"Taichung",62
TW,"Win",62
TW,"Joy",62
TW,"Kwok",62
TW,"Yuliana",61
TW,"Peter",61
TW,"Nina",61
TW,"Ina",61
TW,"Suryani",61
TW,"Kurnia",61
TW,"Aji",61
TW,"Anggara",61
TW,"Bee",61
TW,"Jie",61
TW,"Long",61
TW,"Ki",61
TW,"Angga",61
TW,"Haung",61
TW,"Yap",61
TW,"Syah",61
TW,"Ouyang",61
TW,"Jou",61
TW,"Fitria",60
TW,"Candy",60
TW,"Ananda",60
TW,"Vivi",60
TW,"Jay",60
TW,"Yah",60
TW,"Nugroho",60
TW,"Sanjaya",60
TW,"Jing",60
TW,"Laros",60
TW,"Eni",59
TW,"Kartika",59
TW,"Novi",59
TW,"Tom",59
TW,"Emma",59
TW,"Zee",59
TW,"Arema",59
TW,"Aries",59
TW,"Reza",59
TW,"Man",59
TW,"Zhen",59
TW,"Choi",59
TW,"Che",59
TW,"Tasi",59
TW,"Khotimah",58
TW,"Ratna",58
TW,"Pratiwi",58
TW,"Hasanah",58
TW,"Mentari",58
TW,"Anggun",58
TW,"Bulan",58
TW,"Surya",58
TW,"Ponorogo",58
TW,"Sheu",58
TW,"Juang",58
TW,"Sha",58
TW,"Jean",58
TW,"Be",58
TW,"Candra",58
TW,"Wa",58
TW,"Vincent",57
TW,"Icha",57
TW,"Paijah",57
TW,"Inem",57
TW,"Via",57
TW,"Shiao",57
TW,"Po",57
TW,"Tuan",57
TW,"Ollshop",56
TW,"Jacky",56
TW,"Queen",56
TW,"Jeff",56
TW,"Maria",56
TW,"Leu",56
TW,"Shiau",56
TW,"So",56
TW,"Ciou",56
TW,"Waty",55
TW,"Cayank",55
TW,"Alya",55
TW,"Hermawan",55
TW,"Andika",55
TW,"Lyu",55
TW,"Imah",54
TW,"Emily",54
TW,"Yulia",54
TW,"Angela",54
TW,"Pormosa",54
TW,"Rara",54
TW,"Nie",54
TW,"Widodo",54
TW,"Efendi",54
TW,"Fajar",54
TW,"Hsing",54
TW,"Al",54
TW,"White",54
TW,"Lay",54
TW,"Widya",53
TW,"Andini",53
TW,"Susan",53
TW,"Jimmy",53
TW,"Andi",53
TW,"Adam",53
TW,"Arif",53
TW,"Permana",53
TW,"Tso",53
TW,"Cao",53
TW,"Sean",52
TW,"Rita",52
TW,"Khasanah",52
TW,"Satria",52
TW,"Shaw",52
TW,"Setyawan",52
TW,"Bong",52
TW,"Langit",52
TW,"En",52
TW,"Akbar",52
TW,"Niu",52
TW,"Indra",52
TW,"Dan",52
TW,"Bao",52
TW,"Ruan",52
TW,"Salsabila",51
TW,"Mark",51
TW,"Lili",51
TW,"Astutik",51
TW,"Hana",51
TW,"Johnson",51
TW,"Alan",51
TW,"Setya",51
TW,"Low",51
TW,"Sunny",51
TW,"Garcia",51
TW,"Shyu",51
TW,"Chuan",51
TW,"Hadi",51
TW,"Jao",51
TW,"Yueh",51
TW,"Thea",50
TW,"Aty",50
TW,"Ly",50
TW,"Junior",50
TW,"Mas",50
TW,"Yip",50
TW,"Ren",50
TW,"Sui",50
TW,"Alice",49
TW,"Frank",49
TW,"Novita",49
TW,"Ella",49
TW,"Farida",49
TW,"Samudra",49
TW,"Devi",49
TW,"Awan",49
TW,"Vita",49
TW,"Saja",49
TW,"Bear",49
TW,"Salju",48
TW,"Ningrum",48
TW,"Mike",48
TW,"Pesex",48
TW,"Vicky",48
TW,"Fitriani",48
TW,"Sarah",48
TW,"Nurul",48
TW,"Tim",48
TW,"Budi",48
TW,"Madiun",48
TW,"Sy",48
TW,"Yee",48
TW,"Di",48
TW,"Guan",48
TW,"Trần",48
TW,"Liew",48
TW,"Jessica",47
TW,"Bunda",47
TW,"Aisah",47
TW,"Virgo",47
TW,"Udin",47
TW,"Sky",47
TW,"Momo",47
TW,"Wo",47
TW,"Yeung",47
TW,"Yusuf",47
TW,"Chandra",47
TW,"Reyes",47
TW,"Fish",47
TW,"Ardiansyah",47
TW,"Tse",47
TW,"Chau",47
TW,"Purwanti",46
TW,"Max",46
TW,"Apple",46
TW,"Jagat",46
TW,"Au",46
TW,"Van",46
TW,"Liau",46
TW,"Chieh",46
TW,"Taipei",46
TW,"Atik",45
TW,"Grace",45
TW,"Shinta",45
TW,"William",45
TW,"Nani",45
TW,"Simon",45
TW,"Alin",45
TW,"Dede",45
TW,"Asmara",45
TW,"Fei",45
TW,"Goh",45
TW,"Shie",45
TW,"In",45
TW,"Zou",45
TW,"Nurjanah",44
TW,"Jannah",44
TW,"Monica",44
TW,"Hani",44
TW,"Ivan",44
TW,"April",44
TW,"Roy",44
TW,"Smile",44
TW,"Pamungkas",44
TW,"Firmansyah",44
TW,"Patria",44
TW,"Kou",44
TW,"Do",44
TW,"Hoang",44
TW,"Mania",44
TW,"Dahlia",43
TW,"Puji",43
TW,"Maryam",43
TW,"Purwati",43
TW,"Cie",43
TW,"Martin",43
TW,"Rohman",43
TW,"Prasetya",43
TW,"Mendoza",43
TW,"Lopez",43
TW,"Dani",43
TW,"Rahman",43
TW,"Tzu",43
TW,"Xue",43
TW,"Herlina",42
TW,"Lastri",42
TW,"Comel",42
TW,"Damayanti",42
TW,"Purnomo",42
TW,"Phang",42
TW,"Stone",42
TW,"Muhammad",42
TW,"Alvin",42
TW,"Lah",42
TW,"Fa",42
TW,"Lynn",42
TW,"Ro",42
TW,"Si",42
TW,"No",42
TW,"Jhuang",42
TW,"Ar",42
TW,"Cruz",42
TW,"Shang",42
TW,"Riyanti",41
TW,"Nuraini",41
TW,"Adinda",41
TW,"Yunita",41
TW,"Olivia",41
TW,"Lilis",41
TW,"Najwa",41
TW,"Endang",41
TW,"Brian",41
TW,"Amber",41
TW,"Aura",41
TW,"Santos",41
TW,"Mak",41
TW,"Keng",41
TW,"Laroz",41
TW,"張簡",41
TW,"Siao",41
TW,"Yue",41
TW,"Yau",41
TW,"Wijayanti",40
TW,"Siaucie",40
TW,"Kumar",40
TW,"Atika",40
TW,"Ayunda",40
TW,"Liana",40
TW,"Meimei",40
TW,"Hany",40
TW,"Yulianti",40
TW,"Safira",40
TW,"Jasmine",40
TW,"Amel",40
TW,"Nadia",40
TW,"Anwar",40
TW,"Ay",40
TW,"Gan",40
TW,"Pangestu",40
TW,"Kwan",40
TW,"Dimas",40
TW,"Fauzi",40
TW,"Amoorea",39
TW,"Mina",39
TW,"Sunarti",39
TW,"Tuti",39
TW,"Jelita",39
TW,"Ulfa",39
TW,"Ivy",39
TW,"Sandra",39
TW,"Cino",39
TW,"Sim",39
TW,"Zen",39
TW,"Sabar",39
TW,"Muda",39
TW,"Aris",39
TW,"Xiang",39
TW,"Mou",39
TW,"New",39
TW,"Pin",39
TW,"Koh",39
TW,"Marlina",38
TW,"Cece",38
TW,"Joseph",38
TW,"Ririn",38
TW,"Ramadani",38
TW,"Risma",38
TW,"Hartono",38
TW,"Qu",38
TW,"Dela Cruz",38
TW,"Oi",38
TW,"Ardi",38
TW,"Riyan",38
TW,"Ce",38
TW,"Cat",38
TW,"Arya",38
TW,"Ah",38
TW,"Ramos",38
TW,"Nieh",38
TW,"Iskandar",38
TW,"Yuen",38
TW,"Poon",38
TW,"Ruby",37
TW,"Sharon",37
TW,"Halimah",37
TW,"Mila",37
TW,"Amalia",37
TW,"Gary",37
TW,"Adelia",37
TW,"Mutiara",37
TW,"Ernawati",37
TW,"Anik",37
TW,"Eason",37
TW,"Malang",37
TW,"Ade",37
TW,"Azka",37
TW,"Phan",37
TW,"Huda",37
TW,"Alif",37
TW,"Amin",37
TW,"Ibrahim",37
TW,"Bo",37
TW,"Pi",37
TW,"Koo",37
TW,"Tay",37
TW,"Doank",37
TW,"Loh",37
TW,"Permatasari",36
TW,"Mulyani",36
TW,"Melody",36
TW,"Sayank",36
TW,"Dia",36
TW,"Vina",36
TW,"Andre",36
TW,"Anie",36
TW,"Layu",36
TW,"Wendy",36
TW,"Singh",36
TW,"Ajah",36
TW,"Eko",36
TW,"Tsung",36
TW,"Siu",36
TW,"Zhi",36
TW,"Jong",36
TW,"Lê",36
TW,"Laila",35
TW,"Janah",35
TW,"Larasati",35
TW,"Nancy",35
TW,"Anny",35
TW,"Danny",35
TW,"Dini",35
TW,"Sagita",35
TW,"Lanang",35
TW,"Bodas",35
TW,"Permata",35
TW,"Don",35
TW,"Sih",35
TW,"Louis",35
TW,"Vi",35
TW,"Rama",35
TW,"Ariel",35
TW,"Anam",35
TW,"Sandi",35
TW,"Jhou",35
TW,"Tsay",35
TW,"Rizki",35
TW,"Hi",35
TW,"Jowo",35
TW,"Te",35
TW,"Green",35
TW,"Vie",34
TW,"Yuliani",34
TW,"Winarti",34
TW,"Henry",34
TW,"Iin",34
TW,"Gemini",34
TW,"Mandy",34
TW,"Nissa",34
TW,"Maggie",34
TW,"Wina",34
TW,"Iwan",34
TW,"Fromosa",34
TW,"Laut",34
TW,"Sen",34
TW,"Tainan",34
TW,"Teh",34
TW,"Hasan",34
TW,"Din",34
TW,"Small",34
TW,"Siska",33
TW,"Antika",33
TW,"Liya",33
TW,"Mci",33
TW,"Nuraeni",33
TW,"Evi",33
TW,"Ndut",33
TW,"Natalia",33
TW,"Mira",33
TW,"Pink",33
TW,"Tata",33
TW,"Lyn",33
TW,"Sekar",33
TW,"Flower",33
TW,"Anis",33
TW,"Ananta",33
TW,"Yaya",33
TW,"Lintang",33
TW,"Ag",33
TW,"Riyanto",33
TW,"As",33
TW,"Pantura",33
TW,"Lui",33
TW,"Erna",32
TW,"Husna",32
TW,"Hatiku",32
TW,"Maryati",32
TW,"Sabrina",32
TW,"Sumiati",32
TW,"Naura",32
TW,"Syifa",32
TW,"Steve",32
TW,"Bilqis",32
TW,"Silvia",32
TW,"Salsa",32
TW,"Fadilah",32
TW,"Fatmawati",32
TW,"Azah",32
TW,"Amoy",32
TW,"Sofia",32
TW,"Pelangi",32
TW,"Clara",32
TW,"Solo",32
TW,"Leon",32
TW,"Ty",32
TW,"Rendy",32
TW,"Adit",32
TW,"Gi",32
TW,"Her",32
TW,"Lucky",32
TW,"Iqbal",32
TW,"Evan",32
TW,"Hon",32
TW,"Day",32
TW,"Gong",32
TW,"Xia",32
TW,"Kuang",32
TW,"Duan",32
TW,"Rong",32
TW,"Aeni",31
TW,"Kholifah",31
TW,"Laura",31
TW,"Puspitasari",31
TW,"Titin",31
TW,"Rohmah",31
TW,"Iris",31
TW,"Dari",31
TW,"Ira",31
TW,"Haryati",31
TW,"Kendal",31
TW,"Puput",31
TW,"Winda",31
TW,"Jennifer",31
TW,"Ima",31
TW,"Tya",31
TW,"Sundari",31
TW,"Car",31
TW,"Ri",31
TW,"Jihan",31
TW,"Paytren",31
TW,"Indramayu",31
TW,"Wawan",31
TW,"Ricky",31
TW,"Ian",31
TW,"Phạm",31
TW,"Key",31
TW,"Anh",31
TW,"Ngo",31
TW,"Brown",31
TW,"Purwanto",31
TW,"Suen",31
TW,"Gilang",31
TW,"Firdaus",31
TW,"Kuning",31
TW,"Lang",31
TW,"Aj",31
TW,"Hsien",31
TW,"Perez",31
TW,"Lao",31
TW,"Hs",31
TW,"Chew",31
TW,"Red",31
TW,"Julia",30
TW,"Natasya",30
TW,"Demplon",30
TW,"Denok",30
TW,"Judy",30
TW,"Walker",30
TW,"Anah",30
TW,"Annisa",30
TW,"Cahyono",30
TW,"Eddie",30
TW,"Auliya",30
TW,"Sasa",30
TW,"My",30
TW,"Andrew",30
TW,"Yono",30
TW,"Tasya",30
TW,"Mega",30
TW,"Rio",30
TW,"Nova",30
TW,"Rin",30
TW,"Aziz",30
TW,"Ci",30
TW,"Bima",30
TW,"Mahesa",30
TW,"Rifai",30
TW,"Bautista",30
TW,"Mustofa",30
TW,"Bagas",30
TW,"Tee",30
TW,"Jhan",30
TW,"Jhu",30
TW,"Nan",30
TW,"Rizal",30
TW,"Kin",30
TW,"Kenny",29
TW,"Winarsih",29
TW,"Sumi",29
TW,"Bejo",29
TW,"Chayank",29
TW,"Robert",29
TW,"Joyce",29
TW,"Indri",29
TW,"Then",29
TW,"Azha",29
TW,"Thanh",29
TW,"Chloe",29
TW,"Sweet",29
TW,"Ciprut",29
TW,"Zoe",29
TW,"Wilson",29
TW,"Riana",29
TW,"Nda",29
TW,"Aqila",29
TW,"Gonzales",29
TW,"Wawa",29
TW,"Rudi",29
TW,"Aan",29
TW,"Lun",29
TW,"Ca",29
TW,"Dy",29
TW,"Park",29
TW,"Ok",29
TW,"Lombok",29
TW,"Shiue",29
TW,"Rao",29
TW,"Soong",29
TW,"Little",29
TW,"Mok",29
TW,"Oh",29
TW,"Wanti",28
TW,"Richard",28
TW,"Hartati",28
TW,"Latifah",28
TW,"Mami",28
TW,"Tutik",28
TW,"Sumarni",28
TW,"Melinda",28
TW,"Skincare",28
TW,"Azzah",28
TW,"Sella",28
TW,"Vanessa",28
TW,"Prayoga",28
TW,"Tommy",28
TW,"Yeni",28
TW,"Lis",28
TW,"Fen",28
TW,"Lena",28
TW,"Kediri",28
TW,"Scott",28
TW,"Hwa",28
TW,"Herman",28
TW,"Son",28
TW,"Terlarang",28
TW,"Za",28
TW,"Show",28
TW,"Risky",28
TW,"Jj",28
TW,"Libra",28
TW,"Zhuo",28
TW,"Ridwan",28
TW,"Ngapak",28
TW,"Pradana",28
TW,"Way",28
TW,"Jepit",28
TW,"Vu",28
TW,"Dika",28
TW,"Sh",28
TW,"Hartini",27
TW,"Melly",27
TW,"Putrie",27
TW,"Gita",27
TW,"Diah",27
TW,"Ijah",27
TW,"Delima",27
TW,"Roger",27
TW,"Howard",27
TW,"Oktavia",27
TW,"Dea",27
TW,"Pipit",27
TW,"Abby",27
TW,"Menanti",27
TW,"Fauziah",27
TW,"Haryanto",27
TW,"Naya",27
TW,"Sutrisno",27
TW,"Cen",27
TW,"Moe",27
TW,"Ardian",27
TW,"Sia",27
TW,"Zi",27
TW,"Nai",27
TW,"Dermayu",27
TW,"Yoga",27
TW,"范姜",27
TW,"Ragiel",27
TW,"Rafa",27
TW,"Iyan",27
TW,"Moon",27
TW,"Pong",27
TW,"Ip",27
TW,"Susilawati",26
TW,"Bela",26
TW,"Setyowati",26
TW,"Pertiwi",26
TW,"Hidayati",26
TW,"Sahara",26
TW,"Tatik",26
TW,"Vera",26
TW,"Nini",26
TW,"Aryanti",26
TW,"Michelle",26
TW,"Betty",26
TW,"Terry",26
TW,"Nayla",26
TW,"Doris",26
TW,"Riyadi",26
TW,"Tiya",26
TW,"Istiqomah",26
TW,"Murni",26
TW,"Thomas",26
TW,"Tulungagung",26
TW,"Inah",26
TW,"Lestary",26
TW,"Luna",26
TW,"Afifah",26
TW,"Hoàng",26
TW,"Sulis",26
TW,"Rick",26
TW,"Tanjung",26
TW,"Lita",26
TW,"Hanna",26
TW,"Jim",26
TW,"Agatha",26
TW,"Syahputra",26
TW,"Kaohsiung",26
TW,"Cung",26
TW,"Andri",26
TW,"Nah",26
TW,"Lutfi",26
TW,"Rock",26
TW,"Rey",26
TW,"Merana",26
TW,"Muhamad",26
TW,"Tama",26
TW,"Foo",26
TW,"Say",26
TW,"Asep",26
TW,"Salim",26
TW,"Ice",26
TW,"Jones",26
TW,"Cheong",26
TW,"We",26
TW,"Tio",26
TW,"Xing",26
TW,"Hau",26
TW,"Dung",26
TW,"Bu",26
TW,"Pon",26
TW,"Yiu",26
TW,"Hsiu",26
TW,"Kwong",26
TW,"Muslimah",25
TW,"Elsa",25
TW,"Bruce",25
TW,"Munawaroh",25
TW,"Bila",25
TW,"Sugiarti",25
TW,"Mbem",25
TW,"Emi",25
TW,"Fortuna",25
TW,"Eny",25
TW,"Anne",25
TW,"Cahyani",25
TW,"Naila",25
TW,"Sherry",25
TW,"Gina",25
TW,"Coco",25
TW,"Aaron",25
TW,"Hawa",25
TW,"Juminten",25
TW,"Rena",25
TW,"Cintaku",25
TW,"Fadillah",25
TW,"Galak",25
TW,"Justin",25
TW,"Setiawati",25
TW,"Kate",25
TW,"Sebastian",25
TW,"Dina",25
TW,"Fun",25
TW,"Ary",25
TW,"Qi",25
TW,"Andrian",25
TW,"Imam",25
TW,"Hakim",25
TW,"Ba",25
TW,"Hang",25
TW,"Fernandez",25
TW,"Soo",25
TW,"Kho",25
TW,"Az",25
TW,"Elek",25
TW,"Ja",25
TW,"Sragen",25
TW,"Tsen",25
TW,"Rangga",25
TW,"Aditia",25
TW,"Rembulan",24
TW,"Rosita",24
TW,"Jamilah",24
TW,"Ratih",24
TW,"Angelina",24
TW,"Sifa",24
TW,"Indriyani",24
TW,"Riani",24
TW,"Amora",24
TW,"Wiwin",24
TW,"Mely",24
TW,"Riska",24
TW,"Jenong",24
TW,"Saputro",24
TW,"Claire",24
TW,"Dayuni",24
TW,"Mita",24
TW,"Carol",24
TW,"Promosa",24
TW,"Seroja",24
TW,"Irene",24
TW,"Qolbi",24
TW,"Winnie",24
TW,"Reva",24
TW,"Sally",24
TW,"Josh",24
TW,"Manda",24
TW,"Ara",24
TW,"Ratu",24
TW,"Chern",24
TW,"Ck",24
TW,"Toni",24
TW,"Susilo",24
TW,"Art",24
TW,"Satrio",24
TW,"Rivera",24
TW,"Bin",24
TW,"Aquino",24
TW,"Naufal",24
TW,"Daffa",24
TW,"De",24
TW,"Lii",24
TW,"Brebes",24
TW,"Pertama",24
TW,"Shou",24
TW,"Rain",24
TW,"Fatih",24
TW,"Shia",24
TW,"Ijo",24
TW,"Kita",24
TW,"Alvaro",24
TW,"Cu",24
TW,"Mar",24
TW,"Jui",24
TW,"Dang",24
TW,"Fi",23
TW,"Ayuni",23
TW,"Painem",23
TW,"Iis",23
TW,"Salma",23
TW,"Salsabilla",23
TW,"Vic",23
TW,"Dora",23
TW,"Yem",23
TW,"Widia",23
TW,"Elisa",23
TW,"Diyah",23
TW,"Rebecca",23
TW,"Waktunya",23
TW,"Bastian",23
TW,"Ica",23
TW,"Taipe",23
TW,"Echa",23
TW,"Idah",23
TW,"Anggi",23
TW,"Victor",23
TW,"Jon",23
TW,"Wanto",23
TW,"Thu",23
TW,"Prastyo",23
TW,"Cherry",23
TW,"Arjuna",23
TW,"Umy",23
TW,"Wayne",23
TW,"Wi",23
TW,"Nong",23
TW,"Dinata",23
TW,"Bi",23
TW,"Karawang",23
TW,"Utomo",23
TW,"Sing",23
TW,"Luan",23
TW,"Riski",23
TW,"Banten",23
TW,"Rahmat",23
TW,"Dewe",23
TW,"Villanueva",23
TW,"Yeah",23
TW,"Kaka",23
TW,"Doang",23
TW,"Thai",23
TW,"Aw",23
TW,"Halim",23
TW,"Gau",23
TW,"Szu",23
TW,"Johnny",22
TW,"Teresa",22
TW,"Riyah",22
TW,"Isti",22
TW,"Neng",22
TW,"Setiani",22
TW,"Aryani",22
TW,"Srikandi",22
TW,"Sumiyati",22
TW,"Anisah",22
TW,"Septiani",22
TW,"Desi",22
TW,"Yuyun",22
TW,"Memey",22
TW,"Aira",22
TW,"Nazwa",22
TW,"Edward",22
TW,"Karen",22
TW,"Poenya",22
TW,"Anton",22
TW,"Christine",22
TW,"Ngawi",22
TW,"Jessie",22
TW,"Good",22
TW,"Sukma",22
TW,"Edi",22
TW,"Dewa",22
TW,"Siaoce",22
TW,"Hank",22
TW,"Er",22
TW,"Cynk",22
TW,"Loo",22
TW,"Rere",22
TW,"Pagi",22
TW,"Mah",22
TW,"Ajha",22
TW,"Gomez",22
TW,"Yudi",22
TW,"Raditya",22
TW,"Horng",22
TW,"Kembar",22
TW,"Nam",22
TW,"Ny",22
TW,"Barokah",22
TW,"Flores",22
TW,"Pien",22
TW,"Bui",22
TW,"Mon",22
TW,"Chacha",22
TW,"Aja",22
TW,"Uy",22
TW,"Isa",22
TW,"El",22
TW,"Hermanto",22
TW,"Abel",22
TW,"Timur",22
TW,"Wun",22
TW,"Azzam",22
TW,"Jhong",22
TW,"Hsi",22
TW,"Dewek",22
TW,"Habibi",22
TW,"Luu",22
TW,"Kris",22
TW,"Ten",22
TW,"Lok",22
TW,"Yahya",22
TW,"Pa",22
TW,"Lingling",21
TW,"Imuet",21
TW,"Herawati",21
TW,"Arini",21
TW,"Tukiyem",21
TW,"Susilowati",21
TW,"Ros",21
TW,"Shifa",21
TW,"Leni",21
TW,"Angraini",21
TW,"Boss",21
TW,"Narti",21
TW,"Cenil",21
TW,"Fitriyani",21
TW,"Santy",21
TW,"Mary",21
TW,"Mozza",21
TW,"George",21
TW,"Fanny",21
TW,"Minah",21
TW,"Heni",21
TW,"Aling",21
TW,"Mala",21
TW,"Ajjah",21
TW,"Ajeng",21
TW,"Maryani",21
TW,"Reni",21
TW,"Mae",21
TW,"Oscar",21
TW,"Anderson",21
TW,"Widi",21
TW,"Rachel",21
TW,"Debu",21
TW,"Aman",21
TW,"Hendra",21
TW,"Harry",21
TW,"Nada",21
TW,"Heng",21
TW,"Tiger",21
TW,"Jawa",21
TW,"Farhan",21
TW,"Rana",21
TW,"Slamet",21
TW,"Angin",21
TW,"Pen",21
TW,"Willy",21
TW,"Madu",21
TW,"Rian",21
TW,"Ge",21
