key,M,F
"md",905827,68004
"muhammad",395008,9984
"mohammed",558390,11693
"abdul",255956,9238
"ali",657406,27252
"mohammad",325662,8199
"ahmed",1913277,42282
"mohamed",1766666,32999
"محمد",2808972,104591
"ahmad",301742,10384
"malik",86575,3805
"imran",87719,2831
"mohd",115726,3141
"raja",61451,4445
"muhammed",74294,1452
"rajesh",45978,1433
"khalid",107620,2431
"saeed",61921,1668
"raju",57956,2913
"احمد",1589833,60503
"shahid",55128,1970
"abu",111531,3643
"khan",68142,5441
"asif",52122,1695
"abdullah",156325,3567
"suresh",42873,1538
"faisal",78104,1936
"amir",93438,3270
"ramesh",42648,1881
"ibrahim",170544,3461
"rana",56737,60876
"syed",46968,1144
"rashid",40662,1160
"noor",66773,93218
"sunil",37018,1234
"hassan",206632,4900
"ram",52010,3384
"anil",34138,1109
"omar",289771,12208
"manoj",34479,1101
"raj",43644,2884
"abdulla",29422,895
"nasir",44115,1903
"saif",70249,3272
"irfan",43933,1330
"usman",37890,1296
"bilal",49333,1469
"عبدالله",393947,12591
"kamal",71408,3881
"islam",68012,5392
"ashraf",119315,2212
"sajid",36676,1156
"anwar",54253,6754
"adnan",45849,1110
"ravi",27473,1198
"sara",11500,251275
"zahid",33033,983
"sultan",52201,2697
"ismail",55258,1582
"vijay",24212,1021
"nadeem",34508,988
"arif",37976,1625
"علي",789780,29597
"abid",30135,906
"vinod",21870,603
"sanjay",25805,1021
"tariq",38811,839
"saleem",36664,1192
"arshad",33416,1054
"ashok",23367,846
"arun",21161,591
"umar",33060,1476
"fatima",1998,60990
"jamal",51529,2567
"ghulam",25694,716
"santosh",25896,1232
"prince",35356,1901
"kumar",31834,2097
"rakesh",21129,778
"ch",27313,1538
"babu",31096,1445
"dinesh",23847,895
"salman",46602,1861
"hamad",26981,943
"naveed",23277,656
"salim",50471,2065
"خالد",384209,11363
"asad",27219,1026
"john",62758,1673
"hussain",47632,1157
"mahmoud",550838,6789
"amjad",37139,3476
"ajay",20263,740
"mahesh",18982,585
"krishna",24192,1815
"waqas",20516,534
"rahul",20636,637
"sameer",36291,1131
"sandeep",15575,1124
"rizwan",26753,710
"khaled",201401,3514
"waseem",29915,903
"ابو",1050333,22527
"yasir",23692,542
"iqbal",26141,1274
"javed",29133,918
"sonu",21304,1689
"tahir",24608,701
"mani",18749,1797
"shahzad",20704,597
"sajjad",24409,750
"shah",23226,1256
"hamza",61674,4398
"abbas",40146,1203
"mohamad",80267,2570
"fazal",22412,695
"deepak",16244,473
"naeem",23744,722
"abul",29479,1751
"prakash",18281,594
"habib",30933,2466
"pradeep",14576,370
"mustafa",111642,2334
"mohan",18680,801
"hasan",57865,2666
"kashif",16705,447
"mukesh",15414,614
"salem",31041,1373
"akbar",21730,790
"santhosh",13761,251
"aslam",29553,1315
"kamran",15573,397
"sohail",16718,440
"maryam",1566,38102
"basheer",18736,518
"jahangir",21119,1142
"fahad",58855,2053
"adil",27133,682
"biju",13838,250
"muhmmad",18233,628
"mansoor",15123,423
"ganesh",16196,637
"zafar",18889,579
"alam",26534,1995
"zubair",15341,406
"سعيد",129404,3458
"rashed",15967,635
"rasheed",17925,497
"aman",18884,2800
"mariam",2720,102813
"mohsin",18046,474
"shakeel",17768,522
"gul",16437,3170
"hari",17394,792
"aziz",40889,1496
"aisha",1028,23633
"arjun",15910,724
"sabir",18616,660
"hamid",26094,735
"حمد",40934,1515
"sami",51941,2361
"farooq",16057,472
"sayed",90137,1718
"naresh",12041,422
"noushad",13768,309
"zeeshan",12872,321
"said",74321,2246
"abdur",21432,1117
"tanveer",16209,561
"muneer",16090,432
"majid",22588,504
"akhtar",17175,614
"riaz",14294,484
"rajan",14559,664
"sunny",11199,1172
"mian",15361,363
"musthafa",12131,378
"hameed",15225,505
"mirza",14163,473
"shahbaz",13798,390
"sardar",17501,510
"praveen",9179,161
"shaji",12287,298
"khalil",25418,668
"prem",15755,854
"nisar",15426,431
"amit",13705,1553
"azhar",14989,3314
"sher",15482,760
"ahsan",14679,564
"sumon",15878,1224
"siraj",17250,740
"saiful",17335,1063
"anas",50750,3295
"waqar",11292,277
"sarah",2428,120122
"joseph",34467,578
"irshad",17749,527
"monir",22155,1548
"al",32682,7499
"naseer",15478,505
"راشد",22521,712
"umesh",12646,595
"akram",36190,1279
"zakir",17799,684
"محمود",638981,16932
"sam",38835,11802
"ansar",15398,639
"amin",28164,1339
"سالم",75207,2045
"pramod",10910,342
"afzal",16823,533
"haji",36941,1262
"ijaz",12613,341
"abood",29036,956
"sk",19269,1565
"waheed",16356,396
"ameer",30976,1158
"junaid",10843,253
"reem",2256,60858
"nurul",13971,1692
"yousef",81880,4452
"zaheer",12997,351
"asim",13918,356
"hamdan",5959,247
"saddam",22012,1100
"aftab",16196,475
"khalifa",7151,232
"sagar",12467,618
"munna",14520,853
"siva",12405,917
"aamir",12197,257
"qasim",13862,379
"shafi",11420,323
"mujeeb",11955,337
"faruk",19296,1329
"srinivas",7426,193
"yousuf",15161,743
"prasad",9472,286
"atif",12626,297
"sohel",14802,918
"waleed",68922,1091
"gulam",15738,540
"rahim",13262,691
"farhan",14192,516
"riyas",10712,250
"james",29428,858
"عمر",223306,14446
"sana",6339,21333
"salam",20600,5374
"karim",103674,2031
"rahman",13381,669
"ajmal",11329,443
"vishnu",8081,180
"shoaib",10862,256
"gopal",11291,537
"suman",11253,2193
"mona",5244,139197
"aneesh",8607,100
"suraj",10634,493
"jan",25508,3666
"michael",77789,598
"haris",9193,251
"ام",22426,308486
"rajkumar",10294,554
"ابراهيم",276274,7208
"laxman",10042,449
"مريم",10280,103542
"asma",1853,30794
"babar",10894,361
"bala",8925,610
"alex",70535,8700
"imtiaz",10410,291
"um",2868,46024
"mamun",13977,1008
"masud",15092,969
"maria",2051,61427
"roshan",11104,1084
"fatma",3101,119764
"saleh",46535,1197
"mubarak",14697,514
"jafar",15257,563
"manu",23085,2342
"george",28650,518
"mostafa",318854,6009
"hafiz",13663,400
"mahmood",28442,585
"muthu",7887,510
"يوسف",262497,26198
"jasim",10835,539
"rubel",12083,905
"حسن",337728,10524
"nur",15616,8078
"سلطان",67159,2148
"umer",9316,281
"nasar",11341,463
"wajid",9622,293
"pawan",7714,518
"arman",14961,753
"sadiq",10291,305
"shyam",11055,474
"singh",9278,361
"dilip",9669,383
"jamil",13133,527
"vicky",6677,5714
"amal",5162,80705
"sahil",13779,484
"altaf",11825,732
"shaik",28852,1742
"binu",7794,697
"shankar",9191,356
"anand",7349,180
"david",145161,1461
"mazhar",10824,250
"osama",114219,1822
"saqib",8509,197
"suhail",8414,181
"amar",28400,3410
"shihab",10559,301
"shamim",13749,1392
"samir",59429,1604
"eman",5575,170081
"lal",11667,642
"salma",4517,97679
"anoop",6226,88
"sheikh",10204,457
"ajith",7419,164
"thomas",110760,782
"jalal",17184,722
"jitendra",8157,307
"ratheesh",6899,87
"maya",3382,32239
"naveen",5626,204
"wasim",12956,367
"shibu",7829,156
"subash",8312,347
"haroon",10575,296
"adeel",8809,265
"أحمد",264411,7428
"sharif",12980,596
"kannan",8160,328
"kareem",60888,1680
"asghar",9610,300
"iftikhar",8849,267
"ranjit",7883,534
"saad",73526,2613
"rohit",8389,308
"shan",8837,1248
"mark",29801,828
"majeed",10247,327
"hanif",11391,633
"jakir",14288,942
"alamgir",10916,661
"shafiq",10710,350
"rose",2825,30445
"bashir",11240,415
"rehan",12271,1354
"awais",7629,194
"nasser",41780,993
"manish",6740,267
"noufal",6654,117
"shaikh",12245,511
"ayman",109829,1787
"noman",8548,309
"yousaf",8639,283
"shameer",8922,175
"love",10311,6702
"harish",5913,129
"rafiq",10974,474
"rajeev",6391,90
"ayaz",9076,278
"adel",98912,2712
"adam",59017,9727
"amna",376,8896
"satish",5896,161
"nawaz",8841,343
"gurpreet",5509,744
"zain",15271,2998
"mushtaq",11112,322
"shareef",9488,275
"abdu",18859,1236
"qamar",9218,2419
"ramzan",9862,428
"bunda",764,8084
"yaseen",14878,1512
"abdulrahman",33663,463
"hashim",11998,313
"princess",2735,61521
"srinu",7253,330
"ranjith",5545,113
"naser",23920,851
"marwan",41943,1874
"maha",2928,65827
"obaid",4484,103
"umair",6866,156
"nazrul",10641,648
"nizam",10252,457
"lucky",8213,1316
"shabeer",7042,174
"kiran",7066,3992
"alaa",111522,67695
"عبدالرحمن",150842,5700
"zayed",3606,185
"kamlesh",6885,348
"sulaiman",10897,271
"deep",6081,735
"farid",22616,593
"arvind",6199,228
"ramu",7866,460
"paul",59295,815
"babul",11866,814
"shajahan",8677,296
"nabeel",10040,206
"kabir",10708,582
"madhu",6191,1145
"hanan",3311,68623
"arslan",6555,202
"shabbir",8677,222
"shakir",9184,296
"azam",11019,535
"hayat",7293,17080
"zia",8262,742
"pankaj",6320,170
"nadia",1682,72274
"danish",9741,306
"munir",9530,342
"abo",181153,4057
"firoz",13027,461
"saji",6641,371
"ashfaq",8891,251
"senthil",5845,222
"bablu",10153,513
"ayesha",581,7106
"hana",3662,44339
"ammar",36908,937
"ayub",11335,454
"salah",67821,1587
"jay",13996,1368
"lovely",8828,11260
"kuldeep",4870,369
"shiva",7583,628
"haider",22985,521
"nazir",9383,354
"hamood",6859,215
"azad",16161,802
"nazim",9185,395
"murad",13871,543
"shahul",5612,152
"dharmendra",5934,177
"mohmmad",20557,726
"ناصر",96429,2156
"mumtaz",9253,719
"khurram",5925,120
"azeem",8171,270
"sathish",4680,108
"manzoor",8045,236
"amina",1285,26675
"faiz",11126,392
"wahid",10815,350
"chandan",5957,256
"akash",8206,439
"sreejith",4710,33
"subhash",5825,184
"murugan",6385,308
"rafi",9206,365
"shahin",9579,1030
"amr",192605,3965
"sujith",4850,70
"maher",34944,838
"zahir",8980,330
"jose",37821,1302
"mary",1283,34717
"chandra",9823,2283
"christian",65890,1133
"raza",8050,533
"amer",37601,1537
"ilyas",9998,301
"jawad",12163,286
"nazeer",8286,259
"mir",7117,561
"liton",8911,589
"rasel",9772,797
"nazar",8768,274
"ameen",13964,477
"alia",793,11397
"abrar",9309,6519
"rafeek",7035,215
"kamrul",9310,587
"peter",45023,490
"harun",12558,843
"tarek",81178,1221
"rajendra",7163,219
"najeeb",7075,182
"ikram",7878,2959
"murali",5684,152
"naseem",11660,1824
"faizan",7184,197
"anish",6741,206
"binod",9576,451
"rahmat",8197,562
"jashim",7615,529
"riyaz",11274,358
"حمدان",10760,307
"laila",955,28840
"manik",8346,613
"dil",8850,1396
"kabeer",6224,193
"pappu",7428,371
"vipin",4508,57
"satheesh",5508,102
"karthik",4898,143
"muhamad",21282,1185
"rama",6816,9331
"narayan",7419,321
"surendra",7031,280
"fayaz",6872,194
"karan",7278,451
"sadam",9729,423
"aysha",465,5752
"sarath",4955,115
"raheem",7059,264
"taj",8317,618
"ripon",8151,579
"zahoor",5497,280
"safdar",6755,200
"emad",89512,1305
"মোঃ",10252,1193
"nada",5100,135986
"saravanan",4581,155
"ashiq",6140,215
"rafeeq",6537,182
"daniel",85527,1781
"surya",6880,814
"osman",20116,720
"ishaq",7159,247
"mudassar",5836,134
"richard",31488,394
"yasin",13263,1046
"samer",28890,3071
"akhil",4252,60
"masood",6410,164
"belal",29941,1027
"maqsood",6994,203
"jameel",10164,325
"hamed",29763,790
"ebrahim",35695,949
"robin",22729,1388
"dileep",4868,118
"mahendra",5960,244
"rehman",4641,136
"gangadhar",3956,143
"nishad",4814,113
"vivek",4121,72
"marwa",2162,94905
"zainab",822,27553
"rami",24249,582
"sankar",6047,291
"unni",4685,103
"bharat",5985,234
"ganga",5784,1392
"ahamed",10046,520
"govind",4883,187
"sanjeev",4559,88
"sarfraz",7174,182
"angel",3322,10354
"lina",865,26182
"ranjeet",4690,207
"prasanth",3845,50
"antony",10721,173
"priya",802,5905
"joy",6534,8609
"francis",27050,440
"gopi",4428,218
"samira",1251,23119
"anees",7399,294
"wael",58856,805
"dana",5864,21478
"صالح",91969,2135
"sachin",4171,105
"حسين",393654,10913
"anna",1425,32829
"mo",33664,7636
"yusuf",16399,687
"kazi",7225,453
"tony",42779,891
"sajan",5473,295
"dipak",7534,456
"om",17518,166178
"moideen",4124,134
"alamin",8711,721
"pintu",4972,254
"zahra",1037,21565
"nirmal",4579,310
"vishal",4334,92
"mizan",8344,649
"muna",2611,11118
"saba",1787,8541
"shiv",5829,266
"dawood",7574,221
"navas",5192,107
"wali",5617,225
"satnam",3082,110
"mamah",521,5834
"nizar",8231,159
"shams",9069,10278
"renjith",3904,35
"shahab",6136,236
"parvez",7931,234
"sujan",5539,383
"hafeez",5373,198
"hala",2350,57944
"farhad",8610,337
"essa",9086,360
"shani",4702,2851
"ansari",9987,466
"habeeb",6165,236
"shamsu",4814,206
"farah",1840,34636
"ashish",4170,124
"youssef",95427,3580
"jaleel",4928,128
"guddu",6661,292
"sonia",884,37722
"sasi",5518,712
"subair",4194,110
"rani",2961,8782
"manikandan",3748,120
"bishnu",6582,797
"fathima",766,5938
"samad",6185,274
"nikhil",3478,57
"nisha",746,5423
"huda",892,26026
"shiju",4007,57
"أبو",172732,2862
"mandeep",3331,921
"shaikha",44,2415
"وليد",166662,3686
"dulal",7119,470
"abhilash",3476,35
"venkatesh",4205,123
"chand",8478,420
"murtaza",5379,130
"latheef",4493,122
"walid",44103,679
"jagdish",4494,210
"grace",498,10887
"mukhtar",7987,219
"raman",5322,1080
"anthony",70785,465
"منصور",39864,953
"robert",35951,556
"fadi",15358,452
"azeez",5460,213
"bikash",5466,319
"afsal",3792,75
"fida",4139,879
"noora",548,7036
"yahya",27068,820
"durga",5199,1271
"sudheer",4313,74
"nawab",6545,258
"meme",3156,19606
"kishor",4511,165
"afsar",6750,300
"happy",4829,2904
"haneefa",4266,170
"jack",18438,1097
"selvam",3623,217
"selva",4012,357
"helal",8833,472
"madan",5342,218
"mehar",5309,295
"kaleem",6269,179
"roy",8783,337
"johnson",4288,157
"helen",440,9808
"balwinder",2720,257
"prashanth",2257,35
"sajith",3358,45
"mathew",4917,102
"shakil",7317,282
"vinay",3632,89
"omer",27447,1563
"heba",2148,107262
"abdulaziz",26935,497
"harpreet",3247,971
"saju",3941,182
"عادل",137290,3133
"ajit",3811,152
"yasser",68377,1120
"amira",2481,94027
"sai",3750,608
"bunga",536,5327
"anowar",6569,504
"فاطمة",1873,31573
"zaid",22909,860
"mimi",1495,9684
"sarwar",7879,312
"sumesh",3271,42
"baiju",3860,67
"aqeel",7105,141
"jaan",5009,1143
"don",10828,873
"nadir",7005,232
"sukhwinder",2666,262
"naushad",8497,214
"dev",6151,308
"ravinder",3004,291
"pardeep",3491,250
"anilkumar",3580,91
"faizal",3749,70
"sajeev",3535,62
"abdo",141063,3805
"sushil",3926,167
"avtar",2683,64
"sha",7592,3467
"aya",5716,195338
"hind",308,11825
"nabil",36009,650
"hani",23709,2696
"hakim",14810,437
"manal",1126,45195
"vikram",3384,91
"حميد",25261,499
"shafeek",4392,84
"joynal",5166,380
"hussein",62827,867
"masum",5909,437
"musa",9898,513
"anu",3943,4495
"sheik",4202,169
"joel",31869,444
"asha",801,5170
"abeer",1365,50977
"cinta",803,4513
"yousif",16234,751
"chris",34402,8970
"noura",837,32273
"jacob",8020,156
"suleman",5276,209
"sabu",3674,206
"فهد",109110,4434
"jenny",435,14939
"hossain",6757,451
"anita",601,17173
"michelle",598,25527
"kalam",7367,584
"dina",2014,79723
"imam",6227,332
"billal",7769,462
"deepu",3120,121
"moosa",5310,162
"alauddin",6212,343
"jaswinder",2562,437
"abdalla",28112,796
"ashik",4817,232
"malak",11251,62202
"venkat",3957,151
"gafoor",3836,133
"hamda",1465,1569
"javeed",5364,176
"abdallah",72014,1348
"samuel",30878,331
"jahir",5039,274
"moh",19506,952
"farook",4885,188
"preet",2631,1103
"jaya",4645,1703
"asharaf",3949,132
"selam",1102,4701
"mike",29105,518
"kailash",3729,202
"milan",8342,672
"nithin",2417,17
"shekar",2461,74
"manjit",2639,607
"hadi",12261,501
"srikanth",2158,46
"juma",3201,295
"muhamed",15552,428
"rita",628,18520
"ryan",22572,662
"niyas",3945,91
"فاطمه",2778,43595
"jane",1824,9377
"rasha",1529,43855
"nour",28838,79201
"mohmmed",17040,597
"kishan",3543,148
"حمود",23636,901
"anis",11542,981
"jai",3311,307
"yadav",4464,275
"majed",20799,537
"momin",5744,324
"jabbar",5299,164
"bhim",5725,334
"hisham",28941,384
"sajad",14566,444
"fareed",6368,198
"bader",20925,760
"kevin",94283,797
"sherif",51385,457
"sony",4461,1671
"sanju",4287,1168
"khurshid",5495,239
"rania",1142,54096
"زايد",6478,221
"halima",660,9003
"ravindra",3157,89
"shaheen",4189,1057
"rinku",3244,351
"جاسم",41794,923
"baba",8996,1458
"mizanur",4768,233
"martin",28772,755
"zaman",4554,704
"younus",5045,262
"yaqoob",4056,129
"rahma",1642,37172
"amrit",4209,428
"chandran",3216,133
"مصطفى",285094,9604
"sadik",6082,248
"satya",3196,382
"فيصل",80205,2249
"siti",340,4625
"nora",1921,49392
"aji",3533,248
"tamer",52454,877
"khadija",359,13063
"samar",4667,56603
"ma",14720,15174
"latif",5378,206
"ana",196123,269618
"haneef",3706,124
"nader",34420,616
"mohin",4417,300
"qadeer",3475,100
"bu",1904,307
"kasim",6564,306
"ratan",3792,244
"jennifer",327,30247
"diana",406,19307
"vijayan",3480,78
"chinna",3375,188
"hany",77828,1908
"sree",3204,551
"stephen",9311,121
"rajib",4781,259
"hakeem",4874,136
"elias",9976,348
"balu",3157,137
"ريم",2648,35737
"talal",18625,470
"husain",7491,239
"mallesh",2512,86
"ronald",7682,122
"kawsar",4955,966
"عبود",45661,1960
"girish",2487,38
"joe",15282,1390
"faris",13377,487
"fares",34343,1894
"yasmin",877,30224
"خليفه",6172,122
"mansour",14098,241
"shahidul",3908,206
"عبدالعزيز",66677,1459
"luqman",4747,127
"jani",3598,727
"sudheesh",2421,19
"jayan",2968,68
"جمال",98462,3311
"rasool",5066,132
"uttam",3174,155
"kulwinder",2234,451
"nancy",518,29622
"fahim",5235,186
"jithin",2192,14
"roman",11478,1032
"ehab",54139,717
"pooja",558,3575
"milon",5072,389
"ziad",36275,1811
"prabhu",3024,103
"kumari",1240,7119
"alya",199,3720
"sahar",1821,40352
"may",1748,26051
"varghese",2759,26
"amarjit",2195,278
"مبارك",17709,394
"reji",2991,193
"sudhakar",2842,92
"أم",4159,61970
"simon",33791,982
"tina",408,13142
"mehmood",3440,95
"jeevan",3249,171
"shahadat",4206,223
"kader",9669,661
"tareq",12297,205
"mintu",3624,202
"vinu",3094,156
"hessa",67,2719
"susan",774,9701
"younas",3266,104
"طارق",100098,2398
"baloch",1343,142
"sofia",457,13420
"thirupathi",2296,75
"palani",2444,100
"andrew",20712,154
"honey",2825,3438
"عيسى",25453,581
"sanu",4178,1595
"fatema",511,9264
"justin",14183,415
"rao",3375,126
"gull",3860,1361
"asgar",5662,216
"hiba",323,10190
"atta",3948,203
"mithun",3103,125
"hossam",97443,1249
"yaser",20169,561
"nasim",6167,897
"edwin",6855,118
"ياسر",135327,3160
"venu",2711,73
"sakthi",2437,136
"خليفة",3236,79
"bashar",10894,251
"saud",19327,681
"rafik",9589,353
"sundar",3234,147
"subhan",4664,223
"liza",332,7045
"anne",492,46404
"mazen",33498,2663
"harry",7011,279
"نور",68890,198113
"linda",503,28217
"talib",5489,180
"gautam",2714,110
"abubakar",4259,229
"nagendra",3343,157
"tom",38270,1104
"samy",36860,1255
"abdus",4318,219
"shohel",4274,260
"بو",5786,312
"vimal",2751,100
"rajendran",2771,75
"wazir",3174,106
"زهرة",13937,118564
"rauf",3234,100
"humayun",3771,176
"shaju",2494,72
"vincent",70207,464
"nazmul",4461,294
"razak",3403,134
"emmanuel",27289,261
"jamila",468,7580
"السيد",131252,2876
"lokman",4180,260
"rafiqul",4280,244
"neha",472,3757
"sri",3450,2218
"man",6558,1186
"christopher",19778,139
"siddique",2668,80
"mehdi",26084,413
"bahar",4074,2649
"سعود",36899,1167
"imad",8012,109
"rajeesh",2266,23
"mina",47034,12260
"mb",5213,1020
"sharma",2591,243
"salauddin",3968,231
"meer",3297,249
"hawa",1288,7154
"hammad",4175,126
"rocky",4041,276
"haitham",22501,193
"taha",36837,930
"golam",4502,236
"rony",5541,5162
"lala",4731,5322
"sameh",57638,1139
"jahid",5345,329
"deepa",729,2472
"narsaiah",1762,65
"charles",25441,351
"lolo",9466,46644
"abraham",5137,167
"mohmad",16989,710
"علاء",174688,3465
"mk",4506,814
"taher",15521,357
"ab",10541,1412
"krishnan",2365,83
"nabi",3549,224
"rabia",1319,4925
"bassam",18358,263
"maricel",140,3928
"sattar",4557,235
"aminul",4156,225
"ayoub",10479,274
"binoy",2188,30
"mahabub",4437,262
"rais",3973,162
"abd",30472,1077
"lyn",272,5261
"ak",4236,410
"tanha",2726,478
"ann",393,13999
"tamil",2549,333
"azim",3746,155
"saidul",3756,240
"genet",364,2857
"wafa",1492,10546
"mira",718,11524
"haja",1980,390
"elena",206,14766
"sahid",5754,343
"nagaraju",2126,95
"ruhul",4124,251
"allan",12781,184
"mohammd",8080,427
"putri",400,4205
"joby",2169,116
"jason",23535,259
"wahab",4059,160
"didar",3396,408
"haya",664,12572
"main",3810,307
"alexander",10747,142
"manju",1319,3129
"william",27623,270
"tigist",183,2084
"veera",2141,167
"latifa",147,7162
"sukh",2219,264
"essam",40808,567
"hamada",70521,1675
"jojo",11187,17912
"philip",7576,84
"jass",1903,387
"shanu",3721,352
"aliya",411,3532
"sadia",619,4944
"jassim",5360,131
"manohar",2337,80
"فارس",92051,5818
"mohammod",3583,240
"badsha",3835,203
"julie",731,67342
"elizabeth",136,8569
"jalil",3941,178
"salama",5988,1522
"mannan",4169,337
"akter",4176,412
"anwer",6099,233
"albert",14324,296
"sampath",2522,104
"badshah",2923,101
"jimmy",20996,329
"gireesh",2081,19
"sekar",2488,249
"gina",215,8976
"sameera",1047,3305
"samim",5506,399
"rai",3774,774
"asmaa",3664,145810
"nana",3696,33939
"balaji",2199,54
"sohag",3921,328
"hesham",62092,797
"মোহাম্মদ",3262,257
"patrick",92216,761
"anju",507,2519
"ahlam",782,18284
"reda",45866,7001
"rk",3403,349
"emran",4829,310
"habibur",3828,187
"ايمن",106174,2522
"wilson",4759,109
"swamy",1712,72
"ala",7148,2683
"firas",10456,134
"delowar",3648,235
"karthi",1979,114
"laxmi",2562,3136
"chaudhary",2991,109
"jaber",6453,216
"hussam",13701,181
"khaleel",4510,101
"barkat",3280,126
"jocelyn",2712,4373
"sally",595,22396
"jessica",373,35818
"sham",3301,2807
"pandi",1810,122
"suliman",7265,212
"divya",169,2273
"aida",267,11643
"ماجد",80178,1934
"alim",4158,295
"delwar",3285,174
"jassi",1667,263
"jhon",5035,329
"karen",771,15512
"sandra",705,55202
"khawla",56,3191
"zara",625,4235
"mohsen",22981,391
"seema",283,3088
"amran",3979,364
"tara",3348,6042
"rowena",69,3655
"mhd",3948,145
"murugesan",1952,97
"mohmed",57158,2065
"ghada",735,41177
"على",96086,4345
"ruby",533,5397
"shadi",7802,544
"irene",178,11900
"rj",4715,583
"royal",2743,510
"iman",2109,9484
"hazem",46281,1079
"idrees",3015,79
"amani",534,13846
"ramjan",4177,259
"ayoob",3026,83
"evelyn",94,5338
"aktar",3838,369
"sa",13057,17633
"ben",24940,962
"ام محمد",1530,27653
"robiul",3763,260
"عماد",122673,2341
"benny",5565,168
"eslam",173102,6128
"mahi",2470,2186
"marina",745,43039
"jana",2214,32264
"annie",311,37268
"tajul",3164,194
"raed",16902,292
"king",7694,291
"badal",3334,193
"vijesh",1633,15
"naga",2599,361
"deva",2175,316
"jaffar",2807,79
"sanam",2957,2630
"siddiq",2592,71
"max",26213,846
"yazan",13248,403
"mari",2337,4121
"saber",16884,415
"malek",16010,3990
"dani",6326,1672
"uzzal",2825,199
"rawan",1643,37829
"اسماعيل",47162,1032
"sahab",3133,430
"burhan",4683,175
"samsul",4190,303
"riya",889,2778
"emma",702,31430
"mohanan",1994,32
"nagesh",1970,58
"jewel",3136,726
"marie",1786,119640
"shine",1747,769
"karam",16006,850
"nawal",657,13086
"بدر",52183,3435
"hannan",3476,1017
"sujon",3699,263
"salwa",690,28442
"steve",22305,203
"hanna",2209,5894
"lama",2057,11622
"bhaskar",1986,58
"shamseer",1602,12
"lara",779,17152
"abhi",2007,142
"rock",3614,256
"feras",8482,165
"anamul",3202,214
"catherine",354,64777
"rina",494,5874
"mercy",167,3350
"shohag",3014,170
"مروان",47794,4595
"younis",6397,235
"عامر",46747,1094
"bushra",437,6103
"robel",3598,306
"ساره",6232,67134
"hilal",4825,543
"حسام",136455,3870
"ramy",46452,766
"mahammad",5733,422
"josephine",125,8644
"rakib",4093,310
"رضا",95441,11168
"jabed",2550,162
"akhter",2647,102
"patel",3020,285
"sumi",581,2504
"faiza",251,6083
"yasmeen",678,24672
"radha",2187,1234
"radhakrishnan",1769,25
"farida",533,18319
"eva",509,25553
"ganesan",1667,89
"moon",2991,3184
"عصام",77987,1597
"nina",515,19234
"jasmin",806,7159
"vasu",1959,105
"pardesi",2802,224
"omran",3519,129
"lucy",243,6713
"safi",4111,2234
"dalia",811,40267
"siddik",2803,166
"selim",8163,442
"leena",136,4368
"ar",4506,1374
"chandu",2094,149
"moustafa",28589,501
"حامد",40822,926
"marilyn",85,5862
"rambabu",2340,123
"zakaria",11902,250
"jon",7648,405
"mario",23749,506
"vineesh",1540,11
"صلاح",87868,1920
"rezaul",2564,119
"nadim",3993,163
"askar",2216,59
"ابو محمد",52634,824
"eyad",18880,3154
"lulu",2785,9465
"عبد",53119,2915
"shyju",1668,20
"alma",350,4679
"rayan",23133,3897
"christine",473,73708
"bahadur",2608,144
"kamil",5605,274
"asraf",4428,268
"haidar",7852,230
"ad",4483,875
"yara",1641,36348
"kala",2108,1131
"ghassan",6181,52
"sayeed",2918,80
"khamis",4044,77
"منى",1758,29581
"عمار",82872,3890
"سليمان",38489,889
"samah",1355,34658
"ian",6841,185
"anjum",2141,673
"sailu",1339,99
"wafaa",809,39356
"jasmine",345,9843
"ariful",2761,135
"ghani",2072,62
"habiba",1374,33743
"mahbub",4140,198
"nani",2478,3167
"arumugam",1775,103
"amy",419,10412
"rima",366,5195
"halim",6201,389
"sebastian",5646,61
"خميس",16442,332
"salih",7088,204
"نوره",2235,28927
"jean",63056,5942
"marites",56,2914
"safa",2383,12581
"سيد",150210,3656
"eid",10076,243
"yunus",4931,179
"حنان",2746,36495
"aleem",3123,99
"mido",57383,3644
"basel",9435,269
"ola",824,27285
"bindu",549,1807
"narayana",1832,75
"adham",34490,2169
"jasem",2360,92
"sita",1115,2706
"alan",17713,683
"awad",10758,261
"cristina",132,9249
"mini",1172,2981
"balal",3158,328
"emily",115,10001
"samia",670,27547
"sada",1916,2797
"peer",2135,74
"seraj",5679,323
"pk",2388,228
"rafique",2130,67
"moidu",1270,38
"ahammed",2315,93
"ramachandran",1385,43
"shafiqul",2458,124
"hatem",25965,365
"qadir",1745,51
"اشرف",91128,1900
"julia",342,19748
"alice",395,23663
"khokon",2903,202
"bella",360,4370
"سعد",120097,3143
"lakshmi",835,2481
"aj",3218,920
"billa",1519,156
"prasanna",1720,300
"gamal",46330,1070
"gill",1429,290
"anitha",138,1925
"jutt",2295,151
"عمرو",116023,3971
"shamas",2199,151
"meseret",299,1696
"abdulsalam",2932,91
"krish",1885,125
"narayanan",1414,38
"bijoy",1822,61
"ameera",169,4150
"noha",1315,43629
"juwel",2491,183
"amro",9431,210
"durai",1541,72
"إبراهيم",48030,1046
"mahdi",12409,354
"reza",3702,315
"arlene",66,3054
"magar",3594,467
"vel",1362,93
"abed",10209,267
"alem",1252,1968
"shahad",1181,13817
"as",6476,5681
"mahmud",9475,377
"lana",908,14003
"هشام",80866,1806
"mariyam",328,2163
"vijaya",2007,802
"surendran",1669,30
"nicole",480,48753
"kaka",4409,632
"gujjar",2173,149
"doaa",1289,64889
"shahed",2377,3169
"shaima",257,7006
"medo",54095,4395
"ateeq",2085,49
"meena",775,3201
"fouad",16456,303
"sabbir",3582,212
"jeet",1807,121
"ashokan",1410,29
"marilou",59,3557
"din",2446,239
"arwa",687,17811
"sarita",352,2277
"kim",4463,13919
"nayan",1931,144
"sulthan",1868,75
"امير",137310,8535
"layla",371,9411
"jahirul",2436,133
"sumaya",273,2790
"joyce",353,6588
"hicham",8548,94
"kobir",3329,296
"sohaib",3813,63
"ani",2046,3111
"mainuddin",2592,136
"badr",17975,1288
"حماده",102299,2722
"ايمان",2937,43378
"angela",217,13023
"jad",2943,322
"raaz",2807,164
"khokan",2287,167
"mohiuddin",2221,127
"مصطفي",138905,5083
"roger",22321,310
"sivakumar",1814,94
"sama",3017,36789
"raymond",11682,148
"gurung",2199,298
"nihal",2031,3433
"mohamd",16034,703
"marta",205,4306
"عبد الله",44525,1954
"rashad",6960,222
"aster",222,1720
"eissa",2251,71
"betty",159,10337
"sala",2497,575
"tipu",2322,130
"sawsan",203,10761
"naima",293,8872
"ibraheem",9210,161
"عدنان",33895,647
"rebecca",110,9546
"gias",2335,158
"gilbert",13181,201
"laura",636,64463
"khorshed",2707,152
"khair",1725,102
"মো",4024,611
"armani",1075,101
"sabi",1355,710
"shaban",9883,206
"idris",4362,143
"tarik",8087,291
"bo",8096,2733
"das",1764,182
"laith",11437,217
"zaki",7592,257
"elsa",299,11064
"عبد الرحمن",53382,3529
"sanaa",451,18801
"nona",2590,53051
"selvaraj",1573,80
"sajeevan",1229,17
"faten",433,19166
"achu",1156,479
"abi",2543,1187
"basma",930,38561
"ahad",2327,1447
"saman",8659,817
"شهد",4520,41277
"raaj",2279,131
"matar",1063,55
"maan",2234,246
"naim",6163,244
"nawaf",19370,625
"baskar",1434,52
"emon",2470,236
"leen",299,8989
"lorna",53,2755
"hashem",8866,235
"chan",2678,830
"aziza",297,7005
"azza",592,28741
"mughal",1783,86
"balakrishnan",1106,19
"kadir",5989,405
"مهند",76352,3165
"bob",12688,947
"muhsin",2278,56
"محسن",45262,999
"sahadat",2519,164
"shajan",1806,204
"elham",441,15039
"هيثم",60667,1260
"ray",4677,745
"soman",1761,193
"chaudhry",1576,30
"امل",4810,43496
"هاني",70234,1506
"soso",4542,15638
"عمران",9922,377
"mh",4140,870
"manar",1798,42781
"simo",3979,889
"saran",1375,485
"عثمان",28153,661
"carlos",18530,239
"johny",2731,66
"lea",598,48184
"majd",5891,2289
"appu",1365,85
"xavier",29772,191
"roza",594,4779
"ashkar",1005,19
"basha",5582,434
"walaa",1873,38652
"rachid",17439,269
"bal",2167,254
"bacha",3022,119
"khaja",2686,74
"safwan",3287,86
"haq",1540,41
"abubaker",1881,37
"arafat",3947,223
"sani",2318,683
"tala",591,6318
"ghazi",3968,89
"مها",1557,25320
"ail",10780,1129
"basir",2388,156
"jackson",2401,80
"randa",384,18122
"hadeel",265,13757
"raihan",2060,168
"khawaja",1342,38
"biplob",1845,110
"shekh",3894,181
"ishak",2945,139
"masoud",3182,54
"magdy",43244,737
"سارة",2459,28548
"esraa",2525,118192
"وردة",10036,70691
"mae",343,3872
"alomgir",2879,231
"ahamad",4353,359
"kali",1905,1004
"mohanad",13452,353
"hasna",224,3683
"vanessa",268,33273
"andrea",4297,18133
"kausar",2045,455
"sd",2379,388
"ولد",5752,232
"josim",2624,270
"sobuj",2554,192
"hmood",3247,142
"antonio",21360,274
"balan",1340,60
"pretty",319,5176
"sahin",3862,354
"meron",446,1057
"jony",2441,235
"ruwan",1642,126
"ياسمين",3886,42383
"tiger",4465,315
"rajeevan",1113,24
"nathan",24521,335
"amine",15852,434
"mon",4187,3852
"kalai",1283,285
"almaz",304,1672
"mano",6841,3970
"najim",3622,168
"sakil",3203,175
"ra",4737,6512
"moe",3457,239
"mousa",7582,206
"awal",2432,203
"khader",3053,89
"razzak",2028,129
"haneen",621,18897
"devi",1120,1994
"سيف",25436,1698
"خليل",28980,689
"issam",5664,78
"giri",1435,84
"sh",5605,7231
"نبيل",34920,720
"بلال",35913,1749
"forhad",2139,153
"sathyan",1140,25
"rasal",1468,144
"وائل",56387,1074
"ابومحمد",32870,499
"ibrahem",26717,444
"gazi",3091,166
"carol",285,6266
"sagor",2751,210
"marivic",41,1898
"yeasin",1988,137
"ramulu",976,41
"gabriel",20167,368
"sharaf",2433,118
"nor",7474,16699
"kamala",494,1790
"saed",12720,486
"guru",1404,49
"خلود",1640,15648
"قاسم",49537,1122
"maruf",2265,122
"هند",993,17008
"perumal",1194,62
"najat",763,4604
"tania",414,8873
"ruba",133,5847
"johir",2437,182
"ميمي",2801,12827
"issa",9536,377
"maram",732,17320
"enas",511,23820
"johnny",12124,180
"yassin",16225,1791
"cynthia",112,11497
"samson",1664,96
"shafique",1672,45
"sunitha",128,1493
"gangaram",1199,53
"shady",24998,789
"reddy",2324,193
"jahan",1569,237
"saheb",2724,125
"kadar",1850,120
"ابو احمد",40126,562
"claire",190,33579
"thakur",1544,62
"nil",2720,1122
"jabar",3148,119
"sabuj",1610,103
"كريم",116833,6355
"سمير",60122,1609
"alom",2819,302
"شريف",56395,1324
"nabila",298,10032
"mariya",398,2194
"indika",1373,227
"caroline",264,46446
"mj",2363,2347
"siham",166,6164
"jibon",2182,245
"saoud",1582,42
"joey",5169,464
"manuel",20194,197
"renuka",196,1539
"zeina",93,6603
"akthar",1623,85
"rajab",2607,91
"hosam",27018,569
"nirmala",232,1672
"khulood",20,1342
"md sumon",1992,255
"roni",3154,1635
"maaz",2026,68
"rola",153,5397
"razan",590,10956
"moha",13985,3089
"sandhu",900,78
"lee",3836,2734
"هدى",1265,21017
"jessy",5307,5217
"kutty",1185,136
"اميرة",4927,56748
"mis",666,2993
"atef",25339,444
"shosho",1577,32625
"sima",586,3332
"zaher",4256,194
"mila",288,4447
"suzan",565,9439
"suma",320,1784
"renu",366,1468
"solomon",2186,94
"shipon",1647,102
"naimat",768,29
"subramanian",913,27
"yassine",10932,213
"gyan",1719,279
"alain",77926,744
"mia",951,6275
"hanaa",650,27672
"fawaz",10151,246
"md kamal",1957,275
"haytham",10931,98
"سامي",52674,1458
"bava",1522,76
"mobarak",2591,138
"kami",1319,468
"fahd",14326,908
"basem",20300,399
"momen",22028,536
"sandy",3014,23121
"borhan",2143,114
"ليلى",662,11566
"pushpa",665,1345
"shahjahan",1697,86
"malika",421,12365
"rahaf",567,12835
"dima",2353,3694
"اسلام",129039,6676
"nahid",2117,1506
"riyad",4111,156
"عوض",23097,467
"rajanna",845,34
"km",1957,339
"hero",3281,1403
"moorthy",1065,52
"hussan",2026,108
"marc",60336,491
"maged",25364,402
"elsayed",25037,349
"tej",1652,81
"fati",477,5830
"leila",243,14071
"saghir",1292,14
"younes",8903,259
"dania",130,5218
"fateh",2122,82
"akther",1410,110
"fayez",6811,161
"ملاك",10716,47181
"al amin",1757,151
"md faruk",2066,318
"afridi",1017,60
"chauhan",1027,62
"melissa",325,29319
"medina",247,1994
"jameela",98,1244
"ماهر",44682,1035
"shahalam",2133,131
"joshim",1914,141
"nadine",272,35328
"mhmd",13498,403
"swami",973,29
"hend",856,39445
"anusha",216,1580
"amanda",211,10251
"butt",1290,91
"titu",1333,92
"dk",1601,193
"thapa",1666,220
"عبده",93928,3173
"faysal",3275,136
"amzad",2112,114
"عبير",2491,32752
"naji",2986,142
"sayanna",704,28
"elie",5681,477
"زينب",3803,43050
"hanadi",81,4031
"sadek",4204,210
"anji",1295,185
"ghaith",3258,62
"safaa",3418,24212
"bernard",43371,567
"jihad",3776,1083
"غريب",19762,1268
"min",1962,827
"najla",83,3699
"almas",1570,1061
"جمعه",19578,434
"md rubel",2114,257
"jawaher",78,2300
"saada",357,1807
"ameena",110,1438
"shaker",6208,157
"najwa",128,4285
"myrna",36,2081
"san",3146,2557
"velu",1149,57
"jafor",1862,146
"zar",1207,136
"ramana",2588,229
"mohideen",1018,16
"najib",2881,71
"christina",136,9724
"hayati",468,1503
"اسامه",59563,1570
"gani",1526,163
"jaffer",1427,25
"badri",1904,126
"choudhary",1335,41
"اسماء",4129,44471
"sajib",1538,84
"lingam",896,49
"halal",1598,203
"oli",2804,505
"janu",1364,749
"yasmine",254,17934
"warda",413,7103
"طلال",25383,728
"نايف",42122,1128
"jo",15157,6345
"md mamun",1871,237
"othman",8820,158
"sp",1797,243
"kp",1100,98
"fahed",3496,146
"aref",2465,62
"منال",1123,18731
"mustapha",8811,117
"raji",1450,1266
"sabrina",392,37117
"azar",1411,272
"dalal",330,9050
"sabah",5335,12756
"rayhan",2049,217
"razzaq",1424,54
"عبدو",29876,1286
"jowel",1828,149
"hafez",4169,128
"wissam",4025,658
"صقر",20825,589
"hoda",7295,39896
"رمضان",72112,1601
"saida",370,5811
"lena",414,15788
"mijan",2101,209
"nahla",283,15859
"red",3482,1870
"bahaa",15748,253
"ismael",9910,232
"bhatti",967,50
"saab",1115,235
"merry",214,2118
"عائشة",182,4597
"naik",1002,44
"jas",1630,1018
"hm",3169,686
"michel",90748,1439
"falah",9036,190
"علی",3261,142
"fatoom",91,3106
"ذياب",2939,75
"tamara",220,10332
"kashem",1534,127
"mosa",7959,384
"hi",3582,1249
"nasr",10161,319
"lydia",104,11258
"ramadan",22889,503
"bhai",1492,412
"abdel",20605,358
"ramakrishnan",726,20
"hamod",2040,96
"soni",1177,1444
"rihan",2661,347
"bassem",15384,177
"شوق",1326,8398
"mujtaba",2046,44
"farhat",1913,540
"kamel",20324,418
"ihab",4875,58
"جابر",25367,598
"abdi",3895,469
"jangir",906,67
"charan",947,52
"nisreen",83,4314
"shanti",455,1384
"sayyed",1859,58
"sky",2202,1573
"qayyum",1031,24
"anower",1647,114
"roland",14706,154
"sad",5481,2787
"تامر",42269,1032
"fernando",9286,188
"saha",1690,361
"gupta",1087,65
"stephanie",380,70265
"faruq",1862,91
"rehab",636,30251
"latha",176,1428
"lili",893,15799
"md sohel",1918,226
"soma",2494,24873
"morad",9318,299
"tito",15722,999
"shehab",11908,282
"ash",2518,1562
"deen",1389,100
"qais",4993,84
"abdula",2507,163
"roro",1595,6341
"hajar",666,6283
"polash",1496,101
"عباس",145924,4169
"kavi",870,498
"mar",3298,5205
"gm",2173,305
"sudha",647,953
"bellal",1873,129
"alli",2526,491
"ria",138,3171
"mostofa",1979,166
"rosa",354,9892
"lia",254,3324
"sasidharan",742,8
"karima",338,13321
"afghan",1151,114
"haifa",156,4763
"ندى",2163,27808
"hem",1770,210
"moslem",1989,242
"fuad",4524,152
"esam",14978,293
"raveendran",784,6
"عارف",7358,149
"israfil",1743,79
"yahia",13314,412
"pandu",1163,192
"sidhu",777,56
"santi",718,1434
"يعقوب",10313,258
"lola",1417,33017
"emam",4608,276
"نواف",41134,1336
"shami",1255,254
"hamdy",31093,623
"مطر",2198,351
"mana",2589,4197
"ramzi",5437,112
"roma",3309,16476
"hema",22498,2506
"madhavan",727,20
"ام احمد",892,14835
"jm",4387,789
"كمال",30092,734
"يحيى",35589,1207
"el",29496,5776
"em",1797,13008
"jehad",5709,915
"patricia",427,57960
"amany",1006,47230
"sayad",2141,121
"ربيع",32855,2302
"md monir",1909,288
"amena",261,3277
"nidal",2928,361
"duaa",158,6378
"kh",3684,1431
"fady",24431,539
"عاطف",39991,722
"زياد",61740,5825
"rob",6947,124
"souad",173,6789
"santos",2045,376
"lamia",228,9220
"fathi",8626,371
"kumara",1819,186
"punjabi",961,120
"safia",128,5027
"ياسين",37724,6805
"esmail",7690,206
"aly",21150,1188
"rahil",1267,347
"medhat",20057,212
"يونس",25150,890
"رامي",33026,1047
"سامح",51633,1204
"carla",166,12573
"pal",1083,111
"موسى",32482,1068
"milad",3963,165
"habibi",1210,2149
"tota",4091,57137
"madiha",108,3407
"amjed",2615,65
"shohid",1282,72
"francisco",6170,141
"nirob",1652,119
"بسام",29631,756
"لولو",3131,20265
"rajput",973,41
"mahal",1478,2569
"koya",1273,60
"rs",1891,392
"kadija",250,1852
"wassim",3745,142
"kuttan",827,21
"سامر",19637,626
"ammu",401,1054
"koko",17168,14687
"heart",2076,2534
"li",1181,3053
"na",4058,10280
"somon",1407,138
"ahammad",1118,65
"basher",2847,122
"abas",6839,329
"ayham",3556,166
"priyantha",1206,72
"marry",187,1675
"areej",220,7495
"bk",1324,160
"sali",1530,1965
"صابر",31878,775
"بن",4763,115
"assad",2461,95
"mamdouh",14375,181
"rashel",808,185
"ronaldo",3195,107
"mahmod",24299,762
"amel",462,10946
"forid",1425,104
"mery",259,2607
"pak",1438,210
"وفاء",1042,17315
"bangla",1354,312
"thani",443,208
"wesam",9088,7018
"abir",1814,2910
"zuhair",2480,42
"sohal",1001,83
"mervat",329,19380
"safar",1692,77
"abou",9041,207
"afaf",349,13627
"carl",4981,199
"riad",4499,107
"sanjeewa",903,58
"ks",1036,194
"kuddus",1253,97
"tamang",1553,424
"alla",3136,2643
"soud",2079,184
"madu",829,1444
"joshi",794,42
"meri",711,1952
"سلمان",27384,812
"mohasin",1150,76
"نادر",25755,833
"mounir",8106,106
"hamdi",7042,300
"saini",695,50
"soha",472,14915
"kamar",1695,1618
"abdelaziz",8114,108
"আমি",1787,457
"lila",1247,7931
"jit",1475,94
"عزوز",27586,1188
"شهاب",15912,615
"عبدالقادر",9832,168
"هاشم",24551,607
"tanya",961,5277
"ha",8678,7537
"akil",1709,95
"ayat",701,13577
"tuhin",1400,102
"ata",2753,245
"abdou",9044,300
"sun",2430,4755
"امين",21255,678
"dolly",153,3100
"subbu",1280,83
"mansor",3392,137
"aseel",2280,12577
"zeinab",308,20930
"ralph",2675,46
"jordan",31348,826
"shahi",847,400
"rema",338,4932
"aiman",5407,468
"rakan",11126,377
"radwan",4576,108
"الصقر",29263,1207
"شيماء",2949,38332
"rahaman",1142,92
"venky",764,23
"kumaran",766,42
"محمد علي",15032,500
"اميره",5501,55945
"moktar",2171,142
"zidi",719,114
"العنود",525,6400
"shrestha",919,143
"عبد العزيز",20238,490
"akkas",1411,112
"saqer",1533,40
"hanane",130,5369
"farouk",8757,251
"good",2669,1077
"nia",124,1238
"ميدو",54433,5559
"مراد",20657,837
"علاوي",64235,2543
"solaiman",1379,71
"seham",369,15568
"new",2564,1349
"ah",11478,1348
"moner",3071,230
"ابواحمد",23318,304
"nepali",1465,236
"princes",626,4630
"awan",949,231
"ghanem",1353,44
"sekhar",965,41
"nelly",262,15103
"noof",183,2750
"shak",1502,152
"kasem",2982,173
"nahas",639,11
"جوري",1121,12500
"rohim",1315,137
"باسم",56657,1613
"اسامة",25177,660
"hossein",1496,24
"ami",2332,3241
"حنين",7547,41828
"moni",1234,2331
"sukumaran",635,16
"robi",1922,491
"yosef",15955,1421
"nicolas",117538,583
"celine",406,65094
"karem",32553,1103
"tayab",908,29
"انور",29844,806
"shorif",1204,92
"majdi",3419,29
"mody",22987,5369
"نوال",441,8333
"seif",21272,1551
"ed",3765,1105
"joanna",36,5153
"ፍቅር",698,877
"norma",70,2782
"fadia",119,4687
"sultana",204,1813
"batool",122,5048
"hasoon",1177,60
"خديجة",155,3881
"foysal",1330,76
"mahamad",10317,796
"shopon",1226,76
"jaman",1098,76
"all",2465,551
"mahammed",2541,138
"bayan",714,7841
"غلا",498,5026
"sojib",1483,102
"med",4525,297
"bent",129,1728
"abbasi",822,47
"حمزة",23862,1828
"abdulkarim",2025,93
"mais",156,2851
"rayyan",1849,255
"سليم",15155,621
"bhaskaran",447,10
"pasha",1763,169
"zena",256,4613
"hoor",206,3013
"lilian",5897,2547
"moataz",15466,210
"taleb",1675,74
"حازم",41937,1657
"سمر",1870,24133
"moorthi",631,33
"real",1993,425
"سعاد",478,10073
"amera",666,15124
"ممدوح",30398,652
"حمادة",38345,1159
"ahmd",10581,606
"jatt",658,32
"memo",3778,3834
"ramasamy",516,31
"rasul",2309,90
"ridoy",1457,107
"shek",1462,113
"davis",995,27
"israa",163,9899
"yamen",2533,280
"mazin",6744,216
"suri",697,138
"fadwa",62,3553
"no",7495,14882
"حمدي",32990,821
"عيد",30933,713
"شعبان",41603,687
"عبدالرحيم",11965,188
"sid",1876,212
"mahmad",5971,370
"waled",20661,413
"karina",108,3649
"nahed",569,15031
"حاتم",35006,776
"kc",1008,534
"mofiz",1293,91
"rabih",940,9
"mohamed ali",2952,53
"مالك",33288,6484
"rajaa",201,2814
"naif",16800,547
"tatiana",75,9559
"jannat",837,1833
"kholoud",191,12710
"فراس",26844,657
"motaleb",1113,70
"pamela",102,5747
"nassar",1909,66
"أميرة",1692,21523
"aboud",1978,58
"tarak",1537,77
"bd",1703,268
"best",1901,1043
"mayada",294,13556
"زهره",6775,54545
"sreedharan",453,5
"rida",2602,955
"مازن",35923,3686
"hussien",17242,264
"an",4703,7305
"fadel",4231,139
"انا",89299,94809
"mourad",11178,163
"sofi",639,1767
"سحر",2879,21695
"che",776,1202
"bassel",2718,30
"theresa",30,2393
"clara",265,21930
"alal",1107,175
"sari",1998,1378
"أم محمد",376,5797
"باسل",12372,502
"chacko",593,7
"darwish",889,15
"ilham",513,3175
"sohid",1455,125
"koshy",526,19
"bernadette",119,14734
"sadi",1044,222
"sajed",1312,89
"حمودي",135897,6862
"mp",869,427
"mak",1253,310
"hajji",2601,117
"jiji",976,1935
"ادم",32399,9124
"hajer",110,3818
"jacqueline",172,25685
"georges",17712,233
"paula",1144,7870
"ka",4495,2493
"fatiha",134,6314
"عائشه",203,4119
"فادي",13170,555
"অচেনা",1274,380
"شمس",16575,43785
"akbor",1087,92
"mala",962,1430
"karl",5552,118
"suleiman",2322,49
"mc",2611,1535
"augustine",588,508
"sb",1092,275
"أيمن",22246,388
"عبدالكريم",14536,269
"diaa",11029,420
"moussa",12360,333
"fouzia",46,2594
"asaad",5622,136
"brahim",9773,133
"abad",1464,133
"رجب",38647,704
"tahani",103,4130
"husen",3763,338
"سناء",385,7932
"nk",796,196
"sager",1229,43
"معاذ",27868,2774
"shanthi",125,898
"حبيب",30053,13553
"صديق",7558,250
"mouna",84,3356
"هلال",10703,325
"নীল",1365,592
"meriam",47,2227
"انس",25909,3432
"ham",2780,444
"rim",460,2694
"عبدالسلام",12140,202
"ghadeer",231,6453
"ايهاب",35534,844
"bali",869,131
"agha",666,45
"imane",103,5122
"rabab",241,11843
"rosy",109,2409
"yas",2081,3122
"zed",846,791
"dany",10313,5717
"motin",1142,88
"carmen",189,9820
"ghazal",356,1631
"مجدي",29904,687
"romy",1353,2228
"عبادي",9030,257
"pandian",575,23
"أبو محمد",13887,154
"غانم",6837,122
"toni",5156,762
"oussama",3826,84
"farha",307,4593
"pinto",958,133
"jesus",3281,989
"hridoy",1805,103
"kaled",7085,343
"iyad",2838,148
"ramez",5978,120
"dada",2409,1558
"seenu",823,86
"jain",605,163
"pauline",257,37277
"raghavan",360,4
"satar",1478,59
"حمزه",34347,2837
"ابو علي",36172,536
"rm",1179,648
"salha",205,1729
"عزيز",13762,458
"wati",71,609
"lynn",71,3720
"samra",269,1885
"ja",1877,1165
"si",1878,1087
"mena",23941,21868
"khadar",1418,73
"رضوان",10177,311
"you",4723,1496
"sharifa",54,1169
"أمير",33587,1766
"mokhtar",7903,127
"zahraa",480,16903
"zarif",754,26
"susu",430,2074
"الحاج",49876,1071
"motaz",6609,140
"عبدالحميد",16739,276
"cheema",771,58
"غيث",10342,538
"rajon",853,61
"kawser",1009,281
"andre",34844,561
"aalam",1930,121
"رائد",37723,742
"aymen",7705,244
"nilu",333,942
"nano",1349,5678
"ورده",7497,44647
"ahmmed",2230,83
"الزعيم",14093,413
"houda",2958,4555
"sriyani",89,797
"nepal",910,215
"naz",1084,2852
"raya",269,2452
"momo",20283,4719
"فضل",7546,321
"البلوشي",1271,221
"muneera",38,1401
"فؤاد",22428,501
"محمد احمد",14358,598
"زكريا",15784,418
"هناء",759,13371
"maysa",106,4237
"vasudevan",418,10
"الريم",92,1273
"tandel",395,9
"ck",756,151
"mim",829,1321
"tamy",63,391
"ام علي",372,6075
"nirosha",155,896
"ابتسام",317,7643
"lata",89,593
"همس",5846,24643
"suji",598,498
"jb",4334,233
"narasimha",1012,37
"ismaeel",1609,38
"sah",1292,319
"فتحي",23634,590
"نسرين",616,9050
"naidu",488,29
"mirna",123,5722
"الطيب",12249,409
"tracy",149,3882
"فرح",2859,17542
"mg",1507,553
"nathalie",534,100246
"pathan",1239,66
"بشير",15152,292
"bouchra",36,3323
"riham",159,5929
"অবুঝ",1251,344
"vk",562,53
"luna",247,5505
"satti",478,34
"hayder",4600,103
"ako",3756,869
"mojib",1181,75
"jamel",4894,195
"طه",41109,1094
"pierre",86840,835
"عبيد",1830,64
"nobi",843,57
"flower",747,5438
"خديجه",178,4047
"abass",3246,115
"hamida",235,1832
"loubna",36,2829
"hamd",1961,118
"جلال",21095,550
"mel",1521,7840
"yaman",1325,282
"badol",1010,91
"ossama",3997,55
"mastan",1585,240
"وحيد",17256,503
"sreenu",1184,49
"sanad",2944,104
"biswas",663,44
"hussin",7583,236
"mohamedali",671,21
"gold",1547,728
"nagham",115,5392
"حلا",803,10015
"ezzat",8033,155
"belle",68,1004
"mathews",436,4
"bakhti",798,33
"rajpoot",573,35
"mann",508,95
"alkaabi",194,32
"dalim",1288,85
"رياض",28441,1964
"eswar",718,21
"ناجي",11437,252
"فايز",18895,439
"sar",1341,982
"nas",1693,571
"cherian",367,0
"pandey",544,41
"sal",1741,1472
"mariana",117,5901
"flora",104,5791
"rabie",2876,86
"اماني",847,11759
"smith",1020,169
"هبه",1853,25348
"mahamed",10229,483
"rachelle",45,2002
"ورد",4376,14670
"سهام",624,8930
"hilda",31,2099
"baraa",3989,3546
"ba",3927,2635
"apon",839,79
"hussen",8612,465
"jassem",1583,45
"soliman",6755,207
"جميل",17421,557
"sabri",5252,448
"منير",15832,424
"ابوعلي",20138,302
"مهدي",42634,1549
"hanin",302,4448
"ابو عبدالله",14425,211
"عطر",11194,50978
"mallika",145,919
"جمعة",7428,156
"miah",701,149
"munshi",791,31
"marianne",83,13564
"saied",8179,215
"zak",3154,185
"nedal",3320,462
"baz",764,50
"husan",882,79
"kunju",633,66
"selvan",884,45
"زيد",27162,1020
"mi",6090,3627
"مرام",1088,14364
"mussa",1179,64
"baha",2911,218
"er",1119,200
"sarkar",1193,77
"صدام",18360,336
"roula",10,841
"juliana",79,3228
"zizo",11838,1413
"fifi",1167,4956
"qader",668,23
"jd",1286,168
"lamya",56,2356
"الشيخ",26389,518
"مختار",16193,371
"mulla",673,41
"toto",7883,9111
"mah",4759,955
"jihan",289,2322
"isam",1656,34
"khalaf",3283,64
"ghouse",1150,26
"مسعود",8597,193
"سميرة",136,3479
"layal",31,1365
"raouf",3720,50
"ajaj",1319,80
"fa",4498,4605
"رشا",716,13123
"kv",427,42
"ps",582,84
"ابو خالد",9565,149
"ابو يوسف",20009,285
"mony",1527,21154
"هاجر",1948,18598
"kinza",51,611
"bm",1226,224
"طالب",12035,344
"بسمة",3631,26838
"meryem",89,3127
"thankachan",364,0
"ابوعبدالله",12237,150
"charbel",727,9
"عبدالوهاب",8885,189
"رشيد",6924,149
"الغلا",440,1441
"dara",2004,651
"আমার",900,269
"امجد",25484,663
"معتز",21713,991
"lion",1624,144
"علي محمد",8055,266
"اياد",34428,3734
"najah",613,2189
"vera",171,5303
"ghanim",929,19
"akas",904,111
"khadka",862,94
"naya",174,1360
"somun",923,98
"basim",4221,80
"سلامه",9890,436
"manjula",676,634
"جان",1663,587
"هادي",23051,719
"raafat",5684,82
"عابد",6155,192
"شادي",11766,571
"darling",519,458
"sekh",977,46
"az",3174,870
"gian",873,162
"هبة",711,10610
"dhillon",329,23
"uddin",726,66
"eddy",14247,178
"zezo",21003,4701
"sorif",942,94
"المنصوري",969,51
"kanxa",965,105
"أمل",1123,10522
"وسام",47071,3864
"nihad",1898,1288
"kurian",397,4
"abrahim",3456,142
"مجهول",11963,1790
"wedad",101,3165
"molla",1147,127
"غسان",11393,192
"richa",36,421
"صادق",28982,675
"jj",1920,598
"دعاء",1784,21423
"hareb",148,9
"نسيم",16049,24193
"wisam",2997,417
"sopon",957,100
"zineb",57,2845
"awadh",898,23
"مروه",1460,16261
"hanifa",600,647
"fathy",17293,538
"فوفو",2547,9115
"driss",4964,51
"salima",125,3768
"murthy",477,16
"نورا",1259,16778
"احمد محمد",12684,608
"jano",1048,725
"أشرف",19537,300
"tofik",1152,62
"rajak",675,50
"shadia",103,4605
"pm",742,99
"smile",1474,2340
"bangash",186,7
"نصر",14310,381
"marlene",61,9879
"cm",749,201
"dewan",822,56
"yehia",10745,233
"pandit",603,33
"حيدر",168201,4320
"zina",175,4583
"azmi",1448,104
"bhagat",402,13
"teja",423,86
"mehmet",11500,158
"sonya",189,2805
"raad",6975,199
"عاصم",15289,476
"tia",124,1569
"kb",842,98
"عبدالمنعم",8997,107
"hossin",1399,92
"miya",806,554
"mhamad",17558,1109
"فرج",15745,371
"sadeq",1926,52
"kimo",10020,858
"وسيم",8786,383
"aicha",176,9863
"lakmal",407,26
"zakia",51,2271
"মন",913,323
"tita",218,1501
"مروة",692,11383
"cp",743,59
"noyon",871,100
"مستر",13818,500
"خلف",13267,296
"la",1242,3285
"dar",1225,611
"jeanette",11,1146
"mali",960,1559
"lilia",83,3697
"আকাশ",738,143
"توفيق",12113,261
"assem",5750,116
"salvador",1316,67
"mahamud",1016,77
"مصعب",10723,350
"روان",2517,25544
"gopalan",334,6
"goma",586,484
"اسد",10344,661
"نجيب",5501,118
"messi",2540,381
"hossen",1431,72
"ابوعمر",8148,104
"meher",729,176
"sudu",617,1076
"rawad",922,129
"amen",4354,502
"isa",2035,8948
"salar",2929,235
"tata",2491,3966
"طاهر",16143,324
"fawzi",3220,69
"abubakr",1438,26
"رهف",1947,19270
"lamis",107,3627
"limbu",826,147
"hd",1283,370
"amor",2162,749
"grg",531,94
"ضياء",38437,1396
"bharti",82,255
"فريد",10603,330
"mero",6501,36497
"ayda",61,1937
"zaynab",105,1961
"رنا",1400,16773
"da",3514,2066
"بشار",14036,369
"জীবন",669,160
"salm",3517,387
"tk",611,90
"mhammad",2484,104
"soufiane",2937,43
"baban",1106,87
"مشعل",23572,757
"سلام",29396,1973
"pablo",6044,114
"ko",2660,3232
"thota",340,20
"abadi",2608,115
"karki",657,97
"ok",1504,569
"joud",297,2147
"ale",2383,689
"danielle",198,22893
"ايوب",9504,348
"titi",5291,3319
"yasmina",157,8416
"nayak",464,30
"صفاء",17635,10450
"azzam",2788,84
"insaf",533,521
"جهاد",13501,4961
"saja",445,7814
"حسان",9915,288
"kanthi",123,754
"bajwa",536,26
"abdellah",4357,60
"fadila",80,1668
"ek",704,141
"akula",335,18
"rain",809,937
"صاحب",16520,792
"shayma",81,2118
"lobna",160,7475
"ibra",3410,91
"ebrahem",13955,331
"اسعد",16327,433
"tiwari",382,14
"ranya",289,4174
"bibi",395,1237
"barakat",2006,122
"لؤي",15738,577
"chowdhury",526,37
"qasem",2195,34
"اكرم",23199,546
"مني",1630,18630
"kr",725,147
"سوسن",428,6582
"yousra",94,5941
"alisa",94,1380
"تركي",40337,1400
"mn",1022,411
"weld",333,6
"doha",1239,14146
"hadia",79,1413
"sain",451,42
"bn",1151,213
"الله",15718,16993
"dasari",392,22
"zozo",907,4180
"فاضل",21715,413
"كرم",27138,1244
"youness",2095,40
"شاهين",3907,201
"তুমি",605,231
"dee",759,1389
"mathai",377,8
"ادهم",27667,3535
"sawan",470,68
"مرحبا",4250,1187
"bujji",455,268
"rash",653,544
"جعفر",31075,1083
"nilmini",69,489
"ابو عمر",10946,188
"meriem",54,3238
"qureshi",547,21
"شموخ",5904,6240
"شوشو",1941,18854
"احسان",7193,969
"mohon",761,59
"faraj",1691,72
"ap",731,128
"إيمان",512,9477
"saduni",138,632
"حافظ",7149,169
"omaima",58,3637
"sina",903,1183
"alo",849,347
"جواد",16373,552
"raid",3088,93
"فاروق",10983,429
"ابويوسف",13528,203
"konjo",94,294
"hossan",701,81
"wail",2808,73
"جوجو",3862,15649
"مؤمن",24830,1503
"hs",790,261
"malk",4335,20548
"santhi",135,799
"oday",4519,284
"sab",968,4059
"rathod",265,14
"williams",1393,96
"نضال",5236,851
"عبداللطيف",7313,133
"rb",789,165
"katy",148,5332
"antoine",58369,339
"ابوخالد",7794,117
"louay",1111,30
"hamzeh",3252,30
"عبدلله",7501,386
"شام",706,1976
"korim",602,62
"pia",61,1791
"denise",133,12956
"mayar",673,14850
"zooz",848,2329
"za",1584,1218
"ayad",6836,332
"kha",2138,507
"sahani",358,37
"hasem",890,71
"riswan",783,52
"mohaned",5192,218
"عبدالرزاق",4662,74
"stephan",6544,76
"kan",1582,781
"khattak",206,12
"houssam",1425,18
"kabil",511,25
"أسامة",8568,191
"عبدالناصر",6829,53
"fahmi",1638,51
"ahamd",1682,107
"فوزي",10241,291
"عشق",6976,7368
"tayeb",1603,55
"achraf",2662,65
"serena",46,2830
"رانيا",711,12371
"banu",435,874
"moula",623,90
"sabiha",47,921
"hamoud",1503,56
"hosain",853,47
"so",3534,11784
"لينا",454,5995
"hk",956,219
"kumudu",119,464
"hussian",941,32
"ji",857,394
"حياة",1925,6510
"إسماعيل",7795,143
"saiyad",892,29
"wang",623,397
"selma",108,3401
"chadi",701,19
"khalek",561,104
"الذيب",1831,64
"يحي",20095,703
"ابوبكر",5653,131
"kumawat",180,11
"kd",655,124
"jaafar",2164,92
"kaur",58,702
"de",3931,2504
"hady",8692,365
"subba",913,93
"mami",411,1549
"bj",656,157
"رورو",1058,9792
"dass",344,12
"mahran",1215,57
"عبدالمجيد",14876,324
"hassain",601,29
"يزن",10977,1016
"shetty",218,21
"shake",611,70
"عبد الحميد",9692,185
"kadali",355,19
"bhandari",457,52
"الصديق",3199,131
"kunwar",383,16
"manel",292,2328
"india",825,489
"varughese",233,2
"فاتن",380,7712
"kalil",1057,50
"munda",359,7
"الكعبي",1717,127
"rihab",81,1367
"adhikari",450,42
"kt",403,134
"علا",1667,6760
"ramazan",3834,81
"دنيا",5901,19228
"امال",497,8184
"ميرا",275,4175
"ragab",12300,194
"ذيب",3330,94
"mhmad",5077,316
"samara",591,1517
"صباح",20698,7760
"chhetri",370,40
"rawat",233,25
"galal",8279,185
"ليث",27740,956
"thakuri",355,52
"monzer",1206,70
"randhawa",206,5
"قصي",18842,541
"ahmmad",1743,68
"الوردة",2406,14544
"be",5672,3736
"السعيد",12106,324
"شروق",3368,21950
"ibtisam",58,1229
"alawi",955,43
"ya",3843,6014
"suzanne",73,8904
"jee",482,280
"الحمد",16031,25170
"خضر",8808,210
"nezar",2034,42
"esra",173,3685
"allam",1383,84
"zohra",78,3961
"سلوم",5182,356
"marcel",16769,573
"majida",14,837
"عدي",20369,924
"منذر",7978,189
"pradhan",289,32
"hassen",6385,248
"pannu",385,28
"cha",618,3133
"رغد",771,10767
"ward",2318,2436
"lamar",478,4915
"kang",1076,180
"gh",1479,1545
"hr",951,372
"جميلة",198,2942
"فواز",16573,361
"ghina",11,712
"safwat",5301,75
"nourhan",345,24933
"suzy",82,5322
"batoul",18,1288
"معتصم",7144,274
"سما",3122,22516
"nino",4374,1163
"bandi",418,39
"عبد الكريم",7489,152
"wolf",1610,132
"غازي",8544,190
"jilani",886,42
"عبداللة",7561,300
"مجد",3520,1196
"esa",1080,134
"nel",622,756
"kiko",1316,265
"ethiopia",292,379
"samiha",52,2086
"ليلي",525,5745
"deb",551,1160
"ahmet",8495,150
"kiki",2817,3158
"inas",100,2637
"عيسي",4538,141
"donia",840,27134
"صبري",15295,380
"kais",2713,122
"vishwakarma",208,3
"tayba",44,389
"صبحي",10741,201
"kassem",1406,45
"vs",332,58
"taqi",563,30
"barry",2415,210
"meshal",5285,143
"dammika",427,471
"vp",297,20
"ريان",25076,2926
"mondal",522,48
"mishra",352,41
"عزالدين",5642,144
"sabry",11567,297
"javier",1989,54
"kummari",174,12
"rahi",457,145
"sahi",434,86
"basar",738,67
"mallick",348,19
"ines",295,21161
"mhamed",5589,243
"varma",304,25
"abderrahim",1839,18
"زهير",7369,183
"adib",782,25
"hai",1072,509
"nariman",444,3319
"عبد القادر",4756,107
"عبد المنعم",5824,98
"moez",1346,21
"اسير",11448,1305
"abdoo",4752,249
"hashmi",330,22
"أسماء",675,10726
"kam",1292,457
"diala",30,991
"rawaa",82,1739
"كامل",16332,465
"soad",235,8825
"tawfik",2894,39
"سمية",120,3261
"مزيون",542,28
"coco",3876,7525
"shuvo",643,32
"kumare",127,996
"maurice",10622,173
"nahida",64,801
"dody",2802,34218
"الاء",989,13038
"alii",2318,360
"رفيق",7792,1411
"بدوي",6577,164
"روز",509,4647
"ro",2805,7128
"soumia",24,1734
"katia",91,11760
"عبدالهادي",6881,133
"kari",719,1074
"aline",147,17381
"ej",503,594
"عبودي",28146,1953
"soltan",2564,139
"sen",611,482
"hosen",1529,109
"نورالدين",3389,168
"nuri",937,397
"حسني",8867,213
"hayet",120,1339
"بحر",24371,14299
"katta",325,25
"malla",358,98
"mone",607,2035
"wajdi",1544,16
"محبوب",2592,129
"الياس",3623,236
"saadi",710,70
"ماريا",307,3722
"abbass",682,10
"ranjani",46,416
"toufik",2608,31
"nini",565,3674
"musallam",569,3
"tasnim",142,2005
"sousou",426,2796
"basnet",369,74
"jones",578,65
"عبدالفتاح",9619,162
"الملك",13445,2006
"dora",266,2986
"yen",139,571
"fakher",625,29
"mouhamad",679,26
"rawal",207,13
"hadil",99,1036
"قيس",12388,378
"yu",871,829
"samih",1365,110
"ibtissam",14,1053
"yasen",3226,707
"thamer",6515,129
"georgina",18,1129
"sila",194,1202
"بهاء",19537,515
"الغريب",6836,305
"ريما",288,6305
"boos",682,83
"jolil",459,41
"fawzy",7612,209
"hazim",2999,76
"mallik",347,18
"عبد الرحيم",4708,88
"anissa",91,6102
"جنى",1427,12787
"وعد",10324,18990
"nooh",1111,45
"mandal",851,56
"هيام",573,8039
"hanen",545,7814
"gaber",6200,155
"bakr",6856,119
"ابرهيم",15066,490
"suba",370,573
"santiago",1421,105
"sondos",350,9155
"thea",37,1278
"abdellatif",2207,24
"haydar",2668,52
"abdallh",8562,205
"fadil",1506,70
"maro",3336,6868
"الباشا",21337,1193
"gaith",921,19
"maryem",125,2620
"mt",775,351
"احمد علي",5736,186
"silva",765,759
"prajapati",207,12
"domingo",909,62
"lovly",512,536
"turki",12772,358
"perla",42,981
"mohand",8426,447
"العين",596,524
"joelle",131,18977
"انتصار",149,3242
"sobhi",1412,26
"saifi",365,12
"modi",1952,576
"khatri",389,23
"اسراء",2009,22730
"makram",2153,34
"خلوف",177,12
"ni",999,1286
"shaaban",3570,36
"dhiman",166,3
"verma",246,19
"ابوسيف",7854,111
"مايا",706,7637
"bai",382,850
"refaat",3547,66
"bakar",1940,96
"ghaleb",984,11
"tayseer",1151,910
"نزار",9370,218
"khalad",894,38
"chi",457,474
"yassen",6458,1412
"bakir",833,24
"yehya",2784,87
"قناص",4284,133
"isra",137,1615
"شاكر",14824,275
"kuriakose",204,0
"loly",420,5007
"hadef",77,8
"sing",404,88
"han",1011,1732
"serge",29307,246
"pc",362,32
"عبدالباسط",4382,54
"ajam",530,42
"hakima",39,1688
"زين",10951,1991
"mosab",3394,56
"helmy",4476,138
"pa",1385,548
"mahmed",11574,510
"seid",4251,568
"ايه",3024,25547
"العامري",2309,189
"gubbala",248,15
"go",2506,2546
"racha",58,947
"بوسيف",120,2
"najem",1205,43
"ال",8615,2100
"kawthar",28,2002
"أنس",6542,872
"lou",2228,8536
"hmd",817,49
"kar",1399,550
"asmar",988,212
"np",298,43
"ly",395,1215
"badi",640,83
"amara",1356,717
"mariem",550,13931
"nouran",140,9123
"دلال",327,5195
"nazih",764,13
"datta",216,7
"baher",3274,85
"barik",368,36
"nermin",241,5859
"عبدالحكيم",4202,53
"inaam",388,356
"haj",732,129
"الحسن",4269,492
"ranim",54,1010
"abaas",1757,81
"mahmmed",1694,63
"rizvi",375,19
"سمو",7353,3890
"ايهم",4838,405
"ta",2821,1477
"hawi",174,293
"ahmar",271,4
"khadra",39,771
"rawdha",3,111
"الجوري",158,1835
"koki",607,2791
"sahota",121,5
"maki",553,349
"damayanthi",55,343
"af",750,610
"zizi",262,4324
"همام",8187,318
"tofiq",608,48
"heni",184,276
"awatef",45,2621
"tp",298,27
"هيما",18024,1690
"nair",341,94
"bela",374,968
"منتصر",10172,208
"عبد السلام",5779,119
"bakkar",580,22
"نعيم",7344,336
"sahra",123,1660
"nesrin",33,1466
"saliha",87,1927
"النسر",9226,474
"ali ahmad",507,31
"brown",551,182
"av",313,144
"baig",309,20
"saiyed",477,12
"رعد",25749,689
"mus",1239,156
"سفيان",7457,363
"gee",633,373
"الشاعر",5353,122
"jenan",66,1513
"hafid",2231,30
"sarma",296,35
"ريتاج",2130,17727
"حبيبة",3184,31887
"ساهر",9057,440
"jangid",131,6
"minhas",290,11
"fafi",121,710
"roshid",363,32
"kholil",598,54
"kalifa",651,57
"hadir",381,1939
"fakhri",791,27
"qassim",1495,33
"سرور",1392,673
"ادريس",6521,177
"adem",5558,472
"سوري",1344,87
"bila",331,221
"ريماس",2025,17330
"حموده",9534,534
"darwesh",455,22
"nadin",114,1791
"غادة",249,5552
"wahida",38,600
"sisi",415,1492
"محمد محمد",6351,483
"الورده",4084,20210
"همسة",3974,17083
"أحلام",765,4066
"داود",6705,154
"منار",1896,14890
"nm",559,377
"gujar",235,15
"ac",1019,340
"khatir",223,12
"dilrukshi",23,221
"talaat",3650,55
"samo",1692,719
"نجاة",253,2136
"mane",710,570
"carole",166,28178
"nagy",6436,147
"بسمه",2973,23337
"abdelkader",5618,73
"ريهام",1026,12819
"soraya",83,4892
"mamadou",10096,252
"ayed",2357,76
"mer",786,1151
"bro",549,139
"رحيق",3643,18608
"najm",1392,59
"ramona",45,2078
"زهور",1674,8461
"غزل",524,5527
"rahem",836,104
"sofian",3328,136
"fahem",580,7
"ri",707,672
"pillai",187,4
"ati",341,345
"ama",891,1613
"fatoma",88,2277
"سند",4404,754
"gogo",4865,23767
"noori",659,361
"عبد الفتاح",5421,99
"aml",1007,28105
"ابو محمود",6781,74
"subramanyam",571,15
"khateeb",282,15
"علوي",2441,101
"roba",174,2493
"mine",390,765
"mostfa",7224,313
"ban",712,1719
"ghareeb",844,19
"تهاني",224,5351
"gharib",903,28
"hazar",372,660
"alhaj",639,20
"zohir",723,21
"daoud",1275,32
"تيسير",4149,921
"oum",195,5013
"mouhamed",2906,99
"wa",1814,1840
"is",1052,445
"فتحى",12748,341
"acharya",203,31
"subedi",200,26
"khokhar",232,10
"داوود",1916,45
"vali",627,267
"kawther",79,2561
"hosni",1837,30
"kanan",475,58
"رجل",22264,834
"غالب",5661,99
"haroun",1378,64
"rachida",82,4492
"جود",3445,6973
"masooma",0,194
"darya",974,1349
"louai",469,4
"lotfi",3382,43
"العمده",10944,266
"tima",300,771
"yaya",4201,1690
"zouhair",846,2
"reina",20,475
"nesrine",19,1940
"asil",585,1388
"abdelhak",1553,5
"ag",682,288
"joya",118,583
"basa",362,115
"صعب",15997,9615
"القيصر",8858,260
"heer",140,145
"chantal",327,45750
"bara",1396,549
"عبدالغني",3895,63
"malar",180,435
"رزق",8027,201
"lb",336,37
"fathia",34,2121
"الورد",2362,5330
"kanti",406,331
"afif",889,28
"زيزو",16860,3718
"سلامة",3789,217
"tan",852,399
"hosny",6307,142
"mansi",141,238
"tipo",240,13
"mhamd",2201,144
"nassim",5370,247
"solo",970,278
"mimo",2922,2183
"نونه",2104,21159
"shakh",411,40
"haque",352,19
"neymar",1436,91
"ahemad",907,70
"المصري",7136,463
"mv",359,105
"kalash",421,34
"mattar",145,10
"abde",1468,58
"rawia",28,1734
"sabine",162,20793
"black",746,146
"loulou",2538,2945
"nisrine",8,976
"حكيم",7179,173
"النعيمي",851,93
"omr",6131,903
"alsayed",2314,37
"imen",92,2339
"gr",491,106
"bakri",878,15
"ميس",449,5080
"علوش",36506,2991
"jhonny",749,15
"bee",529,766
"vm",235,42
"esmael",2849,104
"noureddine",2965,31
"شاعر",3767,124
"anfal",162,1763
"نجمة",907,8124
"dado",504,1049
"هدي",706,8460
"حلم",13625,13832
"hassn",4076,165
"slim",2135,129
"radi",1421,140
"نسمة",1091,8332
"afifa",28,528
"malli",780,129
"kushwaha",201,10
"سفير",5951,301
"ابو فارس",5476,108
"زوزو",1186,8792
"عنتر",6010,162
"yomna",174,10345
"faras",793,70
"yosra",74,4012
"young",644,71
"tr",510,133
"zainal",347,24
"farag",5328,113
"elsy",8,446
"mouhammad",477,16
"هارون",4499,134
"berna",48,544
"zd",217,256
"sahu",162,13
"bachir",2328,44
"abu baker",296,13
"fofa",490,8590
"wild",376,245
"hb",554,207
"saker",859,47
"تيم",1723,544
"আলম",392,52
"hiam",48,1442
"radia",43,1250
"alamdar",229,9
"jena",207,910
"abu ali",890,21
"nosa",355,5544
"koka",1161,4114
"صمت",7174,9339
"abdelali",819,8
"stha",219,52
"bash",514,214
"mat",4972,559
"شعيب",2523,63
"الرحال",2444,57
"stone",500,241
"rouba",14,307
"جنة",5004,30328
"parmar",173,25
"امينة",50,1275
"pop",5555,864
"dia",992,805
"babji",359,13
"tam",864,823
"ﻣﺤﻤﺪ",20947,767
"at",745,273
"je",2452,1553
"توته",1869,17985
"najia",25,989
"mamo",1199,552
"kazem",1768,43
"kanxi",190,343
"يارب",14488,23183
"mirvat",9,761
"موسي",6781,225
"nahar",680,267
"wafi",762,74
"zidan",1254,66
"اسيل",1349,10834
"درويش",2338,79
"روعة",351,1531
"myriam",207,27950
"رقية",477,5304
"bi",1058,590
"aoun",285,12
"cheikh",1328,20
"jl",1236,188
"arkan",4240,240
"sapkota",156,19
"حماد",6220,164
"صلاح الدين",2561,61
"fadhel",879,13
"fade",2168,102
"redouane",2666,27
"بكر",14902,354
"bandara",415,45
"ullah",271,19
"chouhan",191,2
"mehra",100,75
"carine",130,19516
"madi",1059,888
"sabha",72,304
"ورود",1392,6979
"mema",231,3781
"ramdan",4472,110
"pv",244,17
"mohe",419,50
"obeid",247,4
"darine",8,586
"kai",1236,306
"nalli",142,40
"ctg",168,10
"zada",242,84
"olfa",10,909
"di",1425,2595
"mal",614,738
"feryal",7,1149
"arabi",711,51
"dounia",76,3575
"smail",2114,122
"kenza",137,5587
"cool",228,38
"رقيه",899,8220
"toufic",252,2
"gondal",376,22
"berry",251,1172
"zein",1320,384
"رحال",1908,109
"moustapha",2692,29
"patan",564,41
"hasen",1917,149
"nabih",557,15
"bhattarai",160,21
"nath",801,5889
"virk",207,17
"ثابت",4851,87
"ثائر",12352,201
"zied",1847,47
"semi",389,189
"أبو علي",8623,111
"siri",312,321
"niazi",295,8
"weam",337,1673
"ruqaya",18,702
"sherpa",303,99
"miranda",130,2228
"المعلم",19007,385
"عطا",3976,156
"zouhir",651,12
"vadla",123,5
"re",2034,4596
"qambar",118,0
"josef",2202,60
"wajih",368,6
"mes",488,678
"siddiqui",474,15
"didi",1883,2883
"zahi",618,52
"زاهر",4223,118
"souzan",16,987
"الحمادي",194,15
"pt",297,134
"تاج",2659,2336
"ca",612,919
"amona",76,1640
"tmg",275,84
"dilhani",36,214
"راقي",3316,236
"doll",66,230
"alhassan",1340,69
"abdelhamid",3177,22
"hasn",1959,148
"siam",556,196
"sikder",294,19
"الصادق",2954,120
"sarra",75,1721
"lakmali",28,168
"رحمه",1737,12381
"idriss",2257,51
"أبراهيم",7627,171
"msk",319,127
"ay",1078,1176
"بتول",320,4212
"عبدالرازق",3025,44
"ghale",211,27
"صهيب",8097,410
"miro",1962,6570
"jat",193,27
"hoque",223,14
"tesfaye",304,34
"chohan",169,9
"بكري",2914,43
"ابو حسن",11403,126
"tamu",304,53
"أمين",4709,100
"دل",931,433
"madad",210,20
"مرزوق",3935,117
"monia",49,2465
"brar",187,30
"aladin",846,40
"فرحان",7305,153
"lynda",26,3579
"nim",402,113
"sleem",938,72
"موفق",4392,61
"khanal",179,24
"عموري",8219,448
"سجاد",82002,2687
"almansoori",45,9
"hami",432,85
"hakem",1684,48
"haman",155,16
"zaibi",123,11
"hamo",21529,901
"mouad",972,22
"حمودة",3565,226
"attia",1943,105
"oumar",3680,61
"hsn",836,52
"christelle",224,41067
"fatah",1123,73
"soumaya",16,1491
"cv",242,62
"أميره",855,9236
"jinan",82,902
"amma",272,293
"مبروك",4752,143
"zeze",385,5202
"الحسين",4027,875
"نورس",3856,2348
"batcha",133,5
"وفا",382,290
"gege",2122,7899
"السلام",4094,1201
"rad",802,468
"masih",157,12
"عايش",11692,1133
"يامن",2341,381
"maysaa",18,1125
"zad",294,296
"ghimire",169,26
"ramia",18,384
"anouar",1852,29
"ser",733,170
"abdelghani",1017,8
"bobo",2113,1161
"ramadhan",241,10
"jihane",21,997
"ousama",557,6
"aslan",1063,95
"هديل",647,8141
"amed",1620,96
"madani",730,35
"rahmani",256,33
"bel",705,543
"mili",219,640
"marmar",309,5374
"rah",289,630
"ashrf",4573,129
"diab",1288,74
"نعيمة",20,677
"راما",253,3248
"نمر",5047,236
"baki",737,54
"hayfa",16,589
"السعدي",1158,100
"claude",34955,5976
"kayed",356,0
"sif",962,166
"ki",1701,493
"panday",173,18
"bhatia",78,2
"masthan",721,28
"إسلام",15884,913
"renee",127,6597
"abdelhadi",770,4
"saro",594,559
"asmahan",17,1014
"rafic",222,3
"mariano",895,64
"bachar",214,5
"زمن",10613,4204
"hane",2100,432
"ayob",1053,50
"salh",3389,162
"جرح",18154,13347
"عطيه",9835,230
"fajer",165,1553
"merah",44,168
"حاجي",1823,80
"joumana",33,1116
"zaidi",227,16
"غدر",14301,13933
"gomaa",5254,78
"jood",749,3125
"bani",389,119
"sofyan",1113,59
"haje",1091,110
"madusanka",146,9
"النمر",6199,997
"bahi",653,72
"hosin",569,43
"دودو",3045,19178
"rabah",3202,363
"dg",716,150
"zaineb",35,1028
"جنان",397,3283
"جودي",2126,8340
"اية",985,10201
"زمان",3240,766
"عبد الوهاب",3412,84
"fathe",1356,54
"shik",442,45
"park",255,691
"hamoda",2243,92
"oula",25,315
"anes",943,111
"julien",98540,657
"therese",73,9376
"الامين",1977,48
"sim",1160,524
"dodi",709,2327
"yassmin",120,4552
"نوح",2942,113
"noufel",138,2
"assia",73,4141
"chahal",105,8
"جوهرة",635,4416
"alm",695,181
"parsad",253,20
"aram",8592,817
"zeid",835,41
"begum",22,195
"ابوحسن",6568,95
"tharu",332,168
"ابو عمار",7241,97
"iskandar",342,13
"hosan",360,48
"khalel",1160,42
"طيب",1968,301
"rind",90,15
"mahto",216,15
"hiyam",14,667
"mounia",27,1891
"rostom",359,17
"husein",1240,47
"hazeem",509,22
"دودي",2226,11096
"رمزي",6397,145
"fahmy",3057,70
"es",2747,3466
"fars",5081,383
"عزام",7072,292
"bl",343,95
"لطفي",3266,80
"ahlem",15,1276
"ayesh",436,65
"lo",2686,4945
"عبدالرحمان",1284,57
"sem",1335,1590
"الوحش",2608,150
"chami",211,117
"abuali",448,15
"azez",1806,114
"عرفات",4831,115
"ho",2363,1081
"mostapha",1245,15
"can",2172,554
"sader",323,19
"صمتي",6748,11169
"goni",356,73
"rajbhar",109,5
"khatib",201,8
"mireille",134,18110
"ভালোবাসা",227,82
"taoufik",1343,21
"sy",666,532
"لجين",308,4141
"العربي",4421,182
"شموخي",1011,1034
"sahbi",458,5
"الاسد",5057,264
"rh",434,296
"youmna",54,3255
"زعيم",2862,80
"جورج",3959,247
"dory",137,381
"مروى",60,1192
"shabib",443,8
"nouha",141,497
"العيون",1652,3737
"حوده",16996,875
"محفوظ",3111,52
"baran",2778,1150
"dode",877,5888
"entesar",39,1349
"he",3248,2300
"mudhiraj",53,0
"ثامر",18446,401
"emile",5214,182
"wala",290,2071
"hichem",3240,36
"حمو",29573,1674
"doc",1046,440
"راضي",7492,217
"rokaya",86,2284
"نرجس",993,7992
"babi",380,189
"rabea",3271,386
"اليافعي",1521,31
"عبد الحكيم",2310,39
"housam",586,6
"كيمو",12130,1342
"bano",214,589
"paris",513,330
"melad",5243,252
"neupane",169,21
"ezz",5652,252
"mollah",246,10
"lslam",268,58
"paswan",171,13
"عهد",1390,3048
"yousri",1082,17
"tahar",2397,49
"mahara",96,57
"khater",365,19
"yacoub",926,19
"آدم",4968,1314
"lahcen",2228,27
"الحياه",6251,7123
"ania",65,1193
"أسامه",6840,147
"fhad",1496,95
"الدنيا",9898,5295
"maurya",161,6
"حارث",5843,167
"ferial",13,1332
"daad",122,284
"solanki",127,0
"روحي",4102,5342
"maroun",282,0
"بلقيس",117,1450
"خيري",5398,109
"sarhan",607,19
"lam",579,789
"zin",471,285
"agustin",516,75
"أنور",5486,113
"mima",115,1634
"السويدي",204,18
"ابو سالم",2047,27
"ইসলাম",173,19
"hellal",247,23
"ندي",1690,15608
"hinda",63,715
"nawfal",589,9
"pun",279,48
"benz",511,69
"rady",2559,109
"kara",1772,1588
"antar",1164,34
"hawra",72,1031
"همسات",3478,15188
"pakhi",155,182
"huseen",2438,247
"saikh",365,14
"bibo",1982,843
"garcia",495,348
"douaa",24,824
"ابو زيد",3609,49
"miral",67,1050
"sadamali",100,276
"abbad",207,2
"dhaliwal",141,21
"banna",154,78
"عبد المجيد",5172,110
"sabra",112,586
"kamilia",24,1491
"jef",5254,672
"روعه",288,1449
"jeje",2089,1874
"sabrin",98,1605
"sofiane",10722,219
"عشقي",5213,9948
"mado",2622,2167
"ابو صالح",3716,51
"عقيل",28757,491
"khlifa",185,6
"ousmane",3281,68
"رحيم",9935,470
"جاد",3304,222
"hafida",43,2018
"shawky",3841,91
"moemen",1262,32
"retaj",206,2958
"bello",345,66
"ragheb",957,8
"negi",84,2
"ماما",625,7888
"amadou",3896,91
"ur",187,83
"kati",55,833
"salami",131,84
"lanka",273,153
"نسمه",928,7834
"gaby",2320,2970
"lyly",93,2304
"نجاح",4117,2049
"الهادي",1679,88
"vai",207,55
"مظلوم",1259,113
"chichi",188,374
"paudel",194,24
"عبدالعظيم",4309,59
"ابوفارس",4988,74
"حورية",279,3922
"حمادي",1669,45
"الامل",2312,4856
"جنات",1402,9257
"bains",111,20
"جنه",4454,27644
"musleh",310,0
"najar",250,29
"makki",662,26
"nemer",544,13
"dash",289,80
"تسنيم",359,4101
"mou",936,427
"alali",201,56
"فوزى",4904,119
"jaf",217,35
"rimas",196,943
"bista",179,26
"dadi",672,154
"othmane",927,6
"marouane",1745,23
"haithem",1334,5
"ابو عبدو",1515,21
"abdelkarim",1095,10
"patil",89,27
"zahran",698,18
"zahrat",117,1346
"قيصر",8611,217
"mahato",244,31
"mayssa",11,900
"الهاشمي",1095,82
"slama",589,192
"assaad",239,0
"zeineb",13,568
"do",1916,6491
"ahmod",269,36
"ابو حسين",14072,171
"souma",57,459
"عزيزة",63,1268
"rawya",28,1364
"nasri",598,79
"fayad",415,10
"rahal",378,67
"thabet",1199,23
"yacine",6122,346
"lotfy",2585,51
"jado",162,17
"عبد الباسط",2190,23
"hamam",1371,59
"hamadi",1011,48
"سندس",647,6027
"sahni",95,26
"sobhy",5459,117
"omayma",18,1759
"behera",90,6
"الفهد",6028,270
"ahmadi",289,29
"ga",1310,1168
"dsouza",125,17
"nabiha",19,563
"alaya",72,98
"skander",696,12
"ابو راشد",1438,16
"hajj",652,52
"hak",497,95
"zoza",1103,12837
"to",2273,4490
"alhammadi",35,7
"imed",1604,12
"id",336,68
"abebe",621,86
"sunar",326,47
"afi",160,160
"lamin",361,31
"chaudhari",180,10
"مرعي",2442,78
"gerges",6578,86
"مرتضى",46145,1079
"الفاتح",1100,21
"abdeen",579,18
"موني",549,3362
"mokhles",721,11
"nibal",77,340
"saidi",409,90
"cruz",297,148
"রানা",197,28
"العمر",6503,5254
"bilel",4456,98
"سراج",4984,587
"wiwi",266,371
"bhujel",210,33
"جبر",2232,150
"عبد الهادي",2672,58
"أيوب",1991,62
"fadhil",954,17
"اصيل",4847,328
"aali",528,55
"الغالي",2441,605
"একা",240,69
"موج",4966,8283
"الاسطوره",8811,564
"alah",193,192
"كوكو",5694,4623
"faleh",1470,48
"dh",821,310
"dhakal",133,13
"matta",344,28
"ti",3115,1042
"عبدالجليل",1860,20
"jawhar",677,18
"mawada",44,1330
"polo",1871,126
"kayani",122,8
"rayed",466,14
"akon",344,46
"pawar",72,5
"الشبح",8525,311
"عاشور",5132,110
"karwan",7797,352
"آية",102,2544
"نونا",517,6962
"ابو مريم",4424,101
"kahn",235,27
"كبرياء",14303,7208
"المنسي",2935,103
"الزير",1696,41
"hama",15238,1211
"nermine",16,1940
"hsan",881,76
"مجيد",7114,141
"dashti",330,28
"ghenwa",4,126
"poudel",183,29
"adal",730,46
"girma",199,22
"cherif",2437,103
"aswad",209,7
"taghrid",9,530
"houria",34,2314
"narjes",32,925
"helmi",928,40
"ميلاد",6652,552
"alwan",468,187
"ku",378,201
"harout",238,2
"nabhan",442,7
"জিবন",233,54
"oumaima",9,851
"saib",270,21
"el sayed",2553,29
"roka",1476,14574
"نورهان",1529,16034
"rifai",268,4
"marzooq",172,0
"dahal",179,20
"dhaka",251,29
"المجهول",2134,194
"valli",199,87
"souhail",620,9
"عالي",999,105
"wen",264,476
"abboud",475,6
"نور الهدى",595,4599
"dalila",37,3818
"kerala",185,30
"elissa",37,695
"milano",388,74
"نور الدين",3647,349
"dida",432,1690
"sirin",97,404
"mhmod",3365,146
"الزمن",5070,2346
"إيهاب",5226,87
"up",233,60
"الرشيدي",702,56
"mansoori",94,8
"baset",269,11
"عبد الرحمان",1248,66
"fafa",1414,2067
"abedin",212,17
"زهراء",3542,31402
"نعمه",1368,3228
"jaiswal",93,7
"bil",675,80
"نصرالله",889,28
"getachew",423,34
"oromo",695,394
"hamani",334,25
"تامي",6,61
"jadoon",91,3
"suthar",129,0
"الاسطورة",5387,352
"sarker",167,7
"الصمت",6939,3621
"talukder",168,0
"monem",935,11
"badawi",462,10
"khayer",175,11
"ridha",1969,97
"houssem",1110,14
"amola",61,2367
"priyadarshani",5,99
"madathil",84,0
"helene",180,33033
"وديع",2587,120
"hela",67,614
"nimer",404,0
"rhaman",173,10
"hmed",541,26
"goran",5138,157
"pascale",203,24495
"mbarak",213,7
"bassma",92,3502
"lyna",43,1208
"محجوب",1005,21
"arfa",925,211
"ملكه",1312,14726
"كاظم",31114,792
"ابو نور",4651,76
"fatme",27,612
"bhuiyan",160,7
"ziko",1499,100
"وجدي",4225,57
"nofal",439,26
"الحوت",3099,127
"nouna",40,669
"bay",347,192
"lobo",153,24
"otman",850,19
"بركات",5583,232
"نصيب",508,92
"mariane",23,1066
"souheil",251,3
"الاميره",1085,8617
"colette",79,12565
"amouna",11,312
"marouf",310,6
"أسد",2719,131
"ilahi",78,3
"الملاك",3354,8419
"معمر",1583,26
"sahoo",102,17
"attar",158,34
"السلطان",4369,190
"se",1592,1166
"elise",139,15407
"bhati",150,5
"sayah",206,19
"براهيم",3686,142
"silvana",32,2305
"youcef",3563,73
"cham",269,187
"sliman",1434,46
"chahd",9,202
"alking",1699,49
"my",282,606
"rathore",99,5
"qamber",65,0
"kalathil",68,0
"law",410,157
"mode",3835,889
"عتيق",551,24
"मगर",186,22
"viviane",99,11446
"larbi",1913,47
"kahan",152,14
"fardan",60,2
"redha",1102,38
"naja",210,244
"غالي",2509,347
"ভালবাসা",191,75
"hamoudi",1559,59
"dias",404,105
"hano",472,1962
"him",464,90
"gt",267,52
"bah",837,263
"madrid",390,44
"ir",197,88
"النورس",998,208
"riadh",1452,8
"مريومه",270,3108
"castro",278,105
"ktk",66,3
"nado",161,1627
"علام",2523,87
"ramos",803,191
"mart",334,324
"fidaa",80,581
"abdalah",2966,108
"yahaya",464,38
"fi",583,271
"الزهرة",639,6152
"bechir",1179,8
"khaoula",4,552
"الرشيد",958,14
"البحر",4267,2680
"moumen",1194,29
"fernandes",400,145
"abdelmajid",841,8
"jalel",727,17
"منعم",4572,108
"منصوري",98,4
"france",819,4915
"hay",650,497
"العقرب",3867,180
"الصياد",3988,127
"karar",12567,370
"moktan",218,36
"ميار",1058,8258
"sand",509,1576
"زيدان",3366,112
"sleiman",137,2
"عبد الرزاق",2505,58
"rym",18,710
"bc",440,268
"thayyil",53,2
"deeb",440,21
"فراشة",895,6984
"jmal",723,63
"mess",304,315
"liliane",90,12335
"جراح",2429,397
"gisele",81,9724
"hossian",171,21
"jimma",299,183
"بيسان",196,2070
"pathak",113,3
"ne",695,1947
"hagop",273,2
"khouloud",10,449
"ستار",11093,291
"rizk",1156,22
"sleman",2191,51
"wissem",1025,183
"souha",7,311
"kannur",96,4
"مودي",6818,2190
"nass",1488,612
"كنان",1168,127
"yazid",2288,70
"reine",35,1874
"mounira",12,1127
"barsa",72,88
"شامخ",1373,34
"boss",199,10
"سرحان",2022,49
"khansa",19,251
"اسمر",3251,255
"mosleh",415,6
"roi",1224,55
"lopez",433,283
"lamine",2678,43
"انيس",1895,193
"mesbah",408,31
"ابو بكر",2436,62
"hedi",2844,221
"elhadi",302,3
"abobaker",430,9
"houcine",1418,19
"وحداني",629,41
"علوه",207,58
"الوليد",3693,142
"adama",3241,899
"skandar",196,4
"مصباح",2600,248
"حسين علي",5182,154
"غرور",490,1606
"أمجد",5049,121
"roua",15,506
"غزوان",6389,116
"chadia",8,605
"wahiba",15,684
"christiane",159,23750
"قادر",1039,37
"عز",7998,549
"المصرى",3866,231
"ملك",6083,10270
"abderrahmane",1276,14
"saloua",7,849
"mehta",68,6
"najiba",14,396
"yass",2479,733
"mukhiya",263,19
"ابو شهاب",1820,35
"nouh",554,41
"ryad",1981,87
"moad",1325,32
"zer",199,36
"zouzou",354,1048
"nagaraja",296,20
"orakzai",36,3
"bhardwaj",63,0
"albaloshi",47,10
"nady",3105,379
"bahjat",668,21
"zaky",1074,52
"iskander",237,5
"sihem",20,1698
"شكري",2487,78
"شحاته",3723,54
"jaff",101,7
"ghadir",76,467
"latef",519,30
"dali",1032,798
"kayal",87,71
"jabr",390,15
"الزين",1036,400
"الفتى",5332,160
"hj",382,293
"mahfouz",806,15
"lilya",11,665
"lim",413,165
"dharan",82,3
"المختار",2440,144
"mahamat",554,23
"houssin",330,9
"herath",132,48
"elia",1420,1049
"eliane",88,10217
"عايد",6008,118
"abo ali",1536,34
"الخطيب",1237,75
"مشاكس",1533,70
"معروف",1408,47
"gad",2202,192
"fouzi",583,40
"ghosh",125,9
"rayudu",232,14
"dhia",354,31
"سيرين",91,1355
"ظاهر",2379,45
"marwen",716,21
"sin",329,244
"لحن",2660,6970
"ابوحسين",6773,77
"perera",174,76
"barua",191,24
"kunnath",68,0
"أكرم",4252,70
"أبوبكر",1368,20
"london",198,92
"نبع",2170,7358
"fleur",144,3960
"vie",121,346
"sindi",115,157
"من",2280,1190
"ane",1036,965
"meya",102,103
"aii",1243,158
"نهاد",4221,1728
"diallo",1333,368
"oo",763,568
"cho",234,194
"إياد",2986,582
"neji",282,25
"goud",96,39
"massoud",600,11
"আকতার",149,15
"nacer",1975,49
"najoua",11,783
"kumal",137,28
"chy",148,60
"akrm",1908,65
"queen",6,677
"الشريف",3642,211
"আহমেদ",140,3
"haythem",1266,21
"sabrine",15,1418
"دياب",2520,144
"الرفاعي",835,56
"zo",1011,2321
"wadih",180,8
"rabii",295,34
"fernandez",299,181
"assma",62,1027
"فطومه",315,2687
"رحمة",791,6095
"hamouda",1261,37
"رتاج",334,2405
"dl",681,343
"malki",194,181
"houssein",421,13
"nasrallah",212,6
"dhar",102,27
"abdoulaye",3856,59
"nai",226,445
"kamaran",2168,78
"saso",283,3183
"عواد",5081,125
"nivine",2,284
"فالح",4978,108
"rabiaa",76,338
"nandi",117,89
"نصرالدين",1258,12
"biba",192,1306
"feni",104,28
"bell",179,280
"atia",1843,170
"hammoud",261,11
"chady",192,17
"gir",147,33
"mohamed amine",431,6
"جبريل",3202,57
"faouzi",1710,25
"طائر",6058,1647
"maman",485,1812
"dogar",150,10
"arbi",471,29
"ميرو",3313,11235
"arij",48,338
"jouri",35,328
"صافي",2957,2190
"annan",139,71
"nidhal",437,285
"salame",59,59
"line",193,3767
"خطاب",3839,138
"لمار",462,4742
"المري",330,29
"bassima",0,206
"ياس",2674,96
"mino",788,478
"ابو مصطفى",10671,111
"ابو يزن",1861,33
"mansuri",146,5
"زكي",3991,113
"georgette",44,2830
"maissa",53,1569
"mondol",118,5
"ozil",556,33
"hailu",178,23
"abderrazak",579,7
"cristal",68,471
"df",447,170
"شرف",2306,153
"haysam",853,25
"moncef",1263,12
"نوني",506,3035
"dawoud",421,10
"nebil",317,9
"eliana",12,871
"محبة",801,8067
"وادي",2437,346
"nassima",23,1596
"war",379,184
"لطيف",3273,62
"blanche",58,1739
"عسوله",770,7312
"ghofran",219,1261
"dor",1643,207
"فاقد",2914,217
"musbah",204,7
"menon",49,12
"ghinwa",0,116
"تقوى",388,1555
"عمري",3999,4293
"najet",22,1042
"fakhry",755,13
"melek",197,1198
"chanel",166,1442
"merci",263,222
"serag",1609,68
"naziha",8,808
"ritaj",47,822
"mahde",2026,69
"atallah",625,3
"سلسبيل",389,2804
"pipo",907,139
"hssan",583,27
"en",993,1036
"gamage",120,71
"alf",322,61
"المعتصم",2802,203
"ilyes",3165,120
"pereira",463,218
"rozario",73,2
"العمري",987,156
"amri",348,110
"الأمل",842,1715
"eya",52,339
"hallal",125,15
"الحياة",3891,4606
"الراقي",1370,57
"mandi",140,178
"ﺍﺣﻤﺪ",11791,355
"radouane",745,8
"ange",2943,3938
"mall",133,73
"الحربي",4167,894
"badran",684,18
"الجابري",1136,65
"الجارح",1044,55
"رستم",324,7
"reyes",161,153
"الطاهر",1061,34
"aimen",1047,113
"ep",105,39
"abdelhakim",794,5
"qween",62,525
"maity",47,16
"خاطر",666,31
"mester",865,32
"chafik",590,9
"حواء",87,1157
"ghadi",78,572
"حوران",144,31
"حوراني",119,10
"jalila",21,566
"أسيل",207,1986
"sport",386,65
"ايات",681,6096
"zaza",1063,2044
"حمص",1865,323
"نونة",529,5127
"nourdine",1056,17
"علي علي",3937,384
"alooy",240,36
"حليم",2993,113
"lem",163,141
"bolbol",914,261
"raut",137,22
"djamel",4966,68
"طيبة",360,1461
"عبدالنبي",1903,21
"taki",339,47
"miha",196,143
"خير",1220,350
"khattab",510,17
"micheline",71,7129
"takwa",8,850
"mengal",30,0
"سيدي",238,35
"bt",148,156
"dela cruz",66,98
"kadhim",954,15
"ze",3634,891
"ghali",495,25
"wissal",28,534
"yolla",0,118
"nabaa",59,1502
"sallam",570,64
"جيجي",186,2046
"حياه",1766,4246
"khodor",146,0
"baloshi",44,5
"soufian",780,26
"nou",271,983
"antoinette",45,3206
"sikdar",133,6
"seddik",511,16
"henda",20,898
"العبد",2624,117
"مصلح",2542,66
"azizi",217,37
"jarrah",496,17
"elio",972,19
"الملكه",731,6334
"guzel",125,466
"patra",65,29
"ابو عدي",2250,28
"imi",111,120
"pori",56,93
"swain",81,0
"albi",300,121
"امي",3435,11609
"angeles",63,259
"chocho",77,165
"marin",1909,452
"massi",786,120
"tb",212,99
"cyrine",6,434
"الخير",674,159
"تبارك",1475,6147
"goraya",112,6
"chay",91,202
"nawel",57,2726
"malkanthi",11,118
"الحج",5636,169
"توتة",520,4937
"namo",832,182
"tijani",369,22
"بنتك",216,1956
"abdelkrim",1430,9
"loka",1841,6497
"الزهراء",655,4276
"mohamade",176,11
"alhadi",281,13
"ifa",40,144
"il",485,126
"رزاق",4489,74
"rached",379,8
"hadji",509,98
"aissa",1948,363
"bairwa",25,0
"khoder",144,5
"hoq",56,0
"barca",367,41
"harb",282,15
"baker",316,0
"سعدون",4158,90
"shil",105,18
"villa",265,228
"azer",713,103
"jg",300,178
"ebn",3188,85
"sirine",39,1416
"gomez",246,123
"kaki",410,183
"عزو",2033,152
"عسكر",686,19
"عطية",4214,102
"bilo",268,51
"نوفل",2414,55
"kaya",462,403
"bek",162,43
"khairi",337,3
"mstafa",1882,126
"intissar",6,281
"subbaiah",337,19
"nori",413,378
"azzi",78,10
"albalushi",197,31
"besma",10,501
"مومن",3122,215
"laure",227,18674
"أبن",4988,117
"mendoza",131,110
"حبي",5501,10840
"mawla",72,5
"rochdi",367,5
"اكبر",562,304
"zidane",788,23
"abuzaid",214,4
"برشلوني",890,42
"بشر",1598,580
"الفراشة",174,1828
"الفردوس",930,3810
"amora",346,987
"aid",659,53
"rohman",189,33
"الماس",259,642
"الكاسر",1105,37
"zana",4488,636
"المشاكس",1862,86
"الغزال",1415,427
"الاسمر",3075,160
"الخضر",605,7
"sayf",1185,65
"بياض",712,4710
"darweesh",143,3
"ابو العز",2246,49
"صخر",1538,48
"alfahad",170,12
"ام عبدو",17,288
"مال الله",118,2
"nazha",7,311
"طيبه",436,2291
"panchal",172,2
"chakib",786,14
"chaker",334,6
"yacin",400,14
"gha",183,540
"المصطفى",751,230
"nasro",372,134
"buali",34,0
"banjara",48,0
"poojary",42,0
"baqer",1228,20
"fatmeh",10,389
"تحسين",7973,138
"micha",850,364
"الوافي",1937,91
"الوحيد",903,65
"الياسمين",362,1701
"assi",297,162
"babay",126,282
"ابو ياسر",4034,45
"alhasan",325,13
"gomes",386,155
"patwary",87,5
"diaz",197,109
"kadi",292,1039
"بريق",962,3234
"مفتاح",973,305
"بدويه",93,874
"مشاعر",2001,2606
"zi",1470,394
"jasm",710,67
"najeh",620,60
"غفران",411,1796
"mehamed",730,99
"sarkis",288,0
"gsm",150,11
"جبران",2116,52
"adly",1343,39
"daly",229,336
"عبدالحفيظ",1042,16
"نسمات",1772,11207
"chirine",7,285
"فتاة",323,4269
"mbarek",464,7
"rayane",3501,279
"mazumder",37,0
"shing",86,57
"hindi",226,122
"kristal",22,200
"الراشدي",357,13
"zaidan",188,8
"الحميري",288,13
"harbi",439,28
"الدار",204,43
"ayash",124,29
"torres",204,118
"الشامخ",676,27
"mannai",63,6
"her",239,151
"youyou",1083,474
"fer",304,177
"hassane",1170,29
"hassani",362,41
"alissa",27,860
"marcelle",60,3520
"fg",607,199
"had",360,675
"البدري",1919,80
"مقبل",1325,18
"عذاب",1801,1113
"السعودي",611,27
"hassina",10,540
"منتظر",27122,875
"melhem",119,0
"باسط",768,12
"الزعبي",213,57
"لله",2111,3209
"adda",284,114
"لوجين",256,2929
"الشام",215,307
"slah",1499,62
"laskar",112,17
"zahia",27,1138
"mayna",31,122
"faycal",2239,32
"wi",286,153
"hammadi",278,4
"ashour",1188,28
"nouri",659,199
"nourddine",276,4
"ashoor",184,2
"noun",71,146
"غزال",1794,814
"afef",67,340
"عيس",566,35
"awwad",471,13
"mlik",145,58
"فاتح",312,12
"joujou",129,374
"josiane",121,14684
"رضاك",3397,9385
"baghdad",321,141
"fd",360,95
"علي حسين",4474,150
"ذكريات",6209,5345
"جنيد",883,25
"chawki",325,5
"louna",106,3134
"kadri",442,36
"mehri",12,139
"rabeea",354,75
"لولي",521,2418
"الريان",1156,192
"mohammedi",59,2
"fattah",259,4
"مريومة",105,1137
"mego",1839,662
"bahri",436,29
"رونق",601,2895
"sunuwar",65,17
"رسلان",764,47
"radhia",9,498
"dubey",80,4
"العبيدي",3145,268
"سعودي",4037,139
"hafedh",406,0
"arar",199,95
"sinda",29,186
"shaya",251,130
"talukdar",131,0
"rodriguez",309,140
"refai",128,4
"bou",783,362
"النعيم",344,26
"yanis",12794,335
"lak",196,95
"hadid",79,3
"kawla",9,157
"hocine",2803,35
"kebede",86,13
"ابو جاسم",1938,30
"yamaha",479,55
"النجار",1818,132
"perez",269,171
"chouaib",283,3
"sou",393,2149
"dady",550,250
"allal",467,10
"emna",16,611
"عبد الرؤوف",622,5
"sadaka",64,2
"ابوزيد",3007,47
"aso",4332,2385
"hen",467,557
"omm",104,764
"نصير",6066,103
"ناظم",4407,48
"fayyad",180,4
"thaher",130,9
"سويدان",94,0
"سوما",428,3647
"kho",175,647
"أدم",2680,809
"miloud",2151,32
"abdin",225,38
"الحنين",6223,1392
"daas",105,16
"كبير",967,56
"ima",11,98
"lilo",377,795
"rivera",61,65
"রহমান",91,5
"balushi",76,9
"البريكي",151,15
"البرق",582,51
"الحارث",729,44
"الحسيني",3175,192
"nawara",21,425
"القاضي",852,58
"barham",2602,77
"turk",381,60
"comilla",110,17
"لحسن",74,0
"gonzales",99,107
"الفقير",1833,60
"azeddine",463,2
"اسكندر",1198,44
"majhi",185,23
"lulwa",7,383
"الطائر",2799,780
"إدريس",1131,23
"usma",94,33
"امواج",3270,8359
"albloushi",32,8
"azzeddine",385,7
"hawraa",61,2738
"مهنا",1870,48
"نصار",2201,61
"helwa",17,168
"nozha",12,195
"bassil",329,7
"الدولي",2136,57
"الديب",2762,104
"alk",156,42
"হোসেন",138,24
"الوفاء",1229,776
"irani",37,33
"azize",324,102
"audi",389,117
"makrem",247,0
"ام حمودي",48,646
"panwar",41,0
"ديب",528,15
"rine",31,126
"amigo",278,17
"subbareddy",263,11
"ريناد",441,5755
"dido",862,476
"خلف الله",735,9
"chalil",33,2
"خيرالله",1616,23
"aymane",717,38
"aras",3275,191
"سمراء",138,2305
"mosbah",738,14
"delacruz",49,62
"عبسي",615,42
"rourou",41,95
"moulay",474,12
"debnath",82,10
"aboudi",344,23
"mollick",55,0
"bochra",15,211
"salsabil",34,937
"حسوني",60693,3492
"aniss",519,46
"rekik",10,32
"gaelle",103,16121
"dine",250,400
"jomaa",312,14
"dorra",13,343
"sakr",1088,67
"charif",271,15
"nanou",414,5837
"رفاعي",1842,37
"aquino",79,45
"sof",397,402
"قحطان",5979,111
"krim",536,26
"zr",140,58
"kone",617,217
"muftah",91,0
"miri",190,1405
"mollik",78,5
"আক্তার",85,11
"حميده",1052,463
"poojari",36,4
"kumary",49,210
"mongi",537,0
"hafed",457,5
"taysir",201,90
"العلي",497,124
"kandan",75,2
"عبدالرؤوف",1104,19
"marzouk",647,21
"كوكي",1393,4761
"أبوزيد",579,11
"rayen",477,57
"kanaan",238,10
"parambath",24,0
"yosri",610,9
"dandan",143,151
"narasimhulu",240,9
"wadad",8,130
"souna",36,195
"الصقر الجارح",1711,85
"حر",580,42
"فياض",1352,43
"عرب",930,88
"badra",169,314
"yasine",428,34
"flores",138,181
"gond",30,4
"mabrouk",1424,26
"wided",4,311
"حنا",1746,170
"moaad",548,5
"nounou",99,158
"ابو يحيى",1279,21
"souhaib",229,4
"boyka",494,27
"jocelyne",100,15753
"oun",166,49
"touta",41,375
"oromoo",413,217
"نوري",3462,796
"mortada",1710,32
"fayssal",422,10
"fathallah",401,4
"taline",2,192
"zedan",907,44
"hachem",209,5
"bdour",6,305
"الجزار",3132,92
"moudi",105,233
"حكاية",2770,4468
"nassif",214,4
"سومه",334,2956
"douha",39,365
"jazi",119,96
"jaza",605,40
"جليل",2529,41
"nejib",372,2
"فرحات",2586,42
"ريحانه",938,8341
"charaf",343,24
"dey",90,98
"shehata",1569,31
"foufa",26,283
"الحلوه",126,783
"ssa",279,197
"hasanat",86,57
"ker",276,70
"sola",204,1377
"غريبه",734,697
"غنام",441,8
"bio",275,200
"saadallah",102,2
"মানুষ",84,14
"rathnayaka",83,46
"sidahmed",258,3
"ess",266,292
"lole",172,906
"فراج",3183,56
"chedi",106,2
"manaa",201,178
"costa",841,135
"sanchez",288,156
"abdelwahed",744,9
"الشامي",633,46
"kaid",225,7
"ابو خليل",1661,33
"hbib",204,47
"معز",382,16
"sallem",112,5
"loula",21,510
"zid",197,35
"الساهر",1848,85
"عليان",899,34
"amiri",141,27
"sofien",769,6
"antoun",141,0
"djamal",1015,15
"ابوالقاسم",868,11
"abdelmalek",657,13
"wassila",16,902
"la vie",43,137
"mounzer",65,0
"mrad",485,35
"ibtissem",8,590
"المحترم",1017,22
"الملكي",5173,172
"شحات",1740,24
"dhimal",99,6
"شامي",662,45
"als",197,101
"zaied",216,11
"رواد",1675,223
"klay",126,12
"rafeh",56,4
"hasni",340,46
"der",253,84
"hamze",572,27
"constantine",147,48
"mob",202,28
"aissam",312,4
"kollam",86,8
"hamady",674,17
"البدر",927,196
"পাখি",98,118
"maloka",170,2572
"mohamed salah",866,6
"kuniyil",34,0
"mahfoudh",95,0
"anoir",231,6
"fethi",1734,17
"mahjoub",346,13
"kheir",92,6
"haddad",196,50
"souhila",9,756
"shikder",99,6
"houssine",578,14
"ابومصطفى",3433,36
"trad",282,5
"ferhat",1508,24
"الشكري",209,9
"youssouf",2137,108
"qandeel",42,32
"السفير",2554,85
"hayssam",153,0
"ساجده",484,6112
"mol",121,117
"molina",45,88
"hage",176,20
"tailor",84,19
"kacem",518,15
"saroo",35,177
"مدريدي",1375,65
"dir",139,18
"ayyad",138,2
"sisa",32,124
"almarri",102,39
"jasser",570,22
"foued",1451,17
"salmi",101,73
"مودة",159,1002
"موس",761,47
"kamara",170,88
"عبدالمالك",530,9
"saiid",336,14
"مصري",1903,109
"حجي",12904,251
"عتمان",513,15
"sako",477,80
"zola",167,174
"مثنى",8804,150
"مان",549,62
"assil",222,287
"قاهرهم",2847,209
"fatouma",15,610
"جروح",2109,1914
"daw",201,86
"srilanka",161,102
"جادالله",436,14
"zizou",1597,298
"padilla",30,33
"masri",214,27
"bayram",1335,15
"boudi",150,13
"sondes",0,219
"ضرغام",8270,202
"شهيد",1795,170
"الهاجري",275,54
"islame",100,50
"imene",22,1689
"bechara",96,7
"tea",126,515
"daher",288,17
"yakoub",263,9
"alfares",275,13
"rebhi",160,7
"يا",6052,5575
"bena",112,251
"ناني",291,1892
"amale",6,228
"aboude",96,2
"شخصية",3141,1200
"albasha",572,27
"salvi",101,56
"bens",140,15
"ghida",3,205
"alwi",140,8
"mullah",42,4
"ome",137,334
"zeidan",78,2
"micho",315,43
"ayeb",51,8
"shwan",2336,78
"shreif",1910,32
"ezoo",194,13
"roudy",85,382
"assaf",1189,32
"alsultan",160,20
"hadjer",9,227
"farouha",0,42
"rajapaksha",57,29
"abada",571,35
"hadad",162,21
"ryma",6,272
"morales",67,52
"moulali",240,5
"khokar",56,4
"khayat",74,6
"سعاده",156,301
"سعدي",2633,90
"mondher",436,3
"kawa",2518,125
"mozumder",46,0
"koukou",87,126
"رافع",2575,47
"capo",649,28
"رحيل",2567,2802
"zahr",205,190
"زعبي",52,3
"ساجدة",217,3335
"kika",132,652
"زيزي",134,2325
"camara",1089,280
"jwan",321,1364
"salameh",342,17
"عون",1485,53
"عويس",1213,36
"عياد",1654,40
"غدار",1191,490
"amino",251,102
"kalthoum",0,136
"امحمد",553,50
"chiraz",14,309
"sellam",101,12
"ابو امير",4625,63
"بدير",879,26
"اوس",4908,309
"souso",9,108
"الريح",531,33
"الشبلي",326,9
"البشير",481,19
"mamat",260,400
"الجنوب",604,163
"manalo",31,44
"الراعي",646,243
"malayil",36,0
"الخالدي",1421,152
"المظلوم",2070,107
"المعتصم بالله",931,57
"النرجس",275,1233
"النقيب",1374,51
"الهدى",411,1287
"mahfoud",452,6
"الفلاحي",100,2
"العود",169,57
"souhaila",9,480
"الم",2087,1711
"chams",324,181
"lassad",257,3
"حمامة",430,1237
"جوده",3048,194
"lawyer",1668,1101
"جني",1551,9566
"kurup",40,0
"حميدي",605,15
"lafi",322,16
"mignon",115,33
"liyanage",70,30
"cherifa",6,699
"جبار",8965,216
"zino",614,72
"zoheir",375,9
"begam",59,56
"نوسه",179,2104
"abdeslam",927,7
"hedia",23,476
"omed",3067,120
"ouss",637,10
"oumayma",5,360
"helo",101,299
"abdelkhalek",591,3
"ef",249,136
"valdez",50,66
"ashor",399,4
"valencia",45,95
"abdelhafid",516,5
"odeh",340,17
"alcantara",18,20
"hobi",139,76
"barbar",77,8
"toop",96,10
"peralta",14,37
"toure",737,250
"howlader",67,4
"banat",57,206
"elissar",0,76
"pariyar",109,31
"وطني",560,130
"ilhem",13,647
"nawfel",476,21
"abera",229,59
"villanueva",61,69
"billel",912,19
"abidi",158,37
"wahbi",222,10
"hamma",265,13
"hanine",59,261
"amg",411,38
"alameer",429,13
"alamer",561,38
"bhatt",68,6
"sherzad",1545,55
"محمدي",550,23
"radhi",318,28
"sayef",134,7
"amoula",7,260
"sawsen",2,197
"souleymane",1981,31
"sba",73,76
"soufien",182,0
"aqel",202,0
"amazigh",332,14
"serhan",176,7
"sri lanka",77,44
"sofiene",572,6
"sankari",13,27
"الصعيدي",2193,62
"boutros",146,0
"نفسي",2089,1342
"صبيح",935,25
"yamina",31,2782
"الشاهين",367,17
"هويدي",215,14
"القصر",182,125
"القاسم",549,37
"العبادي",1531,83
"العراقي",22764,991
"العربى",1722,55
"العوضي",237,6
"الغالية",57,315
"yma",19,57
"malallah",59,2
"الحريري",244,26
"الحساني",323,11
"affi",32,20
"معاد",891,42
"الحلو",973,182
"ميماتي",1682,55
"yassmine",25,927
"ميسي",1324,75
"الريس",4176,90
"moubarak",203,0
"صغير",372,37
"مولاي",475,432
"maksoud",41,2
"narjess",0,119
"اليل",734,261
"al ali",58,17
"nice",159,151
"neila",8,496
"dib",121,20
"nadhir",224,3
"maguy",23,2073
"الله اكبر",1905,1652
"المايسترو",4659,153
"akrem",355,16
"الواثقه",142,1905
"kebir",99,5
"الناجي",254,10
"chayma",21,534
"فلسطين",918,1222
"chaouki",419,8
"abouda",216,20
"zitouni",115,13
"marquez",50,34
"chokri",889,5
"عقل",341,20
"عماري",82,5
"djamila",33,2518
"عيونك",586,475
"jsk",99,22
"عودة",1205,135
"عوده",2168,136
"الباز",675,26
"البتول",141,888
"البحار",2200,123
"moaid",830,21
"البدوي",555,15
"absi",89,4
"karime",468,42
"calicut",31,0
"البنفسج",346,1045
"الجازي",45,548
"التميمي",3010,263
"jihen",5,187
"chaima",50,2104
"ال علي",52,9
"zamora",48,37
"kita",107,97
"ghania",2,525
"azouz",474,23
"azzedine",1092,11
"taxi",444,38
"رودي",1226,8475
"حلو",922,320
"حلوه",710,1320
"lazhar",527,10
"alissar",0,77
"جودة",1477,103
"rabeh",519,18
"rafika",21,415
"thouraya",3,257
"fofana",662,235
"faycel",353,0
"رابح",1025,22
"tahan",31,10
"alsaeed",212,8
"ferid",260,2
"rodrigues",343,159
"garo",226,16
"gara",206,82
"raoudha",0,217
"حوراء",530,5172
"refka",8,465
"taieb",467,14
"راقية",45,662
"aad",149,35
"okba",224,7
"بكار",3800,156
"abdelatif",544,3
"omari",258,27
"bekele",63,14
"alb",378,314
"hassoun",260,13
"bepari",51,2
"alemu",442,64
"khatun",11,71
"hanene",8,444
"bautista",75,57
"alessa",45,96
"بن علي",259,5
"khadidja",7,743
"hmouda",38,5
"nordin",562,8
"hegazy",752,37
"بدران",1509,50
"khairallah",73,0
"tou",226,137
"toutou",166,194
"মিয়া",35,5
"khodr",60,0
"hajoura",0,47
"fafe",40,203
"fadhila",2,323
"hadj",740,36
"parkar",38,2
"hamzi",169,13
"abbes",398,15
"hamdani",93,10
"hamel",101,73
"kiwan",59,2
"karimi",62,28
"keita",483,149
"dika",101,78
"kasmi",95,31
"hamri",28,7
"hanona",36,748
"ezzo",209,5
"hmid",90,0
"homs",313,71
"feten",3,80
"ghader",93,579
"georgio",245,2
"jihene",2,195
"jihed",290,16
"dz",64,28
"kaabi",32,7
"disanayaka",63,36
"doudi",50,147
"jou",370,169
"ind",57,42
"ine",12,1023
"hz",138,52
"ia",95,132
"antonios",379,6
"beya",27,185
"nohad",104,128
"baya",151,748
"pascual",189,32
"naas",82,11
"bloushi",15,6
"salmani",125,6
"azab",485,60
"rashdan",51,0
"reslan",47,7
"aycha",5,106
"ataya",66,5
"prajapat",58,2
"balkis",6,190
"saade",141,24
"sabt",85,5
"badreddine",308,2
"badro",157,11
"sabeh",69,50
"mallah",50,13
"sefi",114,43
"masry",822,39
"manou",321,1352
"maroua",6,566
"marouen",140,0
"chourouk",3,107
"martinez",247,163
"lang",132,145
"archi",163,61
"kurdi",518,137
"dentist",278,408
"lahbib",258,0
"lyes",1616,21
"maamar",367,10
"molka",8,78
"braham",181,5
"mouhib",45,0
"mouloud",1485,36
"moufida",9,384
"monta",164,41
"chahrazed",2,220
"cell",40,37
"mercado",53,24
"لمين",1193,921
"صمود",154,533
"الرحمن",1184,2250
"الربيع",611,1048
"ميثم",12465,239
"صوفي",9563,912
"ليل",983,536
"almulla",19,8
"yossra",16,752
"ميرال",117,1343
"السعيدي",995,46
"achref",363,4
"كوين",56,297
"جنتي",196,1039
"هدية",119,548
"الخالد",233,31
"الفتي",1318,60
"yakin",37,22
"abdennour",233,5
"العوض",180,16
"tanea",180,176
"ameur",444,14
"الصحراء",248,71
"الطيار",3214,85
"الشمري",7029,736
"الشرقاوي",1182,52
"الصافي",983,75
"العز",614,111
"العكيد",1101,33
"العقيدي",59,0
"العراب",1186,48
"slimane",1548,35
"simou",73,16
"حلب",161,91
"yem",65,29
"souf",293,20
"روما",1046,3316
"اثير",8553,2216
"عبدالعاطي",1041,10
"souraya",0,257
"عبد المالك",290,13
"zou",326,392
"عبدالباري",1011,13
"البحري",216,6
"الاصيل",1607,177
"مكي",2144,88
"wari",199,11
"tolentino",40,35
"مغلق",1236,624
"مقداد",3561,73
"ابو وديع",850,21
"الثلج",205,376
"حرة",17,101
"akmad",104,31
"الأمين",469,12
"درعا",80,16
"سمور",235,263
"شلبي",650,28
"vaz",60,20
"white",43,100
"alarabi",73,6
"akar",1409,123
"ندوش",109,1720
"akel",243,12
"alq",19,17
"siso",184,109
"بن سالم",81,0
"عسولة",282,2696
"ameri",44,66
"مجنونة",195,2187
"المدينة",418,495
"سومة",93,835
"باقر",11177,361
"أبو حسين",3441,38
"الواثقة",96,1539
"بيلسان",113,1277
"zayneb",8,206
"taman",675,258
"باشا",2255,179
"عساف",1236,54
"abu zaid",212,0
"আলো",60,34
"sow",409,292
"kada",458,71
"kalefa",48,5
"bouthaina",2,185
"trading",25,3
"traore",1149,278
"والي",345,17
"ait",147,49
"هيبه",841,194
"elhaj",125,5
"sesay",21,25
"castillo",87,70
"شرف الدين",430,10
"ghassen",277,2
"شحاده",169,0
"mosta",424,29
"moreno",508,54
"soriano",42,26
"issaka",166,7
"عبدالعالي",181,2
"isslam",130,20
"عبد الحق",306,4
"balti",99,2
"yosr",80,602
"yorgo",51,0
"monsef",309,3
"karmi",29,25
"sayed ahmad",33,0
"hanouna",6,207
"oussema",154,3
"ou",220,111
"ortega",287,26
"vergara",24,16
"ninou",223,665
"dris",230,6
"مغربي",277,16
"معتوق",307,10
"لافي",897,43
"al haj",82,0
"abbadi",50,9
"violette",29,2817
"al hassan",238,0
"salhi",128,40
"jinane",0,104
"nedra",2,109
"bey",96,93
"albo",53,7
"hafsi",28,11
"alani",73,18
"nouredine",551,7
"jawher",107,42
"ber",495,227
"nousa",15,284
"dyab",154,11
"berri",17,5
"alawadhi",22,7
"مرهون",181,6
"مزهر",1443,22
"jarrar",96,8
"alharbi",395,145
"jouni",19,7
"dizon",37,25
"hamido",313,11
"hamidou",1376,54
"ssam",58,8
"hammi",32,8
"halder",114,8
"subbarayudu",327,16
"nasreddine",256,6
"jouda",40,54
"akl",122,23
"wahdani",21,0
"suarez",140,34
"alfar",29,2
"مهاب",2589,391
"العكيدي",405,8
"lhaj",76,0
"العطار",736,38
"chiheb",225,4
"chihab",132,7
"الغاليه",119,529
"mca",50,2
"جرار",27,3
"maih",13,9
"খান",74,8
"الشمس",1067,2440
"أمي",807,2781
"أمواج",750,1780
"الظاهر",315,12
"الطيف",232,63
"المقداد",278,8
"hijazi",81,5
"المغربي",525,51
"ichraf",6,42
"راقيه",95,945
"الناصر",631,37
"chelly",11,76
"awar",90,25
"libya",71,43
"krimo",645,17
"المستحيل",241,90
"المريسي",30,0
"المحبة",168,807
"الحجاج",236,10
"mansouri",93,20
"silina",4,119
"الجندي",811,52
"الجنه",897,4155
"الجود",102,140
"الحوراني",96,7
"sido",180,80
"acosta",35,34
"الحنونة",20,261
"led",111,21
"حمصي",213,15
"اغا",241,24
"حبيبت",2323,18772
"manama",14,10
"الاهلي",977,161
"الاشقر",150,9
"حجازي",1501,46
"الأسد",912,38
"حزن",1295,1700
"الجبل",885,132
"cisse",699,374
"حكايه",2374,3589
"الجراح",419,51
"abdelouahab",263,0
"rasd",77,9
"حسونه",1347,170
"البكري",292,15
"حسنين",11366,325
"ابو رضا",2920,42
"السبع",441,21
"chrif",98,2
"السالم",197,23
"السعادة",196,177
"ramirez",139,53
"haykel",235,39
"ابو عباس",8032,99
"الشايب",787,16
"ابو جود",1525,42
"maryouma",10,155
"ابو العبد",977,18
"azri",50,4
"chua",36,54
"laib",36,8
"حياتى",2420,6725
"legaspi",18,33
"ابو مهدي",3591,40
"fatmi",22,86
"ابو كرم",1244,23
"tayssir",59,64
"laham",15,17
"gean",95,120
"raghida",0,71
"انفاسك",75,109
"romero",156,29
"est",91,264
"انساك",635,510
"بوبكر",90,0
"feriel",7,490
"rahimi",70,7
"سالمه",21,332
"dhekra",0,91
"mimoun",1480,32
"ويبقى",1465,4331
"khaldi",69,12
"shaar",43,13
"midou",544,48
"بادي",530,25
"ﺳﻮﺳﻮ",359,1150
"badis",458,18
"ferrer",54,37
"med ali",132,0
"med amine",147,0
"iheb",279,11
"الوادي",270,145
"maarouf",115,4
"kmar",58,102
"awat",2299,464
"alj",188,41
"chedli",221,3
"shahine",72,18
"اليمامة",83,331
"dagher",33,0
"اليماني",931,31
"zinou",417,59
"elyes",909,19
"الوفا",329,144
"garde",97,39
"الهواري",1605,54
"الهلالي",885,42
"زهران",984,38
"zine",478,194
"معيوف",109,2
"ons",36,195
"alomari",54,23
"jammal",139,17
"taibi",68,10
"tahri",56,16
"beji",54,10
"azdin",147,3
"hermi",25,30
"belkacem",895,24
"oran",388,111
"almu",48,16
"alqadi",22,4
"benaissa",303,18
"مرسال",347,44
"henni",60,20
"islem",560,265
"top",201,64
"iyed",170,27
"ichrak",5,124
"idi",168,26
"issra",3,88
"يقين",398,1477
"the",634,794
"هنو",367,1892
"موده",278,1308
"alhajj",113,3
"مياس",233,186
"almeer",20,6
"hou",234,148
"bassouma",0,45
"bapari",29,0
"rakia",12,314
"jabri",93,10
"barka",158,148
"cheb",169,4
"أبو زيد",901,7
"آم",79,1337
"demir",345,32
"mazari",39,0
"maystro",79,2
"kousay",28,0
"kouki",66,125
"سنيوريتا",130,2241
"سنفورة",28,450
"mikhael",531,8
"cest",685,1002
"mohamed amin",165,0
"سويد",305,10
"kilani",105,10
"زيتون",102,33
"زين الدين",505,38
"mejdi",269,6
"miazi",24,0
"khelil",108,5
"mhana",103,2
"mez",211,93
"chahine",242,37
"khiro",53,11
"القدر",388,316
"القران",574,1407
"القحطاني",1444,290
"القايدي",22,0
"القائد",1735,38
"اللوتس",71,319
"المؤمنة",30,609
"العلم",1417,686
"الفجر",843,656
"الفتاة",77,827
"الغول",439,16
"الماضي",796,429
"madridi",87,2
"النوبي",457,18
"madjid",1210,15
"تكفيني",417,407
"mahamadou",2295,41
"المتفائله",12,181
"المتوكلة",15,215
"المطوع",49,2
"المشاغب",358,15
"الرميثي",92,0
"dawi",62,34
"makhlouf",231,7
"makrani",25,2
"الرضا",560,780
"السباعي",303,7
"majumder",31,2
"الساعدي",2315,139
"الخليج",149,114
"الحنونه",82,853
"جوان",861,1417
"الخال",1580,29
"الديري",52,0
"الذهب",314,165
"corpuz",35,27
"cortez",49,39
"العجمي",421,63
"العالم",456,97
"الصباح",458,628
"السوداني",518,15
"الشموخ",130,111
"بن سعيد",85,0
"بركة",190,97
"بلادي",102,29
"mabrouka",3,287
"daddou",8,45
"الورود",492,1227
"darji",54,0
"labana",41,7
"ابو فاطمه",2474,44
"خاطري",249,53
"chowdary",44,0
"ابو زينب",3839,63
"الاصلي",488,20
"الاحبابي",38,0
"الاحزان",808,732
"الاموره",273,1894
"حبيتك",3431,3370
"اصلي",210,37
"de guzman",27,36
"الأسمر",630,22
"manai",45,25
"الحامد",167,12
"الحرة",7,34
"الجوارح",79,11
"الحق",832,185
"الجنوبي",1029,32
"ابي",745,947
"حلبي",168,4
"اردنيه",25,287
"navarro",69,59
"كرار",49095,1183
"قمبر",53,3
"قدور",97,0
"dou",286,534
"doudou",535,322
"nazzal",60,3
"jimenez",59,58
"al hajj",67,0
"كيان",6606,1739
"warde",8,95
"غنيم",607,28
"غلاك",494,409
"nadjib",370,8
"dorai",21,2
"najjar",58,12
"bf",106,51
"noir",162,136
"nouhad",43,101
"ماضي",964,179
"nen",34,125
"jilali",318,5
"nes",200,630
"velasco",25,22
"nacera",13,1155
"kaouther",3,171
"momoh",121,8
"mokdad",124,6
"mouh",265,20
"mouldi",309,0
"younan",483,2
"bz",107,19
"djalal",120,4
"wiem",3,193
"juve",91,24
"wayanad",22,3
"naaman",83,2
"bleu",117,122
"bra",474,48
"brahem",207,9
"xam",285,104
"boulos",123,0
"bouazza",221,5
"boualem",803,9
"bouba",1774,186
"yahi",53,11
"boutheina",0,90
"bouzid",311,13
"mukadam",33,0
"yaacoub",32,0
"fou",395,127
"rousan",20,2
"atat",41,23
"habibat",36,478
"hamade",223,6
"sidibe",338,76
"altaher",87,0
"swar",116,56
"ammari",49,7
"alward",69,113
"sweet",24,80
"hariri",67,16
"hajeer",13,79
"siwar",65,465
"sassi",284,49
"shalaby",261,12
"ammouna",2,28
"souhil",166,6
"fredj",150,4
"srour",84,50
"soula",37,143
"souhir",4,205
"alwafi",115,13
"sirina",12,127
"fuentes",34,28
"aouni",29,3
"slaiman",80,0
"alzain",82,191
"fakih",42,2
"sourour",6,88
"abbassi",40,11
"farg",1058,40
"tahat",25,4
"alshaer",38,6
"selmi",67,18
"hamidi",102,22
"tadese",272,26
"abderrezak",129,0
"semaan",38,2
"shokor",38,0
"fha",811,299
"asfoor",74,23
"faysel",133,0
"assy",24,116
"alsaad",77,16
"ﻋﻠﻲ",3818,136
"fedi",112,21
"soltane",68,6
"hab",217,352
"hejer",0,51
"ghannam",127,0
"sabeur",173,3
"ajmi",111,36
"yılmaz",349,5
"diarra",617,261
"شايب",730,21
"abou ali",49,2
"شحادة",149,5
"sendi",32,28
"semia",2,65
"gharbi",93,21
"sayeh",24,32
"monji",250,2
"kassab",114,5
"monder",165,2
"amraoui",27,5
"soufi",59,25
"faouzia",5,501
"عاصي",452,103
"sayde",80,16
"mostefa",451,10
"ghoson",2,117
"yesmine",4,93
"فضيل",265,5
"قبلان",213,4
"samet",989,34
"narimane",2,233
"nait",42,12
"amire",157,170
"naimi",64,22
"فرجاني",116,0
"saliba",83,4
"كوسوفي",308,12
"salloum",79,0
"dsilva",12,8
"salazar",39,26
"gulli",295,431
"aminou",89,16
"xan",163,136
"kaddour",326,10
"على الله",188,69
"gonzaga",15,33
"bonjour",581,307
"dissanayaka",47,19
"عليوه",503,12
"ammour",29,3
"sarmiento",14,25
"عرار",121,2
"عرابي",418,12
"kalal",91,7
"boubaker",362,7
"bitar",28,7
"عيني",312,435
"غنوم",56,4
"djo",2198,151
"عماره",354,27
"saoussen",0,154
"dje",995,94
"juventus",54,4
"blk",72,12
"mannou",7,48
"حماه",100,29
"حسيني",1550,267
"lamri",115,11
"اركان",8089,243
"احزان",1858,2470
"sheet",26,4
"البخيت",106,2
"coeur",331,498
"البدور",19,65
"mallek",83,23
"الانصاري",330,23
"الجوهري",427,16
"الحداد",1164,50
"الحجي",2145,64
"الحجاجي",52,2
"sifo",85,14
"الجبري",130,0
"الجبوري",4830,265
"التهامي",302,9
"الجعيدي",117,6
"lassaad",481,2
"late",36,27
"حسونة",391,56
"الاحمد",223,35
"حديد",213,11
"laudy",7,24
"chou",330,883
"ابو حيدر",8543,111
"خطيب",281,14
"ach",305,41
"aguilar",46,28
"laid",660,12
"حنيش",54,5
"lakhdar",937,16
"ابوعباس",3008,38
"chui",74,43
"ابو ريان",2586,41
"marleine",0,94
"الوفي",1158,85
"الوقت",211,74
"الوردي",108,66
"الهوى",608,181
"الهلال",375,71
"الهندي",313,14
"ﺍﻟﺤﺐ",2026,986
"بلاد",259,79
"بركه",407,100
"بري",116,55
"بطبعي",74,62
"fedia",13,53
"lohar",58,0
"امبارك",210,6
"ﺍﻟﺒﺮﻧﺲ",3825,95
"بن محمد",129,3
"الشافعي",696,41
"الشربيني",677,20
"السماء",952,2467
"الطويل",229,23
"العاني",153,33
"العبدالله",173,40
"الطالب",167,5
"الصقور",249,21
"الحيدري",411,30
"الدون",1047,31
"الدمشقي",80,0
"الحموي",42,2
"الحميدي",638,25
"الحوري",53,7
"الزمان",805,543
"الزناتي",277,8
"الزهور",232,782
"الذهبي",697,35
"malaga",27,13
"الرسام",894,36
"lel",71,48
"الرمحي",100,6
"المسعودي",600,9
"المشاعر",170,258
"المطر",115,231
"المطيري",1075,186
"المجنون",699,41
"المحبه",403,1381
"المحمد",135,26
"المحمدي",804,46
"المتفائلة",13,189
"المرشدي",286,10
"النصر",875,197
"النعماني",164,5
"الناصري",636,28
"المنتصر",768,40
"المهدي",207,49
"المهلهل",465,5
"ثقتي",2125,6856
"العويسي",120,6
"الفار",147,7
"الفارسي",277,73
"العودات",20,0
"aek",162,4
"العزي",393,16
"العزيز",435,69
"جاب الله",463,9
"العنقاء",32,112
"العلوي",390,69
"العماري",252,6
"adwan",87,0
"الفضل",252,42
"الفرسان",332,101
"الفيومي",445,12
"chahir",92,0
"chahra",8,166
"سعادة",189,217
"zekri",46,8
"سترك",1305,2006
"zawali",16,4
"chaabi",19,6
"mejda",0,109
"mehamad",82,2
"meftah",119,9
"زوجي",412,3455
"chamseddine",67,0
"سالمة",7,118
"mizi",41,12
"mitri",52,0
"سيوفي",14577,554
"miss",11,784
"moftah",133,12
"dhouha",0,132
"milina",5,76
"miled",128,7
"ced",3466,73
"minou",270,359
"derbali",19,4
"cher",58,170
"chira",32,47
"ahcene",718,8
"sleh",45,2
"zoubir",571,8
"chanez",2,169
"konate",406,134
"shalabi",48,5
"koh",58,24
"altamimi",74,13
"نمارق",36,267
"imade",141,9
"ortiz",46,26
"touti",40,51
"omri",1683,142
"ouma",32,127
"ramdani",74,15
"benali",241,25
"rihem",10,99
"ocampo",15,18
"atig",24,0
"el hassan",283,4
"hawari",75,5
"نيسان",218,99
"syr",76,28
"belaid",528,13
"نور الهدي",259,1257
"نور عيني",1316,2312
"aldeeb",63,4
"hassiba",4,406
"azoo",432,107
"toumi",146,34
"baghdadi",70,4
"مخلوف",233,2
"محمودي",95,6
"torino",43,0
"elmasry",933,74
"belhaj",69,10
"jaidi",24,0
"sabbah",148,60
"alhaddad",21,2
"hamdoun",53,3
"alh",123,57
"pascua",20,38
"pasman",51,2
"alg",122,46
"نجار",469,45
"barika",11,9
"ميلود",102,2
"perle",52,1190
"hammoudi",323,11
"hammouda",127,4
"barzan",3396,122
"em ali",2,85
"saafi",64,50
"if",82,35
"alvarez",96,55
"ملحم",176,5
"ملاكي",306,1217
"hamzawi",68,6
"papillon",145,452
"ilina",0,77
"rahmeh",0,122
"palma",52,161
"نصيف",964,16
"amari",142,35
"espoir",167,154
"asouma",4,59
"alfaraj",18,4
"atoom",14,37
"jamai",68,23
"alalawi",64,4
"ameni",6,179
"alomar",27,7
"alahmed",31,5
"hbibi",22,43
"rouge",103,131
"ويبقي",664,1533
"away",55,21
"rouhi",10,16
"alsham",17,32
"alamery",24,2
"rabeb",2,128
"tamimi",89,17
"هيتم",145,6
"bhuiya",26,0
"rosales",19,18
"مامت",213,3373
"bhs",20,3
"alzoubi",37,20
"ayachi",107,10
"bakeer",179,3
"مجتبى",6542,311
"hernandez",120,54
"ونيس",363,7
"talbi",79,23
"aloush",120,7
"ayhem",65,0
"aydi",2,18
"bhoi",41,0
"وجع",1351,1460
"hmida",217,13
"هديه",191,494
"hmadi",47,3
"balde",173,52
"alayan",25,0
"hacen",204,5
"rhoma",46,47
"abdali",122,6
"abdelmoula",100,0
"alansari",32,3
"bessem",145,7
"sahwan",27,3
"nsir",46,2
"etoile",60,325
"nourhene",2,76
"alshareef",141,13
"ayyash",33,2
"tlili",24,9
"koye",116,38
"iness",15,644
"رضاء",614,122
"يالله",260,216
"رحماني",32,4
"دخيل",1271,46
"ikbel",28,41
"وهبي",387,11
"راح",1235,479
"filali",60,19
"lid",31,29
"جادو",191,18
"hmade",122,4
"hiwa",2902,103
"تميمي",245,28
"lek",104,67
"houari",1229,39
"بن عمر",78,0
"بن عيسى",37,0
"بن صالح",56,5
"hechmi",88,5
"بن حسين",34,0
"ﺣﻴﺎﺗﻲ",450,679
"ﻋﺎﺷﻖ",3070,137
"بطاح",43,0
"feryel",2,94
"lla",23,60
"lah",111,92
"frag",264,16
"خوري",31,6
"خضير",5128,94
"حداد",557,73
"fodil",218,8
"lazher",55,0
"hassine",182,10
"husseini",103,5
"حمزاوي",1204,56
"hasnaoui",22,11
"laroussi",132,2
"lasaad",41,0
"lamaa",20,175
"lamjed",149,2
"عليوي",304,10
"kadapa",129,19
"kadda",86,2
"je suis",590,488
"غايتي",297,1191
"kallel",31,2
"hajjar",12,69
"عبدالمهيمن",337,4
"مصطفئ",6437,218
"haikel",194,14
"kahil",42,4
"haitem",154,0
"محاميد",45,11
"كبريائي",1841,2848
"كشخه",761,424
"كشخة",341,144
"قنديل",586,77
"محرز",150,2
"لغتي",362,670
"ليبي",114,7
"مارس",99,23
"كوكا",381,645
"مامي",31,216
"فافي",19,101
"فتاه",309,3388
"joudeh",25,0
"jouini",22,12
"habibo",66,15
"haddou",82,7
"hacene",860,7
"hachemi",242,3
"haber",34,26
"سماره",1005,760
"khayri",53,0
"نسيم البحر",535,784
"نزال",283,14
"سيزر",528,30
"زماني",347,276
"kimou",113,15
"هيمو",3192,353
"سبت",383,203
"سبها",982,484
"ستايل",213,169
"gedeon",242,7
"سرمد",6196,206
"ساسي",22,18
"هنداوي",352,22
"karoui",19,5
"طايش",404,18
"طالبه",115,1195
"jalloul",40,0
"صكر",1931,57
"hamadou",137,5
"ضاهر",424,9
"ملكي",501,109
"عبد الرضا",561,7
"hako",342,14
"halabi",23,2
"hammou",162,8
"ناصف",989,22
"شبلي",142,0
"شبر",292,18
"hamila",9,15
"hamie",15,8
"ناصر الدين",77,3
"شمر",468,49
"شكر",611,48
"ندم",492,614
"hamou",543,17
"jadallah",60,0
"jahjah",24,11
"ميرزا",824,70
"صحراوي",90,2
"kassar",28,0
"kazan",39,10
"ghiles",188,0
"شي",155,87
"tanios",20,0
"taraji",29,22
"ramdane",502,5
"ritej",8,78
"syrine",9,523
"riahi",51,23
"rebai",45,8
"tunis",16,5
"penchalaiah",269,15
"otb",43,28
"ouni",25,13
"oueslati",30,8
"oumarou",221,7
"ulla",38,190
"rabhi",36,9
"radhwen",28,0
"quraan",15,8
"rahhal",64,4
"rahme",18,121
"rahali",23,5
"tounsi",47,6
"touhami",171,3
"touati",147,20
"qadr",702,47
"sobh",106,5
"smain",690,5
"sawssen",0,68
"soussou",38,371
"souissi",27,12
"senda",13,70
"soltani",39,17
"solitaire",16,9
"sebri",23,4
"sidali",311,3
"sid ali",146,4
"sid ahmed",236,2
"sherwani",35,4
"sifou",89,5
"shoker",25,2
"sharara",26,14
"sadok",438,10
"saci",98,18
"sukkar",27,7
"saidani",20,13
"saidou",644,25
"safwen",48,4
"roukaya",2,111
"rou",108,290
"saadeh",37,12
"sassou",14,435
"sasou",27,284
"sarouna",0,28
"samhan",73,8
"samoura",21,85
"samou",96,77
"samaha",63,56
"mehrez",398,2
"ziane",177,20
"melki",44,13
"mekki",358,14
"mco",25,0
"mizou",39,19
"mhanna",45,0
"zaydan",24,0
"mendez",53,37
"menad",128,2
"messaoud",658,17
"merouane",364,4
"mirou",42,42
"miloudi",62,6
"العيد",78,13
"العياشي",119,2
"العوامي",220,9
"الغدر",196,118
"العنزي",2419,455
"الغزالي",477,24
"الفرج",322,179
"الفراق",1118,825
"الفقيه",173,15
"الفراتي",135,2
"الفرات",133,27
"الفايز",66,11
"الضالعي",98,0
"الصوفي",137,0
"الصمود",41,12
"العشاق",248,105
"العادلي",111,7
"العابد",423,22
"العايدي",151,6
"العباس",277,47
"العجيلي",231,9
"العتيبي",2249,496
"العبودي",1071,46
"المدلل",163,7
"mahaman",22,0
"الملا",203,11
"المنصورى",45,0
"المنتظر",343,80
"القيسي",1125,137
"الكنك",774,28
"الكلام",609,233
"mahboul",32,5
"الكل",213,70
"القاسمي",282,14
"القادري",116,11
"القصاص",180,19
"الخاطر",88,27
"الحوراء",94,694
"الحنش",254,10
"الخليجي",196,10
"الحمصي",161,5
"الحمراء",93,383
"الدرويش",69,0
"الدوسري",1176,254
"الجعفري",639,25
"الجمال",659,384
"التلج",2,25
"التركماني",83,5
"الحاجي",26,3
"الجمل",719,49
"الجيلاني",147,2
"الجوريه",9,53
"الجميلة",30,245
"الجميل",505,126
"الراجحي",206,5
"الشاويش",139,2
"الشاوي",100,5
"السنوسي",202,7
"الشيباني",330,8
"الشرق",218,82
"الريحان",38,62
"الرحمة",274,421
"الرجال",168,11
"الربيعي",1574,173
"الراشد",146,23
"الرحيل",297,143
"الرمال",75,37
"السعاده",252,193
"السرحان",44,2
"السراوي",31,0
"السليماني",122,14
"السلفية",15,18
"السلطاني",698,33
"السقا",243,23
"makarem",38,91
"الساري",312,20
"انوش",523,1765
"اني",780,407
"اولادي",522,2916
"امرأة",28,349
"املي",718,2380
"اميري",1708,1636
"بالله",270,639
"برو",154,106
"باش",192,27
"بابل",96,26
"بأخلاقي",91,289
"اليوسف",208,22
"اليقين",151,300
"الناس",744,309
"الندى",125,278
"النوري",134,252
"الهدار",22,0
"التائب",362,26
"ابو جواد",1142,10
"ابو ربيع",692,8
"ابو طيبه",1623,28
"mazouz",57,6
"أملي",275,1194
"ألم",656,645
"اسو",998,1661
"الاناقه",52,35
"الاشهب",39,2
"البيلسان",12,106
"البنا",487,31
"الباشه",675,39
"malouka",10,89
"الابيض",649,102
"الاسطي",1033,14
"الأيام",232,143
"الإيمان",143,486
"nedia",2,73
"nejah",25,12
"nehme",17,14
"nihed",17,97
"nihel",6,140
"nessrine",6,295
"napoli",62,4
"naoufel",480,8
"nassri",46,4
"uy",69,36
"omrani",18,6
"nordine",4266,53
"nouno",43,17
"vargas",50,25
"yessin",70,0
"mourtada",76,0
"mouez",147,0
"yap",47,20
"yousfi",48,8
"montasar",178,3
"montassar",201,7
"mokbel",114,4
"møh",382,9
"naily",4,19
"naceur",461,2
"nadhem",106,2
"xalid",1025,31
"atieh",44,25
"bensalem",41,8
"dergham",146,2
"bennani",24,7
"bennacer",28,3
"al sayed",267,2
"eter",13,38
"essia",9,121
"bekas",514,48
"belgacem",506,10
"belhassen",113,0
"chaouch",21,9
"delos santos",6,18
"estrada",21,28
"chahed",16,36
"chahin",82,8
"akli",477,7
"akra",58,11
"baroudi",74,3
"chikh",58,12
"abdelmadjid",159,0
"abdelwaheb",74,0
"abderahmane",150,2
"abdenour",458,3
"abdessalem",204,0
"choko",110,17
"faracha",2,27
"abassi",36,0
"alger",133,65
"fakhreddine",56,0
"alhamad",36,13
"daoudi",90,27
"azedine",403,5
"awada",18,28
"chehab",36,2
"debs",16,58
"bba",46,19
"awali",47,21
"ezzeddine",209,0
"alabed",22,2
"chatti",18,2
"amouri",89,5
"chavez",33,24
"fahel",16,4
"ayari",89,25
"chicha",339,100
"ald",96,15
"alattar",32,2
"alarbi",27,0
"alarab",65,2
"de leon",23,11
"albader",88,16
"ayadi",122,26
"djillali",282,8
"artiste",20,4
"djd",64,44
"edc",653,552
"adnen",197,4
"adamou",122,15
"brahmi",25,9
"dorsaf",2,184
"douda",60,140
"dridi",86,29
"bouziane",231,10
"boudjemaa",79,5
"bouha",21,5
"adrar",35,13
"arous",6,18
"adra",39,77
"arja",27,34
"brik",53,9
"didin",99,4
"bicha",62,39
"diakite",352,72
"bibicha",8,72
"bibich",27,50
"ajram",24,6
"aboubacar",1232,30
"asfour",138,71
"elhem",2,59
"elhadj",392,7
"annaba",50,10
"chrifa",0,43
"farraj",168,6
"cine",35,48
"aljamal",25,8
"alr",39,14
"aljbory",24,6
"bachiri",19,6
"alobaidi",22,3
"almajed",27,0
"alotaibi",151,72
"allaw",20,0
"alsabah",35,6
"alimi",23,19
"allali",24,13
"alnasser",49,12
"alili",25,40
"da silva",347,156
"azzouz",371,28
"dalanda",2,98
"alnaser",66,2
"dandash",24,73
"coulibaly",494,133
"almasri",60,11
"almansour",28,4
"fattouma",0,59
"wannes",634,2
"lilou",393,6595
"souli",171,17
"chaib",231,14
"boubou",1683,445
"didine",265,1233
"bilou",644,66
"djilali",809,10
"kheira",21,1405
"boujemaa",243,0
"souki",13,111
"kahina",22,1520
"harouna",1260,34
"soussi",51,16
"hamdaoui",59,12
"idir",859,19
"meziane",474,21
"qlf",197,38
"moumou",441,95
"coiffeur",130,36
"mokhtari",36,8
"ma vie",84,400
"berkani",61,2
"fik",37,6
"benamar",236,18
"berkane",86,14
"snoussi",49,6
"achour",542,23
"dadou",807,597
"nadou",20,576
"djou",92,103
"amrani",56,23
"kouider",256,9
"mahrez",339,6
"boud",36,14
"lounes",618,17
"boumediene",213,4
"titou",953,211
"ouali",169,17
"ziani",101,28
"chahinez",5,358
"sahli",110,24
"mbarka",4,185
"sahraoui",129,13
"lounis",394,9
"arezki",760,13
"rezki",147,9
"elmir",100,3
"ben ali",111,7
"ilyess",344,13
"yessine",92,2
"lacoste",172,37
"houcin",80,2
"sbai",24,9
"yaakoub",56,3
"serine",18,372
"blanc",201,96
"anouch",4,94
"chadlia",2,74
"tizi",64,28
"belhadj",122,16
"krimou",94,6
"minoucha",5,165
"zouhaier",257,0
"kaddouri",54,10
"mouha",196,20
"dahman",88,0
"yahyaoui",40,9
"djelloul",321,5
"patron",103,3
"eddine",172,8
"mokrane",332,6
"mimouni",29,9
"didou",713,280
"boub",71,9
"lakhal",55,8
"karzan",4400,160
"sahrawi",38,0
"belkadi",17,5
"rahmouni",37,16
"prive",34,18
"mimou",121,91
"moumni",18,4
"dja",273,110
"dahmani",65,27
"dahmane",196,3
"kadour",190,4
"sirwan",2012,51
"zaoui",49,9
"khemais",152,2
"khelifa",313,12
"khira",9,171
"bilale",105,11
"soran",4830,185
"chadli",77,3
"abderrahmen",114,0
"paradis",79,97
"benaouda",94,7
"dahou",77,5
"nasserdine",43,0
"nadji",121,29
"houcem",86,2
"mohamed aziz",46,0
"hbiba",31,320
"mouadh",82,0
"slimani",126,45
"saoudi",90,15
"moussaoui",42,18
"nejia",2,113
"seifeddine",96,0
"ibiza",33,15
"hemn",5864,213
"hsen",921,51
"med amin",23,0
"hadri",92,4
"jemaa",25,65
"chaoui",155,19
"chabane",284,9
"nawzad",2100,72
"faicel",134,0
"berber",68,7
"daho",77,9
"boukhari",31,2
"kaci",238,15
"bennour",19,5
"ferjani",55,2
"chinwi",25,2
"bouali",45,17
"djidji",104,152
"azou",101,15
"bangura",18,11
"almahdi",83,8
"thameur",74,2
"atmani",16,7
"abdellaoui",23,8
"arbia",13,155
"zouhour",2,96
"ghalem",77,3
"mimicha",4,46
"mimita",2,53
"sebti",87,5
"brune",13,262
"dler",1861,57
"messaoudi",54,17
"sequeira",22,3
"douzi",17,3
"bouabdallah",59,2
"drissi",20,3
"bouda",96,16
"zeroual",22,10
"zouaoui",79,0
"mongia",0,118
"tmax",114,5
"nawres",59,80
"zarga",73,4
"dhaou",85,2
"kw",123,66
"chedly",94,0
"lahcene",387,7
"lamara",42,56
"khalife",24,0
"sidou",176,7
"ded",210,72
"amirouche",237,6
"yacoubi",15,6
"soufiene",93,0
"hammami",47,15
"ezzine",21,2
"abderrazek",75,0
"noussa",16,270
"romdhane",58,2
"abdelnour",79,0
"fellah",31,7
"fella",3,242
"abdessattar",45,2
"bensaid",29,4
"manoula",0,40
"halimi",38,10
"mahboula",2,31
"yakine",28,24
"halouma",2,69
"maghnia",6,73
"chaibi",26,6
"maiga",86,21
"sofyen",54,0
"ahcen",63,0
"rebwar",3526,114
"bejaoui",23,12
"belarbi",34,10
"bahloul",25,2
"djalil",172,4
"skikda",18,3
"cef",29,2
"ref",73,50
"smaili",17,5
"بصراوي",938,42
"ben mohamed",49,4
"ben salah",33,6
"sissa",13,98
"ben amor",32,3
"houhou",40,67
"housein",40,0
"housem",36,0
"tabet",34,4
"labidi",57,29
"daou",96,12
"limam",26,6
"مهيمن",5054,267
"radhouane",179,0
"talel",129,2
"dembele",294,45
"akari",14,20
"kou",79,45
"alilou",303,10
"alilo",62,4
"kurdish",369,70
"chergui",28,12
"mortadha",267,0
"zaxo",876,154
"zarzis",205,45
"dalel",37,143
"assouma",9,41
"neder",51,0
"gacem",50,5
"mrabet",16,7
"gadour",53,0
"brahimi",65,13
"trabelsi",66,24
"nohra",7,71
"ziadi",22,0
"noire",21,17
"nadjet",4,283
"naouar",6,15
"kadhem",287,4
"sahnoune",24,3
"fraj",162,0
"touil",29,9
"boukari",48,10
"athmane",179,0
"attou",44,7
"bouabid",31,0
"boualam",37,2
"ouadah",29,5
"othmen",52,0
"merzouk",112,7
"merzak",84,3
"aroua",0,53
"gje",244,112
"abdelli",25,4
"djawad",98,8
"benyoucef",47,3
"meddah",21,7
"bensalah",24,8
"mbarki",18,7
"rzouga",66,0
"ghofrane",8,73
"ezzedine",199,0
"ghanmi",16,6
"ayoubi",25,0
"rouma",3,72
"mhamdi",50,13
"adlane",128,4
"jabeur",20,2
"fehri",32,2
"fatnassi",25,2
"feres",57,0
"gasmi",27,8
"gardy",65,7
"ياعلي",2174,1111
"essid",21,0
"الانيق",1626,63
"hayek",14,9
"hdi",58,12
"hallouma",0,41
"hamlaoui",26,0
"hajri",51,14
"xoshnaw",271,36
"xalil",461,16
"hamzaoui",39,9
"houyem",0,53
"houry",3,70
"hocin",49,0
"gutierrez",27,30
"habash",45,2
"yazidi",22,3
"moussi",21,10
"moumouh",78,0
"saroura",4,18
"naoum",22,10
"mø",1303,682
"mebarek",78,6
"mejri",52,18
"massinissa",276,3
"milissa",2,66
"missoum",76,5
"sellami",16,7
"rezgui",37,9
"rahmane",30,0
"rachdi",30,3
"saadaoui",21,3
"khemissi",54,2
"kochar",543,254
"laidi",36,8
"lakhder",31,0
"labrune",3,35
"lassoued",17,7
"koussay",26,6
"kurde",120,45
"jesser",25,0
"jlassi",26,2
"torki",390,15
"tns",54,15
"tix",20,0
"triki",32,7
"tounes",19,54
"touma",29,84
"kadirou",61,0
"kadiro",51,0
"kabyle",163,33
"kahla",40,31
"soulef",5,118
"mahbouba",0,102
"smida",21,4
"sndi",81,8
"bayrem",52,2
"chaabane",90,4
"aloulou",38,2
"ben abdallah",24,2
"bvb",31,0
"behi",19,14
"benahmed",28,5
"anoucha",0,48
"anouche",2,38
"alnajjar",22,12
"berro",15,35
"chaba",18,25
"daloula",0,40
"aidi",23,23
"chikhi",16,8
"ben said",27,4
"belhadi",17,3
"dlshad",2401,84
"brunette",4,84
"dawla",11,17
"alazzawi",21,5
"alazawi",30,9
"alasady",28,8
"boukhalfa",59,3
"boughanmi",13,8
"benyahia",46,7
"charef",213,7
"aliraqi",440,19
"borhen",42,0
"chawi",38,16
"boudj",30,2
"amedi",119,39
"dhaif",96,0
"csc",34,6
"charmante",0,45
"acab",23,4
"chamsou",47,5
"amou",33,40
"bouzidi",34,13
"bendaoud",32,3
"allouche",20,6
"chedia",0,50
"dahmen",24,2
"duski",236,88
"doski",301,77
"cherni",25,5
"amrane",129,13
"aljanabi",31,6
"cherifi",32,14
"bouraoui",56,4
"bouras",32,10
"bouthayna",0,37
"loud",54,35
"ghattas",86,0
"deek",24,4
"sehli",19,4
"marji",19,15
"esper",10,19
"samsouma",3,50
"barhoumi",45,10
"rzgar",2846,122
"qasm",602,21
"mohamed hedi",65,0
"chebbi",30,9
"ضاغطهم",2597,182
"hsein",69,0
"ilef",3,59
"youma",9,187
"zarrouk",18,2
"ghano",32,12
"منصف",221,7
"كربلاء",605,481
"رافد",5022,88
"عفرين",22,9
"ابوحيدر",2930,31
"الاسدي",1659,111
"اللهيبي",471,11
"ʚiɞ",264,1297
"foudil",128,0
"haykal",36,3
"harki",152,22
"hakou",54,2
"haddar",22,0
"wahrani",51,0
"pineda",15,26
"sebaa",11,25
"shehadeh",77,0
"khoury",9,11
"rafraf",28,6
"krar",3060,118
"boubekeur",111,3
"allaoua",114,3
"bacem",114,0
"djoudi",75,10
"ayache",39,8
"choker",19,2
"aldeen",30,2
"fadlallah",57,0
"arab",34,0
"chouk",27,7
"kocher",202,75
"قامشلو",54,16
"gti",41,4
"barzani",123,45
"baxtyar",1835,63
"bouaziz",43,10
"feki",20,9
"khelifi",38,9
"slouma",63,3
"kurdstan",521,444
"gardi",69,12
"altai",14,10
"askri",27,4
"naymar",73,4
"chouchane",10,12
"الجن",2450,120
"التركي",1643,75
"الالماني",1470,44
"سجودي",6727,1330
"ﺍﻡ",492,1134
"الهدي",290,830
"الحاج علي",1220,19
"قدوتي",221,1479
"ضوء",832,2416
"الصغير",917,76
"الاسطى",724,9
"الحاج حسن",891,10
"المؤمنه",60,801
"ﺑﻨﺖ",216,1009
"الرحمه",538,707
"العسوله",83,665
"تقوي",120,591
"ﺻﻘﺮ",817,18
"العرباوي",523,12
"رحومه",444,137
"ﻋﺒﺪﻭ",452,11
"الضبع",482,9
"مايو",456,88
"ابو عيد",536,18
"البستان",162,380
"ﻣﻠﻜﺔ",158,593
"الليبي",371,14
"الدين",580,325
"علوان",1670,50
"كنج",611,34
"منسي",520,24
"الباش",765,57
"الجميله",53,432
"صبح",435,46
"makary",289,14
"بعد",789,474
"بيك",232,298
"انثي",34,347
"العسكري",738,27
"المجد",494,95
"الحويطي",628,31
"oriflame",25,274
"عليوة",269,8
"اعز الناس",1583,1763
"رباح",1474,102
"almasry",285,11
"ابو رقيه",2200,45
"القذافي",308,0
"الصابرين",118,245
"نيمار",1825,125
"البيضاء",239,1044
"البحيري",278,19
"الخولي",239,24
"هواري",303,5
"وداع",299,267
"غندور",279,20
"الجبالي",251,10
"دومه",215,61
"باخلاقي",119,368
"العرب",288,39
"الشعراوي",324,13
"الاحلام",275,397
"احميده",199,2
"الفلاح",274,15
"السني",228,9
"الصابر",354,13
"النفس",218,327
"الغرباوي",253,12
"سنوسي",217,2
"المتواضع",720,27
"الندي",71,162
"انته",1008,1067
"الدالي",185,13
"المالكي",2253,229
"العزه",112,161
"العزة",170,192
"الفقي",164,12
"الكريم",239,55
"الفرجاني",147,2
"المتوكله",13,237
"الصبار",63,139
"السعد",302,56
"أبي",194,290
"ارحومه",128,0
"ليا",133,380
"الطحان",154,10
"علي الله",142,30
"اسلومه",124,3
"الظلام",291,54
"ﺍﻟﻮﺭﺩ",124,198
"الحياء",138,152
"الخيانه",251,142
"الطبيب",191,5
"المغربى",124,5
"الوداع",257,138
"الفايدي",135,4
"الليبى",119,2
"الرحمان",107,164
"ابو شنب",369,9
"الحنان",214,345
"الراوي",443,56
"الحديدي",516,15
"الحكيم",340,11
"ياقلبي",161,138
"اوسكار",656,105
"بيضاء",25,230
"الأصيل",334,31
"يادنيا",262,198
"ابو حماد",189,4
"سعادتي",120,397
"ﺍﻟﺤﺰﻳﻦ",329,17
"بديني",27,116
"القطعاني",103,4
"الصباحي",174,4
"wahdan",121,2
"الاحمدي",319,49
"العبدلله",121,4
"اليبي",99,2
"أنثي",8,116
"العقيلي",236,14
"الصالح",253,34
"hossem",156,0
"رضي",224,104
"مدد",230,41
"بربي",17,127
"الجازوي",94,3
"الخضري",113,3
"الجيزاوي",98,0
"الجديد",145,13
"اخلاقي",154,278
"houssien",104,0
"العزومي",90,3
"البلوي",403,59
"جرحوني",4098,1882
"الديك",120,2
"رحومة",85,56
"العذاب",156,94
"العباسي",458,20
"الخياط",257,13
"orabi",136,5
"يازمن",378,196
"الكوري",328,14
"الحرباوي",117,2
"ياربي",96,152
"ﺍﻟﻠﻴﻞ",83,19
"السعداوي",154,4
"حنونة",35,377
"الامير",91,5
"العوامى",77,3
"الهنداوي",112,10
"الصباغ",255,9
"عبدو عبدو",115,9
"مادي",102,72
"العميري",263,15
"شومان",84,9
"ابو عواد",325,6
"fattouh",78,0
"الهدوء",244,247
"مملكتي",48,169
"الحمزاوي",156,4
"الكيلاني",111,7
"بروحي",262,173
"عبد المهيمن",401,10
"ابوسته",77,0
"غيت",32,72
"اليالي",99,125
"rawen",227,182
"diga",20,64
"الفرح",140,138
"محيسن",312,8
"الياباني",123,4
"دائما",78,80
"البرعصي",59,4
"الحسني",633,63
"الصحراوي",120,0
"الخواجا",68,2
"متواضع",410,19
"امرأه",25,271
"الاسباني",161,2
"الشمال",175,56
"الكردي",325,24
"البري",123,23
"حره",24,130
"ابو جعفر",2747,25
"la rose",3,67
"احميدة",53,0
"احميد",161,8
"قرة عيني",12,109
"البشر",84,61
"masre",93,2
"alhoda",20,56
"الشتاء",90,153
"ossman",91,2
"المزيني",93,3
"almasre",69,2
"الكوثر",109,191
"الزواوي",54,2
"le roi",72,0
"ﺍﻟﺤﺮ",82,0
"الفرجانى",49,0
"المعبدي",58,4
"السايح",61,0
"الهمامي",105,8
"الحوتي",52,0
"la reine",2,60
"المبروك",74,0
"السرحاني",113,8
"البيك",424,139
"الأبيض",72,10
"عياش",534,17
"السبعاوي",255,11
"البي",112,57
"انوشة",33,142
"ابو زهراء",5237,73
"القصير",145,7
"العبيدى",49,0
"الاحمر",113,49
"في الله",16,48
"صبار",782,10
"شرقي",311,10
"الحجازي",87,3
"ارحيم",68,0
"mahmwd",234,19
"العطوي",351,36
"ابوزهراء",1542,23
"الاحباب",87,26
"الدر",304,596
"العاصي",106,13
"المستعان",54,47
"الحلاق",351,5
"ام البنين",148,791
"بنور",18,50
"عزرائيل",296,27
"احبابي",163,169
"كردي",207,13
"الغروب",117,141
"الايطالي",270,8
"الزهيري",452,25
"الداودي",113,3
"خفاجي",133,7
"المناعي",57,0
"ayouta",5,95
"القناشي",39,0
"الحزان",380,246
"سر سعادتي",38,196
"bhr",133,37
"لعبيدي",53,0
"فاقده",22,150
"يا زمن",133,65
"القطعانى",37,2
"قدافي",37,0
"ابكر",724,10
"الازهار",37,111
"برشلونه",315,44
"العرابي",66,5
"اكتوبر",48,13
"السنين",101,117
"احسين",619,38
"عصومي",388,62
"الجزيري",40,0
"mariouma",0,65
"المجنونة",5,81
"ابو سرحان",196,4
"الجازوى",34,0
"الحلبي",119,5
"pharm",48,45
"الورفلي",35,3
"السلفي",88,3
"ghandour",57,0
"abouzeid",47,0
"الترهوني",32,0
"الجهمي",51,0
"الشعار",46,5
"الرايس",36,0
"التلاوي",49,5
"alquran",11,34
"الواعر",34,3
"الازرق",136,13
"الرياني",42,2
"السعيطي",32,3
"سرت",34,10
"عقوب",41,0
"الراضي",76,2
"mouawad",31,2
"أحميده",31,0
"ابوحجر",43,0
"امطير",35,0
"attieh",62,0
"العشيبي",30,0
"اعبيد",60,0
"الجلالي",36,0
"اكريم",53,3
"راموس",366,26
"الرملي",43,0
"يناير",44,15
"احموده",31,0
"الحجيري",39,0
"راحله",18,97
"الضحى",36,67
"المشرقي",60,0
"الجنان",21,78
"الصالحين",38,11
"الحوات",39,0
"العبسي",157,8
"alsharif",139,6
"المنفي",30,0
"الياسين",48,15
"النسور",63,4
"الخويلدي",80,2
"الأنصاري",82,4
"الاخضر",83,10
"السوداء",13,46
"hbibet",4,37
"بوزيد",46,0
"bofa",25,4
"battah",15,39
"الاردني",59,4
"الصيد",55,4
"hssein",109,3
"المحمود",76,12
"الغانم",90,4
"balha",55,2
"البيطار",42,2
"التايب",48,0
"شخصيا",89,22
"alsherif",33,0
"العاقل",219,6
"الشموس",23,70
"الغرابلي",32,0
"العمارى",30,0
"ابو محفوظ",49,0
"المدني",134,7
"القانون",97,13
"ابريك",23,0
"الضائع",51,13
"العكرمي",23,0
"برهم",472,30
"عجاج",191,8
"البناء",67,2
"صيف",73,27
"osta",46,0
"ليبيه",3,24
"alloush",376,37
"العريبي",37,3
"عقيله",35,189
"بضحكتي",26,83
"الغد",60,33
"الصبيحي",144,7
"مهبوله",4,32
"ارحومة",23,0
"الفاخري",30,2
"القدافي",24,0
"alsh",81,45
"الغزاوي",116,4
"بكبريائي",57,124
"الحديد",41,2
"العقبي",41,0
"ايسكو",462,10
"لمنفي",21,0
"المحبوبه",16,154
"الشهيبي",26,0
"الجروح",169,122
"الفيتوري",26,0
"الانتظار",75,56
"هديب",140,2
"الجراري",47,0
"المحجوب",31,0
"الضياع",75,57
"الصايغ",47,2
"الحطاب",55,0
"المرابط",32,0
"الكرار",287,23
"mohtar",46,4
"حبيبها",33,20
"ziade",36,0
"السبيعي",509,97
"الجبال",88,26
"الخريف",79,107
"السيوي",19,2
"الأمير",23,0
"تام",41,11
"امراجع",21,0
"الكرامه",32,20
"عصمان",141,6
"alsharef",41,0
"الخليلي",40,0
"الحاسي",20,0
"الاحبه",68,37
"البرعصى",18,2
"الحلوين",55,45
"ضو",27,36
"عريبي",69,0
"الجنيدي",81,4
"عطره",25,75
"الزيتون",37,33
"العالي",93,13
"بنفسي",29,50
"alhdad",28,4
"السوس",21,7
"الهويه",99,19
"عشك",413,166
"هواك",73,49
"rouis",32,2
"la fleur",0,21
"المحمودي",68,0
"الجورى",6,31
"hamadeh",35,0
"العلواني",246,9
"waked",44,0
"الحويطات",46,13
"العقوري",20,2
"كنعان",990,17
"عطرة",10,47
"mza",55,14
"عليكم",57,25
"alasmar",148,5
"الكناني",1139,71
"السادة",55,0
"شيخو",85,4
"الماجد",193,14
"المقابله",23,4
"العجرمي",48,0
"العرفي",21,2
"الاغا",162,10
"الشوبكي",35,12
"مسعودي",72,4
"hbibat",2,38
"هلاك",29,37
"smeha",0,27
"الكاسح",94,0
"nourhen",3,58
"الدوله",75,6
"المدائن",16,21
"ۦ، ۦ،",24,18
"nouar",69,39
"الاسعد",38,3
"الشمالي",612,32
"العرقي",233,13
"رواسي",68,231
"الخمس",18,3
"الغنامي",90,6
"العيله",14,10
"البهلول",61,3
"الهادئ",67,24
"الحميد",89,9
"الحمري",67,2
"بالخير",31,9
"ميوزك",154,32
"العموري",46,2
"الشركسي",20,0
"الوجود",27,29
"alkhawaja",30,0
"الزيادي",450,23
"المتجول",20,0
"العبدلي",355,24
"الكرامة",26,3
"الشاعري",69,4
"العزاوي",1166,111
"السائح",28,0
"alshref",27,2
"الفياض",60,2
"الرويعي",24,0
"ناصرالدين",20,0
"البابلي",974,38
"الصالحي",635,32
"الشهداء",39,12
"مهبول",53,0
"ﺍﻟﺮﻭﺡ",22,14
"الرياشي",45,0
"ےے",49,13
"بلعيد",58,0
"عقابك",25,30
"التومي",28,0
"غربي",176,0
"السعود",53,4
"البرماوي",33,4
"alsheikh",45,0
"alshreef",46,7
"alroh",26,33
"العابدين",72,7
"الجميلي",593,46
"راحلة",7,37
"بكلمتي",90,231
"عبيدي",140,13
"عقيلة",17,163
"السمر",218,28
"libyan",17,6
"الشيخي",60,2
"السنجري",58,0
"حلاق",83,4
"الكوردي",73,5
"اشتيوي",29,0
"الحره",18,51
"mazloum",20,2
"الدوري",136,6
"mahmoudi",50,5
"الجملي",22,0
"فبراير",30,7
"بلقاسم",200,0
"الحمداني",960,55
"المحبوبة",7,62
"ابريل",22,10
"الزاملي",350,13
"ديبالا",274,7
"الأحمد",40,3
"ۦ،",37,16
"الزرقاء",27,68
"عطوي",46,2
"الحامدي",78,0
"الرباعي",20,6
"السلماني",109,4
"الخباز",31,2
"khou",9,27
"dosky",53,10
"جوابي",20,46
"موح",25,7
"العيسى",88,23
"بيوض",20,3
"الباديه",29,13
"يوليو",25,3
"ساعدي",103,8
"ghosn",13,20
"العنابي",57,0
"صوان",25,0
"alhade",21,0
"زعيتر",21,0
"الترابين",24,0
"alshami",44,3
"الجمره",39,2
"alkhateeb",20,5
"بجمالي",31,125
"الهيبي",163,2
"العريفي",48,6
"مارسلو",245,11
"ديسمبر",20,9
"صوله",8,17
"الزيداني",21,0
"المكي",81,0
"المغروره",11,108
"كالقمر",7,69
"المنال",10,48
"ياروحي",487,162
"المدريدي",444,11
"البوادي",25,7
"الاطرش",41,0
"دحمان",121,5
"السماوي",460,17
"الزيدي",715,41
"هادئه",12,123
"البغدادي",131,19
"الحجوج",21,0
"كتلوني",779,28
"شقير",44,5
"ابوراس",50,2
"القريشي",973,44
"البطاط",95,6
"البصراوي",9634,336
"الريماس",66,33
"العراقيه",50,401
"الجابر",59,6
"ال محمد",42,15
"الجمري",51,2
"الحياني",162,2
"الشلبي",33,2
"الشريفي",444,21
"شوشان",18,13
"الهموم",47,16
"الخطابي",53,0
"tayeh",22,0
"التوليب",4,38
"ميسان",111,70
"taktak",31,6
"halawani",20,0
"المساعيد",61,9
"الشلوي",38,4
"الشبكي",59,2
"مؤمل",9356,451
"قويدر",32,4
"ﺍﻟﻌﺮﺍﻗﻲ",132,2
"dif",60,7
"chaaban",27,0
"housseini",21,0
"الطريفي",113,4
"كلوب",21,4
"عراقيه",136,1047
"الأحمر",22,5
"الغيثي",65,5
"الصامد",40,0
"الموسى",60,7
"الميار",20,11
"جلول",27,2
"مندر",62,2
"البركي",93,3
"بكور",60,2
"البديري",624,16
"mesto",22,0
"alhussaini",21,0
"ةة",50,48
"الحروف",38,38
"البصري",646,30
"awadi",26,0
"الشعباني",54,0
"ski",59,10
"alge",23,25
"بكيفي",210,80
"المرج",17,6
"هلي",103,28
"sebai",17,3
"ماركه",60,27
"الضاوي",24,2
"عناب",21,16
"الوحيلي",57,2
"الكريمي",27,0
"مؤلمه",13,22
"الكلمات",12,16
"الدبيسي",67,2
"الحسناوي",821,35
"مدن",112,19
"بالقاسم",29,0
"الطائي",1851,165
"غوالي",24,29
"البراري",52,7
"mouheb",28,0
"الامي",262,33
"ابو كرار",3884,28
"lacost",21,0
"الحمر",37,15
"alahmad",42,6
"jundi",72,13
"الحمايده",34,10
"العيساوي",1002,39
"نوفمبر",16,6
"الامس",12,32
"ولف",20,20
"alhadad",27,2
"الحلاوي",717,31
"alshrif",22,0
"alsaleh",31,9
"المعماري",211,6
"alsaady",34,6
"البرقاوي",43,2
"ۦۦ",17,7
"الاكبر",27,10
"المساري",78,4
"المساء",24,33
"alyousef",23,3
"عراق",3509,589
"كاضم",4168,155
"الساحلي",20,0
"الزنبق",14,44
"يحياوي",73,4
"السلامي",357,20
"الابراهيمي",266,10
"الخواطر",37,31
"الدباغ",26,2
"ee",156,74
"الهيتي",145,7
"لاحزان",31,25
"الهوية",41,4
"احلالي",39,47
"المومني",65,23
"العوادي",275,8
"الرديني",66,2
"سليماني",97,28
"الملكيه",14,102
"لعلي",41,44
"الاردنيه",9,18
"العمرو",19,2
"besbes",12,11
"النجاة",46,27
"الحيات",189,135
"عيدان",585,6
"الخفاجي",2106,116
"العايد",38,5
"الفاضلي",47,2
"يا علي",967,455
"الخضراء",32,33
"الجاسمي",69,0
"كيوان",107,13
"بخلاقي",168,259
"بنين",504,3314
"mekdad",95,2
"الوردات",17,25
"العدواني",87,6
"بن عامر",35,0
"العجوري",39,4
"الصدر",269,37
"alqasem",28,4
"العويدي",42,0
"rhouma",47,7
"المهداوي",78,4
"الجزائري",84,4
"العتابي",512,24
"alshaikh",33,0
"adouma",23,15
"حريري",59,3
"الوحيشي",26,0
"الجورية",3,40
"rjab",25,0
"الغوالي",101,56
"جكر",133,19
"alhanen",49,12
"الفضلي",192,10
"داخل",551,12
"الابراهيم",31,2
"وعيوني هلاك",2,24
"السلمي",352,43
"najdi",18,2
"kaiss",291,12
"جويه",69,7
"الزامل",26,3
"اللوزي",18,2
"الشرابي",47,0
"jaballah",20,0
"المظفر",42,7
"كروري",6056,206
"اموري",3937,306
"salouma",11,19
"حويل",29,4
"الأنيق",438,11
"السيوف",21,0
"قاسمي",21,2
"القلعاوي",39,2
"الكروي",62,4
"الكلابي",157,3
"البرشلوني",73,7
"الفواز",24,2
"مبعثره",16,37
"الكوفي",99,5
"الكايد",171,4
"البصير",21,0
"harabi",15,5
"البادية",24,2
"الحماد",33,5
"الحنينه",37,253
"الخزرجي",503,46
"الشباني",83,5
"الشجيري",99,3
"الحسون",42,9
"klai",32,11
"ناصيف",70,5
"kwt",185,51
"الروح",13,25
"الديواني",125,10
"الرقيق",20,0
"الدبي",74,0
"السلوم",21,0
"khmais",44,0
"الشرع",52,5
"الجريري",26,0
"العزام",36,4
"العرادي",24,0
"الجوراني",190,11
"الأخضر",18,2
"هادئة",2,76
"الضلام",124,28
"malas",33,22
"alabadi",30,9
"فليح",420,12
"dargham",168,4
"uf",32,10
"خالدي",107,8
"zawia",8,12
"alsaqer",29,2
"المنتهى",3,34
"المولى",167,13
"sater",38,2
"النداوي",226,14
"النوفلي",82,9
"gfj",1627,49
"كوباني",78,18
"الياسري",584,54
"سعيدي",58,2
"عدوان",249,10
"mouhamed ali",20,0
"slayman",31,0
"soujoud",4,35
"raslen",29,3
"كركوك",319,70
"صاكه",94,866
"شاوي",51,2
"اجواد",116,13
"لفته",325,11
"لحنين",85,13
"فاعور",28,0
"غمازه",2,51
"فيكه",122,191
"omrane",50,0
"them",16,18
"almalki",219,39
"alrawi",35,11
"alrashed",38,10
"الشعلان",31,3
"بني صخر",47,17
"العتبي",128,18
"العبود",53,0
"العبيديه",14,83
"العثمان",24,6
"العبساوي",132,4
"العدوان",47,18
"الصفار",35,8
"الصخري",65,4
"الضاهر",24,0
"السعدون",45,3
"albaghdady",29,0
"albakri",22,2
"خشان",35,3
"خزعل",541,10
"al asmar",31,0
"السالمي",224,17
"alibi",37,4
"alhariri",18,4
"ghoul",23,0
"المحنه",40,0
"وفتخر",179,79
"الموصلي",204,10
"الموصل",262,75
"المعيني",37,0
"يا حسين",1061,507
"gdd",235,13
"ولدك",20,0
"assadi",32,7
"الواسطي",758,26
"hayouta",0,25
"الغريري",114,5
"الوكحه",7,108
"العزازمه",43,2
"العلاق",24,5
"بشخصيتي",225,135
"واسط",41,11
"القطراني",52,2
"badaoui",31,2
"fakhro",20,0
"الكرواتي",106,6
"البرغوثي",19,3
"mecheri",17,3
"البصراويه",74,729
"الاوسي",114,2
"merad",29,4
"merabet",14,10
"البازي",89,4
"الجفون",0,22
"جوية",51,2
"majhoul",20,2
"الجولاني",29,2
"البنين",15,52
"البياتي",730,87
"زبون",24,0
"الجاسم",54,5
"زعرور",21,5
"abbou",40,5
"mihoub",29,2
"mimati",65,0
"جبوري",749,30
"الارجوان",50,105
"الخزعلي",859,43
"الخماسي",20,0
"الدعمي",47,0
"الداوودي",22,3
"الحلي",92,6
"الحمداوي",73,0
"الحمراني",107,5
"madride",21,2
"الحساب الجديد",41,2
"الحسوني",23,0
"sissoko",383,56
"saloum",135,5
"bylka",109,36
"boudjema",109,3
"dzz",98,36
"ghilas",88,3
"sisou",30,76
"slimen",77,2
"loucif",70,0
"boulbaba",76,0
"kamikaz",64,0
"abdesslem",61,0
"charfeddine",61,0
"ghanou",57,8
"nouari",56,3
"aloui",64,16
"djalel",51,0
"abdessatar",58,0
"seghir",57,2
"khellaf",49,3
"pipou",48,15
"djemai",50,6
"belkhir",44,6
"tadj",42,2
"jerbi",39,2
"djaber",45,3
"senouci",38,4
"ibtihel",3,41
"setif",39,9
"monjia",0,41
"hattab",56,7
"lazreg",41,4
"noui",36,7
"aissaoui",34,18
"hamrouni",38,5
"yahiaoui",35,11
"papicha",4,31
"badji",36,9
"ikhlef",30,6
"annabi",37,0
"derradji",30,5
"sghaier",32,6
"lahmar",27,7
"ben ahmed",31,2
"chibani",26,4
"dziri",28,0
"arfaoui",34,5
"medali",29,0
"hamouche",27,2
"kahlaoui",25,3
"rejeb",34,0
"bejaia",25,13
"mokrani",24,5
"japoni",24,2
"naili",29,18
"najouta",0,26
"soussa",2,23
"dilmi",27,35
"ben arfa",23,4
"benamara",22,6
"ferchichi",22,4
"meryouma",0,22
"bouk",23,4
"meziani",21,6
"bourahla",21,3
"kefi",30,0
"lakehal",21,3
"boussaid",21,2
"sahnoun",21,2
"slimene",23,0
"jemai",24,6
"jijel",20,0
"fezai",20,4
"naoui",20,5
"mehenni",19,2
"younsi",19,2
"aissat",5,24
"amenallah",22,0
"abdaka",20,4
"biskra",18,7
"tlemcen",18,6
"guesmi",18,3
"sdiri",19,3
"mebarki",17,5
"achouri",20,4
"briki",17,8
"benamor",17,4
"cheker",25,0
"stiti",18,3
"benabdallah",18,3
"laribi",16,10
"larabi",18,3
"zoubi",38,13
"bouguerra",16,4
"ben salem",16,10
"kouba",14,7
"perdu",14,7
"aouadi",13,8
"zouari",14,6
"rimes",6,19
"mamati",17,20
"sousse",10,11
"rchid",20,0
"djej",30,4
"missaoui",22,7
"majnoun",21,0
"karouma",8,15
"mezher",65,0
"assoula",2,24
"meslem",26,0
"hlel",17,9
"kobani",32,8
"frem",14,6
"duhok",312,65
"الموسوي",3286,325
"ghd",21,20
"dcf",176,3
"ddg",445,175
"كوران",433,18
"fja",595,22
"الدلفي",231,19
"kalare",30,5
"dll",204,137
"smadi",17,32
"nahdi",24,7
"zangana",61,8
"madbor",21,0
"عبوسي",8930,669
"ابو سجاد",8116,88
"مقتدى",7865,285
"رضاوي",6274,410
"منتضر",4870,194
"زيوني",4286,239
"حيدوري",3549,278
"ابو كيان",3459,83
"ابوسجاد",3227,35
"ياحسين",2249,1202
"الدليمي",1894,133
"الكربلائي",1851,73
"العلويه",93,1327
"عبد الحسين",1222,13
"يازهراء",591,1214
"الدراجي",1150,41
"المياحي",1148,58
"عبد الامير",1052,8
"الجنابي",997,53
"ضاغطتهم",100,984
"المحمداوي",929,34
"عافيتي",454,927
"عبدالحسين",844,12
"الفتلاوي",766,35
"السامرائي",721,53
"zhyan",165,698
"اللامي",685,37
"الركابي",683,40
"صاكرهم",651,34
"يامهدي",606,478
"العكيلي",597,20
"جاسب",592,11
"ظاغطهم",575,37
"النجفي",558,40
"العراقي العراقي",537,16
"عبد الحسن",545,8
"الميساني",525,12
"الانباري",520,15
"البهادلي",508,29
"المعموري",504,24
"الموالي",517,24
"يا زهراء",291,497
"taqana",375,471
"الكبيسي",477,34
"الكتلوني",474,17
"شمري",650,40
"الشويلي",440,10
"الصدري",428,11
"الحشداوي",416,12
"ادركني",330,410
"العقابي",406,18
"كربلائي",392,35
"المارنز",389,10
"الموسويه",22,376
"يازينب",184,365
"الفهداوي",353,11
"الحجامي",344,18
"الفرطوسي",339,19
"الكرعاوي",329,7
"الفريجي",325,8
"دليمي",320,18
"الوفه",313,195
"الشبلاوي",311,5
"الميالي",307,11
"الغراوي",308,10
"الخيكاني",300,3
"ضاقطهم",300,20
"hawler",296,69
"الشمريه",35,372
"الغزي",303,12
"الوائلي",327,21
"انثئ",17,310
"ياعراق",267,53
"البيضاني",406,18
"العيداني",250,14
"البصره",246,59
"المشهداني",267,15
"البزوني",241,7
"الزيداوي",241,7
"الحيالي",240,25
"وبكيفي",145,242
"الزيرجاوي",239,12
"النمراوي",237,7
"sdiq",247,11
"الحميداوي",233,4
"زاخو",227,62
"السراي",228,15
"المصلاوي",227,16
"الماجدي",240,6
"البدراني",246,13
"العطواني",217,3
"الحجيمي",217,4
"البصروي",204,11
"العلياوي",204,5
"السيلاوي",208,11
"العابدي",204,6
"الكربلائيه",10,198
"البصرة",196,42
"يروحي",195,53
"شنكالي",191,42
"المندلاوي",189,9
"كوردي",187,30
"الخزاعي",195,4
"akre",187,34
"العقيله",44,182
"الزركاني",177,4
"الصبيحاوي",176,7
"البصراوية",14,175
"الزوبعي",181,5
"ته نيا",171,55
"الوكت",171,91
"الاعرجي",166,4
"الكحلي",239,5
"الجغيفي",164,0
"الاحبهم",158,101
"المرياني",158,0
"لبصراوي",153,7
"الجياشي",156,2
"الشحماني",150,6
"الأسدي",153,12
"يا روحي",147,52
"ﺍﻟﻌﺮﺍﻕ",145,20
"المكصوصي",145,5
"المفرجي",154,6
"العنبكي",143,2
"chawrash",142,96
"الغانمي",185,8
"الباوي",141,9
"وفه",140,127
"تركماني",142,13
"slemani",140,39
"الجحيشي",138,4
"السكيني",140,2
"الجشعمي",135,3
"الظالمي",134,5
"النصراوي",162,7
"الفلوجي",135,3
"kirkuk",133,34
"الرفيعي",135,2
"كاطع",131,5
"اليساري",131,2
"الغالبي",145,2
"العسافي",132,4
"الكرادي",129,8
"xambar",128,20
"barwari",127,59
"الوكح",129,9
"الحسيناوي",127,6
"fayaq",126,5
"كركوكي",122,24
"الشمرية",9,136
"يا عراق",120,30
"الحريشاوي",120,2
"الرماحي",120,9
"الكرخي",119,6
"ديالى",118,41
"التكريتي",117,11
"الكريطي",116,2
"الحلاويه",12,116
"تاقانه",115,70
"الجبوريه",15,113
"المرسومي",113,8
"دوسكي",111,38
"السومري",113,2
"البلداوي",110,7
"الحاتمي",233,13
"البجاري",112,3
"duhoki",108,57
"الزورائي",107,4
"الكتلونيه",13,104
"اللويزي",104,3
"الكربولي",103,3
"البصرواي",103,9
"النيق",103,3
"الفراجي",119,2
"الغرابي",133,0
"الحياوي",96,3
"الفريداوي",96,2
"الحلبوسي",93,4
"المدريديه",9,93
"سورجي",93,5
"زبيدي",136,11
"الزرفي",92,0
"zaxoy",92,8
"الحديثي",89,8
"الجمالي",118,2
"السويعدي",87,0
"الكاردينيا",12,87
"ألعراقي",86,2
"دراجي",86,6
"النجفيه",3,85
"الطفيلي",100,2
"الصميدعي",85,0
"الدفاعي",84,5
"الحنينة",6,81
"الغريباوي",80,0
"العذاري",80,12
"السهلاني",80,2
"البابليه",6,80
"paiz",56,79
"slemany",79,28
"الطرفي",84,6
"المطوري",78,5
"كوجر",81,13
"الخرساني",79,6
"البحراني",90,4
"المدريدية",4,76
"البخيتاوي",76,0
"لعراقي",75,4
"zebari",75,22
"العرداوي",74,0
"زينبي",18,75
"اليطالي",76,4
"mzere",71,19
"mziri",70,31
"الجيزاني",116,16
"الدليميه",11,70
"ذي قار",69,7
"الكاظمي",71,6
"الطليباوي",69,3
"وكذا",68,60
"التميميه",5,74
"الكربلائية",9,68
"الوطيفي",67,0
"القصاب",67,4
"الذبحاوي",67,2
"النائلي",67,3
"الوفة",66,39
"الكطراني",66,2
"الهليجي",64,0
"aliraqe",63,4
"المصلاويه",5,63
"al-iraqi",63,0
"الشموسي",62,0
"الدريعي",62,2
"الجواري",62,4
"barware",61,40
"موسوي",61,6
"الحدراوي",61,3
"الجبور",82,20
"كفشه",61,30
"الجبورية",3,60
"الزينبي",60,8
"الولاية",38,61
"الكظماوي",59,0
"العزاويه",6,59
"barwary",59,27
"زيباري",59,7
"اربيل",58,16
"السامرائيه",5,58
"الزريجاوي",58,0
"البخاتي",58,2
"surchi",58,3
"hawlery",57,35
"الازيرجاوي",57,2
"الخفاجيه",4,57
"الكيتاوي",57,3
"rekani",57,17
"الخليفاوي",56,2
"فيكة",33,56
"blbas",55,7
"kurdy",54,12
"altaee",54,12
"الدجيلي",54,4
"الاعاجيبي",53,0
"اﻻسدي",53,3
"المسلماوي",53,2
"ال دليم",53,5
"البراهيمي",52,5
"الجرجري",52,0
"hawlere",52,30
"الإبراهيمي",52,0
"الفوادي",51,0
"الصرايفي",51,0
"nerway",50,15
"الكربﻻئي",50,0
"الالوسي",50,8
"الاماره",50,5
"الأنباري",49,2
"الكتلونية",7,49
"المشايخي",88,3
"كركوكلي",48,8
"امرلي",48,8
"البيظاء",3,48
"المحياوي",52,3
"اليعقوبي",78,2
"الصائغ",51,2
"doske",48,17
"الشطري",48,0
"aliraq",48,14
"الكاردنيا",2,48
"القره غولي",47,3
"الضالمي",47,0
"الولايه",44,49
"الصريفي",47,3
"البعيجي",47,0
"الجليحاوي",47,0
"متعوب",64,6
"لاسدي",47,5
"الشغانبي",46,0
"الديراوي",55,2
"مزيري",46,16
"الزويني",48,0
"جاف",45,13
"surchy",44,3
"هركي",44,9
"الباهلي",52,4
"والباقي يتمنون",15,44
"دليم",149,8
"الناشي",45,0
"zebare",42,5
"الفكيكي",44,0
"دهوكي",41,18
"الطالقاني",40,2
"السعبري",40,0
"الموزاني",39,0
"النافعي",42,0
"الجعيفري",39,2
"الذيابي",75,7
"alshamary",43,15
"العمشاني",38,2
"الخاقاني",38,0
"المشرفاوي",37,0
"البنداوي",37,2
"برواري",37,9
"ألجبوري",37,3
"الثقفي",86,8
"slimany",37,11
"زنكنه",36,4
"السليماوي",36,3
"المصلاوية",8,36
"albayati",35,10
"النبهاني",66,2
"altmeme",35,5
"الكرديه",2,35
"الفيلي",34,7
"العميدي",37,3
"الشعلاوي",34,2
"الجناحي",34,2
"ألزبيدي",40,0
"بكلامي",30,34
"العيثاوي",35,3
"المتيوتي",33,0
"واخبل",4,33
"الجوعاني",32,0
"berwari",32,10
"المعاضيدي",32,0
"الكيم",32,0
"الربيعاوي",32,0
"الكرغولي",32,0
"شواني",32,6
"jwanaka",16,31
"الشميلاوي",31,2
"الأعرجي",31,0
"البرزنجي",31,6
"الكنعاني",32,0
"الشيباوي",30,0
"karkuki",30,9
"الاعظمي",29,4
"العطبي",29,0
"albasrawi",29,0
"الجليباوي",29,0
"slemane",28,17
"مايبعدون",20,28
"الدهلكي",28,3
"الدايني",27,2
"گیان",19,27
"العجياوي",27,0
"القيراني",26,0
"almusawi",30,6
"الذهيباوي",25,0
"الغراني",25,0
"kalary",25,5
"الطوكي",24,0
"alkhafaji",24,0
"ﺍﻟﺠﺒﻮﺭﻱ",24,0
"هه وليري",24,16
"kirkuki",24,7
"الامارة",24,0
"alzubaidy",23,6
"الصيادي",37,0
"شيخاني",23,2
"alobaidy",23,9
"الموصليه",0,22
"shazaka",22,11
"albaghdadi",22,0
"mzuri",22,6
"الجاف",21,7
"المكدمي",21,0
"گيان",23,11
"البعاج",24,0
"وفة",20,17
"almaliki",25,5
"القرغولي",19,2
"khazaal",21,0
"alshmary",23,4
"ألشمري",19,2
"karkuke",19,2
"alzubaidi",24,4
"almosawi",26,7
"hawrami",18,3
"السلمان",55,6
"مبعثرة",6,23
"altaie",17,8
"لاينتهي",13,17
"الهسكاني",17,3
"السراجي",20,0
"القوافي",23,16
"hawleri",15,14
"ابكاه القدر",16,5
"shetaka",14,8
"علان",141,3
"karkuky",13,7
"وشاح",28,29
"alqaisi",16,4
"الخلف",47,2
"alshammari",70,22
"العساف",50,4
"alshmry",19,9
"alshamry",22,10
"النعمي",50,0
"alsari",21,0
"العاتي",20,10
"المرعي",23,0
"الطالبي",27,0
"المعاني",25,5
"alshamri",19,11
"الدخيل",32,7
"الرويلي",367,47
"شهوب",23,3
"السندي",56,7
"الحمدان",36,7
"الحمود",41,10
"الفاعوري",83,5
"الحدي",58,3
"الحروب",24,4
"alanze",40,11
"alanzy",43,16
"الشطي",22,2
"alsalem",21,4
"المناصير",31,23
"alshammri",31,16
"alshmri",19,9
"الصفدي",16,5
"الصوص",17,3
"الشراري",234,32
"السليمان",25,4
"النابلسي",29,3
"alanzi",123,47
"الشميري",218,5
"الحواري",57,8
"marhoon",72,2
"hammoudeh",50,2
"الخوالده",36,8
"ملكاوي",33,14
"الخلايله",29,5
"عبيدات",31,13
"الخزاعله",27,3
"التعمري",33,0
"الشرفات",26,5
"النبالي",23,0
"عبابنه",22,4
"majali",24,5
"malkawi",22,7
"الكركي",24,2
"السردي",23,0
"المشاقبه",20,6
"الزواهره",19,8
"الرواشده",19,5
"الصمادي",21,5
"بني حسن",18,5
"الزغول",18,7
"obeidat",17,16
"jaradat",29,10
"العجارمه",17,12
"elayan",19,2
"الحنيطي",16,8
"الشرمان",19,4
"وقطع",18,9
"القرعان",21,5
"momani",15,7
"جرادات",23,10
"الزيود",18,7
"الطراونه",15,9
"العقرباوي",19,5
"الخوالدة",14,6
"الهويمل",22,4
"المجالي",13,11
"السلطي",43,0
"bataineh",13,7
"واقطع",13,7
"ابو الرب",22,0
"zaben",66,6
"alkhaldi",66,23
"irshaid",21,2
"شريم",42,4
"الزايدي",33,3
"ejf",1370,55
"ej/h",786,34
"f(jd",763,21
"a*-j",493,3
"g/j",427,105
"eg/j",418,16
"alajmi",328,107
"d/fj",249,33
"dedc",254,67
"a*-i",219,2
"patidar",176,11
"alazmi",184,39
"af/jf",152,6
"d-jg",144,46
"kuw",113,38
"d:dj",115,6
"almutairi",114,60
"dd",86,40
"alenezi",82,26
"d/hdj",67,0
"alenzi",79,35
"d.d/j",59,14
"ejd",42,6
"agej",49,0
"dg/j",60,6
"alhajri",98,28
"alazme",33,4
"bhatiya",30,2
"d/j-fj",28,9
"a:f",31,4
"d-dhg",2,29
"dgddj",24,0
"d/jf",24,5
"dchj*j",20,0
"dbfhj",20,0
"aladwani",25,17
"alotibi",75,18
"alrashidi",28,6
"d*ejej",23,7
"d-e/j",21,4
"d(f",81,7
"almutiri",31,12
"alajmii",14,16
"d-ej/j",20,0
"alanezi",24,9
"alajme",14,11
"alqallaf",14,6
"mutairi",22,12
"alqattan",13,9
"alsubaie",34,10
"alobaid",25,2
"alqahtani",111,23
"sorkar",44,3
"alenazi",27,5
"alhamdan",17,4
"aldosari",37,15
"matooq",49,0
"alosaimi",22,0
"alsahli",22,2
"al-otaibi",27,5
"otaibi",49,15
"aldosri",20,2
"rajhi",36,4
"al balushi",71,6
"السويح",28,0
"alblushi",25,6
"بن حسن",61,0
"aljaber",20,2
"alkuwari",16,8
"الجماعي",80,0
"lawali",45,5
"الخلاقي",29,0