country,name,count
BH,"Khan",30395
BH,"Ali",22335
BH,"Ahmed",17346
BH,"Kumar",17209
BH,"Singh",12788
BH,"Islam",9454
BH,"Hossain",6414
BH,"Miah",5458
BH,"Mohammed",5392
BH,"Alam",5310
BH,"Uddin",5263
BH,"Hussain",4974
BH,"Rahman",4886
BH,"Ahmad",4662
BH,"Hassan",4333
BH,"Abdulla",3814
BH,"محمد",3732
BH,"Hasan",3528
BH,"Rana",3390
BH,"علي",3111
BH,"Raj",3042
BH,"Das",2937
BH,"Mohd",2769
BH,"Yadav",2751
BH,"Mohamed",2438
BH,"Mia",2292
BH,"Baloch",2292
BH,"Babu",2276
BH,"Sharma",2213
BH,"Ebrahim",2156
BH,"احمد",2063
BH,"Kamal",1982
BH,"Salman",1981
BH,"Mohammad",1978
BH,"Ansari",1965
BH,"Malik",1912
BH,"Iqbal",1902
BH,"Rai",1873
BH,"Amin",1810
BH,"Faruk",1729
BH,"Ram",1727
BH,"Chauhan",1717
BH,"Sumon",1710
BH,"Jamal",1693
BH,"الدوسري",1691
BH,"Thomas",1687
BH,"Ullah",1670
BH,"Muhammad",1661
BH,"Raju",1633
BH,"Akter",1603
BH,"Abbas",1590
BH,"Khalid",1518
BH,"Lal",1477
BH,"Monir",1473
BH,"Habib",1436
BH,"Yousif",1431
BH,"Ibrahim",1399
BH,"Mamun",1389
BH,"Gujjar",1378
BH,"Shaikh",1377
BH,"Nair",1374
BH,"Gurung",1367
BH,"Love",1337
BH,"Raja",1333
BH,"Magar",1330
BH,"Prasad",1327
BH,"Isa",1322
BH,"Mahmood",1308
BH,"Ismail",1292
BH,"Shah",1290
BH,"Jassim",1288
BH,"عبدالله",1274
BH,"Abdullah",1268
BH,"John",1245
BH,"Mathew",1211
BH,"Rashid",1200
BH,"Arif",1194
BH,"Thapa",1171
BH,"Noor",1160
BH,"Joseph",1156
BH,"Jutt",1142
BH,"Aziz",1123
BH,"Alom",1098
BH,"Varghese",1097
BH,"Salim",1094
BH,"حسن",1089
BH,"Anwar",1070
BH,"Saeed",1070
BH,"George",1064
BH,"Rubel",1062
BH,"Kalam",1056
BH,"Saleh",1025
BH,"Khalil",1024
BH,"Abdul",1019
BH,"Rasel",997
BH,"Jan",987
BH,"Janahi",985
BH,"Molla",984
BH,"Imran",980
BH,"Sharif",944
BH,"Nasir",939
BH,"Patel",925
BH,"Salam",921
BH,"حسين",911
BH,"Butt",900
BH,"Nasser",892
BH,"Hossen",890
BH,"Tamang",884
BH,"Faisal",881
BH,"Hameed",880
BH,"Aldoseri",879
BH,"Sarkar",878
BH,"Rahim",877
BH,"Limbu",869
BH,"Alamin",865
BH,"Ahamed",865
BH,"Ashraf",864
BH,"Krishnan",864
BH,"Sohel",864
BH,"Karim",861
BH,"Lama",859
BH,"Jalal",852
BH,"Ch",850
BH,"Miha",848
BH,"Gupta",843
BH,"Hanif",840
BH,"Dsouza",832
BH,"Shrestha",831
BH,"Aktar",829
BH,"Sayed",827
BH,"Miya",818
BH,"Adel",813
BH,"Hossin",812
BH,"Sultan",805
BH,"Kabir",794
BH,"Yousuf",791
BH,"العنزي",785
BH,"Hamad",785
BH,"Masud",781
BH,"Pk",780
BH,"Fernandes",772
BH,"Gill",768
BH,"Rajan",766
BH,"Jahangir",762
BH,"Awan",756
BH,"Kumari",753
BH,"Sheikh",751
BH,"اليافعي",740
BH,"Liton",737
BH,"Aslam",731
BH,"Saleem",731
BH,"Mani",730
BH,"Kp",729
BH,"King",728
BH,"Babul",728
BH,"Muhammed",723
BH,"Hossan",723
BH,"Joy",716
BH,"Nath",712
BH,"Suresh",707
BH,"Chaudhary",703
BH,"Pal",701
BH,"Reddy",691
BH,"Mohan",683
BH,"Krishna",683
BH,"Manik",672
BH,"Rehman",669
BH,"Pillai",668
BH,"المريسي",667
BH,"Khalifa",667
BH,"Amir",658
BH,"Asif",658
BH,"Mizan",653
BH,"Saiful",653
BH,"Mirza",646
BH,"Bah",646
BH,"Shetty",644
BH,"Jose",633
BH,"Jasim",630
BH,"Roy",629
BH,"يوسف",627
BH,"Mon",627
BH,"Billal",623
BH,"Rao",622
BH,"Ripon",622
BH,"Chandran",621
BH,"Haji",619
BH,"Husain",617
BH,"Shahid",615
BH,"Shahin",614
BH,"Arshad",612
BH,"Shahzad",610
BH,"Mahdi",609
BH,"Mehmood",608
BH,"Ravi",607
BH,"ابراهيم",597
BH,"Saini",595
BH,"Jakir",594
BH,"Usman",594
BH,"Sk",593
BH,"Bhuiyan",591
BH,"Akbar",590
BH,"Alaali",589
BH,"Abraham",588
BH,"Akram",586
BH,"Ramesh",586
BH,"Sha",585
BH,"Marhoon",584
BH,"Omar",583
BH,"Chowdhury",581
BH,"Bahadur",578
BH,"Rashed",577
BH,"Hoque",575
BH,"Harun",574
BH,"Jaffar",568
BH,"Sandhu",568
BH,"Majeed",566
BH,"Yusuf",565
BH,"Mannan",560
BH,"Salah",559
BH,"Saad",559
BH,"Mk",559
BH,"Shamim",557
BH,"Mubarak",556
BH,"Biswas",555
BH,"Mustafa",550
BH,"Alamgir",548
BH,"Mahmud",544
BH,"الحمري",542
BH,"Paul",541
BH,"Zaman",534
BH,"Mondal",530
BH,"Rose",528
BH,"Taher",527
BH,"خالد",525
BH,"Nawaz",524
BH,"Althawadi",524
BH,"Cruz",523
BH,"Bilal",522
BH,"Alshaikh",521
BH,"Javed",520
BH,"Rasheed",518
BH,"Adnan",517
BH,"Sarker",515
BH,"Kader",515
BH,"Hosen",513
BH,"Sami",512
BH,"Mansoor",510
BH,"Bhatti",510
BH,"Dulal",508
BH,"Gazi",508
BH,"Prakash",508
BH,"Madan",507
BH,"Alalawi",506
BH,"الشيخ",506
BH,"Chandra",502
BH,"Alasfoor",502
BH,"Antony",501
BH,"Jawad",499
BH,"Akash",497
BH,"Salem",495
BH,"Jaan",495
BH,"Afridi",490
BH,"Haque",489
BH,"Helal",489
BH,"Santos",487
BH,"Nadeem",486
BH,"Al",484
BH,"Chand",483
BH,"Saab",481
BH,"Mughal",481
BH,"جاسم",480
BH,"Juma",477
BH,"Rajesh",473
BH,"Aman",472
BH,"Alali",472
BH,"Shaik",470
BH,"Akhtar",470
BH,"البلوشي",469
BH,"Tariq",468
BH,"Raza",466
BH,"Kc",463
BH,"Albalushi",460
BH,"العلي",459
BH,"Bhai",456
BH,"Rahaman",455
BH,"Alawi",452
BH,"Garcia",451
BH,"Sing",447
BH,"Albaloshi",447
BH,"Alauddin",446
BH,"Hamza",445
BH,"Murad",445
BH,"Rani",444
BH,"Azad",444
BH,"Ahammed",443
BH,"Reyes",443
BH,"Kannan",443
BH,"Prince",442
BH,"Ak",441
BH,"صالح",441
BH,"Naser",440
BH,"Alaradi",440
BH,"Sohag",439
BH,"العلوي",437
BH,"Eid",435
BH,"Farooq",434
BH,"Nishad",433
BH,"سلمان",432
BH,"Man",431
BH,"Hannan",431
BH,"Radhi",430
BH,"Jacob",428
BH,"Irfan",427
BH,"Sam",425
BH,"Afzal",423
BH,"Mohsin",423
BH,"Masum",422
BH,"Basheer",421
BH,"Fahad",419
BH,"Km",417
BH,"Kazi",416
BH,"Kutty",415
BH,"Ck",415
BH,"Moosa",413
BH,"Hashim",409
BH,"الموسوي",408
BH,"Jaffer",406
BH,"Anowar",405
BH,"Alansari",405
BH,"Halim",403
BH,"النعيمي",403
BH,"Almajed",403
BH,"Fardan",402
BH,"Sahani",402
BH,"Thakur",402
BH,"Alsayed",402
BH,"Nayak",401
BH,"Bd",399
BH,"Fatima",398
BH,"Karki",394
BH,"Mostafa",393
BH,"ناصر",391
BH,"Kawsar",391
BH,"Saif",391
BH,"Muthu",388
BH,"Jameel",388
BH,"মন",388
BH,"Sujon",387
BH,"Jangir",386
BH,"Kannur",382
BH,"الشمري",382
BH,"Kaur",379
BH,"Ahmmed",379
BH,"Riaz",377
BH,"Tk",377
BH,"Sattar",376
BH,"Hosain",376
BH,"الخالدي",375
BH,"Kv",374
BH,"Ameer",374
BH,"Jalil",374
BH,"الذوادي",374
BH,"Sidhu",372
BH,"Darwish",372
BH,"عيسى",371
BH,"Haider",371
BH,"Jashim",371
BH,"Momin",371
BH,"জীবন",370
BH,"Milon",369
BH,"العمري",369
BH,"Sameer",369
BH,"Saddam",367
BH,"Shaji",364
BH,"Bashar",364
BH,"Mendoza",363
BH,"Gul",363
BH,"Mohamad",362
BH,"Ameen",361
BH,"Rafiq",360
BH,"Samy",357
BH,"Murugan",355
BH,"Almulla",352
BH,"Ail",352
BH,"Asad",350
BH,"Shil",348
BH,"ইসলাম",346
BH,"Vk",343
BH,"Ma",343
BH,"Kamrul",342
BH,"Naeem",342
BH,"Almosawi",342
BH,"جعفر",340
BH,"أحمد",340
BH,"Flores",339
BH,"Sadiq",338
BH,"Sagar",338
BH,"Hayat",338
BH,"মিয়া",338
BH,"Khalaf",338
BH,"Ramos",337
BH,"Ashoor",336
BH,"Deep",336
BH,"Dela Cruz",336
BH,"Baba",334
BH,"Essa",334
BH,"Abbasi",332
BH,"Pm",329
BH,"আক্তার",328
BH,"Bahar",328
BH,"Lee",328
BH,"Mulla",328
BH,"Bashir",327
BH,"Lopez",327
BH,"Pandey",326
BH,"Mohin",326
BH,"Joynal",326
BH,"Alkaabi",326
BH,"Pv",326
BH,"Bader",325
BH,"Hamid",324
BH,"Rajput",323
BH,"Zakir",323
BH,"Razzak",322
BH,"Vp",321
BH,"Vijayan",321
BH,"Siraj",319
BH,"Kareem",319
BH,"Alnoaimi",319
BH,"Robel",318
BH,"Yasin",317
BH,"Khadka",316
BH,"Kobir",315
BH,"Perera",315
BH,"Latif",315
BH,"Shohel",315
BH,"Nur",314
BH,"Ray",314
BH,"Nazrul",314
BH,"Shohag",314
BH,"Sunil",313
BH,"Yaseen",313
BH,"Fernandez",312
BH,"Mozumder",312
BH,"Konjo",312
BH,"Zahid",312
BH,"পাখি",311
BH,"Yaqoob",311
BH,"Sabt",308
BH,"العالي",308
BH,"عباس",308
BH,"James",307
BH,"Ahamad",307
BH,"Sobuj",307
BH,"Masood",306
BH,"Khaled",306
BH,"খান",305
BH,"Sara",305
BH,"Goud",305
BH,"Santhosh",303
BH,"Dev",302
BH,"Anil",302
BH,"Samad",300
BH,"David",300
BH,"Khamis",299
BH,"Hani",297
BH,"Bajwa",297
BH,"হোসেন",297
BH,"Jani",296
BH,"Vijay",295
BH,"Azam",294
BH,"Giri",293
BH,"Sanad",293
BH,"Kadir",292
BH,"Alhaddad",292
BH,"Sutradhar",292
BH,"Verma",292
BH,"Abul",292
BH,"Srinivas",291
BH,"Omran",291
BH,"Anu",290
BH,"Jibon",290
BH,"Younus",289
BH,"Farid",289
BH,"Biju",289
BH,"Osman",288
BH,"Hadi",288
BH,"حمد",287
BH,"Albalooshi",286
BH,"Sd",286
BH,"Amjad",286
BH,"محمود",285
BH,"Alfardan",285
BH,"Chacko",284
BH,"Akther",283
BH,"Tp",280
BH,"Khokon",279
BH,"Rakib",279
BH,"Rafi",278
BH,"Manoj",278
BH,"Hammad",278
BH,"Kumawat",277
BH,"Menon",277
BH,"Shafiq",277
BH,"Baig",277
BH,"Patwary",277
BH,"Nazir",276
BH,"Cheema",276
BH,"Jee",276
BH,"Kashem",275
BH,"Samuel",274
BH,"Adhikari",274
BH,"Tahir",272
BH,"Fadhel",270
BH,"Cp",269
BH,"Sah",269
BH,"Adam",267
BH,"Malek",266
BH,"Umar",266
BH,"الخلاقي",265
BH,"القلاف",264
BH,"Mandal",264
BH,"Munna",263
BH,"الماجد",263
BH,"Mp",263
BH,"Philip",262
BH,"Jahan",262
BH,"Naveed",262
BH,"Alex",262
BH,"Suman",261
BH,"Musa",260
BH,"Rony",260
BH,"Shan",259
BH,"Emon",258
BH,"Smith",258
BH,"Ramzan",257
BH,"Sunny",257
BH,"Shankar",256
BH,"Tiwari",256
BH,"Sajid",256
BH,"Farhan",256
BH,"Narayanan",256
BH,"Ganesh",255
BH,"Abdulrahman",255
BH,"Badsha",254
BH,"Alim",254
BH,"Sh",253
BH,"Ks",253
BH,"الكعبي",252
BH,"Sagor",252
BH,"Yousaf",252
BH,"Shajahan",252
BH,"Qureshi",252
BH,"Said",252
BH,"الحايكي",251
BH,"Begum",251
BH,"راشد",250
BH,"Mollah",250
BH,"Bablu",250
BH,"Elias",250
BH,"Sarhan",249
BH,"Waheed",249
BH,"Mahi",248
BH,"Hamada",248
BH,"العرادي",247
BH,"Ji",245
BH,"Delowar",245
BH,"Daniel",245
BH,"Hamed",244
BH,"Mattar",243
BH,"Muneer",243
BH,"Moh",243
BH,"Rajbhar",243
BH,"Alawadhi",242
BH,"Gopal",242
BH,"Jabbar",241
BH,"Gonzales",240
BH,"Pun",240
BH,"Belal",239
BH,"Robiul",239
BH,"Choudhary",238
BH,"Alkooheji",238
BH,"Nabi",238
BH,"Bala",238
BH,"Mondol",237
BH,"Bautista",237
BH,"Almutawa",237
BH,"Selvam",237
BH,"سعيد",236
BH,"Lokman",235
BH,"Yeasin",234
BH,"Fernando",234
BH,"Basnet",234
BH,"Mahesh",234
BH,"Basha",234
BH,"Angel",233
BH,"الحداد",233
BH,"Mohmmed",233
BH,"سالم",232
BH,"Don",232
BH,"Kumara",232
BH,"Alhayki",231
BH,"Acharya",231
BH,"Abu",231
BH,"Gee",231
BH,"মানুষ",231
BH,"Perez",231
BH,"Alkhalifa",231
BH,"Bhandari",230
BH,"Prajapati",230
BH,"Pradhan",230
BH,"Waseem",230
BH,"Sa",230
BH,"Pathan",229
BH,"Bhr",229
BH,"Rawat",228
BH,"Nabeel",228
BH,"Unni",227
BH,"Majed",227
BH,"Narayan",227
BH,"Rasool",226
BH,"আকাশ",226
BH,"Shafi",226
BH,"مرهون",225
BH,"Dawood",225
BH,"Selim",225
BH,"Bk",225
BH,"Sardar",224
BH,"الهاجري",224
BH,"Raman",224
BH,"Ashok",224
BH,"Waleed",223
BH,"Sikder",223
BH,"Adil",223
BH,"Jatt",222
BH,"Syed",222
BH,"Nk",222
BH,"Sonu",221
BH,"Zain",221
BH,"Alsaffar",221
BH,"As",221
BH,"Kushwaha",221
BH,"Naseer",221
BH,"Hashem",221
BH,"Maya",221
BH,"Jahid",220
BH,"Naresh",220
BH,"Boss",220
BH,"Johnson",220
BH,"Shekh",218
BH,"Waqas",218
BH,"Sajjad",218
BH,"Randhawa",218
BH,"خميس",218
BH,"Salauddin",217
BH,"Manu",217
BH,"Rajab",217
BH,"Francis",217
BH,"Aqeel",217
BH,"Abid",217
BH,"Rajib",216
BH,"Shaheen",216
BH,"Hamood",215
BH,"Sebastian",215
BH,"Robin",215
BH,"Anis",215
BH,"Sorkar",215
BH,"القحطاني",214
BH,"Vinod",214
BH,"Mishra",214
BH,"Siddiqui",214
BH,"Khatri",212
BH,"Gondal",212
BH,"Sankar",212
BH,"Hridoy",212
BH,"Parvez",212
BH,"Albanna",212
BH,"Yahya",212
BH,"Mahabub",212
BH,"Shahbaz",211
BH,"Alqassab",211
BH,"Alomgir",211
BH,"Hakim",211
BH,"Achu",210
BH,"Heart",210
BH,"Fathima",210
BH,"Kt",210
BH,"Siddique",210
BH,"Azeez",210
BH,"Balan",210
BH,"Siva",209
BH,"Chhetri",209
BH,"Shehab",208
BH,"Zubair",208
BH,"Srinu",208
BH,"Dash",208
BH,"Saha",207
BH,"Vishwakarma",207
BH,"Arman",207
BH,"Rodrigues",206
BH,"Jaber",206
BH,"Villanueva",206
BH,"Rock",206
BH,"Alsaeed",206
BH,"Makki",205
BH,"Dhaif",204
BH,"Sree",204
BH,"Sarwar",204
BH,"Castro",203
BH,"Shakil",203
BH,"Ilyas",203
BH,"Ishaq",202
BH,"Sohail",202
BH,"مبارك",202
BH,"Abdulaziz",201
BH,"Sharaf",201
BH,"Marzooq",200
BH,"Pinto",200
BH,"Awal",200
BH,"Ayub",200
BH,"Munshi",199
BH,"Abood",198
BH,"Kh",198
BH,"Zuhair",197
BH,"Shams",197
BH,"Saji",197
BH,"Hari",197
BH,"Sulaiman",196
BH,"Sri",196
BH,"مهدي",196
BH,"Manama",196
BH,"Shareef",196
BH,"السيد",196
BH,"Gangadhar",195
BH,"Kuttan",195
BH,"Wahid",195
BH,"Shahadat",194
BH,"Yasser",194
BH,"Preet",194
BH,"Vel",194
BH,"Gomes",193
BH,"Zada",193
BH,"Maan",193
BH,"Rizwan",193
BH,"Mostofa",192
BH,"Mojumder",192
BH,"Akhter",192
BH,"Motin",192
BH,"الرويعي",192
BH,"Naik",192
BH,"مدن",192
BH,"Moon",191
BH,"Arun",191
BH,"Sasi",191
BH,"Zainal",190
BH,"Feni",190
BH,"Dhillon",190
BH,"Poojary",190
BH,"Binu",189
BH,"الصالح",189
BH,"Asghar",189
BH,"Johir",188
BH,"Munir",188
BH,"Jamil",188
BH,"Bepari",188
BH,"India",187
BH,"Jahir",187
BH,"Arafat",187
BH,"Bai",187
BH,"Gopi",187
BH,"Ahsan",187
BH,"Subba",187
BH,"Bucheeri",186
BH,"Mahmoud",186
BH,"Nizam",186
BH,"Deen",186
BH,"خليل",186
BH,"Ka",186
BH,"Cool",186
BH,"Soman",186
BH,"Hubail",185
BH,"Rajpoot",185
BH,"Musthafa",185
BH,"Pasha",185
BH,"Nathan",185
BH,"Nobi",185
BH,"Baqer",184
BH,"Debnath",184
BH,"التميمي",184
BH,"الرياشي",184
BH,"Aljowder",183
BH,"Mo",183
BH,"Albinali",183
BH,"Amar",183
BH,"Sahin",182
BH,"Pradeep",182
BH,"Zafar",182
BH,"عادل",182
BH,"Moni",182
BH,"Priya",182
BH,"Dewan",181
BH,"Taha",181
BH,"Cm",181
BH,"Sunar",181
BH,"Nambiar",181
BH,"Qamber",181
BH,"Ammar",180
BH,"Soni",180
BH,"Qasim",180
BH,"Silva",180
BH,"Khokan",180
BH,"Jaman",180
BH,"Jafar",180
BH,"বালক",180
BH,"Naz",180
BH,"Shak",179
BH,"Hussein",179
BH,"Nazmul",179
BH,"Samim",178
BH,"Dey",178
BH,"حمود",178
BH,"Saju",178
BH,"Santiago",178
BH,"Halder",178
BH,"Niazi",178
BH,"Latheef",178
BH,"Chouhan",177
BH,"Younis",177
BH,"سعد",177
BH,"Brar",177
BH,"الملا",177
BH,"Hosan",177
BH,"Ap",177
BH,"Lucky",177
BH,"Mohsen",176
BH,"Lakshmi",176
BH,"Noman",176
BH,"Anand",176
BH,"Ahad",176
BH,"Mir",176
BH,"Pereira",175
BH,"Pt",175
BH,"Castillo",175
BH,"Mahato",175
BH,"Deb",174
BH,"Shakeel",174
BH,"Haq",174
BH,"النهام",173
BH,"Ayyad",173
BH,"Murali",173
BH,"العامري",173
BH,"Anjum",173
BH,"Ansar",173
BH,"Gautam",172
BH,"Nasar",172
BH,"العبدالله",172
BH,"Jangid",172
BH,"Khair",172
BH,"Talukder",171
BH,"الحسن",171
BH,"Kollam",171
BH,"Vadakara",171
BH,"العميري",171
BH,"Ulla",170
BH,"Alli",170
BH,"আমার",169
BH,"السعيد",169
BH,"Wahab",169
BH,"Jewel",169
BH,"السالم",169
BH,"De Guzman",168
BH,"Ashfaq",168
BH,"আমি",168
BH,"Francisco",168
BH,"Barua",168
BH,"Rahul",167
BH,"Nani",167
BH,"Dhar",167
BH,"Mol",167
BH,"Hussan",166
BH,"Almalki",166
BH,"Yasir",166
BH,"Laxman",166
BH,"Varma",166
BH,"عيد",166
BH,"Ab",166
BH,"Alqattan",165
BH,"الاحمد",165
BH,"Rohman",164
BH,"Kashif",164
BH,"Zia",164
BH,"Juwel",163
BH,"ছেলে",163
BH,"مكي",162
BH,"Swamy",162
BH,"Hussin",162
BH,"Honey",162
BH,"الصيادي",162
BH,"Sana",161
BH,"Osama",161
BH,"Mariam",161
BH,"Rivera",161
BH,"Hilal",161
BH,"Uzzal",161
BH,"Ahammad",161
BH,"Maher",160
BH,"Shehabi",160
BH,"Alhassan",160
BH,"عمر",160
BH,"Haroon",160
BH,"Hafeez",160
BH,"Shibu",160
BH,"Tan",160
BH,"Shaban",159
BH,"Ps",159
BH,"عبدالرحمن",159
BH,"Redha",158
BH,"Haris",158
BH,"Ramadan",158
BH,"حبيب",158
BH,"Grg",158
BH,"Talukdar",158
BH,"جناحي",158
BH,"Shahalam",158
BH,"Sekar",158
BH,"Koshy",158
BH,"Forhad",157
BH,"الفردان",157
BH,"Aquino",157
BH,"Siddik",157
BH,"Mukhtar",157
BH,"Dhaliwal",157
BH,"Zaid",157
BH,"Thamer",157
BH,"Bhatia",157
BH,"Gomez",156
BH,"Matrook",156
BH,"Shek",156
BH,"Almannai",156
BH,"Shaker",156
BH,"Mehra",155
BH,"Alsada",155
BH,"البحراني",155
BH,"Almarzooq",155
BH,"عاشور",155
BH,"Zainab",155
BH,"Rajendran",155
BH,"Alkuwari",155
BH,"Azeem",155
BH,"Vai",154
BH,"Ridoy",154
BH,"Raheem",154
BH,"مطر",154
BH,"Alzayani",154
BH,"Al-Alawi",154
BH,"Rahma",154
BH,"Qassim",154
BH,"Shani",154
BH,"Samir",154
BH,"Delwar",154
BH,"Irshad",153
BH,"Maki",153
BH,"Patidar",153
BH,"Roni",153
BH,"Altamimi",153
BH,"Sujan",152
BH,"Devi",152
BH,"Nisar",152
BH,"الورد",152
BH,"Majid",152
BH,"Malak",152
BH,"الرميحي",152
BH,"Sher",152
BH,"Na",152
BH,"Comilla",152
BH,"Aljamri",152
BH,"Shipon",151
BH,"Taqi",151
BH,"هلال",151
BH,"Mv",151
BH,"Polash",151
BH,"Martin",151
BH,"Rohim",150
BH,"البصري",150
BH,"Surendran",150
BH,"Rk",150
BH,"Anas",150
BH,"Josim",150
BH,"Madhavan",150
BH,"Sherpa",150
BH,"خلف",149
BH,"Calicut",149
BH,"Peter",149
BH,"درويش",149
BH,"Jabed",149
BH,"Dias",148
BH,"Alsaleh",148
BH,"Rafique",148
BH,"Nirob",148
BH,"Nooh",148
BH,"Kayani",147
BH,"Kamran",147
BH,"Alsaegh",147
BH,"Eman",147
BH,"Farhad",147
BH,"Razak",146
BH,"Mizi",146
BH,"Thakuri",146
BH,"Praveen",146
BH,"كاظم",146
BH,"محسن",146
BH,"Dinesh",146
BH,"Nirmal",146
BH,"Delacruz",145
BH,"Durai",145
BH,"Sultana",145
BH,"Kurian",145
BH,"Mohiuddin",145
BH,"Queen",145
BH,"Ismaeel",145
BH,"Babar",145
BH,"حميد",144
BH,"Nader",144
BH,"Shekar",144
BH,"Rathod",144
BH,"Sabir",144
BH,"Ateeq",143
BH,"Cinta",143
BH,"Alkhaldi",143
BH,"رضي",143
BH,"Ghimire",143
BH,"Ramachandran",143
BH,"Somon",143
BH,"Rajeev",143
BH,"Din",142
BH,"Mahamud",142
BH,"Karan",142
BH,"Maurya",142
BH,"Robi",142
BH,"Mazumder",142
BH,"Nurul",142
BH,"Fareed",142
BH,"Madhu",142
BH,"Martinez",142
BH,"Mohmed",142
BH,"Ghosh",141
BH,"Kuniyil",141
BH,"Cv",141
BH,"Mathai",141
BH,"Aldosseri",141
BH,"Emran",141
BH,"Kasim",141
BH,"Husen",141
BH,"রহমান",140
BH,"Bangla",140
BH,"Yousef",140
BH,"Afsar",140
BH,"Taj",140
BH,"Moideen",140
BH,"Sain",140
BH,"Tanveer",140
BH,"Pakhi",139
BH,"Lingam",139
BH,"Lobo",139
BH,"Sohid",139
BH,"Sojib",139
BH,"ভালোবাসা",139
BH,"Balakrishnan",139
BH,"Nazim",139
BH,"Vasu",139
BH,"Sab",138
BH,"البناء",138
BH,"Al Amin",138
BH,"Saiyed",138
BH,"Satti",138
BH,"Nepali",138
BH,"جواد",138
BH,"Thea",138
BH,"Bahraini",138
BH,"Amran",138
BH,"Parsad",137
BH,"Sen",137
BH,"Alnasser",137
BH,"العبيدي",137
BH,"Pandi",137
BH,"Balal",137
BH,"Masih",137
BH,"Albasri",137
BH,"الدرازي",137
BH,"Aneesh",137
BH,"Dashti",136
BH,"Raghavan",136
BH,"Munda",136
BH,"Hernandez",136
BH,"Faraj",136
BH,"Mijan",136
BH,"Chan",136
BH,"Narayana",136
BH,"Prem",136
BH,"Valdez",136
BH,"Naveen",136
BH,"Payyoli",136
BH,"Ramu",136
BH,"الدخيل",136
BH,"الحمد",135
BH,"Ar",135
BH,"Ijaz",135
BH,"Razzaq",135
BH,"سرحان",135
BH,"Alhamad",135
BH,"Jaleel",135
BH,"Alaswad",135
BH,"المطوع",134
BH,"Jay",134
BH,"Shorif",134
BH,"Rayhan",134
BH,"Sukumaran",134
BH,"النجار",133
BH,"Kuddus",133
BH,"علوي",133
BH,"Sabbir",132
BH,"Shabbir",132
BH,"Firoz",132
BH,"Kr",132
BH,"الحجاجي",132
BH,"Fahim",132
BH,"Li",132
BH,"Somun",132
BH,"Swar",132
BH,"Reza",132
BH,"Vimal",132
BH,"Zahra",132
BH,"Bhattarai",131
BH,"فيصل",131
BH,"Ashik",131
BH,"Joshi",131
BH,"Didar",131
BH,"Sanchez",130
BH,"Torres",130
BH,"إبراهيم",130
BH,"Corpuz",130
BH,"اسماعيل",130
BH,"Shopon",130
BH,"فاضل",130
BH,"Al Alawi",130
BH,"Jony",129
BH,"Saud",129
BH,"Jowel",129
BH,"Wilson",129
BH,"Sai",129
BH,"Alomari",129
BH,"Mainuddin",129
BH,"Pandit",128
BH,"Malalla",128
BH,"Hamdan",128
BH,"Riyad",128
BH,"Sanu",128
BH,"المالكي",128
BH,"منصور",128
BH,"Mal",128
BH,"Ok",128
BH,"Vatakara",128
BH,"Albuainain",128
BH,"Kandan",128
BH,"Ajay",128
BH,"Balushi",128
BH,"Tolentino",128
BH,"Alsayegh",127
BH,"Balu",127
BH,"Kunnath",127
BH,"Mehar",127
BH,"السردي",127
BH,"Alsari",127
BH,"Sheik",127
BH,"Jafor",127
BH,"Altaf",127
BH,"Xavier",126
BH,"Patil",126
BH,"Np",126
BH,"Motaleb",126
BH,"Wasim",126
BH,"Kasem",126
BH,"Mintu",126
BH,"Max",126
BH,"Bhujel",126
BH,"الخباز",126
BH,"Sahota",126
BH,"Ganga",126
BH,"Ek",126
BH,"Subramanian",125
BH,"Madathil",125
BH,"Azmi",125
BH,"Appu",125
BH,"Pc",125
BH,"الجزيري",125
BH,"Younas",125
BH,"Amer",125
BH,"Narsaiah",125
BH,"আলম",125
BH,"Chohan",125
BH,"سلطان",124
BH,"Imam",124
BH,"Hakeem",124
BH,"Rafeek",124
BH,"المحمد",124
BH,"Mercado",124
BH,"Alkhaja",124
BH,"Azim",124
BH,"Soriano",124
BH,"Mc",123
BH,"Mushtaq",123
BH,"Aloraibi",123
BH,"Putri",123
BH,"Arjun",123
BH,"Vs",123
BH,"Siddiq",123
BH,"Datta",123
BH,"Ajith",123
BH,"سبت",123
BH,"Dahal",122
BH,"Khorshed",122
BH,"Naji",122
BH,"Sari",122
BH,"Bhaskaran",122
BH,"Oo",122
BH,"Jeet",122
BH,"Sasidharan",122
BH,"Jack",122
BH,"Miranda",122
BH,"Raihan",122
BH,"Forid",121
BH,"Noushad",121
BH,"Alblushi",121
BH,"Mim",121
BH,"You",121
BH,"Buali",121
BH,"الرويلي",121
BH,"Miazi",121
BH,"Paswan",121
BH,"Parambath",121
BH,"Hasem",121
BH,"Kiran",121
BH,"Almahmeed",120
BH,"Sp",120
BH,"Orakzai",120
BH,"السبيعي",120
BH,"Howlader",120
BH,"Ghuloom",120
BH,"حيدر",120
BH,"Ghareeb",120
BH,"Rajkumar",120
BH,"San",120
BH,"Rauf",120
BH,"Rob",120
BH,"Rasal",119
BH,"Tamu",119
BH,"Rs",119
BH,"Lim",119
BH,"Chinna",119
BH,"Dil",119
BH,"Hossian",119
BH,"Santosh",119
BH,"Tarek",119
BH,"Al Khalifa",119
BH,"Arumugam",119
BH,"Alrayes",119
BH,"Rodriguez",119
BH,"Gafoor",119
BH,"Saiyad",119
BH,"Imtiaz",119
BH,"Sadek",119
BH,"Sreedharan",119
BH,"Thani",118
BH,"Jojo",118
BH,"Oli",118
BH,"Korim",118
BH,"Alhaiki",118
BH,"Ramadhan",118
BH,"Omer",117
BH,"الهاشمي",117
BH,"Shahi",117
BH,"Qambar",117
BH,"Matar",117
BH,"Poudel",117
BH,"Sahu",117
BH,"Ghale",117
BH,"Kabeer",117
BH,"Mian",117
BH,"Roman",117
BH,"Khalek",117
BH,"Sailu",117
BH,"Mona",116
BH,"Buallay",116
BH,"Alooy",116
BH,"السعيدي",116
BH,"Baloshi",116
BH,"Azhar",116
BH,"يعقوب",116
BH,"Nepal",116
BH,"Alahmed",116
BH,"Chahal",116
BH,"Awais",116
BH,"Raveendran",115
BH,"Aradi",115
BH,"Aali",115
BH,"Aj",115
BH,"Ja",115
BH,"Shanu",115
BH,"المري",115
BH,"Anower",115
BH,"Ani",115
BH,"Anna",115
BH,"Haddad",115
BH,"بدر",115
BH,"Aldurazi",115
BH,"Cherian",115
BH,"Abir",115
BH,"ভালবাসা",114
BH,"Yaser",114
BH,"Doll",114
BH,"Akthar",114
BH,"Nazeer",114
BH,"Alabbasi",114
BH,"Behera",114
BH,"Shyam",114
BH,"Zeeshan",114
BH,"Goni",114
BH,"Hussen",114
BH,"Aldosari",114
BH,"আকতার",114
BH,"Alqallaf",114
BH,"Wali",113
BH,"Ra",113
BH,"Gujar",113
BH,"Sarma",113
BH,"Faysal",113
BH,"Badal",113
BH,"Ramjan",113
BH,"Fadhul",113
BH,"Fouad",113
BH,"Domingo",113
BH,"আহমেদ",113
BH,"Ah",113
BH,"موسى",112
BH,"Matooq",112
BH,"القصاب",112
BH,"Agustin",112
BH,"De Leon",112
BH,"Laxmi",112
BH,"Ayoob",112
BH,"Kan",112
BH,"Rafik",112
BH,"صلاح",112
BH,"Ramirez",112
BH,"Saidul",112
BH,"Haneef",112
BH,"Shiva",112
BH,"Atif",112
BH,"Manuel",111
BH,"Zaheer",111
BH,"Aftab",111
BH,"Virk",111
BH,"Sikdar",111
BH,"Sajib",111
BH,"Pariyar",111
BH,"Mahbub",111
BH,"الضالعي",111
BH,"Abdu",111
BH,"Mary",111
BH,"Sabuj",111
BH,"Alhammadi",111
BH,"Basar",111
BH,"جمعه",110
BH,"Foysal",110
BH,"Diaz",110
BH,"Alhawaj",110
BH,"Simon",110
BH,"Junaid",110
BH,"هاشم",110
BH,"المنصوري",110
BH,"Perumal",110
BH,"Mj",109
BH,"Nahid",109
BH,"Hafiz",109
BH,"العقيدي",109
BH,"Meme",109
BH,"جمعة",109
BH,"Abdo",109
BH,"Majhi",109
BH,"Nazar",109
BH,"Mohanan",109
BH,"Nana",109
BH,"Gani",109
BH,"Maria",109
BH,"Idrees",109
BH,"Salvador",109
BH,"Abedin",109
BH,"Kholil",109
BH,"Mosa",109
BH,"Ha",108
BH,"Kumaran",108
BH,"Badshah",108
BH,"Talal",108
BH,"Gutierrez",108
BH,"Ajmal",108
BH,"فهد",108
BH,"الشميري",108
BH,"المساعيد",108
BH,"Vm",108
BH,"Ghani",108
BH,"Albahrain",108
BH,"Alzayed",108
BH,"Almahmood",108
BH,"Rozario",108
BH,"Riyas",107
BH,"العماش",107
BH,"Hashmi",107
BH,"Chaudhry",107
BH,"Shohid",107
BH,"Idris",107
BH,"Kunju",107
BH,"An",107
BH,"Naseem",107
BH,"رمضان",107
BH,"Nawab",107
BH,"Moorthy",107
BH,"Alsaad",107
BH,"Roshan",107
BH,"صادق",107
BH,"Dogar",106
BH,"Kishor",106
BH,"فردان",106
BH,"السادة",106
BH,"Vicky",106
BH,"Jayan",106
BH,"الحسيني",106
BH,"Sahid",106
BH,"Chaudhari",106
BH,"Sabu",106
BH,"Almas",106
BH,"Morales",106
BH,"Sathish",106
BH,"Wati",106
BH,"Fathi",105
BH,"Bucheery",105
BH,"الانصاري",105
BH,"Jo",105
BH,"Maryam",105
BH,"Perambra",105
BH,"السندي",105
BH,"Alkhabbaz",105
BH,"Alshehabi",105
BH,"Kadhem",105
BH,"Gir",105
BH,"Chy",104
BH,"Abi",104
BH,"Shafique",104
BH,"العتيبي",104
BH,"Majumder",104
BH,"Rafeeq",104
BH,"Pa",104
BH,"Mb",104
BH,"Falamarzi",104
BH,"Tanha",104
BH,"Kurup",104
BH,"Jat",104
BH,"Sani",104
BH,"Dhakal",104
BH,"الموالي",104
BH,"Shoaib",103
BH,"حبيل",103
BH,"Mar",103
BH,"Satheesh",103
BH,"Gopalan",103
BH,"Ko",103
BH,"Ganesan",103
BH,"Huda",103
BH,"Alaa",103
BH,"Safar",103
BH,"Basir",103
BH,"Hero",103
BH,"Showaiter",103
BH,"Subedi",103
BH,"Paudel",103
BH,"Fateel",103
BH,"Anilkumar",102
BH,"الحربي",102
BH,"Umer",102
BH,"Ayman",102
BH,"Neupane",102
BH,"الكواري",102
BH,"Tamil",102
BH,"Sahni",102
BH,"Mansoori",102
BH,"الله",102
BH,"Joshim",102
BH,"الجمري",102
BH,"Ana",102
BH,"Nawaf",102
BH,"Mali",102
BH,"Anish",101
BH,"Mobarak",101
BH,"Suhail",101
BH,"الغريب",101
BH,"Alhasan",101
BH,"मगर",101
BH,"Surya",101
BH,"Lala",101
BH,"Halal",101
BH,"الصفار",101
BH,"Alkhan",101
BH,"Dana",101
BH,"Bakar",101
BH,"Vishnu",101
BH,"Meena",101
BH,"Minhas",101
BH,"Ako",101
BH,"Mohasin",101
BH,"তুমি",100
BH,"الحمر",100
BH,"Hanan",100
BH,"Al Balushi",100
BH,"Humayun",100
BH,"Sahadat",100
BH,"Ghulam",100
BH,"রানা",100
BH,"Tom",100
BH,"Radhakrishnan",100
BH,"قاسم",100
BH,"Tipu",100
BH,"قمبر",100
BH,"Karthik",100
BH,"Qamar",100
BH,"Mt",100
BH,"Riffa",100
BH,"Almalood",100
BH,"Tuhin",99
BH,"Kawser",99
BH,"Dcosta",99
BH,"Ratheesh",99
BH,"Hoq",99
BH,"Javier",99
BH,"Zayed",99
BH,"على",99
BH,"Saravanan",99
BH,"Salma",99
BH,"Marie",99
BH,"Borhan",99
BH,"Tea",99
BH,"عمار",99
BH,"ربيع",99
BH,"Obaid",99
BH,"Kala",98
BH,"Venkat",98
BH,"Pascual",98
BH,"Rain",98
BH,"المناعي",98
BH,"Albastaki",98
BH,"Akon",98
BH,"Vinu",98
BH,"Almubarak",98
BH,"Al Ali",98
BH,"Tara",98
BH,"Trading",98
BH,"Bairwa",98
BH,"Asim",98
BH,"Awad",98
BH,"Varughese",97
BH,"Gull",97
BH,"Sahil",97
BH,"Dsilva",97
BH,"Khokhar",97
BH,"Issa",97
BH,"Prabhu",97
BH,"Shajan",97
BH,"Akkas",97
BH,"Alajmi",97
BH,"Kummari",97
BH,"Bc",97
BH,"Alghatam",97
BH,"Hisham",97
BH,"Shameer",97
BH,"Ale",96
BH,"Haneefa",96
BH,"Billa",96
BH,"Shuvo",96
BH,"Gond",96
BH,"Selvaraj",96
BH,"الروح",96
BH,"Latha",96
BH,"Sadik",96
BH,"Hi",96
BH,"Rama",96
BH,"Alhaddar",96
BH,"سند",96
BH,"Tandel",96
BH,"Nabil",96
BH,"Shihab",96
BH,"Ta",96
BH,"Jadoon",96
BH,"Vincent",95
BH,"Dalim",95
BH,"Reji",95
BH,"عبد الله",95
BH,"Flower",95
BH,"Sarah",95
BH,"Anwer",95
BH,"Rakesh",95
BH,"العوضي",95
BH,"الحمادي",95
BH,"Awadh",95
BH,"Banu",95
BH,"نور",95
BH,"العريبي",95
BH,"Mengal",95
BH,"Ami",95
BH,"Kahn",95
BH,"الساري",95
BH,"Sandeep",95
BH,"Mojumdar",95
BH,"Tharu",95
BH,"Sony",94
BH,"Khayer",94
BH,"Almansoori",94
BH,"Sumi",94
BH,"Sohal",94
BH,"Bob",94
BH,"Murtaza",94
BH,"مال الله",94
BH,"الكوهجي",94
BH,"Nisha",94
BH,"خليفه",94
BH,"Iftikhar",94
BH,"Alhaiky",94
BH,"Bellal",94
BH,"Meer",94
BH,"Faris",94
BH,"Malayil",94
BH,"Biplob",93
BH,"Faiz",93
BH,"Ahmod",93
BH,"Nass",93
BH,"Pannu",93
BH,"Jain",93
BH,"Farook",93
BH,"Sanjay",93
BH,"Ad",93
BH,"Khader",93
BH,"Ikram",93
BH,"Pathak",93
BH,"Zahir",93
BH,"فرحان",93
BH,"سيد",93
BH,"Punjabi",93
BH,"Michael",93
BH,"السعدي",93
BH,"Sweet",92
BH,"Ammu",92
BH,"الحدي",92
BH,"Lyn",92
BH,"Goraya",92
BH,"Sundar",92
BH,"Suthar",92
BH,"جابر",92
BH,"Kahan",92
BH,"Shill",92
BH,"Aguilar",92
BH,"Abdin",92
BH,"صمود",92
BH,"Bapari",92
BH,"الرفاعي",92
BH,"Angeles",92
BH,"Safdar",91
BH,"Ashiq",91
BH,"جميل",91
BH,"Rahimi",91
BH,"Alshaer",91
BH,"Ahmmad",91
BH,"Jolil",91
BH,"Jhon",91
BH,"Swami",91
BH,"Jon",91
BH,"Ann",91
BH,"May",91
BH,"Akula",91
BH,"Navarro",91
BH,"Aji",91
BH,"Navas",91
BH,"Ranjith",91
BH,"المصري",91
BH,"Akas",91
BH,"Maruf",91
BH,"Davis",91
BH,"Aldosri",91
BH,"Bakkar",91
BH,"Anamul",91
BH,"Titu",90
BH,"Najeeb",90
BH,"Stha",90
BH,"Almeer",90
BH,"Alnajjar",90
BH,"Kanxa",90
BH,"Malla",90
BH,"Alexander",90
BH,"Mollik",90
BH,"Shahjahan",90
BH,"الناصر",90
BH,"Sapkota",90
BH,"Turk",90
BH,"Poojari",90
BH,"Mandi",90
BH,"Negi",90
BH,"Fares",90
BH,"Fazal",90
BH,"Madbor",90
BH,"Antonio",90
BH,"Kooheji",90
BH,"আলো",90
BH,"Fuad",89
BH,"Saqer",89
BH,"Padilla",89
BH,"Alhashimi",89
BH,"البكري",89
BH,"Abdulkarim",89
BH,"Shing",89
BH,"نصيف",89
BH,"Mumtaz",89
BH,"Raed",89
BH,"Amal",89
BH,"Danish",89
BH,"Dharan",89
BH,"Bhati",89
BH,"Reem",89
BH,"النوبي",89
BH,"Sopon",89
BH,"Khattak",88
BH,"Rashel",88
BH,"Fakhro",88
BH,"Cortez",88
BH,"Wazir",88
BH,"Kalathil",88
BH,"Ahmadi",88
BH,"Albahrani",88
BH,"Brown",88
BH,"Abd",88
BH,"Solaiman",88
BH,"Girma",88
BH,"Mojib",88
BH,"Manzoor",88
BH,"الصوفي",88
BH,"Ocampo",88
BH,"Bhagat",88
BH,"Mathews",88
BH,"Jass",88
BH,"Riyaz",88
BH,"Mall",88
BH,"جمال",88
BH,"Habibi",88
BH,"Pardesi",88
BH,"Sequeira",88
BH,"Subash",88
BH,"Pramod",87
BH,"Jit",87
BH,"Sanju",87
BH,"Israfil",87
BH,"Rafiqul",87
BH,"Jones",87
BH,"Maqsood",87
BH,"Al Shaikh",87
BH,"Akbor",87
BH,"Maih",87
BH,"Heer",87
BH,"Sekh",87
BH,"Qayyum",87
BH,"عبدالعزيز",87
BH,"Kazerooni",87
BH,"Al-Khalifa",87
BH,"Jane",87
BH,"Almansoor",87
BH,"عمران",87
BH,"Bharti",87
BH,"Baiju",87
BH,"ياسر",87
BH,"Fadel",86
BH,"Ktk",86
BH,"Shamsu",86
BH,"الشاخوري",86
BH,"Mann",86
BH,"Wayanad",86
BH,"Mahto",86
BH,"Williams",86
BH,"Dhiman",86
BH,"Nizar",86
BH,"Apon",86
BH,"Jimma",86
BH,"Riya",86
BH,"Ba",85
BH,"Sarfraz",85
BH,"Abdallah",85
BH,"Abubakar",85
BH,"Rehan",85
BH,"Janu",85
BH,"Sakil",85
BH,"Wang",85
BH,"Gangaram",85
BH,"Sahi",85
BH,"Alamer",85
BH,"Soliman",85
BH,"Kar",85
BH,"Alhamar",85
BH,"Thayyil",85
BH,"Kausar",85
BH,"Bro",85
BH,"Mallick",85
BH,"Alhadi",85
BH,"Hana",85
BH,"Bukamal",85
BH,"القيدوم",85
BH,"Iman",85
BH,"العدواني",84
BH,"Hazeem",84
BH,"Abhi",84
BH,"Baharain",84
BH,"Albader",84
BH,"مرزوق",84
BH,"Av",84
BH,"Emad",84
BH,"Mae",84
BH,"Mallesh",84
BH,"Shabib",84
BH,"Basher",84
BH,"Esa",84
BH,"Taleb",84
BH,"Madu",84
BH,"Patowary",84
BH,"Mg",84
BH,"Kha",84
BH,"একা",83
BH,"Sadeq",83
BH,"المرزوق",83
BH,"Delos Santos",83
BH,"Abebe",83
BH,"Velu",83
BH,"فضل",83
BH,"Muhamad",83
BH,"Vasudevan",83
BH,"Rabea",83
BH,"Momen",83
BH,"Kunwar",83
BH,"Karimi",83
BH,"Bains",83
BH,"Ramasamy",83
BH,"Bacha",83
BH,"Shikder",83
BH,"Alkhayat",83
BH,"Alzain",83
BH,"Zaki",83
BH,"Waqar",83
BH,"Koya",82
BH,"Buhmaid",82
BH,"Nayan",82
BH,"Shakir",82
BH,"Solomon",82
BH,"القاسمي",82
BH,"Pak",82
BH,"الرشيدي",82
BH,"Asfoor",82
BH,"Velasco",82
BH,"Mariano",82
BH,"Jannat",82
BH,"Tiger",82
BH,"Chalil",82
BH,"Bhaskar",82
BH,"Late",82
BH,"Qadeer",82
BH,"Mohmmad",82
BH,"Roshid",82
BH,"Jackson",82
BH,"Dar",82
BH,"Hassain",81
BH,"الطيب",81
BH,"Lslam",81
BH,"Amzad",81
BH,"Alhussaini",81
BH,"Milan",81
BH,"Alisa",81
BH,"Abrar",81
BH,"Mujeeb",81
BH,"Alrumaihi",81
BH,"Shake",81
BH,"Othman",81
BH,"Thankachan",81
BH,"الغانم",81
BH,"حسان",81
BH,"Sherif",81
BH,"Bhuiya",80
BH,"Durga",80
BH,"Badol",80
BH,"Prodhan",80
BH,"Essam",80
BH,"Adeel",80
BH,"Al Aali",80
BH,"Almurbati",80
BH,"Aminul",80
BH,"Sreejith",80
BH,"Sajeev",80
BH,"Nandi",80
BH,"عتيق",80
BH,"الوداعي",80
BH,"Mofiz",80
BH,"العربي",80
BH,"Vadla",80
BH,"Kishan",80
BH,"حماد",80
BH,"Khurshid",80
BH,"Om",80
BH,"Kim",80
BH,"Alsubaie",80
BH,"الراشد",80
BH,"Rathore",79
BH,"ياسين",79
BH,"Khanal",79
BH,"Ramulu",79
BH,"Magomedova",79
BH,"Arslan",79
BH,"Rashdan",79
BH,"بحر",79
BH,"Bangash",79
BH,"Bekele",79
BH,"Ayaz",79
BH,"Alamiri",79
BH,"Tesfaye",79
BH,"Noora",79
BH,"Ramakrishnan",79
BH,"Nm",79
BH,"Sahwan",79
BH,"Mhd",79
BH,"জিবন",79
BH,"Krish",79
BH,"Abdali",79
BH,"Rind",79
BH,"Meya",79
BH,"Mohon",79
BH,"Selvan",78
BH,"Shine",78
BH,"الفرج",78
BH,"Bandi",78
BH,"Hayati",78
BH,"سعود",78
BH,"Ac",78
BH,"Ctg",78
BH,"الصايغ",78
BH,"البوعينين",78
BH,"Shaju",78
BH,"Armani",78
BH,"Kadar",78
BH,"Rabeea",78
BH,"Mohmad",78
BH,"Hai",78
BH,"Abdalla",78
BH,"العماري",78
BH,"Al Sayed",78
BH,"Naidu",78
BH,"Moidu",78
BH,"Seyadi",78
BH,"Sajan",78
BH,"Alal",77
BH,"الحاج",77
BH,"Alromaihi",77
BH,"الحياة",77
BH,"Khatun",77
BH,"Jana",77
BH,"ميرزا",77
BH,"Ep",77
BH,"Rajon",77
BH,"Hussian",77
BH,"Noyon",77
BH,"Sayanna",77
BH,"المعلم",77
BH,"Kaka",77
BH,"Sorif",77
BH,"Jena",77
BH,"Aljunaid",76
BH,"Senthil",76
BH,"Mh",76
BH,"Jas",76
BH,"Alhalwachi",76
BH,"Mudhiraj",76
BH,"Dizon",76
BH,"Kang",76
BH,"عبود",76
BH,"Alfaraj",76
BH,"Bista",76
BH,"Aljaber",76
BH,"Pori",76
BH,"উদ্দিন",76
BH,"Anthony",76
BH,"Fawaz",76
BH,"Faruq",76
DZ,"Madrid",67875
DZ,"Mohamed",51328
DZ,"Ben",36566
DZ,"محمد",29995
DZ,"Amine",29335
DZ,"Ahmed",24772
DZ,"Ali",24470
DZ,"Mca",21553
DZ,"Nina",20678
DZ,"Karim",18085
DZ,"Tlm",17949
DZ,"Oran",17816
DZ,"Mosta",17159
DZ,"Med",17035
DZ,"Dz",15355
DZ,"Hamza",15000
DZ,"Milano",14922
DZ,"Abdou",14719
DZ,"Samir",13981
DZ,"Moh",13758
DZ,"الرحمان",12184
DZ,"Ch",12162
DZ,"Amin",11794
DZ,"Youcef",11679
DZ,"Omar",11381
DZ,"Said",11337
DZ,"Walid",11271
DZ,"Lacoste",10982
DZ,"Usma",10962
DZ,"Mimi",10865
DZ,"Khaled",10733
DZ,"Kamel",10592
DZ,"Anoucha",10314
DZ,"Ess",10061
DZ,"Nour",9880
DZ,"Mina",9738
DZ,"Salah",9718
DZ,"Sami",9708
DZ,"Salim",9390
DZ,"Brahim",9236
DZ,"Na",9231
DZ,"Mimo",9206
DZ,"Alger",9079
DZ,"Annaba",9013
DZ,"Solo",8899
DZ,"Lina",8881
DZ,"Bou",8748
DZ,"Ma",8719
DZ,"Mourad",8507
DZ,"Minoucha",8452
DZ,"Kader",8422
DZ,"Hakim",8312
DZ,"احمد",8298
DZ,"Dadi",8245
DZ,"Rachid",8134
DZ,"Zaki",8103
DZ,"الله",8035
DZ,"Slimani",7971
DZ,"Bilal",7963
DZ,"Adel",7924
DZ,"Hamid",7914
DZ,"Djamel",7884
DZ,"Bob",7781
DZ,"Yacine",7602
DZ,"Abdo",7564
DZ,"Fifi",7532
DZ,"Ayoub",7490
DZ,"Chinwi",7447
DZ,"Amir",7367
DZ,"Barca",7343
DZ,"Amar",7327
DZ,"Fati",7282
DZ,"Nabil",7249
DZ,"Mkalcha",7108
DZ,"Setif",7035
DZ,"Farid",6935
DZ,"الحياة",6928
DZ,"Malak",6834
DZ,"Kh",6796
DZ,"Mahdi",6795
DZ,"Sam",6682
DZ,"Csc",6652
DZ,"Zizou",6590
DZ,"علي",6549
DZ,"Sara",6440
DZ,"Oussama",6356
DZ,"Bel",6290
DZ,"Saidi",6242
DZ,"Mira",6238
DZ,"Anis",6216
DZ,"La Brune",6212
DZ,"Kabyle",6136
DZ,"Kadi",6123
DZ,"Brahimi",6088
DZ,"Fares",6088
DZ,"Hicham",6076
DZ,"Aziz",6050
DZ,"Mohammed",6017
DZ,"امين",5998
DZ,"Mahbola",5888
DZ,"Bba",5844
DZ,"Rose",5842
DZ,"الامل",5753
DZ,"Koko",5748
DZ,"Rabah",5737
DZ,"Malek",5718
DZ,"Adem",5707
DZ,"Eddine",5696
DZ,"يوسف",5674
DZ,"Ra",5648
DZ,"Amina",5642
DZ,"Maryoul",5520
DZ,"Nani",5489
DZ,"Mido",5451
DZ,"Ski",5434
DZ,"Mahboula",5411
DZ,"Moussa",5354
DZ,"Jijel",5347
DZ,"Midou",5346
DZ,"Dido",5308
DZ,"Jsk",5289
DZ,"Zizo",5223
DZ,"Mima",5223
DZ,"Amira",5218
DZ,"Blida",5196
DZ,"Lili",5147
DZ,"Hocine",5082
DZ,"Bachir",5032
DZ,"Houari",5020
DZ,"Adam",5019
DZ,"La",5011
DZ,"Aissa",5010
DZ,"Mouhamed",4999
DZ,"Aymen",4999
DZ,"Mino",4996
DZ,"London",4950
DZ,"Salhi",4948
DZ,"الجزائري",4931
DZ,"Sofiane",4890
DZ,"Toufik",4874
DZ,"Imad",4868
DZ,"عبدو",4851
DZ,"بالله",4842
DZ,"King",4836
DZ,"Ha",4834
DZ,"Larbi",4823
DZ,"Younes",4815
DZ,"Haddad",4767
DZ,"Batna",4764
DZ,"Dahmani",4706
DZ,"Khalil",4697
DZ,"الدين",4689
DZ,"Kamal",4684
DZ,"Mansouri",4675
DZ,"Mohamad",4669
DZ,"Da",4663
DZ,"Touati",4643
DZ,"Ne",4619
DZ,"Minou",4571
DZ,"Sahraoui",4555
DZ,"Biba",4493
DZ,"Madridi",4488
DZ,"Hadji",4472
DZ,"Bejaia",4438
DZ,"Rahim",4433
DZ,"Maya",4433
DZ,"Amel",4421
DZ,"Islam",4408
DZ,"Le Roi",4390
DZ,"Dou",4380
DZ,"Akram",4376
DZ,"Crb",4358
DZ,"Rahmani",4351
DZ,"Hamdi",4315
DZ,"Bibicha",4314
DZ,"Sisi",4307
DZ,"Farah",4294
DZ,"Abdelkader",4288
DZ,"Yahia",4258
DZ,"Cherif",4256
DZ,"Ahmad",4248
DZ,"Yahiaoui",4231
DZ,"Smail",4212
DZ,"Lartist",4202
DZ,"Momo",4169
DZ,"Benz",4156
DZ,"Didou",4148
DZ,"Barça",4141
DZ,"Ramzi",4074
DZ,"Aya",4062
DZ,"نور",4049
DZ,"Maria",4038
DZ,"Zino",4009
DZ,"Loulou",4006
DZ,"Fouad",3997
DZ,"امل",3991
DZ,"Amara",3981
DZ,"Moussaoui",3974
DZ,"Lakamora",3967
DZ,"Sa",3962
DZ,"Kadri",3944
DZ,"Bvb",3938
DZ,"Nacer",3937
DZ,"Laklas",3925
DZ,"Mami",3914
DZ,"Mehdi",3907
DZ,"Habib",3906
DZ,"Belhadj",3900
DZ,"Mouh",3890
DZ,"Blanche",3882
DZ,"Halim",3882
DZ,"Nadir",3880
DZ,"Morad",3880
DZ,"Noir",3873
DZ,"Kada",3873
DZ,"Bouzid",3869
DZ,"Rida",3857
DZ,"Zina",3852
DZ,"Messaoudi",3836
DZ,"La Classe",3834
DZ,"خالد",3822
DZ,"Saadi",3796
DZ,"Maryoula",3767
DZ,"Top",3761
DZ,"Man",3740
DZ,"Fatima",3735
DZ,"Sousou",3724
DZ,"جمال",3718
DZ,"Hadj",3717
DZ,"Usmh",3716
DZ,"Cha",3712
DZ,"Hichem",3685
DZ,"Chawi",3680
DZ,"Rami",3680
DZ,"Nasri",3680
DZ,"Sba",3670
DZ,"La Rose",3669
DZ,"Nana",3653
DZ,"Rafik",3647
DZ,"Nano",3646
DZ,"Mokhtar",3603
DZ,"Iyad",3598
DZ,"Mi",3591
DZ,"Salmi",3591
DZ,"Polo",3572
DZ,"Achour",3572
DZ,"Saad",3570
DZ,"Mahboul",3563
DZ,"Moha",3560
DZ,"Ka",3560
DZ,"Salem",3551
DZ,"Tahar",3542
DZ,"Didi",3540
DZ,"Madani",3535
DZ,"Tito",3534
DZ,"Kara",3530
DZ,"Mustapha",3517
DZ,"Ziani",3513
DZ,"Mimou",3508
DZ,"Constantine",3505
DZ,"Alg",3497
DZ,"Abed",3487
DZ,"Za",3484
DZ,"Maram",3465
DZ,"Zitouni",3445
DZ,"ياسين",3445
DZ,"Rayan",3437
DZ,"Nada",3423
DZ,"كريم",3406
DZ,"Mounir",3404
DZ,"Gtd",3398
DZ,"Belkacem",3373
DZ,"Benali",3371
DZ,"Fateh",3370
DZ,"Anes",3356
DZ,"Taleb",3348
DZ,"Dida",3342
DZ,"Anocha",3341
DZ,"Zinou",3340
DZ,"Amazigh",3337
DZ,"Queen",3334
DZ,"Kiki",3327
DZ,"Madride",3313
DZ,"Meriem",3307
DZ,"لله",3301
DZ,"Ab",3288
DZ,"Hani",3288
DZ,"Lolo",3286
DZ,"Wassim",3284
DZ,"Bacha",3276
DZ,"مراد",3266
DZ,"Toumi",3246
DZ,"Yasmine",3242
DZ,"Tlemcen",3226
DZ,"Farouk",3224
DZ,"Ba",3209
DZ,"Bouzidi",3202
DZ,"Hd",3194
DZ,"اسلام",3193
DZ,"Hamidi",3190
DZ,"Ibrahim",3182
DZ,"Ishak",3164
DZ,"Sou",3162
DZ,"Blanc",3157
DZ,"البحر",3149
DZ,"Koki",3148
DZ,"Mokhtari",3135
DZ,"Nasro",3127
DZ,"Ait",3125
DZ,"Minocha",3124
DZ,"Miloud",3120
DZ,"Raouf",3119
DZ,"كمال",3114
DZ,"Soso",3111
DZ,"Ismail",3106
DZ,"Abbas",3091
DZ,"Amouna",3087
DZ,"Arab",3085
DZ,"Hm",3074
DZ,"Talbi",3073
DZ,"Khaldi",3070
DZ,"Lacost",3057
DZ,"Amari",3041
DZ,"Real",3039
DZ,"Dib",3034
DZ,"Skikda",3032
DZ,"Hbibha",3032
DZ,"Aek",3023
DZ,"Jiji",3021
DZ,"Sghir",3014
DZ,"Biskra",3011
DZ,"Rita",2997
DZ,"Fathi",2978
DZ,"الأمل",2973
DZ,"Tayeb",2969
DZ,"Belaid",2964
DZ,"Nassim",2959
DZ,"مريم",2933
DZ,"Titi",2930
DZ,"Mansour",2922
DZ,"Yousfi",2912
DZ,"Tam",2911
DZ,"Sarah",2909
DZ,"Ana",2905
DZ,"Amal",2903
DZ,"العاقل",2892
DZ,"Lamine",2885
DZ,"Lola",2883
DZ,"Mamaha",2880
DZ,"Fleur",2875
DZ,"Ad",2871
DZ,"Hiba",2864
DZ,"مهبول",2861
DZ,"Abd",2851
DZ,"Benaissa",2847
DZ,"Kimo",2839
DZ,"عمر",2838
DZ,"Nouri",2836
DZ,"Mebarki",2833
DZ,"Houda",2824
DZ,"Ameur",2819
DZ,"Ham",2818
DZ,"Nino",2817
DZ,"Tarek",2813
DZ,"Dor",2796
DZ,"La Blonde",2774
DZ,"عبد الله",2772
DZ,"Malik",2769
DZ,"Nou",2762
DZ,"Zahra",2759
DZ,"Madi",2754
DZ,"Ziane",2749
DZ,"Lotfi",2748
DZ,"Yasser",2733
DZ,"Simo",2713
DZ,"Asma",2708
DZ,"Zine",2708
DZ,"Cherifi",2705
DZ,"Nouna",2693
DZ,"Zaidi",2692
DZ,"Bouziane",2690
DZ,"Reda",2683
DZ,"Japoni",2682
DZ,"Aissaoui",2671
DZ,"Amed",2666
DZ,"Hamadi",2653
DZ,"Wahid",2643
DZ,"Bn",2637
DZ,"Yassine",2630
DZ,"You",2629
DZ,"Hamoudi",2628
DZ,"Maryol",2616
DZ,"Jojo",2614
DZ,"Ki",2612
DZ,"Kami",2607
DZ,"Ta",2597
DZ,"Ya",2596
DZ,"Riad",2595
DZ,"Di",2590
DZ,"La Fleur",2586
DZ,"Maraval",2581
DZ,"Bahri",2579
DZ,"Blidi",2575
DZ,"Bouras",2574
DZ,"الصحراء",2574
DZ,"Yazid",2568
DZ,"Nanou",2566
DZ,"بلال",2565
DZ,"Djilali",2559
DZ,"Mo",2547
DZ,"Lam",2538
DZ,"Dali",2526
DZ,"Roma",2517
DZ,"Amani",2512
DZ,"Bk",2507
DZ,"Imane",2506
DZ,"Mahbol",2504
DZ,"Abdellah",2496
DZ,"Abid",2486
DZ,"Kaci",2484
DZ,"Ma Vie",2482
DZ,"Dine",2480
DZ,"Taibi",2478
DZ,"حمزة",2478
DZ,"Baba",2475
DZ,"Antik",2464
DZ,"Rima",2462
DZ,"Fethi",2459
DZ,"عمار",2458
DZ,"Chaib",2456
DZ,"Zakaria",2449
DZ,"Youyou",2449
DZ,"Camara",2448
DZ,"Chergui",2443
DZ,"Yamaha",2435
DZ,"Merabet",2432
DZ,"وليد",2428
DZ,"Bibo",2423
DZ,"Fatah",2413
DZ,"سمير",2413
DZ,"Marwa",2412
DZ,"Chikh",2406
DZ,"Abdallah",2404
DZ,"Ramdani",2398
DZ,"Annabi",2391
DZ,"Rim",2384
DZ,"سعيد",2384
DZ,"Ammar",2384
DZ,"Amrani",2383
DZ,"Djamal",2383
DZ,"Ou",2377
DZ,"Benyahia",2375
DZ,"أمل",2372
DZ,"Ayman",2371
DZ,"Boualem",2369
DZ,"Lakhdar",2368
DZ,"Meziane",2364
DZ,"ملاك",2363
DZ,"Chaoui",2360
DZ,"عبد الرحمان",2357
DZ,"Zaza",2349
DZ,"Zidane",2346
DZ,"Chabane",2345
DZ,"Gasmi",2343
DZ,"فارس",2343
DZ,"Ssa",2336
DZ,"Amino",2336
DZ,"Mostafa",2335
DZ,"Saber",2334
DZ,"Laib",2331
DZ,"ميمي",2323
DZ,"Badi",2322
DZ,"Napoli",2322
DZ,"Amer",2318
DZ,"Azzouz",2304
DZ,"Islem",2302
DZ,"مصطفى",2301
DZ,"Boss",2301
DZ,"Omri",2290
DZ,"Dani",2282
DZ,"Rouge",2277
DZ,"Saidani",2268
DZ,"Diallo",2267
DZ,"Kaka",2263
DZ,"Mco",2261
DZ,"Issam",2259
DZ,"Yousef",2253
DZ,"Sabri",2251
DZ,"Cristal",2250
DZ,"Sirine",2248
DZ,"أحمد",2245
DZ,"Zouaoui",2244
DZ,"Bahi",2242
DZ,"Slimane",2240
DZ,"Chocho",2230
DZ,"El",2224
DZ,"Amoula",2224
DZ,"اليقين",2223
DZ,"Lamri",2220
DZ,"Souma",2220
DZ,"Idir",2217
DZ,"Mer",2212
DZ,"Zaoui",2204
DZ,"Mari",2203
DZ,"Ikram",2187
DZ,"Assil",2186
DZ,"Fa",2184
DZ,"Yahya",2182
DZ,"Karima",2181
DZ,"Belarbi",2180
DZ,"Loka",2180
DZ,"Daoud",2178
DZ,"Mou",2178
DZ,"Soltani",2176
DZ,"Bz",2175
DZ,"Brahmi",2175
DZ,"Mila",2174
DZ,"Habibi",2174
DZ,"يونس",2172
DZ,"Tipaza",2171
DZ,"La Class",2167
DZ,"Hassani",2165
DZ,"Mahmoud",2162
DZ,"Lou",2156
DZ,"Gharbi",2156
DZ,"Ayad",2154
DZ,"Saoudi",2149
DZ,"Krimo",2145
DZ,"Daoudi",2143
DZ,"Ram",2141
DZ,"Khelifa",2132
DZ,"Mine",2127
DZ,"Alaa",2122
DZ,"Chou",2118
DZ,"Vie",2118
DZ,"الرحمن",2113
DZ,"Khan",2113
DZ,"Titou",2110
DZ,"Maryola",2106
DZ,"حسين",2104
DZ,"Salam",2103
DZ,"Hassan",2098
DZ,"Hmd",2097
DZ,"ايوب",2094
DZ,"Az",2092
DZ,"Laid",2087
DZ,"Ferhat",2087
DZ,"Sid",2083
DZ,"Meziani",2076
DZ,"Houssam",2067
DZ,"Cef",2062
DZ,"Rahal",2062
DZ,"Ouali",2061
DZ,"Him",2052
DZ,"Chaba",2050
DZ,"خليل",2048
DZ,"المجهول",2046
DZ,"Ilyes",2046
DZ,"أمين",2045
DZ,"Mokrani",2042
DZ,"Noureddine",2039
DZ,"Rosa",2036
DZ,"Khelifi",2030
DZ,"Hb",2024
DZ,"La Blande",2019
DZ,"David",2014
DZ,"Tizi",2009
DZ,"Abdi",2008
DZ,"مريول",2006
DZ,"Papicha",1995
DZ,"Makhlouf",1986
DZ,"Mahmoudi",1976
DZ,"Hayati",1974
DZ,"Ahlam",1972
DZ,"Madjid",1971
DZ,"Abdelli",1969
DZ,"Mouloud",1968
DZ,"Hafid",1966
DZ,"Bobo",1963
DZ,"Manel",1961
DZ,"Sarita",1957
DZ,"Hasni",1957
DZ,"Yaya",1955
DZ,"Safi",1948
DZ,"Hachemi",1941
DZ,"Soufi",1938
DZ,"سليم",1934
DZ,"Lila",1933
DZ,"عادل",1930
DZ,"Rayane",1928
DZ,"Amrane",1926
DZ,"Mel",1924
DZ,"Zerrouki",1920
DZ,"Nor",1917
DZ,"Smati",1917
DZ,"Mahi",1910
DZ,"Ilyas",1909
DZ,"ام",1901
DZ,"هشام",1901
DZ,"Lounis",1901
DZ,"سر سعادتي",1896
DZ,"ابراهيم",1895
DZ,"No",1893
DZ,"سفيان",1893
DZ,"ايمن",1883
DZ,"Yassin",1882
DZ,"Adrar",1882
DZ,"Ninou",1877
DZ,"Saida",1877
DZ,"Solitar",1872
DZ,"صالح",1870
DZ,"Ni",1866
DZ,"Ine",1863
DZ,"Koukou",1862
DZ,"Dada",1861
DZ,"Kaki",1860
DZ,"Djoudi",1858
DZ,"Harachi",1856
DZ,"Pipo",1850
DZ,"Traore",1848
DZ,"زهرة",1840
DZ,"Kouki",1837
DZ,"السلام",1836
DZ,"Anas",1825
DZ,"Sayah",1824
DZ,"سعادتي",1823
DZ,"Lmaryoul",1823
DZ,"Kadar",1820
DZ,"Houssem",1815
DZ,"Hanouna",1813
DZ,"Hayat",1809
DZ,"Racha",1806
DZ,"Do",1803
DZ,"Sali",1794
DZ,"اميرة",1789
DZ,"عبدالله",1789
DZ,"Nounou",1787
DZ,"Messaoud",1786
DZ,"Hamouda",1786
DZ,"Mekki",1783
DZ,"Fodil",1783
DZ,"Hamed",1782
DZ,"Ami",1779
DZ,"Rina",1778
DZ,"Ama",1775
DZ,"Rania",1775
DZ,"Mani",1771
DZ,"Mk",1770
DZ,"Ar",1768
DZ,"Chichi",1768
DZ,"Adda",1766
DZ,"مهدي",1763
DZ,"Yahi",1761
DZ,"Nona",1761
DZ,"حسام",1760
DZ,"Babi",1757
DZ,"سطيف",1751
DZ,"المشاغب",1748
DZ,"Fouzi",1746
DZ,"Bey",1746
DZ,"Bouaziz",1746
DZ,"Taha",1736
DZ,"Malki",1735
DZ,"Boukhalfa",1733
DZ,"Rah",1732
DZ,"Hamada",1730
DZ,"Be",1729
DZ,"Abbes",1729
DZ,"Bouali",1728
DZ,"Der",1728
DZ,"Achraf",1724
DZ,"Miloudi",1724
DZ,"Mascara",1723
DZ,"امير",1723
DZ,"Sidali",1721
DZ,"Kim",1719
DZ,"Hamou",1719
DZ,"La Reine",1713
DZ,"Ghani",1712
DZ,"Ibiza",1708
DZ,"Rahmouni",1704
DZ,"Mob",1704
DZ,"العربي",1703
DZ,"Bibi",1694
DZ,"Rabhi",1693
DZ,"Diga",1688
DZ,"Guelma",1687
DZ,"Samira",1687
DZ,"Dahmane",1685
DZ,"حنين",1684
DZ,"Tiger",1683
DZ,"Zohir",1682
DZ,"Boyka",1680
DZ,"Kaddour",1677
DZ,"Azizi",1676
DZ,"Zouzou",1673
DZ,"Bo",1673
DZ,"Bensalem",1671
DZ,"Mh",1671
DZ,"Wahrani",1670
DZ,"Lion",1670
DZ,"Din",1668
DZ,"Faracha",1666
DZ,"عبد القادر",1665
DZ,"مجهول",1665
DZ,"La Charmante",1662
DZ,"Kati",1662
DZ,"Rahma",1662
DZ,"Zou",1661
DZ,"Simou",1660
DZ,"Benamara",1658
DZ,"ادم",1656
DZ,"عماد",1652
DZ,"Ritaj",1651
DZ,"Moulay",1646
DZ,"Warda",1645
DZ,"Nadia",1642
DZ,"Sanfour",1636
DZ,"Sidou",1631
DZ,"Lyes",1628
DZ,"Nadji",1627
DZ,"Siham",1626
DZ,"Mahrez",1623
DZ,"Nã",1622
DZ,"Tita",1618
DZ,"Samo",1617
DZ,"Abde",1616
DZ,"Linda",1614
DZ,"Torino",1613
DZ,"الربيع",1608
DZ,"Charmante",1607
DZ,"Bonois",1606
DZ,"Zohra",1603
DZ,"الريحان",1602
DZ,"ياسمين",1601
DZ,"Sahli",1600
DZ,"Mouna",1593
DZ,"Lid",1593
DZ,"Bleu",1593
DZ,"Zin",1591
DZ,"Lamin",1585
DZ,"Yasin",1585
DZ,"Hanane",1585
DZ,"Seddiki",1581
DZ,"Miral",1580
DZ,"Cataloni",1577
DZ,"Joujou",1575
DZ,"زوجي",1567
DZ,"Gh",1567
DZ,"Nia",1566
DZ,"Hadi",1566
DZ,"Gacem",1556
DZ,"المجنون",1556
DZ,"Mazouz",1554
DZ,"Foufa",1553
DZ,"Sido",1553
DZ,"Bella",1552
DZ,"Hadil",1550
DZ,"Noor",1550
DZ,"Dif",1549
DZ,"Hama",1542
DZ,"Rabeh",1540
DZ,"Iman",1539
DZ,"Id",1538
DZ,"سالم",1536
DZ,"Boukhari",1534
DZ,"حنان",1534
DZ,"Mimicha",1534
DZ,"رابح",1533
DZ,"Fou",1532
DZ,"Keita",1532
DZ,"جنتي",1530
DZ,"Kika",1525
DZ,"Belkacemi",1525
DZ,"Charef",1523
DZ,"Saci",1522
DZ,"Bah",1521
DZ,"Dima",1520
DZ,"Berkane",1519
DZ,"Wail",1516
DZ,"سامي",1513
DZ,"Didin",1513
DZ,"Mirou",1512
DZ,"Al",1510
DZ,"Rahman",1509
DZ,"Abdelhak",1501
DZ,"Coulibaly",1496
DZ,"Ange",1494
DZ,"Makhloufi",1493
DZ,"Bourahla",1493
DZ,"Sirin",1490
DZ,"Jamal",1489
DZ,"Redouane",1488
DZ,"Sabrina",1488
DZ,"Hanan",1487
DZ,"Aicha",1484
DZ,"Anouch",1482
DZ,"Abderrahmane",1482
DZ,"Krim",1481
DZ,"Qlf",1479
DZ,"Led",1476
DZ,"Maamar",1476
DZ,"Diarra",1475
DZ,"Djebbar",1473
DZ,"Bilel",1472
DZ,"Naili",1470
DZ,"Zed",1469
DZ,"Dilmi",1468
DZ,"Li",1467
DZ,"Benamar",1466
DZ,"Hammadi",1466
DZ,"Bicha",1463
DZ,"Belaidi",1463
DZ,"جواد",1460
DZ,"Manar",1460
DZ,"Miringi",1457
DZ,"Filali",1454
DZ,"Bouazza",1454
DZ,"انس",1454
DZ,"المريول",1450
DZ,"Toto",1450
DZ,"Dina",1448
DZ,"Zoubir",1448
DZ,"Mimita",1447
DZ,"Meryoul",1444
DZ,"Rabia",1444
DZ,"Youssef",1443
DZ,"وحداني",1442
DZ,"Yasmin",1440
DZ,"As",1439
DZ,"Gherbi",1438
DZ,"Privé",1438
DZ,"Mazouzi",1437
DZ,"قرة عيني",1437
DZ,"Mihoubi",1434
DZ,"Kiko",1432
DZ,"Sofian",1432
DZ,"Saleh",1432
DZ,"Haroun",1430
DZ,"Sadi",1429
DZ,"Boumaza",1428
DZ,"Salma",1426
DZ,"Ber",1416
DZ,"Chaima",1414
DZ,"رياض",1414
DZ,"Barsa",1412
DZ,"Mia",1412
DZ,"Samia",1409
DZ,"Zara",1408
DZ,"Aissani",1408
DZ,"Ker",1408
DZ,"Abdelaziz",1408
DZ,"Wahab",1406
DZ,"الحاج",1400
DZ,"Tadj",1398
DZ,"فيصل",1396
DZ,"Miro",1395
DZ,"Taher",1395
DZ,"Amri",1395
DZ,"Mohammedi",1395
DZ,"Milan",1395
DZ,"Nouar",1395
DZ,"Hamani",1393
DZ,"Micha",1393
DZ,"Sifou",1391
DZ,"Ayadi",1386
DZ,"ياسر",1385
DZ,"Kataloni",1385
DZ,"Hami",1384
DZ,"Lala",1382
DZ,"Belkhir",1382
DZ,"Don",1381
DZ,"ناصر",1380
DZ,"يحي",1379
DZ,"Amrouche",1379
DZ,"Bm",1378
DZ,"Mess",1376
DZ,"Mazari",1373
DZ,"Amona",1371
DZ,"الاسمر",1371
DZ,"Belkadi",1369
DZ,"الانيق",1368
DZ,"Nes",1365
DZ,"Bylka",1363
DZ,"Hamzaoui",1363
DZ,"Otmani",1361
DZ,"Lakehal",1360
DZ,"Papaha",1360
DZ,"محمود",1359
DZ,"Laribi",1358
DZ,"اسامة",1356
DZ,"Houcine",1352
DZ,"Manal",1350
DZ,"هيثم",1350
DZ,"Meftah",1347
DZ,"فاتح",1347
DZ,"Dziri",1346
DZ,"Dadou",1345
DZ,"Hanona",1345
DZ,"Yacin",1344
DZ,"Faycal",1343
DZ,"مهبولة",1342
DZ,"Bensaid",1340
DZ,"Mir",1340
DZ,"Merah",1339
DZ,"Samsouma",1338
DZ,"Maouche",1338
DZ,"Mariya",1336
DZ,"Sari",1336
DZ,"Hanin",1334
DZ,"Papillon",1334
DZ,"Mhamed",1332
DZ,"حياة",1329
DZ,"Marwan",1328
DZ,"Imen",1328
DZ,"رشيد",1326
DZ,"Espoir",1325
DZ,"Kouba",1324
DZ,"Boudiaf",1324
DZ,"Milanou",1322
DZ,"يعقوب",1319
DZ,"Sofi",1318
DZ,"Max",1317
DZ,"Ammari",1316
DZ,"Senouci",1313
DZ,"Derradji",1313
DZ,"Latreche",1312
DZ,"Sh",1311
DZ,"Chlef",1308
DZ,"Lartiste",1305
DZ,"صحراوي",1305
DZ,"اياد",1305
DZ,"Tahri",1305
DZ,"Mã",1303
DZ,"سلام",1303
DZ,"Wiwi",1303
DZ,"Yanis",1300
DZ,"Tou",1300
DZ,"الياسمين",1299
DZ,"Sim",1299
DZ,"مرام",1299
DZ,"Bara",1298
DZ,"Amr",1298
DZ,"الزمان",1298
DZ,"Milina",1298
DZ,"Roi",1298
DZ,"مروان",1295
DZ,"Ko",1295
DZ,"Massi",1294
DZ,"Bouchareb",1293
DZ,"مسعودي",1293
DZ,"Morsli",1292
DZ,"Fadi",1291
DZ,"Berkani",1291
DZ,"Touil",1286
DZ,"Silva",1284
DZ,"Saada",1284
DZ,"سليمان",1282
DZ,"عامر",1282
DZ,"Roza",1281
DZ,"Smile",1279
DZ,"البيضاء",1278
DZ,"ايمان",1278
DZ,"Djalil",1278
DZ,"Ah",1277
DZ,"Hamdani",1275
DZ,"Doudi",1275
DZ,"Rais",1274
DZ,"So",1274
DZ,"Rad",1274
DZ,"Samy",1273
DZ,"Kadiro",1273
DZ,"Mohamd",1272
DZ,"Ahlem",1272
DZ,"Ines",1272
DZ,"تام",1272
DZ,"Rine",1271
DZ,"La Vie",1271
DZ,"Boubou",1268
DZ,"Monir",1267
DZ,"Barika",1267
DZ,"Asil",1266
DZ,"Bens",1265
DZ,"تسنيم",1265
DZ,"Fellah",1265
DZ,"Niyak",1264
DZ,"Lakhal",1264
DZ,"Mano",1261
DZ,"Hammoudi",1260
DZ,"Is",1259
DZ,"Kacem",1258
DZ,"Riyad",1257
DZ,"La Coste",1256
DZ,"Halimi",1256
DZ,"وسيم",1250
DZ,"Souad",1250
DZ,"Chikhi",1248
DZ,"Alilo",1245
DZ,"Allal",1243
DZ,"Dia",1242
DZ,"Si",1241
DZ,"Prince",1240
DZ,"Barkat",1239
DZ,"Em",1237
DZ,"ريتاج",1237
DZ,"الشاوي",1237
DZ,"Badro",1236
DZ,"Tipo",1235
DZ,"Sadek",1235
DZ,"Azouz",1234
DZ,"Sama",1234
DZ,"ريان",1233
DZ,"Boudraa",1233
DZ,"Hadjadj",1232
DZ,"Dahou",1231
DZ,"Bouguerra",1229
DZ,"عباس",1229
DZ,"Khalifa",1228
DZ,"Bl",1228
DZ,"Mili",1228
DZ,"Ikhlef",1227
DZ,"Loucif",1226
DZ,"Khodja",1226
DZ,"Hadjer",1226
DZ,"Mokrane",1226
DZ,"بلقاسم",1223
DZ,"Zargo",1220
DZ,"Tina",1219
DZ,"Mc",1217
DZ,"Ziad",1215
DZ,"Laclas",1213
DZ,"Chanel",1213
DZ,"Doudou",1212
DZ,"Alilou",1212
DZ,"Fatiha",1211
DZ,"Hamel",1211
DZ,"Kari",1211
DZ,"Ammour",1206
DZ,"حكيم",1205
DZ,"Malika",1204
DZ,"Fik",1204
DZ,"Cheikh",1203
DZ,"نبيل",1202
DZ,"Kaya",1201
DZ,"Akli",1200
DZ,"Mahfoud",1200
DZ,"Sliman",1200
DZ,"Achouri",1199
DZ,"Mesbah",1199
DZ,"Djelloul",1198
DZ,"Jawad",1197
DZ,"Boussaid",1194
DZ,"Ima",1193
DZ,"Touta",1192
DZ,"Mez",1191
DZ,"Manou",1190
DZ,"عيسى",1189
DZ,"Babay",1189
DZ,"Sifo",1187
DZ,"انوشة",1186
DZ,"Lo",1186
DZ,"Kasmi",1185
DZ,"Collo",1183
DZ,"فريد",1178
DZ,"Han",1177
DZ,"حميد",1176
DZ,"Meddah",1176
DZ,"Ramdane",1174
DZ,"Benahmed",1174
DZ,"Bonoise",1173
DZ,"Imene",1171
DZ,"Anwar",1170
DZ,"Sisa",1170
DZ,"Brunette",1169
DZ,"Pablo",1168
DZ,"Mahboulista",1167
DZ,"Bahloul",1167
DZ,"Mouloudia",1167
DZ,"Nini",1166
DZ,"Lakhdari",1166
DZ,"Line",1164
DZ,"Noussa",1160
DZ,"Kahla",1158
DZ,"Allali",1155
DZ,"Bilo",1153
DZ,"Badis",1152
DZ,"فرح",1152
DZ,"Boumediene",1151
DZ,"الورود",1151
DZ,"Soliter",1150
DZ,"Kimou",1149
DZ,"عزيز",1148
DZ,"Smith",1147
DZ,"Ti",1147
DZ,"جلال",1146
DZ,"Daniel",1143
DZ,"Sellami",1141
DZ,"Fi",1140
DZ,"Arezki",1140
DZ,"Che",1139
DZ,"شريف",1138
DZ,"Zawali",1138
DZ,"Ranim",1137
DZ,"Noire",1137
DZ,"Haddadi",1135
DZ,"Juventus",1135
DZ,"Mb",1134
DZ,"Nadjib",1133
DZ,"Fafa",1133
DZ,"Mimouni",1133
DZ,"هواري",1131
DZ,"Khadidja",1131
DZ,"Bela",1131
DZ,"Moumen",1131
DZ,"Souf",1128
DZ,"Hamlaoui",1128
DZ,"توفيق",1127
DZ,"Bila",1127
DZ,"Issa",1125
DZ,"Azzi",1125
DZ,"Chi",1121
DZ,"Rm",1121
DZ,"بشير",1121
DZ,"Brune",1121
DZ,"Hako",1120
DZ,"Mammeri",1116
DZ,"Sidahmed",1115
DZ,"Barchalona",1115
DZ,"Seghir",1113
DZ,"Henni",1113
DZ,"عبدالقادر",1111
DZ,"مسعود",1110
DZ,"Bil",1109
DZ,"Chakib",1109
DZ,"Hamida",1109
DZ,"Bouafia",1108
DZ,"Mar",1107
DZ,"Sd",1105
DZ,"المهبول",1105
DZ,"جوري",1104
DZ,"Khelil",1102
DZ,"Korichi",1102
DZ,"Rabie",1101
DZ,"Hk",1100
DZ,"Bouchama",1099
DZ,"النرجس",1099
DZ,"امي",1097
DZ,"Zi",1096
DZ,"Arbi",1095
DZ,"Billal",1095
DZ,"Yakoub",1094
DZ,"Dado",1091
DZ,"Zizi",1091
DZ,"حسان",1089
DZ,"Tasnim",1089
DZ,"Slim",1089
DZ,"Guendouz",1087
DZ,"فتحي",1087
DZ,"Hossam",1087
DZ,"Ri",1087
DZ,"الفردوس",1087
DZ,"انيس",1085
DZ,"الاحلام",1085
DZ,"Bouchra",1083
DZ,"Safa",1083
DZ,"الصغير",1083
DZ,"منال",1082
DZ,"Charif",1082
DZ,"سارة",1081
DZ,"Ro",1080
DZ,"سليماني",1078
DZ,"Ben Ali",1077
DZ,"Abdel",1077
DZ,"Ayache",1075
DZ,"Jamel",1074
DZ,"Sidibe",1072
DZ,"Merad",1070
DZ,"Abdellaoui",1069
DZ,"إسلام",1069
DZ,"Lim",1068
DZ,"امال",1068
DZ,"Mahbolista",1068
DZ,"موسى",1066
DZ,"Chibane",1066
DZ,"Bouabdallah",1066
DZ,"الياس",1065
DZ,"Amor",1064
DZ,"Abdelmalek",1064
DZ,"Sahnoun",1064
DZ,"Badri",1062
DZ,"Skikdi",1061
DZ,"Tabet",1060
DZ,"Benyoucef",1059
DZ,"نورالدين",1059
DZ,"لخضر",1059
DZ,"Ria",1058
DZ,"Red",1058
DZ,"Ane",1055
DZ,"Ouadah",1055
DZ,"Paris",1054
DZ,"Nazim",1054
DZ,"Rimas",1054
DZ,"Best",1053
DZ,"Nori",1052
DZ,"اسماعيل",1052
DZ,"El Houda",1051
DZ,"Djalal",1051
DZ,"Azzedine",1050
DZ,"Hanine",1049
DZ,"بسمة",1048
DZ,"باتنة",1047
DZ,"Attia",1047
DZ,"Seddik",1046
DZ,"Lamia",1045
DZ,"Cine",1043
DZ,"Moumou",1043
DZ,"Meryoula",1043
DZ,"الشمس",1041
DZ,"Patchika",1040
DZ,"عمري",1039
DZ,"Bouk",1038
DZ,"Amraoui",1037
DZ,"Samra",1037
DZ,"Hamdaoui",1035
DZ,"Younsi",1035
DZ,"Derbal",1033
DZ,"منير",1031
DZ,"Samou",1030
DZ,"Benaouda",1030
DZ,"جيجل",1028
DZ,"عصام",1027
DZ,"Dh",1025
DZ,"Taki",1025
DZ,"Dja",1025
DZ,"Gti",1024
DZ,"الخير",1024
DZ,"Chinwiya",1024
DZ,"Lak",1024
DZ,"Sima",1023
DZ,"Mimati",1022
DZ,"Hana",1022
DZ,"Allam",1022
DZ,"Wa",1022
DZ,"Menad",1022
DZ,"Lounes",1022
DZ,"اكرم",1021
DZ,"براهيم",1020
DZ,"Boudjemaa",1017
DZ,"Belhadi",1017
DZ,"Dahman",1016
DZ,"العمر",1014
DZ,"مريولة",1013
DZ,"Atmani",1012
DZ,"Jana",1012
DZ,"Laouar",1012
DZ,"Nait",1012
DZ,"Arabi",1012
DZ,"Usmiste",1012
DZ,"لؤي",1012
DZ,"Dridi",1011
DZ,"Abdelkrim",1009
DZ,"Noui",1009
DZ,"Tahraoui",1009
DZ,"Tiaret",1007
DZ,"رضا",1004
DZ,"Zidan",1004
DZ,"سعدي",1002
DZ,"La Blond",999
DZ,"ʚĩɞ",999
DZ,"Sad",999
DZ,"Msila",996
DZ,"Rachedi",994
DZ,"Belle",993
DZ,"Chiraz",993
DZ,"عيني",993
DZ,"Gr",993
DZ,"رضوان",993
DZ,"Lia",993
DZ,"Bi",987
DZ,"Ghanem",986
DZ,"Saib",985
DZ,"الصباح",985
DZ,"Mostapha",985
DZ,"Jalil",984
DZ,"Lal",984
DZ,"Ayachi",983
DZ,"Rahil",982
DZ,"Bensalah",982
DZ,"Merzoug",981
DZ,"الندى",981
DZ,"Merzouk",980
DZ,"Aso",979
DZ,"ندى",978
DZ,"Chitana",977
DZ,"Bounab",976
DZ,"بسكرة",976
DZ,"اسيل",975
DZ,"Wasim",975
DZ,"Ronaldo",975
DZ,"Dje",973
DZ,"Kebir",971
DZ,"Saif",970
DZ,"Messi",970
DZ,"Hacene",968
DZ,"سعيدي",967
DZ,"صهيب",967
DZ,"Ziko",967
DZ,"Idris",967
DZ,"Kou",966
DZ,"Marouf",965
DZ,"An",965
DZ,"Hadad",965
DZ,"حبيبها",963
DZ,"Nihal",963
DZ,"Bachiri",963
DZ,"Hamidou",963
DZ,"Billel",963
DZ,"Amola",963
DZ,"Lazhar",962
DZ,"Mouad",962
DZ,"Sadaoui",960
DZ,"Israa",960
DZ,"Ossama",958
DZ,"Larabi",956
DZ,"Lah",955
DZ,"Merzougui",955
DZ,"Habibo",955
DZ,"Azzoug",954
DZ,"وردة",953
DZ,"Mona",952
DZ,"الماضي",951
DZ,"Anouche",950
DZ,"Aid",950
DZ,"Loula",950
DZ,"Nesrine",949
DZ,"الزهراء",949
DZ,"Djawad",949
DZ,"Mizou",947
DZ,"Hassen",947
DZ,"Azer",946
DZ,"Haddouche",946
DZ,"Touhami",945
DZ,"Maystro",945
DZ,"Salima",944
DZ,"Kebaili",944
DZ,"Rouji",944
DZ,"Boudjema",943
DZ,"Bakhti",942
DZ,"صلاح",942
DZ,"Rahaf",942
DZ,"Ouchene",939
DZ,"Laidi",939
DZ,"آدم",938
DZ,"Meddour",937
DZ,"Babia",937
DZ,"Lem",937
DZ,"Aggoun",936
DZ,"لمين",936
DZ,"Benmoussa",936
DZ,"Malouka",935
DZ,"الضائع",935
DZ,"صغير",933
DZ,"محمدي",932
DZ,"Oranais",931
DZ,"Soumia",930
DZ,"غربي",929
DZ,"Zahi",929
DZ,"Archi",929
DZ,"Stayfi",928
DZ,"Toutou",928
DZ,"Torki",925
DZ,"بن علي",925
DZ,"Sebaa",924
DZ,"Tima",924
DZ,"Rs",924
DZ,"Zozo",924
DZ,"Soufiane",924
DZ,"نفسي",923
DZ,"Solitair",923
DZ,"Chibani",923
DZ,"Tmax",922
DZ,"Il",922
DZ,"شيماء",922
DZ,"رتاج",921
DZ,"مريومة",921
DZ,"Sayad",918
DZ,"صابر",918
DZ,"Alili",918
DZ,"Samar",917
DZ,"Asouma",916
DZ,"Sassi",916
DZ,"Belkhiri",915
DZ,"Farhi",915
DZ,"Chalabi",914
DZ,"Tahir",911
DZ,"Mignon",911
DZ,"Perdu",910
DZ,"منصوري",910
DZ,"Chihab",910
DZ,"Oum",910
DZ,"Naima",910
DZ,"Djillali",910
DZ,"Mat",909
DZ,"Acab",909
DZ,"Mimoun",909
DZ,"Coco",908
DZ,"Boubekeur",908
DZ,"Abbou",907
DZ,"Ssem",907
DZ,"Kamikas",907
DZ,"Mï",907
DZ,"Es",907
DZ,"Kadour",905
DZ,"Firas",905
DZ,"Zenati",905
DZ,"Benameur",905
DZ,"Soudani",905
DZ,"Lamis",904
DZ,"Hamido",902
DZ,"Abdenour",901
DZ,"Mayar",901
DZ,"En",900
DZ,"Ladorable",900
DZ,"Aissat",900
DZ,"Cho",899
DZ,"Siyaha",898
DZ,"Bell",898
DZ,"Chaouche",897
DZ,"طارق",897
DZ,"Kr",896
DZ,"Ozil",895
DZ,"Alla",895
DZ,"Messai",894
DZ,"De",894
DZ,"Saifi",894
DZ,"Mecheri",893
DZ,"Soussou",891
DZ,"Ia",891
DZ,"ميدو",891
DZ,"حاجي",891
DZ,"Amigo",890
DZ,"Riham",889
DZ,"Rasd",888
DZ,"Chrif",888
DZ,"Mabrouk",888
DZ,"Ed",887
DZ,"Ramos",887
DZ,"لجين",886
DZ,"Djaber",886
DZ,"Hmida",886
DZ,"رحماني",885
DZ,"Khalfi",885
DZ,"Majid",885
DZ,"Rã",884
DZ,"Didine",884
DZ,"Chadli",884
DZ,"Alem",883
DZ,"Elhadj",882
DZ,"Cheriet",882
DZ,"براهيمي",882
DZ,"الرمال",882
DZ,"Rezig",881
DZ,"Wahdani",881
DZ,"Sahnoune",881
DZ,"France",881
DZ,"Mza",880
DZ,"Hasan",880
DZ,"Amiri",880
DZ,"My",880
DZ,"Fofa",880
DZ,"Faysal",879
DZ,"Eddin",878
DZ,"Rezki",878
DZ,"حبيب",877
DZ,"Jouri",876
DZ,"Khalwi",876
DZ,"Hamrawi",874
DZ,"الجميلة",874
DZ,"Zo",873
DZ,"Anfal",873
DZ,"Pharm",873
DZ,"Ridha",872
DZ,"Boutaleb",872
DZ,"Sohaib",872
DZ,"العاقلة",872
DZ,"يحياوي",871
DZ,"فؤاد",871
DZ,"Blonda",870
DZ,"Arwa",869
DZ,"Hasnaoui",869
DZ,"Chaker",869
DZ,"Lyly",867
DZ,"رمزي",866
DZ,"Aboud",866
DZ,"Catalonia",866
DZ,"Kacimi",865
DZ,"Halouma",863
DZ,"Min",863
DZ,"Fatmi",862
DZ,"Baghdadi",862
DZ,"Yasine",861
DZ,"Maissa",861
DZ,"Smaili",860
DZ,"تواتي",860
DZ,"Assia",859
DZ,"Boos",859
DZ,"Aminou",858
DZ,"Naser",858
DZ,"Boucetta",858
DZ,"Marina",857
DZ,"Talyani",854
DZ,"Wafa",854
DZ,"Algeria",853
DZ,"Sisou",853
DZ,"Fidal",851
DZ,"Zaid",851
DZ,"Bouhafs",851
DZ,"معتز",851
DZ,"Bennacer",851
DZ,"زماني",850
DZ,"موح",850
DZ,"Djouadi",849
DZ,"عثمان",848
DZ,"Zeroual",848
DZ,"انتيك",847
DZ,"Lla",846
DZ,"Ban",846
DZ,"Mehamed",845
DZ,"Rihab",845
DZ,"Rou",845
DZ,"Hdi",844
DZ,"Farhat",844
DZ,"Ritadj",844
DZ,"Mah",844
DZ,"Nora",844
DZ,"Ser",843
DZ,"المشاكس",843
DZ,"سيرين",843
DZ,"Serine",841
DZ,"Lakamoura",841
DZ,"Aribi",841
DZ,"Sølø",840
DZ,"Sissa",840
DZ,"Orani",839
DZ,"Djellouli",839
DZ,"Abdelghani",839
DZ,"Attou",838
DZ,"الامين",838
DZ,"الجوري",838
DZ,"روحي",837
DZ,"Nabila",837
DZ,"Merci",837
DZ,"Ghoul",835
DZ,"Okba",834
DZ,"Guessoum",834
DZ,"Djo",833
DZ,"Bekkouche",833
DZ,"Meslem",833
DZ,"Hamri",832
DZ,"Amirouche",832
DZ,"قاسم",831
DZ,"Kha",831
DZ,"Had",830
DZ,"Kaddouri",829
DZ,"Sasi",829
DZ,"Boub",829
DZ,"Ok",829
DZ,"مالك",828
DZ,"Badaoui",827
DZ,"السعادة",827
DZ,"Redha",826
DZ,"Hamadouche",826
DZ,"منصور",825
DZ,"Tabti",825
DZ,"Naymar",825
DZ,"Ghali",825
DZ,"دعاء",824
DZ,"بومدين",824
DZ,"Ala",823
DZ,"Ramy",823
DZ,"Batoul",823
DZ,"Tata",823
DZ,"Sebti",822
DZ,"Bonjour",822
DZ,"Allaoua",822
DZ,"Jsms",821
DZ,"المتواضع",821
DZ,"ادرار",820
DZ,"Bali",819
DZ,"لولو",819
DZ,"Houhou",818
DZ,"El Eulma",818
DZ,"انا",818
DZ,"Mane",818
DZ,"Bouira",817
DZ,"Zola",817
DZ,"الأنيق",817
DZ,"Bechar",816
DZ,"مختار",816
DZ,"Bio",816
DZ,"Nedjar",816
DZ,"Kïng",814
DZ,"سلسبيل",814
DZ,"Silina",813
DZ,"Kouider",813
DZ,"Costa",812
DZ,"Harrachi",812
DZ,"Sahrawi",812
DZ,"Benmansour",810
DZ,"Lahcen",810
DZ,"Hane",809
DZ,"Can",809
DZ,"Dris",808
DZ,"Missoum",808
DZ,"Mø",807
DZ,"Kadir",806
DZ,"Nasim",806
DZ,"عزوز",805
DZ,"Hafsi",805
DZ,"De Vie",805
DZ,"Zineb",805
DZ,"صالحي",804
DZ,"Abidi",803
DZ,"Djamila",803
DZ,"Mëd",803
DZ,"La Brunette",803
DZ,"Abdelhamid",803
DZ,"Wolf",802
DZ,"Hamoud",802
DZ,"Kabil",802
DZ,"Khatir",802
DZ,"Cher",801
DZ,"شاوي",801
DZ,"Eden Park",801
DZ,"عماري",801
DZ,"Ir",801
DZ,"Grine",800
DZ,"Pretty",800
DZ,"Kam",799
DZ,"دودو",798
DZ,"Mostefaoui",798
DZ,"Mouhamad",798
DZ,"Basma",798
DZ,"وحيد",798
DZ,"Kouidri",797
DZ,"Doc",797
DZ,"Djemai",797
DZ,"Sif",797
DZ,"Belgacem",796
DZ,"Farida",796
DZ,"Hellal",796
DZ,"الطيب",795
DZ,"De Mer",795
DZ,"Amora",794
DZ,"ربيع",794
DZ,"Mamo",792
DZ,"Nel",791
DZ,"Hou",791
DZ,"Sb",790
DZ,"Mehenni",789
DZ,"Allouche",789
DZ,"Djou",789
DZ,"Traoré",788
DZ,"Ghazi",788
DZ,"قاسمي",788
DZ,"Bouda",788
DZ,"Baghdad",787
DZ,"القدر",787
DZ,"Radwan",786
DZ,"Lahmar",786
DZ,"Hi",786
DZ,"Benslimane",786
DZ,"Bilou",785
DZ,"Hobi",785
DZ,"Nihad",785
DZ,"Meliani",785
DZ,"Hammou",785
DZ,"البتول",785
DZ,"Benchikh",784
DZ,"Në",784
DZ,"Lyna",783
DZ,"Sirina",783
DZ,"Coiffeur",783
DZ,"Oub",782
DZ,"Hala",782
DZ,"Se",782
DZ,"Maghnawi",781
DZ,"Zahaf",781
DZ,"Omari",781
DZ,"سالمي",781
DZ,"Fofana",781
DZ,"Laclass",781
DZ,"عنابة",780
DZ,"نسرين",779
DZ,"Djellal",779
DZ,"Chawki",779
DZ,"Guerfi",779
DZ,"Koka",779
DZ,"امينة",779
DZ,"Haddou",778
DZ,"Faycel",778
DZ,"Azize",778
DZ,"Diab",778
DZ,"Bek",778
DZ,"Hamouche",777
DZ,"Salsabil",777
DZ,"Mana",776
DZ,"Sk",776
DZ,"Kan",776
DZ,"Nasser",775
DZ,"Alamdar",775
DZ,"Miri",775
DZ,"Mak",775
DZ,"بوبكر",775
DZ,"Khelif",773
DZ,"Rajli",773
DZ,"Maderid",773
DZ,"فاروق",772
DZ,"Imed",772
DZ,"Mary",772
DZ,"Lã",771
DZ,"Saker",771
DZ,"حمودي",770
DZ,"Sellam",770
DZ,"Sid Ahmed",770
DZ,"Naimi",769
DZ,"Belbachir",768
DZ,"Yılmaz",767
DZ,"Lamari",767
DZ,"لكحل",767
DZ,"Kouadri",767
DZ,"قدور",766
DZ,"Brik",766
DZ,"Mus",765
DZ,"Wissam",765
DZ,"Boudali",765
DZ,"Billa",765
DZ,"Belabbes",765
DZ,"Douda",765
DZ,"Er",764
DZ,"Sahra",764
DZ,"Nawel",764
DZ,"Yahyaoui",763
DZ,"Iem",763
DZ,"Chinoui",763
DZ,"Bouba",762
DZ,"Merouane",762
DZ,"Habiba",762
DZ,"Saouli",761
DZ,"Noura",760
DZ,"Rym",759
DZ,"Naim",758
DZ,"Douaa",758
DZ,"المجنونة",757
DZ,"Abbad",757
DZ,"حنونة",757
DZ,"Rouabah",756
DZ,"Rh",756
DZ,"Rajalha",756
DZ,"Iyed",755
DZ,"Dounia",755
DZ,"Righi",755
DZ,"الشيخ",754
DZ,"Marin",753
DZ,"Toop",753
DZ,"Sabi",753
DZ,"Souici",753
DZ,"مايا",753
DZ,"السوفي",753
DZ,"Re",752
DZ,"Paradis",750
DZ,"ميلود",749
DZ,"Mhd",749
DZ,"Elhadi",749
DZ,"خليفة",748
DZ,"Bakir",748
DZ,"Maghnia",748
DZ,"Katy",747
DZ,"Abir",746
DZ,"العيد",744
DZ,"Sihem",743
DZ,"Sina",743
DZ,"Nä",743
DZ,"شمس",743
DZ,"أيوب",741
DZ,"Chalal",740
DZ,"Jalal",740
DZ,"قصي",740
DZ,"نوري",740
DZ,"وائل",740
DZ,"حمادي",739
DZ,"Zak",739
DZ,"بن",739
DZ,"Demir",738
DZ,"Malaga",738
DZ,"Zer",737
DZ,"Selmi",737
DZ,"Zad",737
DZ,"Mohmed",737
DZ,"بوعلام",736
DZ,"Nouari",736
DZ,"Bellal",736
DZ,"Neymar",735
DZ,"Mes",735
DZ,"Kaid",735
DZ,"Zekri",735
DZ,"Hammouche",735
DZ,"Rahmoun",734
DZ,"Fatma",733
DZ,"علاء",733
DZ,"Haji",732
DZ,"Bfk",732
DZ,"Fadel",731
DZ,"Berber",731
DZ,"Meryouma",731
DZ,"Barka",731
DZ,"Dembele",730
DZ,"غايتي",730
DZ,"مولاي",730
DZ,"Toubal",728
DZ,"Pop",726
DZ,"اية",726
DZ,"Riadh",726
DZ,"Hayet",726
DZ,"Ho",726
DZ,"Mouha",725
DZ,"Rabahi",725
DZ,"شوشو",724
DZ,"Lilou",723
DZ,"Mechri",723
DZ,"Nawal",723
DZ,"Soltane",722
DZ,"Medjahed",722
DZ,"Dodi",721
DZ,"Djaballah",721
DZ,"Zargou",720
DZ,"Sem",719
DZ,"Hadri",719
DZ,"Hak",719
DZ,"بوزيد",719
DZ,"Barry",719
DZ,"Azou",719
DZ,"Badji",719
DZ,"معاذ",719
DZ,"Dzz",718
DZ,"Chicha",718
DZ,"Souso",718
DZ,"Sai",718
DZ,"Soltan",718
DZ,"Inas",717
DZ,"محبوب",717
DZ,"Taxi",717
DZ,"Foudil",717
DZ,"Habibha",717
DZ,"Ibra",716
DZ,"خالدي",716
DZ,"Artiste",715
DZ,"Mihoub",715
DZ,"Asmar",715
DZ,"Maloka",715
DZ,"Tlemceni",715
DZ,"Rahmane",714
DZ,"Staifi",714
DZ,"Sila",714
DZ,"Mä",714
DZ,"Elhouda",713
DZ,"هبة",712
DZ,"Tix",712
DZ,"Selma",712
DZ,"دحماني",712
DZ,"Boud",711
DZ,"الدنيا",711
DZ,"Manaa",711
DZ,"Lmaryol",711
DZ,"Bay",711
DZ,"Chaouch",711
DZ,"Güzel",710
DZ,"Benyamina",710
DZ,"Ilina",710
DZ,"Gïrl",709
DZ,"إياد",709
DZ,"Boubaker",709
DZ,"Filante",709
DZ,"هديل",708
DZ,"Labrune",708
DZ,"حداد",708
DZ,"Hamadache",707
DZ,"Krimou",707
DZ,"Imi",706
DZ,"Khellaf",706
DZ,"Boudj",706
DZ,"مقلشة",705
DZ,"Maamri",703
DZ,"Drissi",702
DZ,"Rahmoune",702
DZ,"Chanwi",702
DZ,"Chami",702
DZ,"Daho",702
DZ,"Hamitouche",702
DZ,"خديجة",701
DZ,"Tarik",701
DZ,"Abada",701
DZ,"Sport",701
DZ,"الجزائرية",700
DZ,"Cham",699
DZ,"Mameri",699
DZ,"Halima",699
DZ,"Rahali",698
DZ,"نرجس",698
DZ,"Merabti",698
DZ,"Soma",698
DZ,"القصر",697
DZ,"Mellah",697
DZ,"Fer",697
DZ,"Usmb",696
DZ,"Mkalach",696
DZ,"Zid",696
DZ,"رامي",696
DZ,"Solitaire",695
DZ,"Lamara",695
DZ,"Raid",694
DZ,"غفران",694
DZ,"Da Silva",694
DZ,"Chouaib",694
DZ,"كوكو",693
DZ,"Park",693
DZ,"Abassi",692
DZ,"Talhi",691
DZ,"Jilali",691
DZ,"عابد",691
DZ,"حسن",691
DZ,"Ddine",691
DZ,"Ghalem",691
DZ,"نسيم",691
DZ,"Pipou",691
DZ,"Sin",690
DZ,"انوش",690
DZ,"أنس",690
DZ,"Boudaoud",689
DZ,"Bellil",689
DZ,"Mebarek",689
DZ,"Hamo",689
DZ,"Hoda",689
DZ,"Maryam",688
DZ,"رهف",688
DZ,"Mhbola",688
DZ,"اولادي",687
DZ,"Yas",687
DZ,"طاهر",686
DZ,"Hamiche",686
DZ,"Saadaoui",686
DZ,"Blk",686
DZ,"Bello",686
DZ,"الزمن",685
DZ,"Chenwi",685
DZ,"Kristal",685
DZ,"Maryouma",684
DZ,"Kais",684
DZ,"Alge",684
DZ,"عبد الرحمن",684
DZ,"Khadraoui",684
DZ,"Khedim",683
DZ,"Kone",683
DZ,"Mezhoud",683
DZ,"Siso",682
DZ,"الجنان",682
DZ,"Ssam",682
DZ,"Sadouki",682
DZ,"La Martina",681
DZ,"Dady",681
DZ,"محرز",681
DZ,"Baaziz",681
DZ,"Dir",681
DZ,"عبد الرحيم",680
DZ,"Souhila",680
DZ,"Gsm",680
DZ,"Bena",680
DZ,"Hadef",679
DZ,"Saoud",679
DZ,"Khadija",679
DZ,"Ze",678
DZ,"أمي",678
DZ,"Karime",678
DZ,"Lara",678
DZ,"اماني",677
DZ,"Kenza",677
DZ,"هاني",677
DZ,"زين",677
DZ,"Ilham",677
DZ,"Diakite",677
DZ,"Amg",676
DZ,"Bibich",676
DZ,"Abbassi",676
DZ,"سطايفي",676
DZ,"Hamadou",676
DZ,"Ly",676
DZ,"Flora",675
DZ,"Bendaoud",675
DZ,"Baha",674
DZ,"دحمان",674
IQ,"العراقي",336189
IQ,"علي",261312
IQ,"محمد",189372
IQ,"Ali",164576
IQ,"الجبوري",156672
IQ,"الشمري",155916
IQ,"البصراوي",147588
IQ,"احمد",117188
IQ,"الحنين",98180
IQ,"العبيدي",91648
IQ,"حسين",88331
IQ,"الموسوي",87470
IQ,"التميمي",87389
IQ,"الطائي",75699
IQ,"الساعدي",71805
IQ,"الخفاجي",69379
IQ,"الملكي",68424
IQ,"الدليمي",66415
IQ,"الربيعي",59900
IQ,"حسن",52418
IQ,"Ahmed",52155
IQ,"الكعبي",51670
IQ,"الاسدي",46348
IQ,"الكربلائي",43947
IQ,"العزاوي",43331
IQ,"عباس",43278
IQ,"Ahmad",42722
IQ,"البحر",42008
IQ,"العامري",39630
IQ,"المالكي",39308
IQ,"العبودي",37737
IQ,"الملك",37328
IQ,"الدراجي",35933
IQ,"الكناني",35767
IQ,"الجنابي",34844
IQ,"المياحي",34733
IQ,"الاحزان",34100
IQ,"الحسيني",33512
IQ,"العبادي",33431
IQ,"حيدر",31538
IQ,"رجل",31010
IQ,"المحمداوي",30500
IQ,"البياتي",30452
IQ,"القيسي",30404
IQ,"Mohammed",29619
IQ,"الزهراء",29221
IQ,"البيضاء",28870
IQ,"الحمداني",28654
IQ,"حمودي",27722
IQ,"اللامي",27058
IQ,"القريشي",26887
IQ,"الحسناوي",26788
IQ,"العيساوي",26609
IQ,"الفتلاوي",26551
IQ,"السعيدي",25958
IQ,"النرجس",25571
IQ,"جاسم",25112
IQ,"العكيلي",24722
IQ,"النعيمي",24700
IQ,"كريم",24244
IQ,"الحسين",24148
IQ,"البنفسج",23981
IQ,"الخزعلي",23792
IQ,"كاظم",23602
IQ,"الورد",23501
IQ,"السامرائي",23499
IQ,"الركابي",23398
IQ,"الياسمين",23118
IQ,"مصطفى",22925
IQ,"السعدي",22833
IQ,"الزيدي",22676
IQ,"الخالدي",22501
IQ,"Hassan",22174
IQ,"عبدالله",21925
IQ,"البديري",21024
IQ,"يوسف",20966
IQ,"الطيب",20927
IQ,"البهادلي",20778
IQ,"السيد",20142
IQ,"الربيع",19948
IQ,"المعموري",19505
IQ,"الجميلي",19459
IQ,"حزن",18938
IQ,"الحياة",18924
IQ,"السلطاني",18890
IQ,"قاسم",18668
IQ,"محمود",18661
IQ,"الزمان",18371
IQ,"الياسري",18243
IQ,"البابلي",18167
IQ,"الخزرجي",18162
IQ,"الصباح",17961
IQ,"الزمن",17902
IQ,"Queen",17709
IQ,"العتابي",17703
IQ,"Gyan",17702
IQ,"الجابري",17666
IQ,"الباشا",17456
IQ,"ابراهيم",17424
IQ,"خالد",17256
IQ,"البدري",17206
IQ,"الغريب",17183
IQ,"المنصوري",16975
IQ,"الامير",16892
IQ,"King",16718
IQ,"مهدي",16606
IQ,"Mhamad",16060
IQ,"وبكيفي",15834
IQ,"الشويلي",15512
IQ,"الناصري",15505
IQ,"حميد",15350
IQ,"الصالحي",15297
IQ,"حسوني",15236
IQ,"الامل",15205
IQ,"الواسطي",14712
IQ,"Omar",14668
IQ,"اللهيبي",14480
IQ,"سعد",14228
IQ,"صالح",14189
IQ,"الزيادي",14113
IQ,"الحلاوي",14075
IQ,"الكتلوني",13959
IQ,"Hasan",13884
IQ,"الزهيري",13816
IQ,"الحلاق",13813
IQ,"ابو علي",13777
IQ,"الكرعاوي",13616
IQ,"العقابي",13529
IQ,"السماوي",13519
IQ,"Muhamad",13415
IQ,"عمر",13330
IQ,"النجفي",13307
IQ,"علوش",13187
IQ,"كشخه",13011
IQ,"عبد",13006
IQ,"الشمس",13004
IQ,"الذهبي",12945
IQ,"علاوي",12901
IQ,"السوداني",12776
IQ,"سجاد",12745
IQ,"الفريجي",12727
IQ,"الحزان",12717
IQ,"الشريفي",12619
IQ,"الوائلي",12606
IQ,"البصري",12541
IQ,"الفرطوسي",12270
IQ,"المدريدي",12082
IQ,"الغزي",12077
IQ,"الحسني",11978
IQ,"Aliraqi",11948
IQ,"البصراويه",11905
IQ,"الاسمر",11829
IQ,"الحجامي",11812
IQ,"Hussein",11810
IQ,"الحجي",11751
IQ,"جبار",11676
IQ,"روحي",11503
IQ,"Saad",11469
IQ,"الله",11334
IQ,"الانيق",11294
IQ,"المسعودي",11291
IQ,"العنزي",11269
IQ,"Abbas",11166
IQ,"الجنه",11155
IQ,"عدنان",11139
IQ,"الصمت",11013
IQ,"العلي",11002
IQ,"Kurdi",10996
IQ,"سالم",10992
IQ,"Mustafa",10937
IQ,"الغالي",10923
IQ,"الحنونه",10912
IQ,"هادي",10896
IQ,"امير",10858
IQ,"الانباري",10854
IQ,"Mohamed",10719
IQ,"الزاملي",10686
IQ,"أحمد",10627
IQ,"كيان",10608
IQ,"الحديدي",10508
IQ,"الفهداوي",10487
IQ,"فاضل",10468
IQ,"ياروحي",10417
IQ,"الكبيسي",10316
IQ,"علاء",10261
IQ,"Abdulla",10258
IQ,"صباح",10253
IQ,"العكيدي",10252
IQ,"زينب",10251
IQ,"الحيالي",10226
IQ,"عمري",10207
IQ,"زهراء",10114
IQ,"محسن",10013
IQ,"الميساني",9920
IQ,"الغراوي",9834
IQ,"المشهداني",9803
IQ,"الخيكاني",9801
IQ,"عادل",9801
IQ,"الراوي",9736
IQ,"الحميداوي",9682
IQ,"السلام",9666
IQ,"امل",9647
IQ,"جواد",9579
IQ,"العمر",9576
IQ,"السلامي",9522
IQ,"Ibrahim",9490
IQ,"Noor",9473
IQ,"نور",9453
IQ,"Jamal",9383
IQ,"Omer",9363
IQ,"Aziz",9326
IQ,"السراي",9324
IQ,"Osman",9224
IQ,"الميالي",9212
IQ,"هاشم",9197
IQ,"الدلفي",9190
IQ,"البيضاني",9152
IQ,"طالب",9144
IQ,"عمار",9144
IQ,"المحمدي",8969
IQ,"Kamal",8806
IQ,"العراقيه",8744
IQ,"الكردي",8740
IQ,"الابراهيمي",8729
IQ,"ياحسين",8686
IQ,"الهاشمي",8614
IQ,"الغزالي",8603
IQ,"Adnan",8578
IQ,"الشبلاوي",8551
IQ,"الزيرجاوي",8533
IQ,"العباسي",8499
IQ,"Abd",8473
IQ,"الرحمن",8398
IQ,"خليل",8358
IQ,"الحيدري",8332
IQ,"Kareem",8324
IQ,"الحنان",8258
IQ,"Salah",8238
IQ,"ضاغطهم",8235
IQ,"الورود",8202
IQ,"الهلالي",8143
IQ,"العلياوي",8037
IQ,"الحمراء",7982
IQ,"قاهرهم",7976
IQ,"الماضي",7975
IQ,"امي",7922
IQ,"الجوري",7876
IQ,"ابو محمد",7874
IQ,"شاكر",7866
IQ,"النجار",7740
IQ,"يازمن",7722
IQ,"الزيداوي",7661
IQ,"العسكري",7636
IQ,"القدر",7636
IQ,"العربي",7634
IQ,"رحيم",7633
IQ,"اليل",7600
IQ,"ياسر",7553
IQ,"الحداد",7542
IQ,"العوادي",7483
IQ,"الصافي",7464
IQ,"Taqana",7442
IQ,"الزين",7416
IQ,"Jalal",7394
IQ,"عماد",7388
IQ,"العاني",7379
IQ,"الماجدي",7362
IQ,"العابدي",7342
IQ,"Karim",7326
IQ,"Sabah",7313
IQ,"عامر",7309
IQ,"المصطفى",7303
IQ,"سلمان",7302
IQ,"بكلمتي",7288
IQ,"الحجيمي",7282
IQ,"صادق",7224
IQ,"الاعرجي",7212
IQ,"Mohamad",7198
IQ,"Mahmood",7160
IQ,"جعفر",7146
IQ,"الصدري",7142
IQ,"خلف",7113
IQ,"البدراني",7085
IQ,"العيداني",7061
IQ,"رضا",7015
IQ,"وكذا",6986
IQ,"بخلاقي",6979
IQ,"الوفه",6976
IQ,"الجوراني",6963
IQ,"ماجد",6961
IQ,"صلاح",6900
IQ,"العطواني",6899
IQ,"الوفي",6886
IQ,"وليد",6873
IQ,"Ail",6849
IQ,"سلام",6848
IQ,"باسم",6829
IQ,"Hussain",6806
IQ,"السبعاوي",6805
IQ,"العجيلي",6783
IQ,"Muhammad",6735
IQ,"Abdullah",6694
IQ,"البزوني",6655
IQ,"ياسين",6576
IQ,"شنكالي",6568
IQ,"حامد",6537
IQ,"الامي",6521
IQ,"Mohammad",6521
IQ,"الخزاعي",6484
IQ,"ناصر",6465
IQ,"مهند",6459
IQ,"Alaa",6441
IQ,"كامل",6393
IQ,"الصبيحاوي",6358
IQ,"ابوعلي",6342
IQ,"وسام",6337
IQ,"المولى",6296
IQ,"الزركاني",6284
IQ,"الجياشي",6281
IQ,"وفتخر",6269
IQ,"جان",6267
IQ,"Hawlery",6251
IQ,"Koye",6242
IQ,"عزيز",6220
IQ,"سعيد",6205
IQ,"اسماعيل",6189
IQ,"الحساني",6167
IQ,"Salih",6148
IQ,"ابو حسين",6136
IQ,"المطر",6125
IQ,"زماني",6114
IQ,"المرشدي",6112
IQ,"Duhoki",6073
IQ,"الجحيشي",6072
IQ,"Jan",6059
IQ,"Taha",6056
IQ,"ملاك",6050
IQ,"نونه",6019
IQ,"Khalid",6006
IQ,"Xoshnaw",5992
IQ,"المفرجي",5979
IQ,"مجيد",5977
IQ,"الكلابي",5969
IQ,"الحربي",5964
IQ,"رعد",5923
IQ,"حسيني",5906
IQ,"المصلاوي",5873
IQ,"الحلو",5872
IQ,"Gull",5866
IQ,"المايسترو",5861
IQ,"ابو احمد",5846
IQ,"وفه",5841
IQ,"العلواني",5825
IQ,"Tanya",5797
IQ,"Xan",5796
IQ,"Duski",5784
IQ,"Salam",5766
IQ,"Zaxo",5750
IQ,"كرار",5749
IQ,"Barzani",5743
IQ,"ستار",5722
IQ,"الموصلي",5717
IQ,"المندلاوي",5703
IQ,"المعماري",5701
IQ,"Doski",5699
IQ,"Hadi",5698
IQ,"الرسام",5690
IQ,"الساهر",5688
IQ,"Qadr",5640
IQ,"الاصيل",5596
IQ,"البغدادي",5569
IQ,"Karem",5563
IQ,"الشحماني",5541
IQ,"Haider",5537
IQ,"الشيخ",5510
IQ,"انساك",5501
IQ,"الأسدي",5477
IQ,"الجارح",5468
IQ,"الحسيناوي",5466
IQ,"الأمل",5433
IQ,"الحسن",5420
IQ,"حسام",5392
IQ,"كربلاء",5387
IQ,"الباوي",5378
IQ,"السيلاوي",5377
IQ,"يونس",5352
IQ,"خضير",5327
IQ,"Mahdi",5322
IQ,"عراق",5302
IQ,"مريم",5292
IQ,"الشبلي",5277
IQ,"العيون",5234
IQ,"الزعيم",5220
IQ,"المكصوصي",5214
IQ,"Azad",5199
IQ,"جميل",5189
IQ,"Hamed",5179
IQ,"الراشدي",5172
IQ,"الفهد",5163
IQ,"الشامي",5118
IQ,"رقيه",5118
IQ,"Sha",5103
IQ,"الزوبعي",5087
IQ,"النصراوي",5082
IQ,"سامي",5079
IQ,"ابو",5066
IQ,"Hameed",5053
IQ,"Amer",5026
IQ,"الاحبهم",5007
IQ,"الجنوب",4999
IQ,"Hama",4997
IQ,"جمال",4980
IQ,"فارس",4953
IQ,"الثلج",4938
IQ,"Raad",4937
IQ,"رياض",4935
IQ,"مرتضى",4921
IQ,"Jabar",4918
IQ,"Mahmud",4907
IQ,"الرماحي",4888
IQ,"يروحي",4863
IQ,"Slemani",4862
IQ,"Ranya",4856
IQ,"ورده",4851
IQ,"الدوري",4829
IQ,"موسى",4821
IQ,"عقيل",4816
IQ,"الموالي",4808
IQ,"الابيض",4804
IQ,"حبيب",4775
IQ,"حمزه",4757
IQ,"فاطمه",4756
IQ,"العنبكي",4755
IQ,"الكريطي",4733
IQ,"توته",4721
IQ,"بالله",4713
IQ,"بروحي",4711
IQ,"عشق",4686
IQ,"عبود",4676
IQ,"حاتم",4668
IQ,"الغريري",4654
IQ,"كركوكي",4649
IQ,"Emad",4640
IQ,"النمراوي",4627
IQ,"اياد",4626
IQ,"الظالمي",4614
IQ,"رشيد",4607
IQ,"Rose",4594
IQ,"Salim",4586
IQ,"كركوك",4578
IQ,"الغانمي",4562
IQ,"الفقير",4561
IQ,"سمير",4543
IQ,"Can",4516
IQ,"طه",4511
IQ,"عبودي",4482
IQ,"الكرخي",4478
IQ,"ماما",4477
IQ,"Saeed",4445
IQ,"السلطان",4444
IQ,"القيصر",4423
IQ,"Salh",4407
IQ,"Malik",4402
IQ,"الخريف",4395
IQ,"لغتي",4392
IQ,"حنين",4383
IQ,"هادئه",4368
IQ,"السفير",4365
IQ,"الكرادي",4352
IQ,"الشمريه",4347
IQ,"Abas",4347
IQ,"النداوي",4333
IQ,"ضياء",4326
IQ,"السنين",4319
IQ,"طارق",4318
IQ,"الشيباني",4313
IQ,"فهد",4294
IQ,"الزهور",4294
IQ,"Zangana",4212
IQ,"Flower",4196
IQ,"Hawlere",4190
IQ,"العتبي",4182
IQ,"التكريتي",4178
IQ,"الغرابي",4152
IQ,"المشاعر",4147
IQ,"ليث",4109
IQ,"مراد",4084
IQ,"Salman",4054
IQ,"Slemany",4052
IQ,"جوري",4046
IQ,"Jaf",4042
IQ,"Yousif",4034
IQ,"Altaee",4024
IQ,"المرسومي",4021
IQ,"الموصل",4020
IQ,"الساري",4014
IQ,"الأمير",4014
IQ,"حازم",4003
IQ,"الجغيفي",3981
IQ,"Alani",3978
IQ,"الغالبي",3977
IQ,"Kurdish",3976
IQ,"Sami",3976
IQ,"زمن",3968
IQ,"الحياه",3966
IQ,"فرح",3958
IQ,"حمد",3956
IQ,"Rash",3951
IQ,"عبد الله",3947
IQ,"الجشعمي",3939
IQ,"جود",3938
IQ,"Bakr",3918
IQ,"الدفاعي",3910
IQ,"الحريشاوي",3908
IQ,"Majid",3898
IQ,"الصياد",3894
IQ,"Mahamad",3868
IQ,"Hamid",3858
IQ,"الفريداوي",3831
IQ,"الزرفي",3827
IQ,"Barwari",3820
IQ,"العبساوي",3818
IQ,"Adel",3818
IQ,"الحنونة",3814
IQ,"السكيني",3812
IQ,"عسوله",3807
IQ,"التركي",3805
IQ,"الرفيعي",3793
IQ,"الفلوجي",3789
IQ,"سليمان",3789
IQ,"الشجيري",3786
IQ,"العايدي",3776
IQ,"Anwar",3776
IQ,"الطفيلي",3774
IQ,"Akram",3770
IQ,"نرجس",3766
IQ,"انا",3762
IQ,"المرياني",3761
IQ,"رائد",3759
IQ,"فيصل",3752
IQ,"Hussen",3751
IQ,"Nona",3749
IQ,"كشخة",3746
IQ,"فيكه",3738
IQ,"السويعدي",3732
IQ,"Majed",3707
IQ,"الغاليه",3703
IQ,"سيد",3702
IQ,"اليساري",3700
IQ,"الحديثي",3698
IQ,"السماء",3694
IQ,"Ismail",3682
IQ,"الفراجي",3680
IQ,"Hamza",3675
IQ,"منتظر",3668
IQ,"الضلام",3662
IQ,"جابر",3660
IQ,"نيمار",3647
IQ,"الحلبوسي",3632
IQ,"أمل",3632
IQ,"البصره",3628
IQ,"كاضم",3627
IQ,"الخياط",3620
IQ,"ياعراق",3613
IQ,"المطيري",3600
IQ,"البطاط",3598
IQ,"المشاكس",3586
IQ,"ياعلي",3584
IQ,"الفراق",3583
IQ,"فرحان",3579
IQ,"الموسويه",3565
IQ,"فتاة",3562
IQ,"العسافي",3558
IQ,"الحياني",3550
IQ,"Rahman",3543
IQ,"الديواني",3524
IQ,"البصراوية",3520
IQ,"الكربلائيه",3511
IQ,"الجيزاني",3505
IQ,"Amin",3504
IQ,"فاطمة",3501
IQ,"الفضلي",3491
IQ,"السعداوي",3479
IQ,"الدين",3460
IQ,"يا روحي",3457
IQ,"ديالى",3454
IQ,"ابو مصطفى",3442
IQ,"والباقي يتمنون",3435
IQ,"الحلوه",3434
IQ,"نوري",3423
IQ,"راحله",3421
IQ,"Khan",3413
IQ,"الراقي",3405
IQ,"الكاردينيا",3374
IQ,"شهاب",3372
IQ,"جنه",3372
IQ,"عذاب",3368
IQ,"الملكه",3366
IQ,"هيثم",3362
IQ,"زيد",3360
IQ,"Rasul",3357
IQ,"فراس",3356
IQ,"الهيبي",3340
IQ,"Jaff",3333
IQ,"Ameer",3324
IQ,"اللويزي",3323
IQ,"Falah",3321
IQ,"Khalil",3316
IQ,"ثامر",3314
IQ,"Saif",3314
IQ,"الايطالي",3307
IQ,"الرحال",3307
IQ,"العماري",3300
IQ,"الدبي",3285
IQ,"ابو عباس",3280
IQ,"Jawad",3280
IQ,"داود",3279
IQ,"راضي",3278
IQ,"الهوى",3273
IQ,"باخلاقي",3268
IQ,"Adil",3260
IQ,"بشخصيتي",3240
IQ,"مجهول",3239
IQ,"الم",3231
IQ,"وردة",3200
IQ,"غازي",3198
IQ,"العزي",3192
IQ,"Rashid",3190
IQ,"باقر",3183
IQ,"تكفيني",3172
IQ,"ساره",3168
IQ,"نعيم",3159
IQ,"Harki",3159
IQ,"البحار",3157
IQ,"Ayad",3157
IQ,"ابو سجاد",3152
IQ,"الحشداوي",3146
IQ,"Sh",3141
IQ,"الحميري",3134
IQ,"مالك",3123
IQ,"البجاري",3117
IQ,"القره غولي",3116
IQ,"الوادي",3116
IQ,"Al-Iraqi",3113
IQ,"Saleh",3105
IQ,"Goran",3104
IQ,"Jasim",3099
IQ,"الصباغ",3097
IQ,"Khaled",3094
IQ,"عيسى",3092
IQ,"الجمالي",3091
IQ,"Alrawi",3091
IQ,"الغريباوي",3081
IQ,"سعادتي",3069
IQ,"Alobaidy",3067
IQ,"Majeed",3060
IQ,"Waleed",3060
IQ,"سيف",3055
IQ,"الرميثي",3049
IQ,"Qasim",3046
IQ,"ناجي",3042
IQ,"البركي",3034
IQ,"التركماني",3032
IQ,"شمري",3032
IQ,"الناس",3027
IQ,"الخليج",3026
IQ,"Xam",3024
IQ,"ابومحمد",3023
IQ,"الحمزاوي",3020
IQ,"البلداوي",3018
IQ,"الحاتمي",3010
IQ,"صوفي",3002
IQ,"العميري",2994
IQ,"العرداوي",2981
IQ,"Muhammed",2980
IQ,"تركي",2979
IQ,"Jassim",2973
IQ,"شمس",2961
IQ,"ابو حسن",2953
IQ,"Aso",2949
IQ,"أبو علي",2948
IQ,"الجواري",2943
IQ,"حمزة",2943
IQ,"العذاري",2937
IQ,"الوفاء",2932
IQ,"رزاق",2925
IQ,"Ammar",2906
IQ,"الحنينه",2905
IQ,"ابو حيدر",2902
IQ,"مرحبا",2900
IQ,"الدون",2898
IQ,"Shaker",2896
IQ,"Baran",2885
IQ,"Sardar",2883
IQ,"زوجي",2880
IQ,"خضر",2879
IQ,"النوري",2876
IQ,"العمري",2867
IQ,"يحيى",2848
IQ,"الاحلام",2844
IQ,"الجروح",2841
IQ,"Gul",2835
IQ,"الحمراني",2828
IQ,"ابوحسين",2828
IQ,"Zebari",2827
IQ,"سعدون",2806
IQ,"الاوسي",2802
IQ,"المختار",2785
IQ,"Husen",2780
IQ,"الذبحاوي",2777
IQ,"Hamad",2772
IQ,"مدريدي",2769
IQ,"Haji",2767
IQ,"السالم",2760
IQ,"كتلوني",2750
IQ,"شمر",2749
IQ,"Gardi",2745
IQ,"شهد",2744
IQ,"المحبه",2740
IQ,"الجاف",2739
IQ,"الحلاويه",2736
IQ,"الشاوي",2730
IQ,"Tota",2729
IQ,"الطرفي",2725
IQ,"القاسمي",2723
IQ,"حمود",2712
IQ,"ۦ،",2712
IQ,"لطيف",2711
IQ,"الهيتي",2709
IQ,"انور",2708
IQ,"جلال",2704
IQ,"Jabbar",2701
IQ,"الريس",2700
IQ,"ماهر",2700
IQ,"الحلي",2698
IQ,"زياد",2697
IQ,"Karkuki",2690
IQ,"الصميدعي",2687
IQ,"الخير",2687
IQ,"العادلي",2685
IQ,"Sport",2682
IQ,"البنين",2682
IQ,"ابو زهراء",2669
IQ,"السهلاني",2666
IQ,"الأنيق",2664
IQ,"Zaxoy",2663
IQ,"الكوردي",2656
IQ,"الهدى",2650
IQ,"قيس",2647
IQ,"ستايل",2638
IQ,"صفاء",2632
IQ,"الكحلي",2629
IQ,"اكرم",2614
IQ,"ألزبيدي",2613
IQ,"يازهراء",2612
IQ,"ابي",2609
IQ,"عبوسي",2605
IQ,"فالح",2604
IQ,"ال",2603
IQ,"Sad",2603
IQ,"نفسي",2602
IQ,"المطوري",2597
IQ,"شرقي",2584
IQ,"Gean",2580
IQ,"حبي",2580
IQ,"الكوفي",2578
IQ,"سليم",2578
IQ,"المساري",2567
IQ,"المارنز",2548
IQ,"المصلاويه",2541
IQ,"العين",2541
IQ,"الزريجاوي",2539
IQ,"القوافي",2536
IQ,"العبدالله",2533
IQ,"الكنك",2528
IQ,"اسعد",2526
IQ,"ضاغطتهم",2521
IQ,"Soran",2521
IQ,"بعد",2513
IQ,"Kirkuki",2511
IQ,"العرقي",2510
IQ,"غانم",2506
IQ,"علوان",2504
IQ,"باش",2502
IQ,"Talib",2501
IQ,"Barware",2500
IQ,"الاميره",2496
IQ,"كوردي",2494
IQ,"جبوري",2493
IQ,"الوحيلي",2484
IQ,"جمعه",2479
IQ,"الكربولي",2473
IQ,"كفشه",2469
IQ,"بحر",2467
IQ,"تركماني",2464
IQ,"غايتي",2456
IQ,"السعد",2446
IQ,"Kocher",2445
IQ,"الضياع",2443
IQ,"Karar",2441
IQ,"العشاق",2437
IQ,"Barwary",2436
IQ,"كمال",2435
IQ,"الصغير",2431
IQ,"جليل",2430
IQ,"الرفاعي",2429
IQ,"Meme",2421
IQ,"الدنيا",2415
IQ,"الانصاري",2410
IQ,"يا حسين",2397
IQ,"المتواضع",2395
IQ,"الذهب",2395
IQ,"البصروي",2388
IQ,"ناظم",2386
IQ,"زمان",2385
IQ,"Prince",2380
IQ,"Othman",2376
IQ,"انفاسك",2375
IQ,"الرحيل",2375
IQ,"الشافعي",2369
IQ,"عشك",2369
IQ,"ادم",2367
IQ,"الكوري",2365
IQ,"حكايه",2362
IQ,"الاسد",2361
IQ,"Albayati",2361
IQ,"الجزائري",2360
IQ,"سيزر",2357
IQ,"Ibrahem",2356
IQ,"الغالية",2355
IQ,"يازينب",2354
IQ,"Nawzad",2353
IQ,"عواد",2351
IQ,"الياس",2349
IQ,"العباس",2349
IQ,"سيوفي",2343
IQ,"Rzgar",2343
IQ,"Aljanabi",2329
IQ,"Bahar",2327
IQ,"الخليفاوي",2321
IQ,"Kamil",2316
IQ,"السلماني",2313
IQ,"العبدلي",2313
IQ,"Hawleri",2313
IQ,"Ma",2311
IQ,"الزورائي",2307
IQ,"الاماره",2306
IQ,"Hashim",2303
IQ,"الصقر",2301
IQ,"ايمن",2301
IQ,"عدي",2300
IQ,"Alkhafaji",2292
IQ,"رهف",2286
IQ,"ريتاج",2281
IQ,"Halabjay",2273
IQ,"السالمي",2270
IQ,"Rashed",2270
IQ,"سلطان",2269
IQ,"Sara",2268
IQ,"الكاظمي",2255
IQ,"مبعثره",2250
IQ,"البصرة",2248
IQ,"يا زمن",2239
IQ,"Alazawi",2239
IQ,"Fatah",2237
IQ,"Kam",2236
IQ,"الشموسي",2230
IQ,"رقية",2228
IQ,"Kadhim",2224
IQ,"Al",2220
IQ,"الغرباوي",2216
IQ,"بأخلاقي",2216
IQ,"نبيل",2212
IQ,"عبدالرحمن",2210
IQ,"بصراوي",2208
IQ,"الباشه",2207
IQ,"Salar",2206
IQ,"مايبعدون",2205
IQ,"امين",2204
IQ,"العابدين",2197
IQ,"Mahmoud",2197
IQ,"الازيرجاوي",2195
IQ,"القصر",2194
IQ,"الهدوء",2193
IQ,"Mziri",2185
IQ,"عثمان",2184
IQ,"الشباني",2181
IQ,"كوران",2179
IQ,"مطر",2177
IQ,"Sherwani",2177
IQ,"عبد الكريم",2175
IQ,"لله",2166
IQ,"الكرار",2165
IQ,"Saman",2164
IQ,"هشام",2163
IQ,"الغروب",2160
IQ,"القصاب",2159
IQ,"ال دليم",2159
IQ,"عصام",2158
IQ,"مروان",2152
IQ,"مدد",2149
IQ,"المحبوبه",2148
IQ,"باشا",2140
IQ,"الطليباوي",2134
IQ,"Hussien",2133
IQ,"الدر",2129
IQ,"مغلق",2127
IQ,"طاهر",2126
IQ,"Chawrash",2124
IQ,"Namo",2120
IQ,"الناشي",2117
IQ,"المهداوي",2117
IQ,"جاف",2113
IQ,"ياسمين",2109
IQ,"Xalid",2109
IQ,"صاحب",2107
IQ,"Aram",2106
IQ,"غريب",2104
IQ,"سر سعادتي",2104
IQ,"Latif",2104
IQ,"الهادئ",2104
IQ,"Lolo",2096
IQ,"الوكت",2096
IQ,"الصدر",2094
IQ,"جنتي",2090
IQ,"الباش",2089
IQ,"النائلي",2083
IQ,"عبد الحسين",2082
IQ,"Mahmod",2080
IQ,"بجمالي",2078
IQ,"كربلائي",2078
IQ,"Rekani",2077
IQ,"الأسمر",2076
IQ,"Kurde",2072
IQ,"Rahim",2070
IQ,"Alasady",2069
IQ,"نمر",2058
IQ,"اسد",2056
IQ,"الذيب",2055
IQ,"السعدون",2052
IQ,"Tariq",2050
IQ,"Murad",2047
IQ,"الحق",2045
IQ,"Alshamary",2045
IQ,"Salem",2044
IQ,"ابو يوسف",2039
IQ,"الوحيد",2039
IQ,"Fadel",2037
IQ,"Kamaran",2035
IQ,"الدريعي",2034
IQ,"الكروي",2033
IQ,"Kawa",2033
IQ,"الظلام",2030
IQ,"الشام",2026
IQ,"الحياوي",2024
IQ,"الدعمي",2021
IQ,"عطر",2019
IQ,"Alali",2019
IQ,"روان",2018
IQ,"هادئة",2013
IQ,"محمد علي",2009
IQ,"ميثم",2007
IQ,"جبر",2004
IQ,"Farhad",1993
IQ,"ةة",1988
IQ,"Alzubaidy",1988
IQ,"الهويه",1987
IQ,"ام البنين",1986
IQ,"قصي",1985
IQ,"جنات",1982
IQ,"Abdula",1977
IQ,"Alsaady",1977
IQ,"زيدان",1976
IQ,"المسلماوي",1974
IQ,"زينبي",1974
IQ,"بنين",1973
IQ,"الورده",1971
IQ,"النجفيه",1970
IQ,"Islam",1967
IQ,"عيني",1955
IQ,"دهوكي",1954
IQ,"الارجوان",1950
IQ,"صبري",1949
IQ,"السويدي",1948
IQ,"سورجي",1946
IQ,"Mstafa",1946
IQ,"الكطراني",1945
IQ,"الشبكي",1944
IQ,"دوسكي",1939
IQ,"الجبوريه",1937
IQ,"ثائر",1931
IQ,"امجد",1930
IQ,"الخرساني",1920
IQ,"Abass",1920
IQ,"ظاغطهم",1917
IQ,"مقتدى",1917
IQ,"هاني",1916
IQ,"Qadir",1916
IQ,"الجليحاوي",1915
IQ,"ابواحمد",1915
IQ,"الكتلونيه",1915
IQ,"Kh",1912
IQ,"الجرجري",1910
IQ,"العزيز",1906
IQ,"فؤاد",1906
IQ,"بدر",1904
IQ,"الشمرية",1900
IQ,"الاحمدي",1898
IQ,"Saed",1895
IQ,"الحمداوي",1890
IQ,"Love",1888
IQ,"طيبه",1885
IQ,"واخبل",1881
IQ,"منصور",1880
IQ,"صدام",1875
IQ,"Thamer",1874
IQ,"العياشي",1872
IQ,"Almusawi",1872
IQ,"زوزو",1868
IQ,"Zaid",1868
IQ,"الهليجي",1865
IQ,"على",1865
IQ,"العلم",1861
IQ,"كرم",1861
IQ,"الشرع",1859
IQ,"غمازه",1858
IQ,"قادر",1854
IQ,"تميمي",1854
IQ,"الدوسري",1854
IQ,"الدجيلي",1851
IQ,"الجاسمي",1849
IQ,"الصفار",1846
IQ,"Gian",1845
IQ,"الجنوبي",1842
IQ,"الجراح",1841
IQ,"مازن",1840
IQ,"الصحراء",1840
IQ,"رمضان",1838
IQ,"البازي",1837
IQ,"دنيا",1836
IQ,"الجعفري",1835
IQ,"الحوراء",1834
IQ,"نزار",1833
IQ,"أمير",1831
IQ,"الوطيفي",1829
IQ,"Agha",1827
IQ,"ابو عبدالله",1826
IQ,"الزرقاء",1825
IQ,"Kamel",1823
IQ,"عموري",1822
IQ,"Kalary",1818
IQ,"زهرة",1817
IQ,"Samer",1817
IQ,"مؤمل",1815
IQ,"الاحمد",1811
IQ,"Karwan",1811
IQ,"الصادق",1804
IQ,"Slimany",1803
IQ,"الجعيفري",1801
IQ,"المشايخي",1797
IQ,"Amar",1796
IQ,"بنفسي",1796
IQ,"Hawramy",1796
IQ,"الحميدي",1793
IQ,"المحنه",1793
IQ,"جنة",1793
IQ,"Raheem",1788
IQ,"Khalaf",1782
IQ,"Na",1781
IQ,"تحسين",1775
IQ,"Najm",1775
IQ,"شريف",1774
IQ,"سعدي",1774
IQ,"Taher",1767
IQ,"الاموره",1765
IQ,"جوان",1765
IQ,"Raza",1764
IQ,"الحدراوي",1761
IQ,"الفلاحي",1761
IQ,"البخاتي",1760
IQ,"الندى",1760
IQ,"الصرايفي",1759
IQ,"العطار",1759
IQ,"بشير",1756
IQ,"احلالي",1753
IQ,"الخواطر",1753
IQ,"اللوتس",1750
IQ,"انس",1746
IQ,"Baban",1746
IQ,"Kirkuk",1744
IQ,"بشار",1743
IQ,"Hussin",1743
IQ,"حجي",1742
IQ,"الفوادي",1736
IQ,"Pasha",1735
IQ,"Yasin",1727
IQ,"Adam",1727
IQ,"Hawrami",1726
IQ,"ايوب",1724
IQ,"غالي",1723
IQ,"Rasheed",1721
IQ,"عمران",1717
IQ,"رضاوي",1717
IQ,"Fadhil",1715
IQ,"شموخي",1715
IQ,"الولايه",1711
IQ,"يزن",1711
IQ,"Azez",1707
IQ,"Baghdad",1704
IQ,"الحيات",1697
IQ,"الهندي",1695
IQ,"الصالح",1694
IQ,"الاعظمي",1691
IQ,"المنتهى",1691
IQ,"Surchy",1690
IQ,"المدريديه",1690
IQ,"الشتاء",1690
IQ,"Abdulrahman",1690
IQ,"الهادي",1686
IQ,"نعمه",1683
IQ,"Sabir",1683
IQ,"سامر",1682
IQ,"حداد",1681
IQ,"Yaseen",1676
IQ,"عوده",1672
IQ,"يعقوب",1672
IQ,"عشقي",1671
IQ,"أبو محمد",1668
IQ,"Altamimi",1668
IQ,"العلوي",1666
IQ,"Aljbory",1666
IQ,"Noori",1664
IQ,"الغنامي",1663
IQ,"Alobaidi",1661
IQ,"الدبيسي",1660
IQ,"الشطري",1659
IQ,"البرزنجي",1659
IQ,"ابو زينب",1658
IQ,"ابو كيان",1657
IQ,"گیان",1656
IQ,"Laith",1654
IQ,"المحياوي",1653
IQ,"صعب",1653
IQ,"كركوكلي",1652
IQ,"راموس",1651
IQ,"Mzere",1650
IQ,"تاقانه",1649
IQ,"الخويلدي",1647
IQ,"Abed",1647
IQ,"اميره",1644
IQ,"Amir",1644
IQ,"Faris",1642
IQ,"غدار",1642
IQ,"الوحش",1641
IQ,"Zahraa",1640
IQ,"حماده",1639
IQ,"الحمد",1637
IQ,"Alazzawi",1637
IQ,"ابو نور",1635
IQ,"البخيتاوي",1634
IQ,"ابو كرار",1634
IQ,"ملكه",1634
IQ,"البرشلوني",1633
IQ,"الشاعر",1632
IQ,"Almosawi",1632
IQ,"الفيلي",1631
IQ,"صبيح",1624
IQ,"الرديني",1623
IQ,"الخليجي",1623
IQ,"ايسكو",1618
IQ,"هاجر",1618
IQ,"Altmeme",1616
IQ,"جرح",1616
IQ,"ملكي",1614
IQ,"Tofiq",1610
IQ,"Sleman",1609
IQ,"Alazawy",1609
IQ,"ام",1608
IQ,"المحبة",1604
IQ,"الشعباني",1598
IQ,"Surchi",1596
IQ,"الصريفي",1590
IQ,"زبيدي",1590
IQ,"السلمي",1588
IQ,"Aliraqe",1587
IQ,"Haidar",1585
IQ,"Mostafa",1584
IQ,"الديراوي",1578
IQ,"القصير",1576
IQ,"سجودي",1575
IQ,"Gold",1575
IQ,"البعيجي",1574
IQ,"البحراني",1574
IQ,"الكريم",1573
IQ,"Alking",1569
IQ,"الشغانبي",1568
IQ,"Rebwar",1568
IQ,"شاعر",1567
IQ,"Nerway",1566
IQ,"بكلامي",1566
IQ,"ابوسجاد",1564
IQ,"الجبور",1563
IQ,"العيثاوي",1562
IQ,"زيباري",1562
IQ,"الهموم",1560
IQ,"العرب",1558
IQ,"نوره",1557
IQ,"حسنين",1555
IQ,"الفراتي",1554
IQ,"غالب",1554
IQ,"Faraj",1554
IQ,"Sajad",1552
IQ,"البكري",1551
IQ,"قدوتي",1550
IQ,"كالقمر",1546
IQ,"الجليباوي",1545
IQ,"عبد الرحمن",1544
IQ,"Basim",1541
IQ,"Safaa",1541
IQ,"Alrubaie",1541
IQ,"صاكرهم",1540
IQ,"غسان",1535
IQ,"ذي قار",1534
IQ,"الاعاجيبي",1532
IQ,"الشرابي",1532
IQ,"الفضل",1532
IQ,"ريماس",1532
IQ,"ام علي",1529
IQ,"اموري",1529
IQ,"راحلة",1527
IQ,"Hemn",1526
IQ,"ۦ، ۦ،",1526
IQ,"Asaad",1523
IQ,"ميمي",1522
IQ,"Said",1519
IQ,"صكر",1518
IQ,"الطيار",1518
IQ,"Dlshad",1517
IQ,"لؤي",1515
IQ,"اركان",1514
IQ,"الولاية",1512
IQ,"Blbas",1510
IQ,"الهاجري",1510
IQ,"مبعثرة",1510
IQ,"Tahir",1509
IQ,"الراشد",1507
IQ,"الزويني",1506
IQ,"الإبراهيمي",1506
IQ,"المعاضيدي",1504
IQ,"Samir",1503
IQ,"الربيعاوي",1501
IQ,"Yahya",1501
IQ,"سارة",1500
IQ,"عزرائيل",1498
IQ,"المتيوتي",1496
IQ,"نايف",1496
IQ,"الرحمان",1496
IQ,"المشرفاوي",1494
IQ,"هلال",1494
IQ,"الملكيه",1494
IQ,"رامي",1493
IQ,"الكظماوي",1490
IQ,"Naser",1490
IQ,"جوجو",1490
IQ,"جمعة",1489
IQ,"Akre",1487
IQ,"حنان",1487
IQ,"Sdiq",1486
IQ,"Sa",1486
IQ,"طالبه",1485
IQ,"اغا",1483
IQ,"علي علي",1483
IQ,"عراقيه",1479
IQ,"إبراهيم",1478
IQ,"زهير",1477
IQ,"دليم",1476
IQ,"Ameen",1476
IQ,"زنكنه",1473
IQ,"الدايني",1471
IQ,"Lawyer",1469
IQ,"لولو",1466
IQ,"Al-Rubaie",1466
IQ,"Jwan",1466
IQ,"Zezo",1461
IQ,"الدباغ",1460
IQ,"Hawler",1459
IQ,"برشلوني",1457
IQ,"الكرواتي",1455
IQ,"Saber",1455
IQ,"Paiz",1455
IQ,"الخاقاني",1454
IQ,"الانتظار",1454
IQ,"الالماني",1453
IQ,"الحكيم",1453
IQ,"البدر",1451
IQ,"Mohmmed",1447
IQ,"بلال",1442
IQ,"Sultan",1442
IQ,"Malak",1441
IQ,"عبد الامير",1439
IQ,"ابوعباس",1438
IQ,"ألجبوري",1438
IQ,"Hiwa",1438
IQ,"Sndi",1436
IQ,"الجميل",1436
IQ,"صمت",1434
IQ,"ربيع",1434
IQ,"الفياض",1433
IQ,"خميس",1431
IQ,"وحيد",1430
IQ,"Firas",1429
IQ,"الكربلائية",1428
IQ,"Darya",1428
IQ,"البابليه",1427
IQ,"هيبه",1425
IQ,"Jojo",1425
IQ,"Ahmd",1424
IQ,"عقابك",1423
IQ,"النمر",1421
IQ,"حكاية",1420
IQ,"بابل",1419
IQ,"Burhan",1419
IQ,"Hayder",1418
IQ,"الحرباوي",1415
IQ,"عايد",1415
IQ,"Ismael",1415
IQ,"White",1414
IQ,"الناصر",1413
IQ,"النورس",1412
IQ,"ورد",1412
IQ,"الراجحي",1410
IQ,"جرحوني",1410
IQ,"احسان",1408
IQ,"الأنباري",1407
IQ,"Dawood",1407
IQ,"الفردوس",1403
IQ,"الشموس",1403
IQ,"ابو امير",1401
IQ,"Luqman",1401
IQ,"اني",1398
IQ,"ابوحسن",1396
IQ,"Jaza",1393
IQ,"ابو مهدي",1390
IQ,"Alzubaidi",1390
IQ,"الشكري",1389
IQ,"الدهلكي",1389
IQ,"عيدان",1389
IQ,"الالوسي",1389
IQ,"Mohsen",1389
IQ,"Omed",1384
IQ,"حوراء",1384
IQ,"Ebrahim",1381
IQ,"المصلاوية",1379
IQ,"An",1377
IQ,"Shazaka",1375
IQ,"Barznji",1375
IQ,"العز",1374
IQ,"Berwari",1373
IQ,"Jwanaka",1371
IQ,"عبيد",1369
IQ,"Jasem",1367
IQ,"الوفة",1366
IQ,"Amedi",1366
IQ,"أبو حسين",1364
IQ,"Naji",1364
IQ,"زين",1363
IQ,"ﺍﻟﻌﺮﺍﻗﻲ",1358
IQ,"Hsen",1357
IQ,"ألعراقي",1352
IQ,"توفيق",1352
IQ,"الاغا",1349
IQ,"الصائغ",1349
IQ,"أمي",1348
IQ,"Dana",1344
IQ,"ميسي",1340
IQ,"Farhan",1339
IQ,"المكدمي",1338
IQ,"الخطابي",1338
IQ,"القطراني",1338
IQ,"Kazem",1336
IQ,"البعاج",1335
IQ,"الوردي",1333
IQ,"As",1332
IQ,"المجهول",1330
IQ,"يا عراق",1329
IQ,"الرحمه",1327
IQ,"النقيب",1326
IQ,"الموزاني",1324
IQ,"القيراني",1324
IQ,"الحجاج",1324
IQ,"Muhamed",1324
IQ,"توتة",1320
IQ,"فليح",1317
IQ,"Faisal",1317
IQ,"Nasser",1316
IQ,"عبدلله",1315
IQ,"ورود",1313
IQ,"السنجري",1312
IQ,"العطبي",1312
IQ,"انته",1311
IQ,"Arkan",1310
IQ,"Nazar",1307
IQ,"Zoza",1306
IQ,"Asad",1303
IQ,"Maher",1303
IQ,"Sindi",1301
IQ,"ال محمد",1300
IQ,"عسولة",1299
IQ,"العلاق",1298
IQ,"عطيه",1297
IQ,"المدريدية",1297
IQ,"قحطان",1296
IQ,"حيدوري",1296
IQ,"مزهر",1294
IQ,"نونة",1294
IQ,"الذيابي",1293
IQ,"عبدالكريم",1293
IQ,"Qader",1293
IQ,"البنداوي",1291
IQ,"العراقي العراقي",1291
IQ,"حلو",1290
IQ,"Kaka",1288
IQ,"فرج",1286
IQ,"Kochar",1286
IQ,"الباهلي",1285
IQ,"فوزي",1285
IQ,"الثقفي",1279
IQ,"Rauf",1277
IQ,"Shwan",1276
IQ,"Altaie",1275
IQ,"Alshmary",1274
IQ,"Younis",1273
IQ,"الاحمر",1272
IQ,"الغراني",1271
IQ,"صاكه",1270
IQ,"ابوسيف",1269
IQ,"Barzan",1268
IQ,"نرجع بعد",1268
IQ,"Dara",1268
IQ,"To",1268
IQ,"العقيلي",1264
IQ,"الغانم",1264
IQ,"من",1264
IQ,"يامهدي",1262
IQ,"Garde",1261
IQ,"امرأة",1260
IQ,"Al-Khafaji",1260
IQ,"جويه",1257
IQ,"ےے",1257
IQ,"كوباني",1256
IQ,"الوكحه",1254
IQ,"الضحى",1254
IQ,"الامارة",1253
IQ,"الأعرجي",1253
IQ,"القرغولي",1252
IQ,"حسين علي",1251
IQ,"الداودي",1250
IQ,"النوفلي",1249
IQ,"الفكيكي",1249
IQ,"Jameel",1248
IQ,"ندم",1248
IQ,"الفرج",1247
IQ,"الرجال",1246
IQ,"مصطفئ",1244
IQ,"عافيتي",1244
IQ,"Mn",1241
IQ,"الضالمي",1239
IQ,"ابن البصره",1237
IQ,"المدلل",1236
IQ,"عاشور",1235
IQ,"ريان",1235
IQ,"الفاضلي",1234
IQ,"غيث",1233
IQ,"Sattar",1232
IQ,"مزيري",1231
IQ,"Shwany",1230
IQ,"Fars",1230
IQ,"الجاسم",1227
IQ,"المستحيل",1226
IQ,"النافعي",1225
IQ,"الوافي",1225
IQ,"ميسان",1225
IQ,"ذياب",1223
IQ,"جهاد",1223
IQ,"Hassn",1223
IQ,"طلال",1222
IQ,"Haje",1222
IQ,"يا علي",1221
IQ,"ألم",1220
IQ,"العميدي",1219
IQ,"Alshammari",1217
IQ,"ميوزك",1213
IQ,"Jalil",1212
IQ,"الحميد",1211
IQ,"اميرة",1211
IQ,"موسوي",1210
IQ,"سعود",1209
IQ,"عليوي",1209
IQ,"Awat",1209
IQ,"راح",1209
IQ,"Almosawy",1208
IQ,"الوكح",1207
IQ,"التوليب",1207
IQ,"الجود",1207
IQ,"ام محمد",1206
IQ,"المنتظر",1205
IQ,"الامين",1201
IQ,"الجفون",1201
IQ,"ﺍﻟﻌﺮﺍﻕ",1200
IQ,"Jaber",1200
IQ,"عطرة",1199
IQ,"السلمان",1198
IQ,"Hatem",1197
IQ,"زاخو",1196
IQ,"الكاردنيا",1195
IQ,"الجبري",1194
IQ,"مثنى",1194
IQ,"داخل",1193
IQ,"Alhanen",1193
IQ,"علي حسين",1193
IQ,"Hashem",1193
IQ,"اليطالي",1192
IQ,"Gulli",1192
IQ,"ﺍﻟﺤﺰﻳﻦ",1189
IQ,"ابن الموصل",1188
IQ,"شاهين",1188
IQ,"شواني",1187
IQ,"اوسكار",1187
IQ,"الدليميه",1185
IQ,"Baxtyar",1185
IQ,"ديبالا",1184
IQ,"Shakir",1184
IQ,"Albasrawi",1183
IQ,"الوردة",1183
IQ,"Zainab",1181
IQ,"ابوحيدر",1180
IQ,"الملا",1180
IQ,"الكرديه",1180
IQ,"الناجي",1179
IQ,"نورس",1179
IQ,"الشميلاوي",1178
IQ,"العبيديه",1178
IQ,"Kalare",1177
IQ,"براهيم",1174
IQ,"Mahde",1174
IQ,"يادنيا",1174
IQ,"ايه",1174
IQ,"القانون",1173
IQ,"بيضاء",1172
IQ,"Shetaka",1172
IQ,"Man",1169
IQ,"الجوعاني",1168
IQ,"الاحبابي",1168
IQ,"Dosky",1168
IQ,"Sameer",1168
IQ,"دل",1167
IQ,"أبراهيم",1166
IQ,"العقيله",1166
IQ,"Ra",1166
IQ,"Abubakr",1166
IQ,"الصديق",1164
IQ,"سرمد",1164
IQ,"الخطيب",1163
IQ,"Al-Dulaimi",1163
IQ,"الكلام",1163
IQ,"السراجي",1162
IQ,"Raed",1162
IQ,"Fatima",1161
IQ,"Qassim",1161
IQ,"Messi",1160
IQ,"Kurdstan",1160
IQ,"Hussam",1160
IQ,"Rahem",1159
IQ,"ال علي",1158
IQ,"Ha",1158
IQ,"الماجد",1157
IQ,"Aqeel",1157
IQ,"اسو",1157
IQ,"المجنون",1156
IQ,"Xalil",1156
IQ,"لبصراوي",1155
IQ,"Duhok",1155
IQ,"Jamil",1154
IQ,"Sharif",1154
IQ,"Ibraheem",1152
IQ,"Mohmed",1148
IQ,"اﻻسدي",1145
IQ,"Doske",1145
IQ,"Ah",1144
IQ,"السعبري",1143
IQ,"ابو رضا",1143
IQ,"عطره",1143
IQ,"ابو رقيه",1141
IQ,"الشاهين",1140
IQ,"Sherzad",1139
IQ,"المصري",1138
IQ,"جوابي",1138
IQ,"تبارك",1138
IQ,"الطالقاني",1137
IQ,"حمادي",1137
IQ,"Satar",1137
IQ,"وداع",1136
IQ,"Aljaf",1136
IQ,"المظلوم",1135
IQ,"لاحزان",1135
IQ,"الكرغولي",1134
IQ,"الكيتاوي",1133
IQ,"شكر",1133
IQ,"Al-Zubaidi",1131
IQ,"Anas",1131
IQ,"سرحان",1130
IQ,"كوجر",1130
IQ,"المظفر",1130
IQ,"Xambar",1129
IQ,"Mzuri",1129
IQ,"الجنان",1128
IQ,"السمر",1126
IQ,"اسمر",1126
IQ,"منير",1125
IQ,"همام",1125
IQ,"Latef",1124
IQ,"الفجر",1124
IQ,"Alqaisi",1124
IQ,"Max",1123
IQ,"Kirkuky",1123
IQ,"Shwani",1122
IQ,"Aldulaimi",1122
IQ,"اعز الناس",1122
IQ,"دليمي",1121
IQ,"الشعراوي",1120
IQ,"اثير",1120
IQ,"Abood",1120
IQ,"Saleem",1120
IQ,"العراب",1119
IQ,"قيصر",1116
IQ,"الأصيل",1116
IQ,"علی",1115
IQ,"فيكة",1114
IQ,"متعوب",1113
IQ,"Najat",1112
IQ,"ملك",1111
IQ,"Fayaq",1111
IQ,"المغروره",1109
IQ,"Alhamdany",1105
IQ,"القائد",1104
IQ,"Abaas",1103
IQ,"السليماوي",1102
IQ,"بكر",1101
IQ,"Ghazi",1101
IQ,"الاسباني",1100
IQ,"Dl",1100
IQ,"Koya",1099
IQ,"الجناحي",1098
IQ,"Mh",1098
IQ,"الزينبي",1096
IQ,"الخضراء",1095
IQ,"فاروق",1094
IQ,"الغوالي",1094
IQ,"العيسى",1093
IQ,"Yassin",1093
IQ,"Dler",1093
IQ,"وفة",1092
IQ,"Aliraq",1090
IQ,"Hassen",1090
IQ,"Dll",1090
IQ,"Huseen",1089
IQ,"عبد الرزاق",1088
IQ,"Al-Tamimi",1088
IQ,"Ramazan",1088
IQ,"Jafar",1088
IQ,"Zana",1087
IQ,"جروح",1087
IQ,"هدى",1086
IQ,"نصير",1084
IQ,"كردي",1081
IQ,"كروري",1081
IQ,"الازهار",1080
IQ,"انثئ",1079
IQ,"Najem",1079
IQ,"الجميله",1078
IQ,"الكيم",1076
IQ,"نور عيني",1075
IQ,"Karkuky",1075
IQ,"Yousef",1075
IQ,"Al-Jubouri",1074
IQ,"العطوي",1073
IQ,"Ar",1070
IQ,"Altai",1070
IQ,"هركي",1069
IQ,"Aras",1069
IQ,"ساعدي",1068
IQ,"اكبر",1068
IQ,"الشعلاوي",1067
IQ,"ليل",1067
IQ,"الزيتون",1066
IQ,"ابو فاطمه",1065
IQ,"النجاة",1064
IQ,"ابو ياسر",1061
IQ,"الذهيباوي",1060
IQ,"اسامه",1059
IQ,"Ako",1059
IQ,"ظاهر",1058
IQ,"Alkaabi",1058
IQ,"حارث",1057
IQ,"فتاه",1056
IQ,"الشيخلي",1056
IQ,"الشيباوي",1055
IQ,"البصرواي",1055
IQ,"Slemane",1054
IQ,"Bekas",1051
IQ,"Kaya",1051
IQ,"Law",1051
IQ,"الهسكاني",1050
IQ,"يارب",1049
IQ,"صبحي",1048
IQ,"ياس",1048
IQ,"Gül",1048
IQ,"Husain",1048
IQ,"الكوثر",1045
IQ,"صمتي",1044
IQ,"رافد",1043
IQ,"بهاء",1043
IQ,"Hazem",1042
IQ,"الاحباب",1042
IQ,"حكيم",1041
IQ,"بسام",1041
IQ,"ﺍﻟﺤﺐ",1041
IQ,"الشايب",1040
IQ,"الصبيحي",1039
IQ,"Karkuke",1039
IQ,"Amen",1039
IQ,"العجياوي",1037
IQ,"صبار",1036
IQ,"الاكبر",1036
IQ,"طيبة",1036
IQ,"Najim",1035
IQ,"اليعقوبي",1034
IQ,"بكبريائي",1033
IQ,"الطويل",1031
IQ,"السعيد",1031
IQ,"نجار",1030
IQ,"Zebare",1030
IQ,"غدر",1030
IQ,"Aldulaimy",1029
IQ,"علي محمد",1028
IQ,"منتضر",1027
IQ,"فطومه",1027
IQ,"Albasha",1026
IQ,"ورجائي",1026
IQ,"المدني",1024
IQ,"مكي",1024
IQ,"زيوني",1024
IQ,"Qais",1024
IQ,"الياباني",1023
IQ,"ابكاه القدر",1023
IQ,"الماس",1023
IQ,"Alan",1022
IQ,"Aii",1020
IQ,"حافظ",1019
IQ,"Singh",1018
IQ,"الكربﻻئي",1018
IQ,"القاضي",1018
IQ,"ألشمري",1017
IQ,"منذر",1017
IQ,"الجبل",1017
IQ,"شبر",1015
IQ,"Krar",1014
IQ,"Muhsin",1014
IQ,"سليماني",1013
IQ,"Heart",1013
IQ,"المعيني",1012
IQ,"Hazim",1012
IQ,"خزعل",1011
IQ,"Albaghdady",1011
IQ,"الكلمات",1011
IQ,"احزان",1011
IQ,"Fuad",1010
IQ,"مارسلو",1008
IQ,"عبدالحسين",1008
IQ,"Rafiq",1008
IQ,"Fahad",1008
IQ,"الاناقه",1007
IQ,"ﺍﻟﻮﺭﺩ",1006
IQ,"Salm",1004
IQ,"Sirwan",1004
IQ,"Almaliki",1003
IQ,"Alwan",1002
IQ,"Wahab",1002
IQ,"غزل",1002
IQ,"ادركني",1001
IQ,"الداوودي",1000
IQ,"كوسوفي",997
IQ,"Alamery",997
IQ,"النعماني",996
IQ,"Penjweny",995
IQ,"هلاك",995
IQ,"الرضا",994
IQ,"وعيوني هلاك",993
IQ,"خفاجي",993
IQ,"العكيد",992
IQ,"وعد",991
IQ,"Nabeel",990
IQ,"لفته",989
IQ,"امرأه",988
IQ,"قامشلو",988
IQ,"البراهيمي",987
IQ,"Ronaldo",987
IQ,"النبهاني",986
IQ,"ماركه",985
IQ,"راشد",984
IQ,"عبد الرضا",984
IQ,"Gardy",984
IQ,"الكتلونية",983
IQ,"الغدر",983
IQ,"ۦۦ",983
IQ,"Lak",982
IQ,"Qasm",982
IQ,"الجمال",982
IQ,"السومري",981
IQ,"الجبورية",981
IQ,"Rasool",980
IQ,"Sam",979
IQ,"Talal",979
IQ,"Fadhel",979
IQ,"Al-Azzawi",978
IQ,"حبيتك",976
IQ,"القلعاوي",975
IQ,"ذكريات",975
IQ,"كوين",974
IQ,"Tanea",974
IQ,"الطوكي",972
IQ,"روز",972
IQ,"Esmail",972
IQ,"Qween",971
IQ,"Marwan",970
IQ,"العويسي",969
IQ,"البيظاء",969
IQ,"حمدان",968
IQ,"Mhmad",968
IQ,"بضحكتي",968
IQ,"شيخاني",967
IQ,"العويدي",965
IQ,"ابو طيبه",964
IQ,"مجتبى",964
IQ,"Yasser",964
IQ,"زكي",963
IQ,"ملاكي",963
IQ,"الشرق",963
IQ,"Al Ali",961
IQ,"الاحبه",960
IQ,"Al-Shammari",959
IQ,"حلم",959
IQ,"Kumar",958
IQ,"فتحي",958
IQ,"العذاب",958
IQ,"لعراقي",957
IQ,"Taman",957
IQ,"السموقي",956
IQ,"الوداع",956
IQ,"عرب",955
IQ,"العزاويه",955
IQ,"زيزو",955
IQ,"خيري",954
IQ,"كاطع",953
IQ,"التميميه",952
IQ,"Bashar",951
IQ,"Al-Obeidi",950
IQ,"مشاعر",950
IQ,"امرلي",949
IQ,"ضرغام",949
IQ,"Albaghdadi",949
IQ,"Habib",949
IQ,"وجع",949
IQ,"اميري",949
IQ,"زهره",947
IQ,"ريحانه",947
IQ,"ضاقطهم",946
IQ,"حلوه",946
IQ,"ابوعبدالله",945
IQ,"شهيد",945
IQ,"اليوسف",945
IQ,"Ata",945
IQ,"Aljubory",945
IQ,"Hani",945
IQ,"Abdallah",944
IQ,"الفرح",944
IQ,"العبد",943
IQ,"الرحمة",942
IQ,"ابو عمار",941
IQ,"مريومه",941
IQ,"لاينتهي",941
IQ,"الحروف",939
IQ,"الامس",938
IQ,"عماره",937
IQ,"لاسدي",937
IQ,"الخفاجيه",937
IQ,"ته نيا",937
IQ,"ابو مريم",936
IQ,"موفق",936
IQ,"Ka",936
IQ,"Aljanaby",935
IQ,"Mazin",934
IQ,"Ak",934
IQ,"اوغلو",933
IQ,"جاسب",932
IQ,"اليالي",932
IQ,"Al-Musawi",931
IQ,"المحمود",930
IQ,"الغزال",930
IQ,"سمر",929
IQ,"الريماس",927
IQ,"كبرياء",927
IQ,"وائل",926
IQ,"Zain",925
IQ,"ابو جعفر",924
IQ,"عبد الحسن",924
IQ,"Jawhar",924
IQ,"Osama",924
IQ,"ابن ديالى",922
IQ,"القران",922
IQ,"المحبوبة",921
IQ,"النيق",918
IQ,"Yasen",918
IQ,"اربيل",918
IQ,"وتالي عافوك",918
IQ,"الحنينة",917
IQ,"برواري",917
IQ,"Yaser",917
IQ,"جوية",916
IQ,"هه وليري",916
IQ,"عارف",915
IQ,"حرب",914
IQ,"خطاب",914
IQ,"العمشاني",913
IQ,"Alsaad",911
IQ,"Zhyan",910
IQ,"السامرائيه",909
IQ,"ادريس",909
IQ,"ايهاب",909
IQ,"Safa",909
IQ,"الحساب الجديد",908
IQ,"المحمد",908
IQ,"Mohmad",908
IQ,"Sky",908
IQ,"المعلم",907
IQ,"طيب",907
IQ,"الكنعاني",907
IQ,"حسان",907
IQ,"ساهر",907
IQ,"بربي",907
IQ,"الريحان",907
IQ,"Jasm",906
IQ,"Fadil",906
IQ,"الكل",905
IQ,"Karzan",904
IQ,"ابومصطفى",903
IQ,"شايب",903
IQ,"Hossain",902
IQ,"Alameer",901
IQ,"Kurdy",901
IQ,"Mahmwd",901
IQ,"يا زهراء",901
IQ,"راقي",900
IQ,"الموصليه",900
IQ,"ابو جاسم",899
IQ,"معتز",898
IQ,"مهيمن",898
IQ,"العرباوي",897
IQ,"ﺍﻟﺠﺒﻮﺭﻱ",897
IQ,"ولف",897
IQ,"Naz",896
IQ,"گيان",895
IQ,"لحنين",894
IQ,"الخيانه",894
IQ,"صافي",893
IQ,"بكيفي",892
IQ,"هواك",890
IQ,"Musa",888
IQ,"Aya",887
IQ,"مؤلمه",886
IQ,"الحاج",885
IQ,"ام احمد",884
IQ,"العلويه",884
IQ,"احبابي",884
IQ,"الجميلة",881
IQ,"حلاق",880
IQ,"Ad",880
IQ,"الخماسي",879
IQ,"متواضع",879
IQ,"دراجي",879
IQ,"واسط",879
IQ,"ابوزهراء",878
IQ,"ميار",878
IQ,"نجاح",877
IQ,"غزوان",876
IQ,"اوس",876
IQ,"ﺍﻟﺰﺑﻴﺪﻱ",873
IQ,"الصباحي",872
IQ,"صابر",872
IQ,"Taleb",872
JO,"محمد",30302
JO,"Ahmad",19369
JO,"احمد",18032
JO,"Ali",11959
JO,"الزعبي",11006
JO,"المصري",8916
JO,"Mohammad",8550
JO,"علي",8317
JO,"الخالدي",8163
JO,"العبادي",6812
JO,"الخطيب",6441
JO,"محمود",5862
JO,"العمري",5269
JO,"القيسي",5207
JO,"Omar",5045
JO,"Alzoubi",4828
JO,"المومني",4782
JO,"Akter",4677
JO,"خالد",4519
JO,"المساعيد",4469
JO,"Obeidat",4186
JO,"Mohammed",4074
JO,"عبدالله",4065
JO,"حسن",4063
JO,"يوسف",4057
JO,"العدوان",3940
JO,"Saleh",3819
JO,"عمر",3774
JO,"ابراهيم",3770
JO,"Hamdan",3649
JO,"الشام",3588
JO,"الخوالده",3559
JO,"Ahmed",3453
JO,"النرجس",3428
JO,"الورد",3381
JO,"Khaled",3245
JO,"الرفاعي",3234
JO,"Jaber",3231
JO,"Malkawi",3161
JO,"عبيدات",3158
JO,"حسين",3115
JO,"Yousef",3097
JO,"الشمري",3068
JO,"الحمايده",3062
JO,"Alomari",3058
JO,"الحويطي",3036
JO,"Haddad",2990
JO,"Almomani",2935
JO,"العنزي",2879
JO,"Hassan",2868
JO,"العلي",2847
JO,"Mahmoud",2812
JO,"Hasan",2811
JO,"الخلايله",2796
JO,"انا",2762
JO,"الياسمين",2732
JO,"المناصير",2730
JO,"السرحان",2701
JO,"Hammad",2682
JO,"Odeh",2679
JO,"الشرفات",2657
JO,"Ana",2622
JO,"البيضاء",2618
JO,"الحريري",2618
JO,"بني صخر",2596
JO,"Jaradat",2550
JO,"النعيمي",2548
JO,"الحوراني",2542
JO,"الحمصي",2514
JO,"النجار",2499
JO,"Awad",2495
JO,"صالح",2487
JO,"السيد",2470
JO,"Almasri",2435
JO,"Smadi",2422
JO,"الجبور",2392
JO,"المجالي",2386
JO,"الطراونه",2355
JO,"العجارمه",2353
JO,"العمر",2351
JO,"Ibrahim",2348
JO,"Ababneh",2344
JO,"Mohamad",2305
JO,"Alkhateeb",2303
JO,"Momani",2250
JO,"الزيود",2187
JO,"الفاعوري",2173
JO,"أحمد",2171
JO,"المشاقبه",2110
JO,"حمدان",2094
JO,"النعيمات",2081
JO,"الحويطات",2073
JO,"القضاه",2047
JO,"القرعان",2042
JO,"Salah",2034
JO,"الصمادي",2026
JO,"Tarawneh",2009
JO,"Jamal",2008
JO,"مصطفى",1997
JO,"Alawneh",1997
JO,"Bataineh",1990
JO,"خليل",1973
JO,"Salem",1961
JO,"العزام",1902
JO,"سليمان",1880
JO,"ابو محمد",1875
JO,"Rawashdeh",1858
JO,"الاحزان",1854
JO,"Sy",1853
JO,"سالم",1852
JO,"Salameh",1843
JO,"السعودي",1832
JO,"الدعجه",1828
JO,"الكردي",1825
JO,"البحر",1822
JO,"الحياه",1815
JO,"الشيخ",1809
JO,"الربيع",1799
JO,"ملكاوي",1790
JO,"الخوالدة",1761
JO,"Issa",1725
JO,"Mohamed",1716
JO,"Aktar",1709
JO,"الخزاعله",1709
JO,"Awwad",1703
JO,"جرادات",1692
JO,"الاحمد",1681
JO,"Kumar",1680
JO,"Naser",1679
JO,"Khalil",1674
JO,"الشامي",1665
JO,"رمضان",1662
JO,"الحياة",1661
JO,"Alqudah",1660
JO,"Aladwan",1659
JO,"العجوري",1638
JO,"الاسمر",1631
JO,"جمال",1621
JO,"الشريف",1619
JO,"Nassar",1610
JO,"الله",1606
JO,"Amer",1605
JO,"Mansour",1599
JO,"حماد",1583
JO,"الزواهره",1582
JO,"الغزاوي",1579
JO,"الرواشده",1578
JO,"سعيد",1574
JO,"Omari",1563
JO,"الجراح",1550
JO,"الشرمان",1548
JO,"ياسين",1546
JO,"البنفسج",1525
JO,"صلاح",1518
JO,"البطوش",1515
JO,"Mustafa",1507
JO,"Shaheen",1500
JO,"Hamad",1500
JO,"الزغول",1499
JO,"عبابنه",1490
JO,"Abdallah",1488
JO,"Abdullah",1487
JO,"الصمت",1475
JO,"موسى",1472
JO,"بني هاني",1469
JO,"Othman",1456
JO,"منصور",1451
JO,"فلسطين",1450
JO,"Abed",1446
JO,"Ramadan",1442
JO,"ابو زيد",1438
JO,"Kh",1427
JO,"الامير",1416
JO,"Khan",1413
JO,"العموش",1394
JO,"Yaseen",1389
JO,"شاهين",1388
JO,"التعمري",1376
JO,"Majali",1376
JO,"بالله",1370
JO,"الاموره",1357
JO,"حموده",1355
JO,"Taha",1353
JO,"عوض",1348
JO,"Hussein",1348
JO,"حجازي",1345
JO,"Qudah",1341
JO,"الرحمن",1338
JO,"Khader",1333
JO,"الحسن",1330
JO,"ناصر",1314
JO,"Rababah",1302
JO,"Hijazi",1295
JO,"Assaf",1295
JO,"المعايطه",1291
JO,"الامل",1287
JO,"جابر",1285
JO,"سعد",1282
JO,"Saad",1282
JO,"الشوبكي",1271
JO,"الفايز",1270
JO,"عليان",1269
JO,"عيسى",1267
JO,"الشرعه",1265
JO,"Barakat",1264
JO,"Emad",1263
JO,"Mousa",1258
JO,"الحجايا",1244
JO,"قاسم",1239
JO,"ابوزيد",1238
JO,"الحنيطي",1237
JO,"المغربي",1233
JO,"التميمي",1226
JO,"عواد",1223
JO,"امير",1221
JO,"جود",1210
JO,"Alabadi",1204
JO,"Lolo",1199
JO,"العقرباوي",1196
JO,"Sawalha",1196
JO,"اسماعيل",1194
JO,"السردي",1193
JO,"Nofal",1190
JO,"Alqaisi",1175
JO,"العظامات",1172
JO,"اللوتس",1168
JO,"عيد",1166
JO,"Zaid",1166
JO,"Alnajjar",1164
JO,"Qasem",1164
JO,"Alkhatib",1155
JO,"عامر",1153
JO,"العتوم",1138
JO,"الصرايره",1138
JO,"Sami",1138
JO,"Bader",1133
JO,"Abd",1129
JO,"فريحات",1125
JO,"مقدادي",1119
JO,"العيسى",1118
JO,"الصخري",1117
JO,"ابو احمد",1114
JO,"Salman",1108
JO,"الغالي",1105
JO,"Samara",1105
JO,"عبود",1102
JO,"Sh",1089
JO,"شعبان",1087
JO,"المشاقبة",1086
JO,"Nasser",1085
JO,"Adnan",1084
JO,"الطيب",1083
JO,"سلامه",1080
JO,"القاضي",1079
JO,"الخلايلة",1078
JO,"Jordan",1076
JO,"الحراحشه",1073
JO,"العجرمي",1072
JO,"البلوي",1072
JO,"النابلسي",1072
JO,"Singh",1071
JO,"العودات",1068
JO,"Melhem",1068
JO,"المصرى",1067
JO,"الشبول",1065
JO,"الحلو",1064
JO,"Shatnawi",1064
JO,"امل",1057
JO,"بني ياسين",1055
JO,"نور",1054
JO,"Noor",1043
JO,"عثمان",1040
JO,"الجنوب",1039
JO,"حمد",1037
JO,"زيد",1037
JO,"درويش",1033
JO,"Khasawneh",1032
JO,"رجل",1031
JO,"Eid",1027
JO,"الحمايدة",1026
JO,"عمري",1026
JO,"Kamal",1023
JO,"Alazzam",1017
JO,"Jarrar",1016
JO,"Harb",1012
JO,"علاء",1008
JO,"الشمس",1004
JO,"ريان",1003
JO,"السعدي",991
JO,"فارس",983
JO,"عوده",981
JO,"Daoud",979
JO,"الجنه",978
JO,"الشوابكه",978
JO,"Azzam",975
JO,"زريقات",973
JO,"Kanaan",972
JO,"Adel",969
JO,"خريسات",967
JO,"كريشان",966
JO,"المحمد",964
JO,"Abbadi",962
JO,"جبر",957
JO,"بني خالد",956
JO,"Ghanem",953
JO,"العبيدي",952
JO,"الجوري",949
JO,"Gharaibeh",945
JO,"عمار",944
JO,"الجبالي",942
JO,"عبد",942
JO,"الزمان",935
JO,"Mohmmad",935
JO,"ابومحمد",933
JO,"Alabbadi",930
JO,"Shehadeh",930
JO,"نصار",929
JO,"الحسين",924
JO,"العجارمة",923
JO,"Saeed",915
JO,"Hamed",913
JO,"Najjar",910
JO,"الدعجة",908
JO,"Tamimi",907
JO,"Saadeh",907
JO,"Osama",906
JO,"الماضي",904
JO,"Alzaben",901
JO,"Waleed",901
JO,"Abood",897
JO,"Badran",891
JO,"Otoom",890
JO,"شخصيا",889
JO,"السعود",888
JO,"Abuzaid",888
JO,"مراد",888
JO,"Alkurdi",885
JO,"عياصره",884
JO,"عماد",884
JO,"الصالح",883
JO,"Amro",883
JO,"ربابعه",882
JO,"King",881
JO,"ابو علي",880
JO,"Ayman",880
JO,"الصعيدي",877
JO,"حمص",876
JO,"الغويري",873
JO,"علاونه",870
JO,"البرماوي",869
JO,"Almanaseer",869
JO,"Ayasrah",868
JO,"Khalaf",868
JO,"خلف",864
JO,"بدوي",863
JO,"سليم",861
JO,"الشرع",857
JO,"وليد",855
JO,"الحايك",855
JO,"حداد",852
JO,"الصقور",851
JO,"الضمور",851
JO,"بكلمتي",851
JO,"Zghoul",849
JO,"الشياب",846
JO,"الجمل",846
JO,"النبالي",842
JO,"الهويمل",839
JO,"راشد",839
JO,"عادل",836
JO,"Saif",836
JO,"Al-Zoubi",835
JO,"ربيع",833
JO,"المحسيري",830
JO,"Maher",830
JO,"Tawalbeh",827
JO,"Abdo",825
JO,"Shaban",823
JO,"الرواشدة",822
JO,"Ismail",822
JO,"الطويل",821
JO,"العمرو",818
JO,"Safi",813
JO,"Rashed",810
JO,"المعاني",808
JO,"Zoubi",805
JO,"الزمن",804
JO,"Saleem",803
JO,"القادري",801
JO,"Samer",800
JO,"الحلبي",799
JO,"Alaa",795
JO,"Khalid",794
JO,"كنعان",791
JO,"Ashour",788
JO,"ابو",782
JO,"عدي",780
JO,"Alali",779
JO,"حمزه",779
JO,"بني حسن",777
JO,"جوري",776
JO,"خضر",776
JO,"محاميد",775
JO,"الشديفات",775
JO,"العبد",775
JO,"على",774
JO,"عليمات",772
JO,"حسام",772
JO,"السواعير",770
JO,"Mostafa",769
JO,"Hani",767
JO,"طارق",764
JO,"القراله",761
JO,"القضاة",761
JO,"مقابله",759
JO,"زياد",758
JO,"السعيد",757
JO,"حامد",756
JO,"Alhaj",754
JO,"Ayoub",754
JO,"الحمد",753
JO,"خطاب",753
JO,"سمير",750
JO,"غانم",746
JO,"شديفات",746
JO,"زماني",746
JO,"يونس",745
JO,"Rose",744
JO,"الحوامده",744
JO,"الشمايله",742
JO,"الزواهرة",741
JO,"سلطان",741
JO,"المنسي",740
JO,"لله",740
JO,"جمعه",738
JO,"يزن",738
JO,"عبده",737
JO,"تيم",736
JO,"بطاينه",736
JO,"بني عامر",735
JO,"العيون",734
JO,"العساف",733
JO,"Baker",731
JO,"السبعاوي",730
JO,"كريم",730
JO,"الصغير",730
JO,"Alqadi",730
JO,"العطوي",728
JO,"الناصر",727
JO,"Banihani",727
JO,"Sameer",724
JO,"نفسي",722
JO,"عبدالرحمن",722
JO,"Altamimi",721
JO,"Aljarrah",720
JO,"Darwish",720
JO,"Raed",720
JO,"الطراونة",719
JO,"Mahmood",719
JO,"Frehat",717
JO,"المشاعر",716
JO,"عساف",714
JO,"Nsour",713
JO,"Alkhaldi",713
JO,"Fares",713
JO,"Taani",712
JO,"Haddadin",712
JO,"الشاعر",710
JO,"الدبوبي",709
JO,"الناطور",709
JO,"Adam",709
JO,"بركات",708
JO,"الحياري",708
JO,"عبد الرحمن",708
JO,"Obaid",708
JO,"Jo",706
JO,"الفقيه",705
JO,"الحسنات",704
JO,"Banat",703
JO,"Aljamal",703
JO,"جميل",699
JO,"Masri",699
JO,"Ibrahem",699
JO,"الشطي",698
JO,"Hatamleh",698
JO,"الجارح",696
JO,"السيلاوي",694
JO,"Alshorman",692
JO,"Ayyad",692
JO,"الورود",691
JO,"العمايره",691
JO,"Diab",691
JO,"رجب",690
JO,"الدين",690
JO,"النسور",689
JO,"عبد الله",688
JO,"عاشور",687
JO,"بني عيسى",685
JO,"طه",685
JO,"عتوم",685
JO,"الحاج",683
JO,"Alrefai",683
JO,"الكركي",682
JO,"Alsmadi",682
JO,"Rami",680
JO,"الطوباسي",675
JO,"Nazzal",675
JO,"القدومي",674
JO,"Alrawashdeh",671
JO,"داود",669
JO,"Abu Zaid",669
JO,"الشرقاوي",668
JO,"Alasmar",668
JO,"العربي",667
JO,"ابورمان",667
JO,"Awamleh",667
JO,"العشوش",665
JO,"العوامله",665
JO,"حمزة",665
JO,"البيلسان",662
JO,"Abbas",662
JO,"Almajali",661
JO,"Bani Hani",660
JO,"Asfour",659
JO,"الخزاعلة",658
JO,"بني يونس",658
JO,"الجعارات",657
JO,"السطري",654
JO,"سلمان",654
JO,"روحي",654
JO,"بدر",653
JO,"شطناوي",651
JO,"رامي",651
JO,"Hijazeen",649
JO,"Alfayez",648
JO,"نوفل",644
JO,"عمرو",644
JO,"Bassam",644
JO,"قصي",643
JO,"Mosa",643
JO,"الحمود",642
JO,"Sultan",642
JO,"قنديل",641
JO,"Sarhan",641
JO,"Allan",641
JO,"Abadi",640
JO,"الذيب",639
JO,"الكيلاني",639
JO,"مطر",639
JO,"الحديدي",638
JO,"Aqel",638
JO,"الرشدان",637
JO,"Alquraan",636
JO,"مالك",636
JO,"الهندي",635
JO,"العبدالله",634
JO,"Alzyoud",634
JO,"كمال",633
JO,"كشخه",633
JO,"Ammar",633
JO,"لولو",632
JO,"السلمان",632
JO,"Majed",631
JO,"Ghaith",629
JO,"ابو عمر",628
JO,"Nawafleh",628
JO,"حسان",628
JO,"Radwan",628
JO,"Zayed",628
JO,"المهيرات",627
JO,"زيدان",627
JO,"الحجاج",626
JO,"ماهر",626
JO,"عربيات",625
JO,"الفقهاء",624
JO,"عطيه",621
JO,"ذيابات",620
JO,"ايمن",620
JO,"يحيى",619
JO,"سامي",618
JO,"حبيب",615
JO,"Anas",614
JO,"الغياث",613
JO,"Murad",613
JO,"علوش",611
JO,"اللوزي",609
JO,"سرحان",609
JO,"غيث",609
JO,"الأمل",608
JO,"فراس",607
JO,"البستنجي",606
JO,"Khoury",606
JO,"Al-Omari",605
JO,"Hawamdeh",604
JO,"Olimat",604
JO,"Alahmad",604
JO,"Khawaldeh",602
JO,"البنا",600
JO,"Kharabsheh",600
JO,"انس",600
JO,"البوريني",599
JO,"Habashneh",599
JO,"العلاونه",598
JO,"الشلبي",597
JO,"فتحي",595
JO,"ملحم",594
JO,"الصحراء",594
JO,"التلاوي",593
JO,"Suliman",593
JO,"الديات",591
JO,"مرعي",590
JO,"مهند",590
JO,"الصباح",589
JO,"Islam",589
JO,"الصقر",588
JO,"العوضي",588
JO,"القاسم",588
JO,"Khateeb",588
JO,"البشتاوي",586
JO,"Ansari",585
JO,"العمارين",584
JO,"حرب",584
JO,"سلامة",584
JO,"حماده",583
JO,"عباس",583
JO,"Matar",579
JO,"العموري",578
JO,"النواصره",576
JO,"Mohmad",576
JO,"العامري",575
JO,"خزاعله",574
JO,"هاشم",574
JO,"وقطع",572
JO,"الصرايرة",572
JO,"Manaseer",572
JO,"Ziad",569
JO,"الروسان",568
JO,"Abdeen",568
JO,"الشمال",568
JO,"الخريشا",567
JO,"Alkhawaldeh",567
JO,"المعايطة",567
JO,"الزعيم",566
JO,"الشوابكة",566
JO,"الجمزاوي",565
JO,"Shahin",565
JO,"البلاونه",564
JO,"إبراهيم",564
JO,"الجمال",564
JO,"الرياطي",563
JO,"الشلول",561
JO,"عودة",560
JO,"رواشده",560
JO,"غنيم",559
JO,"Kilani",559
JO,"فرج",558
JO,"المطر",558
JO,"Hayajneh",558
JO,"Khattab",558
JO,"حوران",557
JO,"البدور",556
JO,"الصفدي",556
JO,"Odat",556
JO,"Dmour",556
JO,"بكر",554
JO,"مهيدات",554
JO,"الغلا",554
JO,"صقر",553
JO,"الطريفي",552
JO,"رضوان",551
JO,"بلال",551
JO,"عمران",550
JO,"Alrousan",549
JO,"رائد",549
JO,"Hamza",549
JO,"أبو محمد",548
JO,"شهاب",548
JO,"واقطع",548
JO,"الشعار",547
JO,"العورتاني",547
JO,"Sabbah",546
JO,"فادي",546
JO,"شحاده",545
JO,"ياسر",545
JO,"Masoud",544
JO,"الدباس",542
JO,"الطعاني",541
JO,"Alkateeb",541
JO,"السلام",540
JO,"احلالي",540
JO,"خليفات",539
JO,"ادم",539
JO,"جواد",539
JO,"ابو يوسف",538
JO,"الدغيمات",537
JO,"Said",537
JO,"بدران",536
JO,"Dabbas",536
JO,"العراقي",534
JO,"اللحام",533
JO,"كرم",533
JO,"سامر",533
JO,"ليث",533
JO,"الغريب",532
JO,"عدنان",532
JO,"Ibraheem",532
JO,"Hashem",532
JO,"العزازمه",531
JO,"الجعفري",531
JO,"نمر",530
JO,"Love",529
JO,"Homs",527
JO,"Toto",526
JO,"Akther",525
JO,"هاني",525
JO,"Jood",525
JO,"بني حمد",524
JO,"النوايسه",524
JO,"خليفه",523
JO,"غلاك",523
JO,"Saqer",523
JO,"الحداد",521
JO,"النمر",520
JO,"Afaneh",520
JO,"الهنداوي",518
JO,"Ameer",518
JO,"الحموي",517
JO,"أمل",516
JO,"Arar",515
JO,"Alzubi",514
JO,"Dababneh",514
JO,"الطيراوي",513
JO,"الحوري",513
JO,"الكعابنه",512
JO,"الوردات",512
JO,"الديري",512
JO,"الذنيبات",512
JO,"Jehad",512
JO,"الدوايمه",511
JO,"العبسي",511
JO,"حسونه",511
JO,"Al-Qudah",511
JO,"اليماني",510
JO,"الرياحنه",509
JO,"كامل",508
JO,"العجالين",507
JO,"Hourani",507
JO,"Elayyan",506
JO,"زايد",505
JO,"صمادي",505
JO,"الغانم",504
JO,"عياش",504
JO,"اليل",504
JO,"Khatib",504
JO,"Yahya",504
JO,"الفيومي",503
JO,"Al-Momani",503
JO,"صافي",503
JO,"شام",502
JO,"Zahran",502
JO,"ابواحمد",501
JO,"الكوز",501
JO,"خطاطبه",501
JO,"الترك",501
JO,"صبح",500
JO,"البدوي",500
JO,"Amjad",500
JO,"Deeb",499
JO,"الظلام",498
JO,"Younis",498
JO,"الجعافره",497
JO,"اسعد",497
JO,"القدر",497
JO,"Essa",497
JO,"Sara",496
JO,"Magableh",495
JO,"الباشا",494
JO,"فهد",494
JO,"Musleh",494
JO,"Yazan",493
JO,"Jarrah",492
JO,"Alassaf",492
JO,"شادي",492
JO,"Al",492
JO,"Yassin",492
JO,"الجعبري",491
JO,"Asad",491
JO,"الخضير",490
JO,"الذيابات",489
JO,"Hammouri",488
JO,"Adwan",487
JO,"عياد",485
JO,"الحمراء",484
JO,"Queen",483
JO,"Masadeh",483
JO,"Al Zoubi",483
JO,"العوضات",482
JO,"غريب",482
JO,"الحوت",481
JO,"الخليلي",480
JO,"ابوعلي",479
JO,"سلام",479
JO,"Kurdi",478
JO,"Rayan",478
JO,"Yasin",477
JO,"نصر",476
JO,"فايز",476
JO,"ابو رمان",476
JO,"Zyoud",476
JO,"وسام",476
JO,"Athamneh",474
JO,"الطفيلي",473
JO,"ماجد",473
JO,"Quraan",473
JO,"Hussain",473
JO,"Alzghoul",472
JO,"الربابعه",471
JO,"Mansi",470
JO,"Asaad",470
JO,"Rabadi",469
JO,"ابوسيف",468
JO,"السوداء",468
JO,"المرازيق",467
JO,"الوحش",467
JO,"العجلوني",467
JO,"العليمات",467
JO,"Farah",464
JO,"ملاك",463
JO,"Saed",463
JO,"العياصره",461
JO,"Madi",461
JO,"الزين",460
JO,"Alabade",460
JO,"سيد",459
JO,"الاردني",459
JO,"العشاق",459
JO,"حمودة",459
JO,"شرقي",458
JO,"العايدي",458
JO,"Al-Khateeb",457
JO,"المرعي",456
JO,"فرح",456
JO,"Awawdeh",456
JO,"Moh",456
JO,"عصام",455
JO,"Aqrabawi",455
JO,"Rahahleh",455
JO,"رزق",454
JO,"Ghannam",453
JO,"الهواري",452
JO,"الملكاوي",451
JO,"العز",451
JO,"Marwan",451
JO,"نصيرات",450
JO,"Maaitah",450
JO,"Alzboon",449
JO,"الحربي",449
JO,"Hiary",449
JO,"Ayyash",449
JO,"Al-Masri",447
JO,"ام محمد",446
JO,"البوات",446
JO,"الرقب",446
JO,"Jadallah",446
JO,"Jad",446
JO,"ابو الهيجاء",445
JO,"الازايده",444
JO,"عقل",444
JO,"العتيبي",444
JO,"Rayyan",444
JO,"Barham",444
JO,"الندى",443
JO,"الدويري",443
JO,"Alhasan",443
JO,"امين",442
JO,"العمايرة",442
JO,"الخواجا",442
JO,"البطاينه",442
JO,"البري",441
JO,"Yosef",441
JO,"Hamzeh",441
JO,"الضلام",439
JO,"خميس",439
JO,"رحال",439
JO,"الاصيل",439
JO,"الجازي",438
JO,"Lafi",438
JO,"Dawood",438
JO,"عبدو",437
JO,"مصلح",437
JO,"Shawabkeh",437
JO,"Mazen",437
JO,"Mhamad",437
JO,"الحلوين",436
JO,"Mahmod",436
JO,"Kamel",435
JO,"مشاقبه",434
JO,"العطار",433
JO,"عزام",433
JO,"عطية",432
JO,"فيصل",432
JO,"Shboul",432
JO,"Faraj",432
JO,"Almasre",431
JO,"Khater",431
JO,"ابو خالد",430
JO,"ابو الرب",430
JO,"شحادة",430
JO,"Horani",429
JO,"البداوي",428
JO,"Naimat",428
JO,"Alabed",428
JO,"Rahhal",428
JO,"Younes",428
JO,"Shalabi",427
JO,"Musa",427
JO,"رضا",425
JO,"الشافعي",425
JO,"قطيشات",425
JO,"قيس",425
JO,"Damra",425
JO,"مصطفي",424
JO,"ابو عبدالله",423
JO,"اشرف",423
JO,"Ayesh",423
JO,"আক্তার",422
JO,"العقيلي",422
JO,"شخصيآ",422
JO,"ايوب",422
JO,"القواسمي",421
JO,"الجبارات",420
JO,"الوقت",420
JO,"يعقوب",420
JO,"Qawasmi",420
JO,"Wael",420
JO,"Alajarma",420
JO,"Bakeer",419
JO,"Ameen",419
JO,"Karam",419
JO,"الأمير",418
JO,"يامن",418
JO,"القيصر",417
JO,"الصرفندي",417
JO,"الحسيني",417
JO,"يا خال",417
JO,"Yaser",417
JO,"الخرشه",416
JO,"Khazaleh",416
JO,"Alsaleh",416
JO,"عمايره",415
JO,"Shdefat",415
JO,"قوقزه",413
JO,"العطيات",413
JO,"Hamada",413
JO,"السلامات",412
JO,"الدلابيح",412
JO,"سماره",412
JO,"Asha",412
JO,"Hassouneh",412
JO,"Mhmad",412
JO,"السلطي",411
JO,"Aljbour",411
JO,"Alazzeh",411
JO,"الرفوع",410
JO,"لؤي",410
JO,"Al Masri",409
JO,"Alshareef",409
JO,"Khatatbeh",408
JO,"الصبيحي",407
JO,"حراحشه",407
JO,"Obiedat",407
JO,"انساك",406
JO,"Qawasmeh",406
JO,"Arabiat",406
JO,"Gh",406
JO,"جرار",405
JO,"نبيل",404
JO,"Aljboor",404
JO,"Mahadeen",404
JO,"هيثم",404
JO,"Alshami",404
JO,"الجندي",403
JO,"Rasheed",403
JO,"الربيحات",402
JO,"Tahat",402
JO,"الجيوسي",402
JO,"ياسمين",402
JO,"Joudeh",402
JO,"الحلوه",401
JO,"Ghazal",401
JO,"اسامه",400
JO,"فؤاد",398
JO,"صخر",398
JO,"Akram",397
JO,"Muhammad",397
JO,"الدرابسه",396
JO,"بأخلاقي",395
JO,"العابد",395
JO,"Obaidat",395
JO,"Nabulsi",395
JO,"ابو جود",394
JO,"المقابله",394
JO,"العرود",394
JO,"الوادي",394
JO,"Tareq",394
JO,"Jojo",393
JO,"حنين",393
JO,"Fayez",393
JO,"Nabeel",393
JO,"الزوايده",392
JO,"وديع",392
JO,"بسام",392
JO,"Mahasneh",392
JO,"Al-Abbadi",392
JO,"الحماد",391
JO,"غازي",391
JO,"الصلاحات",391
JO,"الشمالي",391
JO,"الخالد",390
JO,"درادكه",390
JO,"الوريكات",390
JO,"المواجده",389
JO,"الجولاني",387
JO,"خوالده",387
JO,"القريوتي",387
JO,"Salim",387
JO,"الدهني",386
JO,"الحميدي",386
JO,"Jawarneh",386
JO,"Shlool",385
JO,"اسلام",385
JO,"الصعوب",385
JO,"Zreqat",385
JO,"Salahat",385
JO,"اياد",385
JO,"السرحاني",384
JO,"Alam",384
JO,"Aburumman",384
JO,"الساحوري",383
JO,"عنانزه",383
JO,"الغول",383
JO,"رشيد",383
JO,"Hussien",383
JO,"حمدي",382
JO,"هلال",382
JO,"عاطف",382
JO,"Ashraf",382
JO,"الرشايده",381
JO,"الشقران",381
JO,"الحراسيس",381
JO,"الرمحي",381
JO,"Habash",381
JO,"الجزار",380
JO,"الحواري",380
JO,"Shorman",380
JO,"خصاونه",380
JO,"Radaideh",380
JO,"Ahmmad",380
JO,"الدرباني",379
JO,"الشبلي",379
JO,"المراعبه",379
JO,"Ananzeh",379
JO,"Altaweel",379
JO,"Alnaimat",379
JO,"باشا",377
JO,"جمعة",377
JO,"حمود",377
JO,"Assi",377
JO,"شوق",377
JO,"مومني",376
JO,"Daradkeh",376
JO,"Hijjawi",376
JO,"Alramahi",376
JO,"Hadad",376
JO,"Khaleel",376
JO,"Faouri",375
JO,"Obeid",374
JO,"مجهول",373
JO,"Zboon",373
JO,"جوده",373
JO,"Kanan",373
JO,"Otoum",373
JO,"Begum",372
JO,"جلال",372
JO,"جهاد",372
JO,"علقم",372
JO,"Qandeel",372
JO,"Hindi",372
JO,"Talal",372
JO,"Nedal",372
JO,"Jameel",372
JO,"فوزي",371
JO,"ايهم",371
JO,"Zain",371
JO,"Prince",370
JO,"القصراوي",370
JO,"Alshobaki",370
JO,"Ennab",370
JO,"صبحي",369
JO,"زبون",369
JO,"وائل",369
JO,"Jaafreh",369
JO,"الزهور",368
JO,"الغزو",368
JO,"Yaghi",368
JO,"المراعيه",367
JO,"Alamro",367
JO,"Suleiman",367
JO,"Meme",366
JO,"العباسي",366
JO,"Alqam",366
JO,"رورو",365
JO,"مسعود",365
JO,"صهيب",365
JO,"ميدو",364
JO,"الحراحشة",364
JO,"Alsoud",364
JO,"Arafat",364
JO,"العيساوي",363
JO,"Almasry",363
JO,"البيطار",363
JO,"شريف",362
JO,"Alsharif",362
JO,"Eyad",362
JO,"محسن",361
JO,"مروان",361
JO,"Elayan",361
JO,"الشرعة",360
JO,"Asmar",360
JO,"Alsarhan",360
JO,"زين",360
JO,"Alfar",360
JO,"Jawad",360
JO,"ابو ريان",359
JO,"আকতার",359
JO,"طوالبه",359
JO,"Alsayed",359
JO,"Al Omari",359
JO,"Faisal",358
JO,"صابر",357
JO,"السليحات",357
JO,"الخليفات",357
JO,"بني مصطفى",357
JO,"Abu Ali",357
JO,"Aldaja",357
JO,"داوود",356
JO,"Mohd",356
JO,"Bitar",356
JO,"العين",355
JO,"دويكات",355
JO,"Alfaouri",355
JO,"Alhourani",355
JO,"Ata",354
JO,"Jalal",354
JO,"Qatawneh",354
JO,"طراونه",354
JO,"الشايب",353
JO,"المستريحي",353
JO,"Marie",353
JO,"الحامد",352
JO,"حيمور",352
JO,"الابيض",352
JO,"Hyari",352
JO,"Fadi",352
JO,"السعيدي",351
JO,"Migdadi",351
JO,"Manasra",351
JO,"Musallam",351
JO,"مياس",350
JO,"حياصات",350
JO,"Flower",349
JO,"الدوايمة",349
JO,"شرف",349
JO,"البخيت",349
JO,"Alnadi",349
JO,"Alhorani",349
JO,"Kiswani",349
JO,"طعاني",349
JO,"ابو راشد",348
JO,"Malak",348
JO,"ام",347
JO,"أبو زيد",347
JO,"هشام",347
JO,"البشر",347
JO,"الأسمر",346
JO,"مازن",346
JO,"معتز",346
JO,"Alturk",346
JO,"الرويلي",345
JO,"هديب",345
JO,"Okour",345
JO,"Hyasat",345
JO,"Fakhoury",345
JO,"عابد",344
JO,"عبادي",344
JO,"Arabiyat",344
JO,"Atieh",344
JO,"القطاونه",343
JO,"الجريري",343
JO,"Jamous",343
JO,"Alshaer",343
JO,"Nader",343
JO,"Ramahi",343
JO,"جاد",342
JO,"Talafha",342
JO,"Abubaker",342
JO,"الهوى",342
JO,"ذيب",341
JO,"غنام",341
JO,"Darabseh",341
JO,"خليفة",339
JO,"صوالحه",339
JO,"Kasasbeh",339
JO,"الياسين",338
JO,"Amayreh",338
JO,"صباح",338
JO,"Shehab",338
JO,"الاحلام",338
JO,"الجاسم",337
JO,"الصياد",337
JO,"الجوهري",337
JO,"الوحيدي",337
JO,"Shaker",337
JO,"Qasrawi",337
JO,"Kaled",337
JO,"Morad",337
JO,"الاشقر",336
JO,"Al Momani",336
JO,"السالم",335
JO,"Sammour",335
JO,"Alkhawaja",335
JO,"رعد",334
JO,"البرغوثي",334
JO,"Salama",334
JO,"Hajeer",334
JO,"المحبه",334
JO,"العثمان",333
JO,"النصيرات",333
JO,"الأحمد",333
JO,"الخصاونه",333
JO,"Amin",333
JO,"ابو حسين",332
JO,"شاكر",332
JO,"الشويات",332
JO,"ذياب",332
JO,"طلال",332
JO,"الحديد",332
JO,"ابو صالح",331
JO,"اليوسف",331
JO,"غنيمات",331
JO,"ادريس",331
JO,"برهم",331
JO,"Naji",331
JO,"النوايشه",330
JO,"العرب",330
JO,"الدلكي",330
JO,"باخلاقي",330
JO,"عبابنة",330
JO,"الخلف",329
JO,"Omran",329
JO,"النواجي",328
JO,"الفريحات",328
JO,"سمور",328
JO,"الدهامشه",327
JO,"الرواحنه",327
JO,"الخطاطبه",327
JO,"السقار",327
JO,"سرور",327
JO,"عدوان",327
JO,"زغول",327
JO,"Bani Yaseen",327
JO,"Khresat",327
JO,"معاذ",327
JO,"المساعفه",326
JO,"خير",326
JO,"خشان",326
JO,"الهباهبه",326
JO,"زعبي",326
JO,"Hazaimeh",326
JO,"العلاقمه",325
JO,"زبيدي",325
JO,"السيوف",325
JO,"Al-Qaisi",325
JO,"Alnaser",325
JO,"Khraisat",325
JO,"Migdady",325
JO,"Badarneh",325
JO,"العمرات",324
JO,"Hasanat",324
JO,"الصالحي",324
JO,"Alhayek",324
JO,"قويدر",323
JO,"نزال",323
JO,"Qaisi",323
JO,"Srour",323
JO,"Alsheikh",323
JO,"Atef",323
JO,"Ammari",323
JO,"مشعل",322
JO,"Dweik",322
JO,"ابوتايه",321
JO,"الفالوجي",321
JO,"الشريده",321
JO,"Alkharabsheh",321
JO,"امجد",321
JO,"Jallad",321
JO,"رهف",321
JO,"Alnsour",320
JO,"Khalifa",320
JO,"Sabri",320
JO,"الدنيا",320
JO,"الشنابله",319
JO,"الحاج علي",319
JO,"الريم",319
JO,"الحوامدة",319
JO,"Telfah",319
JO,"Albanna",319
JO,"Kreshan",319
JO,"Abdalla",319
JO,"رياض",318
JO,"الغرابلي",318
JO,"عايش",318
JO,"Sharaf",318
JO,"الريان",318
JO,"الراعي",317
JO,"قطيش",317
JO,"عودات",317
JO,"سند",317
JO,"Daraghmeh",317
JO,"نضال",317
JO,"Hattar",317
JO,"القواسمه",316
JO,"Manasrah",316
JO,"Nimer",316
JO,"القصاص",315
JO,"الطهراوي",315
JO,"نايف",314
JO,"سويدان",314
JO,"وشاح",314
JO,"Alabsi",314
JO,"Khalifeh",314
JO,"ابوعمر",313
JO,"Maabreh",312
JO,"Alqasem",312
JO,"Akhtar",311
JO,"الجابري",311
JO,"البشابشه",311
JO,"سعاده",311
JO,"Habahbeh",311
JO,"Alhindi",311
JO,"Amr",311
JO,"Nimri",311
JO,"ابو محمود",310
JO,"المشاهره",310
JO,"الجالودي",310
JO,"زيتون",310
JO,"Badawi",310
JO,"Nasrallah",310
JO,"البراهمه",309
JO,"عرار",309
JO,"الحموري",309
JO,"هياجنه",309
JO,"Freihat",309
JO,"Daas",309
JO,"Alrashdan",309
JO,"السلايطه",308
JO,"زهرة",308
JO,"الزيادنه",308
JO,"المقدادي",308
JO,"فياض",308
JO,"Fahmawi",308
JO,"Anwar",308
JO,"Laith",308
JO,"Sar",308
JO,"صبري",307
JO,"المحاسنه",307
JO,"جبريل",307
JO,"زكريا",307
JO,"جادالله",307
JO,"النتشه",307
JO,"شهد",307
JO,"بدويه",306
JO,"الصباغ",306
JO,"أمير",306
JO,"Hammoudeh",306
JO,"المرافي",305
JO,"غرايبه",305
JO,"Fayyad",305
JO,"المختار",304
JO,"القويسم",304
JO,"الشحادات",304
JO,"جعفر",304
JO,"البدارين",304
JO,"Alshboul",304
JO,"Arab",304
JO,"الخير",304
JO,"سوري",303
JO,"عبد العزيز",303
JO,"الخاطر",303
JO,"ارشيدات",303
JO,"Sam",303
JO,"Belal",303
JO,"Al Ali",303
JO,"الدليمي",302
JO,"زهران",302
JO,"الشناق",302
JO,"منسي",302
JO,"حزن",302
JO,"Alkiswani",302
JO,"Alajarmah",302
JO,"Shammout",302
JO,"العرابي",301
JO,"Sallam",301
JO,"حتامله",301
JO,"Aljammal",301
JO,"Al-Najjar",301
JO,"Alkouz",300
JO,"الاسعد",300
JO,"الشتاء",300
JO,"الريموني",299
JO,"ابو العز",299
JO,"الفقير",299
JO,"ابو سالم",299
JO,"Alhariri",299
JO,"النوافله",299
JO,"Samhan",299
JO,"Yacoub",299
JO,"Ma",299
JO,"المشاعله",298
JO,"مبارك",298
JO,"بشتاوي",298
JO,"Rabah",298
JO,"Qasim",298
JO,"خرابشه",297
JO,"الفار",297
JO,"عرابي",297
JO,"Hanandeh",297
JO,"Jamil",297
JO,"Al Khateeb",297
JO,"ورد",297
JO,"الملك",296
JO,"نيسان",296
JO,"الاسد",296
JO,"Al-Adwan",296
JO,"Kloub",296
JO,"Tayeh",296
JO,"Malek",296
JO,"الخشان",295
JO,"الشعلان",295
JO,"توفيق",295
JO,"خاطر",295
JO,"حباشنه",295
JO,"Altarawneh",295
JO,"نصرالله",295
JO,"Syr",295
JO,"العمور",294
JO,"الجنيدي",294
JO,"الشرق",294
JO,"Alhassan",294
JO,"Abu Rumman",294
JO,"Barqawi",294
JO,"Nabil",294
JO,"ابو عدي",293
JO,"ابو حسن",293
JO,"الترابين",293
JO,"الشمايلة",293
JO,"العوادي",292
JO,"الحجوج",292
JO,"الطوالبه",292
JO,"هنداوي",292
JO,"Atoom",292
JO,"Alatrash",292
JO,"Alshawabkeh",292
JO,"الرواجفه",291
JO,"Kumari",291
JO,"درعا",291
JO,"سعادة",291
JO,"Zaben",291
JO,"Abu Baker",291
JO,"الدويكات",290
JO,"Aljabali",290
JO,"النوباني",290
JO,"غزل",290
JO,"Alnatsheh",290
JO,"المحمود",289
JO,"عبدالعزيز",289
JO,"الغراغير",289
JO,"Amawi",289
JO,"الجوريه",288
JO,"পাখি",288
JO,"دياب",288
JO,"العايد",288
JO,"Nour",288
JO,"الثوابي",287
JO,"علام",287
JO,"حاتم",287
JO,"المبيضين",287
JO,"حمايده",287
JO,"الحسبان",287
JO,"Dagamseh",287
JO,"زمان",287
JO,"Attar",287
JO,"Hamam",287
JO,"العبابنه",286
JO,"Alsayyed",286
JO,"الشباطات",285
JO,"حلا",285
JO,"بني سلامه",285
JO,"المحيسن",285
JO,"سمرين",285
JO,"الاطرش",285
JO,"Ibdah",285
JO,"Khlifat",285
JO,"ناجي",284
JO,"الزريقات",284
JO,"Abdallat",284
JO,"Hussam",284
JO,"Nana",283
JO,"الخمايسه",283
JO,"الدومي",283
JO,"الخريف",283
JO,"عرب",283
JO,"الحرباوي",283
JO,"Sleman",283
JO,"ابويوسف",282
JO,"العونه",282
JO,"الابراهيم",282
JO,"صبيح",282
JO,"Hindawi",282
JO,"Aldabbas",282
JO,"Alshaikh",282
JO,"ابو يزن",281
JO,"جراح",281
JO,"البيك",281
JO,"شويات",281
JO,"Allouzi",281
JO,"الحزان",281
JO,"Sahawneh",281
JO,"Faris",281
JO,"ال",280
JO,"الجود",280
JO,"Mhammad",280
JO,"النعانعه",279
JO,"بشير",279
JO,"عناب",279
JO,"حازم",279
JO,"لافي",279
JO,"Zedan",279
JO,"Albdour",279
JO,"Amaireh",279
JO,"Aldajah",279
JO,"Farhan",279
JO,"الدار",278
JO,"الهزايمه",278
JO,"Khair",278
JO,"Dana",278
JO,"Boss",277
JO,"باكير",277
JO,"العزه",277
JO,"Diabat",277
JO,"Ahmd",277
JO,"محيسن",277
JO,"Al-Khatib",277
JO,"Safadi",277
JO,"Yadav",276
JO,"القطيفان",276
JO,"الحمادين",276
JO,"ال خطاب",276
JO,"الشاويش",276
JO,"Abuali",276
JO,"الدويك",276
JO,"Farraj",276
JO,"Mohammd",276
JO,"شمس",276
JO,"Mhmd",276
JO,"حر",275
JO,"ابو عواد",275
JO,"الخولي",275
JO,"بشار",275
JO,"مريم",275
JO,"كساسبه",274
JO,"الرعود",274
JO,"الاخرس",274
JO,"الطيطي",274
JO,"عبد القادر",274
JO,"الجمره",273
JO,"الموسى",273
JO,"العوران",273
JO,"Alameer",273
JO,"Hawari",273
JO,"Alomary",273
JO,"Madanat",273
JO,"الجورية",272
JO,"المقداد",272
JO,"الحروب",272
JO,"Bdour",272
JO,"Darweesh",272
JO,"عبد الهادي",272
JO,"Soub",272
JO,"Kareem",272
JO,"Alawamleh",271
JO,"Turk",271
JO,"Agha",271
JO,"الشخانبه",270
JO,"Maayah",270
JO,"الديب",269
JO,"القصر",269
JO,"الثلج",269
JO,"Saber",269
JO,"Shraideh",269
JO,"Btoush",269
JO,"السقا",268
JO,"الديك",268
JO,"السخني",268
JO,"الرنتيسي",268
JO,"Ryalat",268
JO,"تامر",268
JO,"Hisham",268
JO,"خضير",267
JO,"مقبل",267
JO,"Titi",267
JO,"Hattab",267
JO,"Ghazi",267
JO,"Feras",267
JO,"Nemer",266
JO,"Jarwan",266
JO,"ابو وديع",265
JO,"عنيزات",265
JO,"الشراري",265
JO,"الفهد",265
JO,"ريماس",265
JO,"Rajab",265
JO,"Rousan",265
JO,"الجميلي",264
JO,"الاسطوره",264
JO,"الفواز",264
JO,"الخليج",264
JO,"الناس",264
JO,"Orabi",264
JO,"شلبي",263
JO,"بكبريائي",263
JO,"اميره",263
JO,"Samir",263
JO,"Aziz",263
JO,"Refai",263
JO,"Zakarneh",263
JO,"Batarseh",263
JO,"Basem",263
JO,"ابو فارس",262
JO,"حمادة",262
JO,"سعود",262
JO,"Alomoush",262
JO,"الحنين",262
JO,"Khrisat",262
JO,"Basheer",262
JO,"باسل",262
JO,"Khrais",262
JO,"Mohamd",262
JO,"Karadsheh",262
JO,"حسني",261
JO,"الصوالحه",261
JO,"حميد",261
JO,"الغرايبه",261
JO,"الوديان",261
JO,"Hayek",261
JO,"Hatem",261
JO,"Taher",261
JO,"ابو يحيى",260
JO,"ابو بكر",260
JO,"تركي",260
JO,"عرفات",260
JO,"Shami",260
JO,"الاردنيه",259
JO,"عضيبات",259
JO,"الشقيرات",259
JO,"Alward",259
JO,"وسيم",259
JO,"Battah",259
JO,"الزامل",258
JO,"ابوالرب",258
JO,"الريح",258
JO,"الخضري",258
JO,"العاصي",258
JO,"Wahdan",258
JO,"Nawaiseh",258
JO,"المدائن",257
JO,"ابو خليل",257
JO,"عزيز",257
JO,"الفلاحات",257
JO,"تيسير",257
JO,"Alkhateb",257
JO,"Al-Majali",257
JO,"السبع",256
JO,"المشرقي",256
JO,"مجدي",256
JO,"Badwan",256
JO,"Shishani",256
JO,"Fakhouri",256
JO,"السعيديين",255
JO,"الراضي",255
JO,"الجيزاوي",255
JO,"الخطبا",254
JO,"الجوارنه",254
JO,"الجعافرة",254
JO,"النتشة",254
JO,"السوس",253
JO,"Alsham",253
JO,"الرحاحله",253
JO,"Darawsheh",253
JO,"Alquran",253
JO,"عذاب",253
JO,"Zeidan",253
JO,"البدري",252
JO,"ابو محفوظ",252
JO,"شقيرات",252
JO,"Alsoudi",252
JO,"عياصرة",252
JO,"Alsrhan",252
JO,"حوامده",252
JO,"Rashdan",252
JO,"Herzallah",252
JO,"Akhter",251
JO,"زكي",251
JO,"المرايات",251
JO,"انور",251
JO,"الباز",251
JO,"Alnatour",251
JO,"اليازوري",250
JO,"صدام",250
JO,"السكافي",250
JO,"شريم",250
JO,"جكر",250
JO,"Zaki",250
JO,"Alawi",250
JO,"ابوخالد",249
JO,"رفاعي",249
JO,"Bawaneh",249
JO,"Omoush",249
JO,"Amar",249
JO,"العبود",248
JO,"العوض",248
JO,"البكار",248
JO,"عطا",248
JO,"ابو عيد",248
JO,"جوارنه",248
JO,"جروح",248
JO,"Twal",248
JO,"Dwairi",248
JO,"Kayyali",248
JO,"نعيم",247
JO,"فراج",247
JO,"السعايده",247
JO,"Alamer",247
JO,"Al Qaisi",247
JO,"القيام",247
JO,"Alhawamdeh",247
JO,"Al Qudah",247
JO,"Marji",247
JO,"Samawi",247
JO,"Sulaiman",247
JO,"الدبس",246
JO,"نادر",246
JO,"Alshalabi",246
JO,"ثائر",246
JO,"ابو العبد",245
JO,"الضلاعين",245
JO,"Weshah",245
JO,"Nasr",245
JO,"Al-Tarawneh",245
JO,"Azar",245
JO,"Soso",244
JO,"الصوص",244
JO,"البكري",244
JO,"مناصره",244
JO,"ساره",244
JO,"علان",244
JO,"Hazem",244
JO,"الدمشقي",243
JO,"الاميره",243
JO,"المصاروه",243
JO,"مساعده",243
JO,"Harahsheh",243
JO,"Zalloum",243
JO,"Atallah",243
JO,"الموالي",242
JO,"Sabha",242
JO,"Khamis",242
JO,"أبو علي",241
JO,"البشير",241
JO,"Uf",241
JO,"بدير",241
JO,"ابداح",241
JO,"الحجاوي",241
JO,"Essam",241
JO,"Albakri",241
JO,"حريري",240
JO,"حسونة",240
JO,"Bani Issa",240
JO,"Batayneh",240
JO,"Jafar",240
JO,"Omer",240
JO,"Zakaria",240
JO,"Sweet",239
JO,"الحجي",239
JO,"ابو شهاب",239
JO,"كلوب",239
JO,"ياخال",239
JO,"شقير",239
JO,"Habib",239
JO,"Alkhteeb",239
JO,"Wesam",239
JO,"Dajani",239
JO,"ابو كرم",238
JO,"ممدوح",238
JO,"الشواهين",238
JO,"Aslan",238
JO,"Al-Rawashdeh",238
JO,"Salh",238
JO,"Radi",238
JO,"Jabr",238
JO,"منير",237
JO,"السماء",237
JO,"الذهبي",237
JO,"هزايمه",237
JO,"Alzubaidi",237
JO,"Matarneh",237
JO,"Ayash",237
JO,"الاعرج",237
JO,"Salam",237
JO,"Sabbagh",237
JO,"Alhmoud",237
JO,"الظاهر",236
JO,"الكايد",236
JO,"Thaher",236
JO,"Al Abbadi",236
JO,"عيونك",236
JO,"الجبل",236
JO,"الراشد",235
JO,"الحمدان",235
JO,"مستريحي",235
JO,"فحماوي",235
JO,"الفاخوري",235
JO,"Hamadneh",235
JO,"Aljabari",235
JO,"Kakish",235
JO,"Shatat",235
JO,"مصري",234
JO,"السوالمه",234
JO,"الربايعه",234
JO,"Alaqrabawi",234
JO,"Alsalhi",234
JO,"Ak",234
JO,"العنابي",233
JO,"الرجبي",233
JO,"Zidan",233
JO,"Khashan",233
JO,"العزة",233
JO,"Alani",233
JO,"Firas",233
JO,"الوخيان",232
JO,"حمو",232
JO,"العفيشات",232
JO,"مقابلة",232
JO,"كيوان",232
JO,"الغروب",232
JO,"Njadat",232
JO,"بطاح",232
JO,"Mansor",232
JO,"بني سلمان",232
JO,"البوادي",232
JO,"مجالي",232
JO,"Tayyem",232
JO,"Heart",232
JO,"مزيون",231
JO,"الدقس",231
JO,"عبد الكريم",231
JO,"Sham",231
JO,"Saraireh",231
JO,"Bakri",231
JO,"Obidat",231
JO,"الخنازره",230
JO,"ثابت",230
JO,"Basha",230
JO,"الكفاوين",230
JO,"عويس",230
JO,"الياس",230
JO,"رحاحله",230
JO,"طبيشات",230
JO,"Mohsen",230
JO,"Abdelhadi",230
JO,"Sa",230
JO,"علاوي",229
JO,"الطحان",229
JO,"Al Adwan",229
JO,"Kassab",229
JO,"Alakhras",229
JO,"Alkhalili",229
JO,"Daher",229
JO,"النجادات",228
JO,"Hossain",228
JO,"الرواجيح",228
JO,"ادهم",228
JO,"Khawaja",228
JO,"Sartawi",228
JO,"Alhadidi",228
JO,"يارب",228
JO,"الحراكي",227
JO,"السليمان",227
JO,"النعيم",227
JO,"Hariri",227
JO,"Ajlouni",227
JO,"شحاته",226
JO,"اردنيه",226
JO,"Aldeen",226
JO,"ابو حماد",226
JO,"Almaani",226
JO,"عاصي",226
JO,"ابو جواد",225
JO,"الهويه",225
JO,"ابوديه",225
JO,"القطامين",225
JO,"المصطفى",225
JO,"عبدالهادي",225
JO,"حوراني",225
JO,"Sweidan",225
JO,"Alrawi",225
JO,"Irshaid",225
JO,"شموخي",225
JO,"العيد",224
JO,"الرحال",224
JO,"قبلان",224
JO,"هارون",224
JO,"جودة",224
JO,"Fathi",224
JO,"Yassen",224
JO,"Darwesh",224
JO,"Al Najjar",224
JO,"Fraihat",224
JO,"صمت",224
JO,"Al-Tamimi",224
JO,"الرشيد",223
JO,"نرجس",223
JO,"العنيزات",223
JO,"Bani Amer",223
JO,"الصادق",223
JO,"زمن",223
JO,"العالم",223
JO,"ندى",223
JO,"الكل",223
JO,"Alnajar",223
JO,"Tayseer",223
JO,"Atari",223
JO,"Al-Ali",223
JO,"عايد",222
JO,"ابو سرحان",222
JO,"Alserhan",222
JO,"Madadha",222
JO,"وحيد",221
JO,"ابو ربيع",221
JO,"Black",221
JO,"عفانه",221
JO,"السحيمات",221
JO,"الخضور",221
JO,"Adaileh",221
JO,"لغتي",221
JO,"Taleb",221
JO,"فاروق",220
JO,"معروف",220
JO,"ابو شنب",220
JO,"Hlalat",220
JO,"باسم",220
JO,"العذاب",220
JO,"ورده",220
JO,"Alfaqeeh",220
JO,"Alodat",220
JO,"Bashabsheh",220
JO,"Tamer",220
JO,"العشيبات",219
JO,"الشربيني",219
JO,"Almahsere",219
JO,"غزال",219
JO,"Alissa",219
JO,"Al-Abadi",219
JO,"Hadi",219
JO,"بروحي",219
JO,"Siam",219
JO,"ابوعبدالله",218
JO,"عبدالحميد",218
JO,"الرشيدي",218
JO,"الحنان",218
JO,"Alaraj",218
JO,"Thabet",218
JO,"Natsheh",218
JO,"Mubarak",218
JO,"الهقيش",217
JO,"نجادات",217
JO,"طالب",217
JO,"حجير",217
JO,"Khalel",217
JO,"حكايه",217
KW,"Khan",66997
KW,"Ali",51841
KW,"Kumar",46754
KW,"Singh",28205
KW,"Ahmed",28194
KW,"Ahmad",17278
KW,"Islam",15043
KW,"Hossain",13668
KW,"Mohamed",12599
KW,"Hussain",12290
KW,"Alam",10922
KW,"Yadav",10879
KW,"Shaik",10406
KW,"Mohammed",10365
KW,"Patel",9705
KW,"Ansari",9160
KW,"Uddin",8891
KW,"Reddy",8664
KW,"Basha",8328
KW,"Kumari",8192
KW,"Rahman",8125
KW,"Babu",7406
KW,"Kwt",7213
KW,"Raju",7052
KW,"Al",6931
KW,"Raj",6898
KW,"Hassan",6756
KW,"Shaikh",6595
KW,"Alajmi",6541
KW,"Mohammad",6508
KW,"Miah",6034
KW,"Love",5489
KW,"Hasan",5415
KW,"Patidar",5270
KW,"Abdullah",5128
KW,"Sk",4880
KW,"Ibrahim",4843
KW,"Rai",4787
KW,"Almutairi",4783
KW,"Rana",4712
KW,"Sharma",4509
KW,"Ram",4501
KW,"Tamang",4463
KW,"Das",4404
KW,"Alazmi",4370
KW,"Thomas",4355
KW,"Raja",4147
KW,"Mia",4141
KW,"Prasad",3997
KW,"Saad",3980
KW,"Magar",3890
KW,"Kamal",3867
KW,"Lama",3583
KW,"Lal",3569
KW,"Alenezi",3437
KW,"Joseph",3270
KW,"Panchal",3265
KW,"Mahmoud",3253
KW,"Mathew",3219
KW,"Malik",3173
KW,"Khaled",3135
KW,"Fernandes",3123
KW,"Shah",3099
KW,"John",3041
KW,"Thapa",3032
KW,"Iqbal",2963
KW,"Omar",2888
KW,"Salem",2883
KW,"Aziz",2877
KW,"Abbas",2875
KW,"Mani",2840
KW,"Jamal",2839
KW,"Fahad",2816
KW,"Miya",2768
KW,"Gurung",2714
KW,"Kumara",2680
KW,"George",2656
KW,"Amin",2641
KW,"Varghese",2610
KW,"King",2571
KW,"Chauhan",2553
KW,"Alotaibi",2520
KW,"Saleh",2514
KW,"Abdul",2511
KW,"Sayed",2498
KW,"Sheikh",2484
KW,"Gupta",2444
KW,"Mohamad",2437
KW,"Noor",2431
KW,"Ismail",2426
KW,"Chaudhary",2409
KW,"Krishna",2406
KW,"Dashti",2396
KW,"Ahamed",2393
KW,"Bhai",2389
KW,"Alenzi",2389
KW,"Adel",2388
KW,"Dsouza",2363
KW,"D.D/J",2350
KW,"Rani",2343
KW,"Yousef",2342
KW,"Alali",2341
KW,"Muhammad",2329
KW,"Husain",2283
KW,"Khalid",2274
KW,"Mondal",2271
KW,"Hamad",2249
KW,"Syed",2184
KW,"Mohd",2167
KW,"Bader",2164
KW,"Rao",2160
KW,"Anwar",2151
KW,"Ullah",2136
KW,"Salah",2115
KW,"Salim",2099
KW,"Mandal",2097
KW,"Nair",2097
KW,"Biswas",2094
KW,"Ashraf",2081
KW,"Ramesh",2022
KW,"Salam",1996
KW,"Ed",1989
KW,"Nasser",1955
KW,"Suresh",1953
KW,"Kw",1944
KW,"Saleem",1937
KW,"Alm",1928
KW,"Ravi",1897
KW,"Molla",1888
KW,"Mostafa",1880
KW,"Alanzi",1853
KW,"Sara",1816
KW,"Ramana",1811
KW,"Hameed",1810
KW,"Samy",1796
KW,"Sultan",1790
KW,"Imran",1786
KW,"Alhajri",1759
KW,"Rose",1741
KW,"Sarkar",1737
KW,"Roy",1714
KW,"Maya",1694
KW,"Mohan",1683
KW,"Arif",1682
KW,"Siva",1671
KW,"Jose",1667
KW,"Cruz",1666
KW,"Chandra",1662
KW,"Ddg",1656
KW,"Kalam",1649
KW,"Rashid",1644
KW,"Nayak",1635
KW,"Srinu",1630
KW,"Ced",1620
KW,"Butt",1618
KW,"Faruk",1616
KW,"Naser",1595
KW,"Hossen",1583
KW,"Karim",1580
KW,"Hossin",1576
KW,"Kalal",1571
KW,"Mustafa",1566
KW,"Lee",1552
KW,"Aslam",1543
KW,"Abdulla",1540
KW,"Salman",1529
KW,"Garcia",1519
KW,"Alshammari",1511
KW,"Khalil",1507
KW,"Habib",1503
KW,"Reyes",1489
KW,"Naidu",1482
KW,"Faisal",1478
KW,"Shrestha",1474
KW,"Ch",1473
KW,"Afridi",1468
KW,"Thakur",1464
KW,"Rajan",1458
KW,"Gamal",1457
KW,"Santos",1455
KW,"Pathan",1452
KW,"Joy",1445
KW,"Said",1436
KW,"Abraham",1433
KW,"Alom",1428
KW,"Sah",1402
KW,"Perera",1397
KW,"Pal",1396
KW,"Raza",1390
KW,"Limbu",1390
KW,"Krishnan",1381
KW,"Paul",1380
KW,"Rahim",1371
KW,"Lopez",1371
KW,"Prajapat",1366
KW,"Sha",1365
KW,"Hamed",1364
KW,"Gill",1359
KW,"Akter",1349
KW,"Hossan",1347
KW,"Abdo",1340
KW,"Rahaman",1336
KW,"Miha",1322
KW,"Akbar",1320
KW,"Bahadur",1306
KW,"Als",1306
KW,"Ramos",1302
KW,"Samir",1297
KW,"Mubarak",1292
KW,"India",1288
KW,"Dela Cruz",1283
KW,"Royal",1280
KW,"Deen",1278
KW,"Jan",1275
KW,"Kareem",1265
KW,"Alkandari",1252
KW,"Ahamad",1248
KW,"Jacob",1248
KW,"Mulla",1237
KW,"Ala",1237
KW,"Sami",1233
KW,"Bd",1230
KW,"Fernandez",1225
KW,"Mendoza",1223
KW,"Haque",1219
KW,"Akram",1209
KW,"Prakash",1208
KW,"Sam",1205
KW,"Mahmood",1201
KW,"Muhammed",1201
KW,"Rafi",1199
KW,"Adam",1197
KW,"Alharbi",1190
KW,"Saeed",1180
KW,"Rajesh",1171
KW,"Ramu",1164
KW,"Saab",1155
KW,"Sh",1148
KW,"Kc",1144
KW,"Kazi",1138
KW,"Mamun",1131
KW,"Pillai",1130
KW,"Devi",1122
KW,"Monir",1121
KW,"Alshatti",1120
KW,"Mahto",1112
KW,"Murugan",1112
KW,"Suthar",1108
KW,"Nasir",1105
KW,"Antony",1101
KW,"Sri",1097
KW,"Asif",1092
KW,"Shahid",1088
KW,"Sameer",1088
KW,"Sankar",1084
KW,"Rashed",1082
KW,"Sumon",1081
KW,"Awad",1081
KW,"Ma",1079
KW,"Hussein",1078
KW,"Giri",1074
KW,"Karki",1069
KW,"Alqattan",1069
KW,"Bhatiya",1062
KW,"Usman",1062
KW,"Jain",1060
KW,"Azmi",1059
KW,"Man",1059
KW,"Mirza",1058
KW,"Nishad",1055
KW,"Kannan",1055
KW,"Arshad",1048
KW,"Kabir",1045
KW,"Sing",1040
KW,"Hanif",1038
KW,"Sharif",1036
KW,"Mansour",1031
KW,"Choudhary",1026
KW,"Muthu",1023
KW,"Ail",1022
KW,"Shekh",1013
KW,"Smith",1013
KW,"Flores",1009
KW,"Nepal",1006
KW,"Chand",1003
KW,"Hari",1001
KW,"Amer",1000
KW,"Tailor",999
KW,"Akhtar",999
KW,"Saini",997
KW,"Pandey",997
KW,"Irfan",991
KW,"Heart",991
KW,"Aman",990
KW,"Kuw",988
KW,"Rajput",980
KW,"Hosen",978
KW,"Alqallaf",977
KW,"D/J-Fj",976
KW,"Naik",969
KW,"Waleed",964
KW,"Lakshmi",963
KW,"Mannan",960
KW,"Moh",960
KW,"Osman",956
KW,"Perez",955
KW,"Ramadan",953
KW,"Mallick",951
KW,"Pk",951
KW,"Ebrahim",947
KW,"Ejf",942
KW,"Hoque",940
KW,"Baba",939
KW,"Alkhaldi",936
KW,"Fernando",935
KW,"Alli",933
KW,"Taha",933
KW,"Bala",925
KW,"Pradhan",922
KW,"Sa",918
KW,"Yousuf",915
KW,"Amir",915
KW,"Ray",910
KW,"Khadka",909
KW,"Rasheed",907
KW,"De",907
KW,"Mon",904
KW,"Sahani",899
KW,"Chandran",896
KW,"Prince",895
KW,"Nath",892
KW,"Mughal",887
KW,"Shafi",885
KW,"Jaber",885
KW,"Alrashidi",884
KW,"Abdallah",881
KW,"Kader",880
KW,"Kp",874
KW,"Hamza",872
KW,"Vijay",871
KW,"Cool",871
KW,"Ana",871
KW,"Khalaf",867
KW,"Vimal",866
KW,"Basheer",866
KW,"Kamel",864
KW,"Kh",863
KW,"Rehman",862
KW,"Bautista",861
KW,"As",861
KW,"Bhoi",859
KW,"Chinna",853
KW,"Babul",853
KW,"Taher",852
KW,"Kutty",852
KW,"Bhatti",851
KW,"James",851
KW,"Alsh",847
KW,"Sandhu",845
KW,"Gonzales",841
KW,"Eid",841
KW,"Emad",841
KW,"Chouhan",840
KW,"Venkatesh",840
KW,"Kumare",838
KW,"Chowdhury",836
KW,"Afzal",832
KW,"David",832
KW,"Hamid",831
KW,"Mk",830
KW,"Harun",827
KW,"Gujjar",824
KW,"Zaman",823
KW,"Latha",821
KW,"Lanka",816
KW,"Mahato",815
KW,"Almutiri",814
KW,"Karam",810
KW,"Venkat",809
KW,"Ameen",809
KW,"Alaa",809
KW,"Rafiq",806
KW,"Munna",806
KW,"Sy",806
KW,"Essa",803
KW,"Narayana",802
KW,"Maher",798
KW,"Sunil",795
KW,"Silva",795
KW,"Gad",793
KW,"Cheema",792
KW,"Gopal",792
KW,"Qureshi",789
KW,"Priya",789
KW,"Kita",786
KW,"Madu",780
KW,"Haider",779
KW,"Jaan",779
KW,"Alsaleh",778
KW,"Gomez",777
KW,"Aktar",775
KW,"Anu",772
KW,"Talal",770
KW,"Malek",769
KW,"Mahesh",768
KW,"Bandara",768
KW,"Javed",766
KW,"Husen",766
KW,"Mishra",765
KW,"Alrashed",765
KW,"Aladwani",764
KW,"Shankar",761
KW,"Sulaiman",760
KW,"Prajapati",755
KW,"Ghosh",751
KW,"Verma",751
KW,"Jalal",747
KW,"A*-J",746
KW,"Alex",744
KW,"Ayman",741
KW,"Saif",740
KW,"Villanueva",738
KW,"Don",734
KW,"Angel",733
KW,"Siddiqui",731
KW,"Nadeem",731
KW,"Laxmi",731
KW,"Osama",730
KW,"Fathy",729
KW,"Youssef",729
KW,"Khatri",728
KW,"Chacko",721
KW,"Soliman",721
KW,"Kasim",720
KW,"Masud",718
KW,"Srilanka",717
KW,"Mali",717
KW,"Gazi",716
KW,"Rodrigues",716
KW,"Alk",716
KW,"Samad",715
KW,"Mahmud",714
KW,"Nepali",714
KW,"Liton",708
KW,"Mastan",706
KW,"Rock",705
KW,"Sonu",704
KW,"Nawaz",701
KW,"Hayat",701
KW,"Magdy",700
KW,"Azad",699
KW,"Mohmed",699
KW,"Konjo",697
KW,"Nabil",696
KW,"Sekh",693
KW,"Alawadhi",688
KW,"Mehmood",686
KW,"Farooq",686
KW,"Elsayed",686
KW,"Fathima",685
KW,"Philip",685
KW,"Ji",684
KW,"Mo",682
KW,"Paswan",681
KW,"Deep",681
KW,"Salama",680
KW,"Subbu",678
KW,"Marie",678
KW,"Ako",676
KW,"Adhikari",675
KW,"Sunar",675
KW,"Hamdy",674
KW,"Alfahad",673
KW,"Tiwari",672
KW,"Nasar",672
KW,"Siraj",672
KW,"Jahangir",671
KW,"Shareef",670
KW,"Yusuf",669
KW,"Azam",666
KW,"Selvam",665
KW,"Sattar",662
KW,"Kushwaha",656
KW,"Banu",653
KW,"Ashkanani",653
KW,"Ahammed",652
KW,"Ganesh",650
KW,"D*Ejej",650
KW,"Pereira",649
KW,"Castillo",647
KW,"Hosain",643
KW,"Ko",642
KW,"Mizan",641
KW,"Gee",640
KW,"Ej/H",639
KW,"Majeed",639
KW,"Kadir",639
KW,"Alkanderi",639
KW,"Tan",638
KW,"Helal",636
KW,"Aly",636
KW,"Alh",636
KW,"Fatima",634
KW,"Adnan",634
KW,"Hamdan",634
KW,"Shahin",632
KW,"Sanchez",632
KW,"Fares",632
KW,"Sarah",631
KW,"Fawzy",629
KW,"Atef",628
KW,"Meena",627
KW,"Ku",627
KW,"Umar",626
KW,"Castro",625
KW,"Pariyar",625
KW,"Khalifa",624
KW,"Manik",623
KW,"Sekar",622
KW,"Ak",622
KW,"Sebastian",622
KW,"Samuel",621
KW,"Hashem",620
KW,"Jafar",618
KW,"Sudu",615
KW,"Alotibi",614
KW,"Rizwan",613
KW,"Saber",613
KW,"Madhu",613
KW,"Mansuri",612
KW,"Ale",611
KW,"Murali",610
KW,"Varma",610
KW,"Ameer",610
KW,"Rasel",609
KW,"Pinto",609
KW,"Basnet",608
KW,"Gul",605
KW,"Sidhu",604
KW,"Kamara",603
KW,"Hany",603
KW,"Yasin",602
KW,"Johnson",602
KW,"Raman",600
KW,"Abu",600
KW,"Anil",600
KW,"Sardar",599
KW,"Farook",599
KW,"Manoj",598
KW,"Daniel",598
KW,"Sohel",597
KW,"Musa",597
KW,"Shahzad",596
KW,"Tariq",594
KW,"Francisco",594
KW,"Nani",590
KW,"Hakim",587
KW,"Pandu",586
KW,"Biju",586
KW,"Mukhiya",585
KW,"Albloushi",585
KW,"Behera",584
KW,"Hussen",584
KW,"Riyaz",583
KW,"Shaji",582
KW,"Sampath",581
KW,"Bk",581
KW,"Darji",580
KW,"Pun",580
KW,"Bhandari",579
KW,"Hamada",579
KW,"Fouad",579
KW,"Alsalem",579
KW,"Latif",578
KW,"Gomes",578
KW,"Narayan",577
KW,"Naresh",577
KW,"Ansar",574
KW,"Halim",574
KW,"Dias",574
KW,"Sai",572
KW,"Rubel",570
KW,"Rivera",569
KW,"Bajwa",568
KW,"Zaki",567
KW,"Tarek",567
KW,"Alamin",565
KW,"Bashir",565
KW,"Asad",565
KW,"Nisha",565
KW,"Khader",564
KW,"Yaseen",564
KW,"Rama",564
KW,"Shajahan",563
KW,"Naseer",563
KW,"Mousa",562
KW,"Lohar",561
KW,"Lyn",561
KW,"Baig",560
KW,"Othman",559
KW,"Alsaeed",559
KW,"Medo",558
KW,"Naeem",558
KW,"Sheik",557
KW,"Dulal",557
KW,"Torres",556
KW,"Amr",556
KW,"Shamim",555
KW,"Elmasry",555
KW,"Tandel",553
KW,"Vel",553
KW,"Riyas",553
KW,"Nathan",551
KW,"Arun",550
KW,"Hani",550
KW,"Shetty",549
KW,"Km",549
KW,"Na",549
KW,"Nasr",548
KW,"Nassar",548
KW,"Sekhar",547
KW,"Balu",546
KW,"Mae",546
KW,"Mary",546
KW,"Siddique",545
KW,"Anand",545
KW,"Reda",545
KW,"Ripon",544
KW,"Rawat",542
KW,"Dawood",542
KW,"Almulla",539
KW,"Subbaiah",538
KW,"Vasu",538
KW,"Valdez",537
KW,"Abul",537
KW,"Bilal",536
KW,"Pasha",535
KW,"Queen",535
KW,"Ashok",535
KW,"Ka",535
KW,"Raheem",534
KW,"Shek",534
KW,"Jasim",534
KW,"Lolo",534
KW,"Aquino",531
KW,"Dchj*J",530
KW,"Akash",530
KW,"Alajme",530
KW,"Alkandri",530
KW,"Francis",528
KW,"Sherpa",528
KW,"Alazme",526
KW,"Farhan",526
KW,"Razzak",525
KW,"Hussin",525
KW,"Alansari",525
KW,"Albader",525
KW,"Sreenu",524
KW,"Rajbhar",523
KW,"Jef",522
KW,"Chan",520
KW,"Boss",519
KW,"Raut",519
KW,"Mohsen",518
KW,"Delacruz",517
KW,"Essam",517
KW,"Kala",517
KW,"Musthafa",516
KW,"Malli",516
KW,"Farid",514
KW,"Hadi",513
KW,"Almarri",513
KW,"Nour",513
KW,"Rasool",512
KW,"Alfadhli",512
KW,"Soni",511
KW,"Jakir",509
KW,"Martinez",509
KW,"Sagar",508
KW,"Domingo",507
KW,"Jutt",506
KW,"Sadiq",506
KW,"Dinesh",506
KW,"Hi",506
KW,"Ab",506
KW,"Gaber",505
KW,"Ahmd",504
KW,"Santhosh",504
KW,"Otb",504
KW,"Sunny",503
KW,"Shak",502
KW,"D:Fe",501
KW,"Nawaf",500
KW,"Naga",500
KW,"Khokar",499
KW,"Dana",499
KW,"Koko",499
KW,"Labana",498
KW,"Sajid",497
KW,"Mido",496
KW,"Bashar",495
KW,"Alazemi",495
KW,"Shan",495
KW,"Murad",495
KW,"Samer",494
KW,"Fawaz",493
KW,"Sana",493
KW,"Hussan",491
KW,"Abdulaziz",490
KW,"Abdalla",489
KW,"Nagaraju",488
KW,"Kaur",488
KW,"Barakat",487
KW,"Roshan",486
KW,"Rodriguez",486
KW,"Mina",486
KW,"Momin",485
KW,"Lucky",485
KW,"Alamgir",483
KW,"Vinod",481
KW,"Farouk",481
KW,"Kurian",481
KW,"Mala",481
KW,"Hammad",481
KW,"Lim",480
KW,"Zain",480
KW,"Dev",479
KW,"Alanze",479
KW,"Alr",479
KW,"Sabry",478
KW,"Dajdchj",477
KW,"Haq",476
KW,"Kv",476
KW,"Fahd",476
KW,"Edc",476
KW,"Jassim",476
KW,"Alim",475
KW,"Wahab",475
KW,"Haji",475
KW,"Ragab",475
KW,"Manu",475
KW,"Pradeep",474
KW,"Alhaddad",474
KW,"Bhuiyan",473
KW,"Parmar",473
KW,"Hannan",473
KW,"Jat",473
KW,"Mansoor",473
KW,"Gani",473
KW,"Mahi",473
KW,"Alshammri",472
KW,"D-Jg",472
KW,"Narayanan",471
KW,"Jamil",471
KW,"Mohmad",471
KW,"Alhamad",471
KW,"Ajmi",471
KW,"Badr",470
KW,"Peter",469
KW,"Selim",469
KW,"Mariam",468
KW,"Haidar",468
KW,"Alanezi",468
KW,"Shaheen",467
KW,"Alahmad",466
KW,"Morales",465
KW,"Diaz",465
KW,"Alo",465
KW,"Milon",464
KW,"Nazeer",464
KW,"Sanju",464
KW,"Ahmmed",463
KW,"Damayanthi",463
KW,"Jana",462
KW,"Irshad",461
KW,"Srinivas",461
KW,"Riaz",461
KW,"Saiful",461
KW,"Meme",461
KW,"Kanthi",461
KW,"Abd",461
KW,"Amjad",460
KW,"Belal",460
KW,"Amar",460
KW,"Nur",459
KW,"You",459
KW,"Dbda",457
KW,"Bai",456
KW,"Gh",456
KW,"Saddam",455
KW,"Abood",455
KW,"Fathi",454
KW,"Lobo",454
KW,"Wael",454
KW,"Rathore",453
KW,"Rahul",453
KW,"Ulla",452
KW,"Gopi",452
KW,"Shaker",452
KW,"Ded",452
KW,"Nabi",451
KW,"Santiago",449
KW,"Valli",448
KW,"Karthik",448
KW,"Vali",447
KW,"Karan",447
KW,"Al Ali",447
KW,"Abdulrahman",447
KW,"Chhetri",446
KW,"Oli",446
KW,"Martin",446
KW,"Adil",445
KW,"Abdu",445
KW,"Gautam",443
KW,"Vijayan",443
KW,"Pandi",442
KW,"Ks",441
KW,"Malak",441
KW,"Yasser",441
KW,"Rathnayaka",441
KW,"Honey",441
KW,"Nirmal",439
KW,"Habibi",439
KW,"Nona",438
KW,"Fatma",438
KW,"Ann",438
KW,"Zahid",436
KW,"Farag",436
KW,"Alsayed",436
KW,"Shani",436
KW,"Alanzy",435
KW,"Nai",434
KW,"Sikder",434
KW,"Begum",434
KW,"Alsarraf",433
KW,"All",433
KW,"Rayudu",431
KW,"Sudhakar",431
KW,"Azeez",431
KW,"Kashem",430
KW,"Pandit",430
KW,"Saud",430
KW,"Abas",430
KW,"Joshi",429
KW,"Bc",429
KW,"Ganga",429
KW,"Mondol",428
KW,"Anas",428
KW,"Alghanim",427
KW,"Durai",425
KW,"Suman",425
KW,"Sherif",425
KW,"Tharu",424
KW,"Nizam",423
KW,"Khaja",422
KW,"Nazir",422
KW,"Mohmmad",421
KW,"Sasi",421
KW,"Nilu",420
KW,"Helmy",420
KW,"Miranda",420
KW,"Gamage",419
KW,"Kannur",418
KW,"Esmail",418
KW,"Razak",417
KW,"Tahir",417
KW,"Hashim",417
KW,"Sada",417
KW,"Alshammeri",417
KW,"Alf",416
KW,"Almutawa",416
KW,"Saha",415
KW,"Ra",415
KW,"Ghouse",414
KW,"Gfj",414
KW,"Imam",414
KW,"Alvarez",414
KW,"Goud",412
KW,"Nor",412
KW,"Debnath",411
KW,"Yousaf",411
KW,"Mollah",411
KW,"Kan",411
KW,"Soriano",411
KW,"Tolentino",411
KW,"Sanu",411
KW,"Preet",410
KW,"Dd",410
KW,"Zaid",410
KW,"Ha",410
KW,"Acharya",409
KW,"Sahu",408
KW,"Mohamd",407
KW,"Moon",407
KW,"Shams",406
KW,"Jee",405
KW,"Shaban",405
KW,"Patan",404
KW,"Ramirez",404
KW,"Hanna",404
KW,"Allam",403
KW,"De Guzman",403
KW,"Sarker",402
KW,"Anji",401
KW,"Radwan",401
KW,"D/Jf",400
KW,"Jalil",400
KW,"Tamil",400
KW,"Ilyas",399
KW,"D-E/J",399
KW,"Jane",399
KW,"Masthan",398
KW,"Rafeek",398
KW,"Shafiq",398
KW,"Surya",398
KW,"Saji",398
KW,"Behbehani",397
KW,"Jabbar",396
KW,"Zakir",396
KW,"Jatt",394
KW,"Awan",394
KW,"Diab",394
KW,"Kim",394
KW,"Narasimha",393
KW,"Abid",393
KW,"Chaudhari",393
KW,"Omer",393
KW,"Ald",392
KW,"Shabbir",391
KW,"Mohmmed",391
KW,"Df",390
KW,"Subba",390
KW,"Aalam",389
KW,"Rafik",389
KW,"Majhi",388
KW,"Ashour",388
KW,"Shehab",387
KW,"Salvador",386
KW,"Sahoo",385
KW,"Ayub",385
KW,"Bablu",384
KW,"Moorthy",384
KW,"Galal",384
KW,"Ar",384
KW,"Mutairi",384
KW,"Masih",383
KW,"Jashim",383
KW,"Alabdullah",382
KW,"Alauddin",381
KW,"Kasem",381
KW,"Single",381
KW,"Rain",381
KW,"Soud",381
KW,"Jojo",381
KW,"Hosan",380
KW,"Corpuz",380
KW,"Sad",380
KW,"Jaya",380
KW,"Sab",379
KW,"D.Da",379
KW,"Rashad",379
KW,"Solanki",378
KW,"Shiva",378
KW,"Ah",378
KW,"Saravanan",377
KW,"Gdd",377
KW,"Hana",376
KW,"Habeeb",375
KW,"Sree",375
KW,"Arjun",374
KW,"Mp",374
KW,"Afghan",373
KW,"Kiran",372
KW,"Sadik",371
KW,"Mir",371
KW,"Manuel",371
KW,"Mari",371
KW,"Muneer",370
KW,"Jena",369
KW,"Parkar",369
KW,"Dewan",368
KW,"Mar",368
KW,"Sadamali",367
KW,"Al-Mutairi",367
KW,"Ad",367
KW,"Alobaid",367
KW,"Bujji",367
KW,"Almasry",366
KW,"Janu",366
KW,"Go",366
KW,"Khadar",364
KW,"Ck",364
KW,"Max",364
KW,"Mosa",364
KW,"Cherian",364
KW,"Issa",364
KW,"Sabir",363
KW,"Ghd",363
KW,"Yousif",363
KW,"Tamer",363
KW,"Malallah",363
KW,"Maurya",362
KW,"Aisha",362
KW,"Aguilar",362
KW,"Pascual",362
KW,"Binu",362
KW,"Muhamad",361
KW,"Hussien",361
KW,"Navarro",360
KW,"Ezzat",360
KW,"Menon",360
KW,"Billal",359
KW,"Sarwar",358
KW,"Parsad",357
KW,"Hafez",357
KW,"Tk",356
KW,"Alb",356
KW,"Saed",355
KW,"Dedc",354
KW,"Mh",354
KW,"Shakeel",353
KW,"Zaidi",353
KW,"Kaled",353
KW,"Waseem",352
KW,"Reza",352
KW,"Darling",352
KW,"Aj",352
KW,"Ghanem",351
KW,"Ibrahem",351
KW,"Fha",350
KW,"Mona",350
KW,"Alhajeri",350
KW,"Emam",350
KW,"Alsaad",350
KW,"Sayyed",349
KW,"Wahid",349
KW,"Naseem",349
KW,"Chandu",349
KW,"Fayez",349
KW,"Omran",349
KW,"Ayoub",349
KW,"Alnasser",349
KW,"Gondal",348
KW,"Hafiz",348
KW,"Latheef",348
KW,"Alshamri",348
KW,"Badsha",347
KW,"Ashknani",347
KW,"Kumawat",346
KW,"Vk",346
KW,"Ok",346
KW,"Younus",345
KW,"Azeem",345
KW,"Masum",345
KW,"Jani",345
KW,"Mol",345
KW,"Durga",345
KW,"Abbasi",344
KW,"Salma",344
KW,"Jahan",344
KW,"Dgddj",343
KW,"Anis",343
KW,"Taj",343
KW,"Sameh",343
KW,"Pv",342
KW,"Arman",342
KW,"Xavier",342
KW,"Mahdi",342
KW,"An",342
KW,"Swamy",341
KW,"Waheed",341
KW,"Manju",341
KW,"Jameel",340
KW,"Mahmod",340
KW,"Yosef",340
KW,"Javier",339
KW,"Bhaskar",338
KW,"Lala",338
KW,"Nader",338
KW,"Jack",337
KW,"Ammar",337
KW,"Sarma",337
KW,"Alsubaie",337
KW,"Ammu",337
KW,"Ehab",337
KW,"Din",336
KW,"Kho",336
KW,"Maan",335
KW,"Anwer",335
KW,"Majid",335
KW,"Mercado",335
KW,"Alenzii",334
KW,"Swain",333
KW,"Rk",333
KW,"Maria",333
KW,"Sadek",333
KW,"Sony",333
KW,"Kadali",332
KW,"Koshy",332
KW,"Nazrul",331
KW,"Rehan",331
KW,"Nana",331
KW,"Laxman",329
KW,"Nisar",329
KW,"F(Jd",329
KW,"Antonio",328
KW,"Herath",328
KW,"Jo",328
KW,"Mahal",328
KW,"Jay",328
KW,"Fahmy",327
KW,"Kali",327
KW,"Fa",327
KW,"Rajendran",326
KW,"Bangla",326
KW,"Shehata",326
KW,"Sudha",326
KW,"Bloushi",326
KW,"Tmg",326
KW,"Kollam",325
KW,"Patil",325
KW,"San",325
KW,"Praveen",325
KW,"Jassem",325
KW,"Feni",324
KW,"Alajmii",324
KW,"Alattar",323
KW,"Munir",322
KW,"Tito",322
KW,"Khaleel",322
KW,"Kt",322
KW,"Ramzan",321
KW,"Hosny",321
KW,"Santhi",321
KW,"Salm",321
KW,"Majed",321
KW,"Moustafa",321
KW,"Moussa",321
KW,"Vaz",321
KW,"Reem",320
KW,"Siddik",320
KW,"Da",320
KW,"Shibu",320
KW,"Khokhar",319
KW,"Mahammad",319
KW,"Pm",319
KW,"Flower",319
KW,"Darwish",319
KW,"Chohan",318
KW,"Sen",318
KW,"Naif",318
KW,"Attia",318
KW,"Shahi",318
KW,"Seid",317
KW,"Maha",317
KW,"D:Dj",316
KW,"Disanayaka",316
KW,"Rajapaksha",316
KW,"Michael",315
KW,"Ajay",314
KW,"Tota",314
KW,"Wilson",314
KW,"Rathod",313
KW,"Rajkumar",313
KW,"Simon",313
KW,"Subbarayudu",312
KW,"Kobir",312
KW,"Ajith",312
KW,"Firoz",311
KW,"Mahara",311
KW,"Alajmy",311
KW,"Aldousari",310
KW,"Hesham",310
KW,"Alenzy",309
KW,"Maryam",308
KW,"Mallika",308
KW,"Lulu",308
KW,"Soma",308
KW,"Mano",307
KW,"Hossam",307
KW,"Al-Ali",307
KW,"Dash",306
KW,"Alomar",306
KW,"Grace",305
KW,"Cp",305
KW,"Askar",305
KW,"Alhassan",305
KW,"Vai",304
KW,"May",304
KW,"Alhamdan",304
KW,"Rony",303
KW,"Hernandez",303
KW,"Bhati",302
KW,"Babji",302
KW,"Jaman",302
KW,"Arafat",302
KW,"Bangura",302
KW,"Abebe",302
KW,"Jasem",302
KW,"Dee",302
KW,"A*-I",301
KW,"Balaji",301
KW,"Padilla",301
KW,"Oromo",301
KW,"Subramanyam",300
KW,"Jaleel",300
KW,"Niyas",300
KW,"Shawky",300
KW,"Shekar",299
KW,"Shakil",299
KW,"Farah",299
KW,"Anowar",298
KW,"Faraj",298
KW,"Alsaffar",298
KW,"Kandan",297
KW,"Sohag",297
KW,"Calicut",297
KW,"Fuentes",297
KW,"Salazar",297
KW,"Alsayegh",297
KW,"Anna",297
KW,"Hashmi",296
KW,"Senthil",296
KW,"Balan",296
KW,"Alnaser",296
KW,"Suliman",296
KW,"Safar",296
KW,"Mathai",295
KW,"Safi",295
KW,"Faris",295
KW,"Robin",295
KW,"Raji",295
KW,"Zafar",294
KW,"Tp",294
KW,"Alqahtani",294
KW,"Hossian",293
KW,"Akhter",293
KW,"Anjum",293
KW,"Munshi",292
KW,"Sanjeewa",292
KW,"Nalli",292
KW,"William",292
KW,"Malla",292
KW,"D.Hdj",291
KW,"Nagesh",291
KW,"Mark",291
KW,"Ej",291
KW,"Dalal",291
KW,"Jhon",291
KW,"Perumal",290
KW,"Sahni",290
KW,"Prem",290
KW,"Bahar",290
KW,"Khatun",290
KW,"Alanzii",290
KW,"D-Dhg",289
KW,"Rizvi",289
KW,"Yahya",289
KW,"Yassin",289
KW,"Alessa",289
KW,"Alsabah",289
KW,"Swami",288
KW,"Kanojiya",288
KW,"Fahim",288
KW,"Salvi",288
KW,"Altaf",288
KW,"Abo",288
KW,"Cortez",288
KW,"Ghimire",288
KW,"Kadar",287
KW,"Marquez",287
KW,"Damor",286
KW,"Ap",286
KW,"Faiz",286
KW,"Gangadhar",285
KW,"Bhujel",285
KW,"Meri",284
KW,"Thakuri",284
KW,"Sanjay",283
KW,"Gomaa",283
KW,"Alfaraj",283
KW,"Hisham",283
KW,"Dhillon",282
KW,"Mehra",282
KW,"Jangir",282
KW,"Nagendra",282
KW,"Sajjad",282
KW,"Rakesh",282
KW,"Mhmd",282
KW,"Ismael",282
KW,"Mohsin",281
KW,"Fareed",281
KW,"Wali",281
KW,"Alshmri",281
KW,"Kishor",280
KW,"Poojary",280
KW,"Ps",280
KW,"Pop",280
KW,"Hamdi",280
KW,"Dsilva",280
KW,"Kabeer",279
KW,"Shil",279
KW,"Elias",279
KW,"Zidan",279
KW,"Taqi",279
KW,"De Leon",279
KW,"Moula",278
KW,"Good",278
KW,"Alfadli",278
KW,"Alothman",278
KW,"Shanthi",277
KW,"Aldosari",277
KW,"Alfares",277
KW,"Tiger",276
KW,"Awal",276
KW,"Jesus",276
KW,"Fayaz",275
KW,"Arumugam",275
KW,"Gafoor",275
KW,"Agustin",275
KW,"Delos Santos",275
KW,"Nada",275
KW,"Jaiswal",274
KW,"Subhan",274
KW,"Ethiopia",274
KW,"Kr",274
KW,"Jimenez",274
KW,"Alshmry",274
KW,"Sahota",273
KW,"Patra",273
KW,"Shake",273
KW,"Ahad",273
KW,"Saman",273
KW,"Huseen",273
KW,"Almansour",273
KW,"Ahammad",272
KW,"Priyadarshani",272
KW,"Shing",272
KW,"Naveed",272
KW,"Asha",272
KW,"Mamdouh",272
KW,"Qasem",272
KW,"Ejd",272
KW,"Alfailakawi",272
KW,"Vishwakarma",271
KW,"Asghar",271
KW,"Otaibi",271
KW,"Hanan",271
KW,"Refaat",270
KW,"Paudel",270
KW,"Dey",269
KW,"Jean",269
KW,"Sobhy",269
KW,"Velasco",269
KW,"Achu",269
KW,"Kamrul",268
KW,"Shyam",268
KW,"Dass",268
KW,"Mukadam",268
KW,"Fja",268
KW,"Nazar",268
KW,"Zia",268
KW,"Bista",268
KW,"Kha",268
KW,"Grg",268
KW,"Sham",268
KW,"Haneef",267
KW,"Sahil",267
KW,"Gubbala",267
KW,"Chowdary",267
KW,"Jon",267
KW,"Abdou",267
KW,"Dcf",266
KW,"Pascua",266
KW,"Qasim",266
KW,"Prasanna",266
KW,"Dahal",266
KW,"Zayed",266
KW,"Sali",266
KW,"Nobi",265
KW,"Hussian",265
KW,"Renuka",265
KW,"Nk",265
KW,"Suarez",265
KW,"Alfarhan",265
KW,"Bhatia",264
KW,"Santosh",264
KW,"Unni",264
KW,"Costa",264
KW,"Dcosta",264
KW,"Mena",264
KW,"A:F",263
KW,"Ganesan",263
KW,"Mushtaq",263
KW,"Chy",263
KW,"Sunitha",263
KW,"Baker",263
KW,"Sd",263
KW,"Matar",263
KW,"Ba",263
KW,"Arab",262
KW,"Abi",262
KW,"Farhat",262
KW,"Sohail",261
KW,"Soso",261
KW,"Camara",261
KW,"Acosta",261
KW,"Koya",260
KW,"Mariano",260
KW,"Alrefai",260
KW,"Baqer",260
KW,"Abubakar",260
KW,"Subbareddy",259
KW,"Wasim",259
KW,"Up",259
KW,"Gm",259
KW,"Falah",259
KW,"Alhajre",259
KW,"Altamimi",259
KW,"Sujon",258
KW,"Motin",258
KW,"Mariyam",258
KW,"Muhamed",258
KW,"D(F",257
KW,"Haroon",257
KW,"Mahamad",257
KW,"Masri",257
KW,"Zakaria",257
KW,"Satya",257
KW,"Dil",257
KW,"Alj",257
KW,"Moni",257
KW,"Brar",256
KW,"Mahamud",256
KW,"Krish",256
KW,"Rawal",256
KW,"Basher",256
KW,"Younis",256
KW,"Sagor",255
KW,"Gonzaga",255
KW,"Dh",255
KW,"Anthony",255
KW,"Alfadly",255
KW,"Abad",255
KW,"Haddad",255
KW,"Married",254
KW,"Siddiq",254
KW,"Djej",254
KW,"Khair",254
KW,"Deva",254
KW,"Hd",254
KW,"Alasfour",254
KW,"Ahsan",253
KW,"Nora",253
KW,"Alii",253
KW,"Muna",253
KW,"Parvez",252
KW,"Venky",252
KW,"Rita",252
KW,"Hai",252
KW,"Alzaid",252
KW,"Kumal",252
KW,"Kuttan",251
KW,"Asraf",251
KW,"Koh",251
KW,"Ferrer",251
KW,"Momo",251
KW,"Velu",250
KW,"Murugesan",250
KW,"Vicky",250
KW,"Girma",250
KW,"Soman",250
KW,"Tareq",250
KW,"Rakib",249
KW,"Sikdar",249
KW,"Ayad",249
KW,"Villa",249
KW,"Alwazzan",249
KW,"Sabu",249
KW,"Jahid",248
KW,"Sahin",248
KW,"Hero",248
KW,"Karem",248
KW,"Renu",248
KW,"Manalo",248
KW,"Bhagat",247
KW,"Saikh",247
KW,"Sesay",247
KW,"Alnassar",247
KW,"Park",247
KW,"Mj",247
KW,"Penchalaiah",246
KW,"Kuddus",246
KW,"Husan",246
KW,"D-E/F",246
KW,"Samson",246
KW,"Karthi",245
KW,"Jibon",245
KW,"Anusha",245
KW,"Hm",245
KW,"Saheb",244
KW,"Sulthan",244
KW,"Yunus",244
KW,"Ramachandran",244
KW,"Panday",244
KW,"Gerges",244
KW,"Chavez",244
KW,"Almasri",244
KW,"Alazmii",244
KW,"Randhawa",243
KW,"Vp",243
KW,"Samim",243
KW,"Lata",243
KW,"Valencia",243
KW,"Rosales",243
KW,"Poudel",243
KW,"Akther",243
KW,"Sundar",242
KW,"Mujeeb",242
KW,"Kanxa",242
KW,"Suhail",242
KW,"Ee",242
KW,"Nady",242
KW,"Amal",242
KW,"Anish",242
KW,"Halder",241
KW,"Gir",241
KW,"Hakeem",241
KW,"Santi",241
KW,"Meshal",241
KW,"Khokon",240
KW,"Suri",240
KW,"Shameer",240
KW,"Dada",240
KW,"Mendez",240
KW,"Kuriakose",240
KW,"Alyousef",240
KW,"Mukesh",239
KW,"Nazim",239
KW,"Asgar",239
KW,"Abdin",239
KW,"Sp",239
KW,"Alnajjar",239
KW,"Sama",239
KW,"Mohideen",238
KW,"Lotfy",238
KW,"Rs",238
KW,"Oo",238
KW,"Harb",238
KW,"Gond",237
KW,"Bepari",237
KW,"Eswar",237
KW,"Zezo",237
KW,"Selam",237
KW,"Samira",237
KW,"Hegazy",237
KW,"Fadel",237
KW,"Jaffar",236
KW,"Kar",236
KW,"Noushad",236
KW,"Shanu",236
KW,"Hayati",236
KW,"Mazen",236
KW,"Kamala",236
KW,"Alsultan",236
KW,"Sabah",236
KW,"Asaad",236
KW,"Af/Jf",235
KW,"Murthy",235
KW,"Malika",235
KW,"Vergara",235
KW,"Peer",234
KW,"Moideen",234
KW,"Bhardwaj",234
KW,"Lakmali",234
KW,"Mahabub",234
KW,"Azim",234
KW,"Sarmiento",234
KW,"Almajed",234
KW,"Mehar",233
KW,"Selvaraj",233
KW,"Ahamd",233
KW,"Thota",233
KW,"Ef",233
KW,"Venu",233
KW,"Nirmala",233
KW,"Lang",233
KW,"Varughese",233
KW,"Dizon",233
KW,"Gutierrez",233
KW,"Saju",233
KW,"D/Fj",233
KW,"Radha",233
KW,"Patwary",232
KW,"Kumaran",232
KW,"Mehdi",232
KW,"Bekele",232
KW,"Ocampo",232
KW,"Alenizi",232
KW,"Azhar",231
KW,"Atta",231
KW,"La",231
KW,"Gogo",231
KW,"Sorkar",230
KW,"Younes",230
KW,"Aldaihani",230
KW,"Brown",230
KW,"Moulali",229
KW,"Anne",229
KW,"Molina",229
KW,"Kaka",229
KW,"Tony",229
KW,"Palma",229
KW,"Morad",229
KW,"Eissa",229
KW,"Roka",229
KW,"Williams",229
KW,"No",229
KW,"Mansoori",228
KW,"Salauddin",228
KW,"Agej",228
KW,"Baskar",228
KW,"Nilmini",228
KW,"Appu",228
KW,"Rajab",228
KW,"Alkhalaf",228
KW,"Kavi",228
KW,"Danish",227
KW,"Rafeeq",227
KW,"Dar",227
KW,"Dasari",227
KW,"Taleb",227
KW,"Badran",227
KW,"Moktan",227
KW,"Batcha",226
KW,"Chua",226
KW,"Hassen",226
KW,"Almousawi",226
KW,"Liyanage",226
KW,"Jones",226
KW,"Pawar",225
KW,"Afsar",225
KW,"Hafeez",225
KW,"Maity",225
KW,"Katta",225
KW,"Roman",225
KW,"Walid",225
KW,"Oromoo",225
KW,"Lingam",224
KW,"Tawfik",224
KW,"Menezes",224
KW,"Jj",224
KW,"Amen",224
KW,"Talukder",223
KW,"Charan",223
KW,"Harish",223
KW,"Seenu",223
KW,"Ishaq",223
KW,"Akmad",223
KW,"Amina",223
KW,"Dg/J",223
KW,"Shaaban",223
KW,"Shalaby",223
KW,"Alghareeb",223
KW,"New",223
KW,"Alq",223
KW,"Ranjani",222
KW,"Sathish",222
KW,"Hatem",222
KW,"Ja",222
KW,"Pasman",221
KW,"Barik",221
KW,"Raaj",221
KW,"Moosa",221
KW,"Romero",221
KW,"Bakr",221
KW,"Noronha",220
KW,"Malar",220
KW,"Almutairy",220
KW,"Mollick",219
KW,"Mallik",219
KW,"Bal",219
KW,"Yu",219
KW,"Ani",219
KW,"Narasimhulu",218
KW,"Shahbaz",218
KW,"Sahid",218
KW,"Selva",218
KW,"Hazem",218
KW,"Sakr",218
KW,"Eslam",218
KW,"Han",218
KW,"Selvan",217
KW,"Laskar",217
KW,"Dilrukshi",217
KW,"Hariri",217
KW,"Alawadi",217
KW,"Talukdar",216
KW,"Merry",216
KW,"Rauf",216
KW,"Kaleem",216
KW,"Anees",216
KW,"Nagy",216
KW,"Delos Reyes",216
KW,"Neupane",216
KW,"Alosaimi",216
KW,"Basa",216
KW,"Sarhan",216
KW,"Sani",216
KW,"Kanti",216
KW,"Tesfaye",215
KW,"Sriyani",215
KW,"Sandeep",215
KW,"Mimi",215
KW,"Ezz",215
KW,"Tom",215
KW,"Almutari",215
KW,"Dubey",214
KW,"Bhattarai",214
KW,"Ghazi",214
KW,"Legaspi",214
KW,"Al-Otaibi",214
KW,"Pineda",214
KW,"Alenazi",214
KW,"Dabgar",213
KW,"Makrani",213
KW,"Ashik",213
KW,"Djd",213
KW,"Rohman",213
KW,"Kawsar",213
KW,"Huda",213
KW,"Bains",212
KW,"Bakar",212
KW,"Ashfaq",212
KW,"Shik",212
KW,"Sultana",212
KW,"Alazmy",212
KW,"Subedi",212
KW,"Medina",212
KW,"Alshamry",212
KW,"Mascarenhas",212
KW,"Alcantara",212
KW,"Alenezy",212
KW,"Mody",212
KW,"Alhajry",212
KW,"Bharti",211
KW,"Pandian",211
KW,"Adly",211
KW,"Safwat",211
KW,"Mb",211
KW,"Ghanim",211
KW,"Subramanian",210
KW,"Ruwan",210
KW,"Begam",210
KW,"Rady",210
KW,"Al-Ajmi",210
KW,"Almu",210
KW,"Alrshidi",210
KW,"Alexander",210
KW,"Solaiman",210
KW,"Javeed",209
KW,"Barua",209
KW,"Aftab",209
KW,"Shakir",209
KW,"Zamora",209
KW,"Nirosha",209
KW,"Jg",209
KW,"Alrasheedi",209
KW,"Stephen",209
KW,"Panwar",208
KW,"Raghavan",208
KW,"Haris",208
KW,"Kahn",208
KW,"Kunwar",208
KW,"Ortiz",208
KW,"Medhat",208
KW,"D/Hdj",207
KW,"Shosho",207
KW,"Manohar",207
KW,"Bash",207
KW,"Suji",207
KW,"Sameera",207
KW,"Virk",206
KW,"Jahir",206
KW,"Riswan",206
KW,"Marry",206
KW,"Bob",206
KW,"Moreno",206
KW,"Dg",206
KW,"Vincent",206
KW,"Mokhtar",206
KW,"Abed",206
KW,"Amma",206
KW,"Hema",206
KW,"Ash",206
KW,"Sunuwar",206
KW,"Tanveer",205
KW,"Suleman",205
KW,"Abedin",205
KW,"Vargas",205
KW,"Suma",205
KW,"Dammika",205
KW,"Talib",205
KW,"Gold",205
KW,"Siri",205
KW,"Alkandry",205
KW,"Sayeed",204
KW,"Magbanua",204
KW,"Bee",204
KW,"Alamer",204
KW,"Rebello",204
KW,"Om",204
KW,"Dhaliwal",203
KW,"Zaheer",203
KW,"Zubair",203
KW,"Naveen",203
KW,"G/J",203
KW,"Pushpa",203
KW,"Milan",203
KW,"Yaser",203
KW,"Maged",203
KW,"Aldehani",203
KW,"Solomon",203
KW,"Ta",203
KW,"Alshameri",203
KW,"Rajak",202
KW,"Balakrishnan",202
KW,"Priyantha",202
KW,"Cv",202
KW,"Mal",202
KW,"Suba",202
KW,"Aji",202
KW,"Dhaka",201
KW,"Manikandan",201
KW,"D-Ej/J",201
KW,"Haneefa",201
KW,"Kumary",201
KW,"Laila",201
KW,"Sequeira",201
KW,"Madi",201
KW,"Surendra",200
KW,"Rambabu",200
KW,"Madusanka",200
KW,"Deepak",200
KW,"Ind",200
KW,"Nahar",200
KW,"Abass",200
KW,"Masoud",200
KW,"Mathews",200
KW,"Black",200
KW,"Ebrahem",200
KW,"Rayan",200
KW,"Abdi",200
KW,"Mostofa",199
KW,"Rhaman",199
KW,"Pathak",199
KW,"Bakkar",199
KW,"Rajpoot",199
KW,"Shanti",199
KW,"Sabri",199
KW,"Alsahli",199
KW,"Manjula",199
KW,"Li",199
KW,"Bro",198
KW,"Badshah",198
KW,"Lakmal",198
KW,"Malkanthi",198
KW,"Ahemad",198
KW,"Df(Gf",198
KW,"Saduni",198
KW,"Augustine",198
KW,"Alrshedi",198
KW,"Veera",197
KW,"Alemu",197
KW,"Alhariri",197
KW,"Peralta",197
KW,"Yap",197
KW,"Khanal",197
KW,"Angeles",197
KW,"Azzam",197
KW,"Asma",197
KW,"Smile",197
KW,"Balal",196
KW,"Shahul",196
KW,"Madhavan",196
KW,"Hamd",196
KW,"Sivakumar",196
KW,"Sita",196
KW,"Sahi",196
KW,"D-Dh",196
KW,"Alqabandi",196
KW,"Howlader",195
KW,"Raaz",195
KW,"Mehta",195
KW,"Talaat",195
KW,"Jawad",195
KW,"Stone",195
KW,"Dhimal",195
KW,"Moorthi",194
KW,"Helwa",194
KW,"Aleem",194
KW,"Nicole",194
KW,"Hailu",194
KW,"Faizal",194
KW,"Dhakal",194
KW,"Saied",194
KW,"Obaid",194
KW,"Dissanayaka",194
KW,"Sahab",193
KW,"Pak",193
KW,"Billa",193
KW,"Saran",193
KW,"Hanifa",193
KW,"Kerala",193
KW,"Estrada",193
KW,"Luna",193
KW,"Uy",193
KW,"Fahed",193
KW,"Az",193
KW,"Vijaya",193
KW,"Alkandery",193
KW,"Dashtii",193
KW,"Dbfhj",192
KW,"Mullah",192
KW,"Nasim",192
KW,"Sayad",192
KW,"Bhatt",192
KW,"Palani",192
KW,"Fhad",192
KW,"Haja",192
KW,"Bano",192
KW,"Cm",192
KW,"Tamu",192
KW,"Mhmad",192
KW,"Je",192
KW,"Kassem",192
KW,"Esmael",192
KW,"Banjara",191
KW,"Shakh",191
KW,"Sakthi",191
KW,"Gulam",191
KW,"Kadapa",191
KW,"Ranjith",191
KW,"Abdeen",191
KW,"Sri Lanka",191
KW,"Sajan",191
KW,"Reji",191
KW,"Sun",191
KW,"Daher",191
KW,"Tara",191
KW,"Guru",190
KW,"Teja",190
KW,"Shihab",190
KW,"Amor",190
KW,"Eman",190
KW,"Masood",189
KW,"Pt",189
KW,"Ghani",189
KW,"Eg/J",189
KW,"Kanxi",189
KW,"Thankachan",189
KW,"Najem",189
KW,"Sarath",189
KW,"Ahmadi",189
KW,"Alsaqer",189
KW,"Abrar",189
KW,"Sadeq",189
KW,"Alahmed",189
KW,"Davis",189
KW,"Saba",189
KW,"Noman",188
KW,"Kumudu",188
KW,"Young",188
KW,"Awadh",188
KW,"Indika",188
KW,"Joe",188
KW,"Alhasan",188
KW,"White",188
KW,"Nagaraja",187
KW,"Abhi",187
KW,"Negi",187
KW,"Shabeer",187
KW,"Dilhani",187
KW,"Hamood",187
KW,"Zaky",187
KW,"Alenze",187
KW,"Mg",187
KW,"Almutaire",187
KW,"Toto",187
KW,"Gje",186
KW,"Mery",186
KW,"Mobarak",186
KW,"Robert",186
KW,"Mine",186
KW,"Adham",186
KW,"Ortega",186
KW,"Nice",186
KW,"Salmani",185
KW,"Ijaz",185
KW,"Bava",185
LB,"Ali",15225
LB,"محمد",9427
LB,"Ahmad",8719
LB,"علي",7295
LB,"العلي",6157
LB,"Khalil",5807
LB,"Khoury",5567
LB,"احمد",5261
LB,"Ibrahim",5144
LB,"Hassan",5046
LB,"Issa",4547
LB,"Saleh",4302
LB,"Saad",4231
LB,"Haddad",4169
LB,"Abdallah",4091
LB,"Hammoud",3889
LB,"Jaber",3625
LB,"Youssef",3451
LB,"Haidar",3425
LB,"Moussa",3422
LB,"Mansour",3411
LB,"Daher",3404
LB,"Farhat",3226
LB,"Ayoub",3222
LB,"Masri",3119
LB,"حسن",3005
LB,"Harb",2957
LB,"حسين",2928
LB,"الاحمد",2896
LB,"الحسين",2809
LB,"Awad",2766
LB,"Jaafar",2750
LB,"Hajj",2721
LB,"Kassem",2702
LB,"Love",2657
LB,"Ismail",2652
LB,"Assaf",2651
LB,"Abboud",2627
LB,"Eid",2607
LB,"Sy",2606
LB,"Karam",2596
LB,"الحسن",2596
LB,"المحمد",2575
LB,"Omar",2485
LB,"Hanna",2461
LB,"Diab",2459
LB,"Nasser",2433
LB,"الحمصي",2409
LB,"Fares",2406
LB,"Fakih",2362
LB,"Hijazi",2337
LB,"Hussein",2311
LB,"الشام",2282
LB,"Mohamad",2273
LB,"Mahmoud",2251
LB,"Sleiman",2243
LB,"Obeid",2230
LB,"Matar",2219
LB,"Younes",2211
LB,"Zaiter",2206
LB,"Hamdan",2168
LB,"Hasan",2153
LB,"Wehbe",2144
LB,"Taleb",2143
LB,"Aoun",2143
LB,"Abbas",2088
LB,"Zein",2061
LB,"Dib",2052
LB,"Kh",2027
LB,"Haydar",1968
LB,"ابراهيم",1912
LB,"Abdo",1893
LB,"Khaled",1891
LB,"Sh",1883
LB,"Awada",1845
LB,"Saliba",1833
LB,"Rizk",1799
LB,"Farah",1790
LB,"Mrad",1774
LB,"Nassar",1769
LB,"Salloum",1750
LB,"Mhamad",1713
LB,"محمود",1710
LB,"Nasr",1710
LB,"Saab",1701
LB,"Fawaz",1699
LB,"يوسف",1699
LB,"Sayed",1683
LB,"حمود",1678
LB,"Hayek",1669
LB,"Taha",1663
LB,"Yassine",1659
LB,"Hachem",1605
LB,"المصري",1603
LB,"Itani",1603
LB,"Mostafa",1601
LB,"حيدر",1594
LB,"Ramadan",1594
LB,"Khatib",1575
LB,"Ghanem",1566
LB,"Halabi",1546
LB,"Fayad",1543
LB,"خليل",1531
LB,"Barakat",1526
LB,"Bitar",1524
LB,"Asmar",1521
LB,"Saade",1508
LB,"Nehme",1507
LB,"خالد",1506
LB,"Chahine",1473
LB,"Darwish",1469
LB,"Jawad",1426
LB,"Azar",1421
LB,"سليمان",1420
LB,"عمر",1420
LB,"Hamoud",1419
LB,"Mohammad",1393
LB,"عبدالله",1392
LB,"Osman",1391
LB,"Habib",1370
LB,"Raad",1370
LB,"Mokdad",1363
LB,"Kanaan",1335
LB,"مصطفى",1330
LB,"Nader",1315
LB,"Najem",1308
LB,"Fadel",1305
LB,"Jamal",1304
LB,"Salameh",1304
LB,"الشيخ",1274
LB,"Khan",1269
LB,"Ammar",1267
LB,"Semaan",1258
LB,"Deeb",1250
LB,"Hassoun",1248
LB,"السيد",1248
LB,"Elias",1238
LB,"Tannous",1222
LB,"صالح",1221
LB,"Said",1213
LB,"الشامي",1212
LB,"Yassin",1207
LB,"Merhi",1204
LB,"Zgheib",1196
LB,"العمر",1196
LB,"Assi",1195
LB,"Mahdi",1193
LB,"Dagher",1191
LB,"Amhaz",1190
LB,"Salman",1183
LB,"Gh",1174
LB,"Daou",1169
LB,"Adam",1166
LB,"Akiki",1162
LB,"King",1157
LB,"عباس",1157
LB,"Wehbi",1153
LB,"Najjar",1144
LB,"Sakr",1138
LB,"Srour",1135
LB,"Nour",1133
LB,"Hamze",1126
LB,"Hamad",1122
LB,"Maalouf",1120
LB,"Khalaf",1116
LB,"Melhem",1105
LB,"Salem",1104
LB,"Mortada",1101
LB,"Assaad",1101
LB,"Khalife",1099
LB,"Atwi",1095
LB,"Khalifeh",1093
LB,"Khoder",1069
LB,"Hashem",1067
LB,"عثمان",1059
LB,"Ch",1058
LB,"Nana",1049
LB,"Hamieh",1045
LB,"Alali",1038
LB,"العبدالله",1037
LB,"الحلبي",1034
LB,"الحاج",1025
LB,"Sabra",1005
LB,"Helou",997
LB,"Jabbour",997
LB,"Al Ali",995
LB,"Abed",989
LB,"Hajjar",987
LB,"Amer",985
LB,"جعفر",980
LB,"Chami",980
LB,"Nassif",976
LB,"Daoud",976
LB,"Chamoun",972
LB,"Azzam",972
LB,"الخطيب",970
LB,"Baydoun",964
LB,"قاسم",958
LB,"عيسى",948
LB,"Sfeir",946
LB,"Atallah",945
LB,"اسماعيل",931
LB,"Ghandour",929
LB,"Ahmed",927
LB,"Darwich",924
LB,"Chalhoub",923
LB,"Abbass",921
LB,"Mazloum",920
LB,"Sarkis",920
LB,"عبدو",917
LB,"Rifai",916
LB,"Hadi",914
LB,"Ayoubi",903
LB,"حمص",901
LB,"Mimo",900
LB,"Yehya",897
LB,"Kassab",895
LB,"Othman",888
LB,"Alam",886
LB,"الصالح",884
LB,"Mhanna",882
LB,"Maatouk",882
LB,"Moustafa",880
LB,"Faraj",874
LB,"الجاسم",870
LB,"Hariri",861
LB,"Rahal",856
LB,"Mattar",854
LB,"El Khoury",850
LB,"Jomaa",850
LB,"Moussawi",849
LB,"Mousa",848
LB,"الخالدي",845
LB,"Yaghi",844
LB,"ياسين",843
LB,"Azzi",842
LB,"موسى",842
LB,"Hakim",840
LB,"العبد",835
LB,"Roro",834
LB,"Antoun",829
LB,"الحمد",829
LB,"درويش",828
LB,"Kanso",825
LB,"Zeidan",820
LB,"Mouawad",811
LB,"Nano",809
LB,"Rida",807
LB,"Makhoul",804
LB,"Matta",803
LB,"Sabbagh",797
LB,"Naser",792
LB,"Singh",790
LB,"El Hajj",788
LB,"Ab",784
LB,"Amir",782
LB,"الخلف",780
LB,"Shamas",779
LB,"عبود",777
LB,"Hamzeh",773
LB,"Jad",771
LB,"الخالد",765
LB,"Rammal",765
LB,"Rabah",764
LB,"Alahmad",762
LB,"Sayegh",762
LB,"الحموي",758
LB,"Tarhini",758
LB,"Chehade",756
LB,"Mezher",755
LB,"Bazzi",754
LB,"Hatoum",750
LB,"Nasrallah",747
LB,"Madi",745
LB,"Youness",745
LB,"Rahme",744
LB,"خضر",744
LB,"Karim",741
LB,"جابر",737
LB,"أحمد",737
LB,"Ak",737
LB,"Yammine",737
LB,"Touma",736
LB,"Gerges",735
LB,"Saker",734
LB,"Trad",734
LB,"Geagea",728
LB,"Hallak",728
LB,"النعيمي",728
LB,"Saba",725
LB,"Massri",725
LB,"Achkar",725
LB,"Shaaban",723
LB,"ناصر",723
LB,"ابو محمد",722
LB,"Merheb",719
LB,"Slim",718
LB,"Homs",716
LB,"Allaw",714
LB,"Akl",713
LB,"Bassil",711
LB,"Chaaban",709
LB,"علوش",708
LB,"Zaarour",706
LB,"Yousef",706
LB,"Makki",703
LB,"Badran",701
LB,"Mawla",694
LB,"Maroun",694
LB,"Mourad",693
LB,"Mk",693
LB,"Charbel",690
LB,"نور",687
LB,"Chamas",684
LB,"سعيد",682
LB,"Houssein",682
LB,"Bader",681
LB,"الديري",680
LB,"Arab",678
LB,"Yazbeck",677
LB,"Aboud",675
LB,"Tarabay",671
LB,"Badawi",668
LB,"Angel",668
LB,"Akil",667
LB,"Ghaddar",665
LB,"Safa",664
LB,"Haj",663
LB,"اليوسف",659
LB,"Islam",659
LB,"Tawk",657
LB,"Yazbek",656
LB,"Tohme",655
LB,"Ghazal",655
LB,"Fahed",651
LB,"سعد",651
LB,"Berro",650
LB,"خلف",648
LB,"Jammal",648
LB,"Monzer",647
LB,"Chehab",647
LB,"الرفاعي",645
LB,"Naim",642
LB,"Samaha",640
LB,"رمضان",640
LB,"Shehab",636
LB,"Mallah",635
LB,"Kamal",633
LB,"Bilal",631
LB,"Awwad",631
LB,"Boutros",629
LB,"Karaki",625
LB,"الحريري",624
LB,"Sawan",621
LB,"Boulos",617
LB,"عوض",616
LB,"Salam",615
LB,"Sadek",615
LB,"Amin",614
LB,"الحجيري",614
LB,"حمزة",613
LB,"طالب",612
LB,"Ezzeddine",611
LB,"Faour",610
LB,"عبد",609
LB,"الحمود",608
LB,"الزعبي",607
LB,"مراد",605
LB,"مرعي",605
LB,"Dirani",602
LB,"Zakaria",599
LB,"Konjo",599
LB,"Mohsen",599
LB,"Lahoud",597
LB,"Seif",596
LB,"Yaacoub",596
LB,"الاسمر",596
LB,"Ayash",595
LB,"Serhan",593
LB,"يونس",592
LB,"Bob",591
LB,"Chidiac",588
LB,"منصور",583
LB,"Nemer",583
LB,"Lolo",582
LB,"Mahfouz",582
LB,"Abd",582
LB,"Ghosn",581
LB,"Attieh",580
LB,"Fatima",580
LB,"Tawil",579
LB,"Dia",577
LB,"Akter",576
LB,"عساف",575
LB,"Zahraa",574
LB,"Hamza",572
LB,"شام",566
LB,"Gharib",566
LB,"عمار",564
LB,"Cell",559
LB,"ابو علي",558
LB,"Safi",558
LB,"زعيتر",557
LB,"فارس",557
LB,"المصطفى",555
LB,"حمدان",554
LB,"Noun",554
LB,"Asaad",553
LB,"Saadeh",552
LB,"Hamed",549
LB,"Khodor",547
LB,"العيسى",547
LB,"Francis",546
LB,"Dado",545
LB,"Alaa",544
LB,"Baalbaki",544
LB,"Malak",544
LB,"Ajami",544
LB,"Agha",544
LB,"Daccache",543
LB,"Majed",543
LB,"Makhlouf",542
LB,"Malaeb",541
LB,"الغالي",541
LB,"Halawi",538
LB,"Sousou",537
LB,"Bechara",536
LB,"Aktar",535
LB,"Kabalan",533
LB,"ديب",532
LB,"Alhaj",532
LB,"Zreik",530
LB,"الزهراء",530
LB,"Keyrouz",529
LB,"البحر",527
LB,"Sassine",526
LB,"Ana",525
LB,"Joumaa",522
LB,"Amar",521
LB,"Sara",520
LB,"Sa",516
LB,"Reda",515
LB,"Imad",515
LB,"Allam",514
LB,"Younis",511
LB,"Shami",511
LB,"مطر",511
LB,"Nakhle",511
LB,"Hadad",510
LB,"Nicolas",509
LB,"Mouhamad",506
LB,"Antar",506
LB,"المحمود",504
LB,"الزين",503
LB,"الملك",502
LB,"Zaidan",501
LB,"Loulou",499
LB,"سلوم",497
LB,"Brahim",495
LB,"Fakhry",494
LB,"Hm",494
LB,"Mhmd",493
LB,"Mhmad",491
LB,"Kanj",490
LB,"الأحمد",489
LB,"دياب",489
LB,"Ha",489
LB,"Chaar",488
LB,"امير",488
LB,"الخضر",488
LB,"Kfoury",487
LB,"Iskandar",487
LB,"Hage",486
LB,"Hilal",485
LB,"Kheir",482
LB,"Radwan",480
LB,"Majzoub",479
LB,"Aridi",479
LB,"Fadi",479
LB,"Sleem",478
LB,"Salah",473
LB,"Ad",472
LB,"Tabet",471
LB,"Hallal",471
LB,"حمد",470
LB,"Khairallah",468
LB,"Hamadeh",468
LB,"الموسى",468
LB,"Mohammed",466
LB,"Kataya",466
LB,"الابراهيم",466
LB,"Boustany",466
LB,"Chedid",465
LB,"Haber",464
LB,"حرب",462
LB,"Homsi",462
LB,"حجازي",461
LB,"Massoud",460
LB,"Rami",459
LB,"Mh",458
LB,"Mohamed",457
LB,"Ghannam",457
LB,"Hareb",456
LB,"Ajaj",455
LB,"جمال",455
LB,"الكردي",454
LB,"ايوب",454
LB,"Salim",454
LB,"Hossain",449
LB,"Al Ahmad",449
LB,"شعبان",449
LB,"Mimi",447
LB,"Attar",444
LB,"عامر",444
LB,"Almasri",443
LB,"Ossman",442
LB,"Berjawi",442
LB,"حلب",436
LB,"Samad",435
LB,"Hamade",435
LB,"هاشم",435
LB,"الدين",434
LB,"طه",433
LB,"Samra",432
LB,"Sd",432
LB,"Nohra",432
LB,"Zeaiter",431
LB,"Alsayed",430
LB,"السعيد",426
LB,"Jouni",425
LB,"Aziz",423
LB,"Khattar",422
LB,"Baker",421
LB,"Salhab",421
LB,"Joud",421
LB,"Ma",420
LB,"شاهين",420
LB,"Arnaout",420
LB,"Kamel",418
LB,"سالم",418
LB,"Rose",418
LB,"Moubarak",418
LB,"جواد",415
LB,"Mcheik",414
LB,"Tlais",414
LB,"Zahra",414
LB,"El Zein",413
LB,"Alayan",413
LB,"العكيدي",413
LB,"Elie",412
LB,"Shouman",411
LB,"Zd",410
LB,"عيد",410
LB,"Dbouk",409
LB,"Habchy",408
LB,"Fahes",408
LB,"Reslan",407
LB,"Alameddine",407
LB,"شهاب",407
LB,"Hussien",407
LB,"ابو احمد",406
LB,"As",405
LB,"Jaffal",404
LB,"الفراتي",404
LB,"Hadchity",403
LB,"Chaaya",403
LB,"Sawaya",403
LB,"ضاهر",402
LB,"فرحات",402
LB,"حبيب",401
LB,"Najdi",400
LB,"جمعة",398
LB,"Krayem",397
LB,"Abdullah",397
LB,"Gemayel",397
LB,"كريم",397
LB,"Ka",396
LB,"عزالدين",396
LB,"Rached",395
LB,"الربيع",394
LB,"بلال",394
LB,"Ahmd",394
LB,"Bakri",394
LB,"Nahle",393
LB,"Alameh",390
LB,"Yahya",388
LB,"Dhaybi",388
LB,"Tahan",388
LB,"Khazaal",387
LB,"Nazha",387
LB,"Kassar",387
LB,"Al Masri",387
LB,"Alwan",386
LB,"مهدي",385
LB,"Salame",385
LB,"Kassis",384
LB,"Sami",384
LB,"Hana",383
LB,"زكريا",383
LB,"Hodroj",383
LB,"شمص",383
LB,"الياسمين",383
LB,"Al",382
LB,"Hd",382
LB,"الورد",379
LB,"Abass",379
LB,"Zohbi",378
LB,"الامير",377
LB,"Jalloul",376
LB,"Kadi",376
LB,"الشمري",376
LB,"Kazan",376
LB,"الله",375
LB,"Samer",375
LB,"Khoueiry",375
LB,"Hani",374
LB,"Tarraf",370
LB,"Koko",369
LB,"Moudi",369
LB,"Wakim",369
LB,"جاسم",369
LB,"Sam",368
LB,"حمادي",368
LB,"Sayah",368
LB,"Sultan",368
LB,"Fouani",367
LB,"Beainy",367
LB,"Kaddour",366
LB,"Msheik",366
LB,"Noureddine",365
LB,"Alkhatib",365
LB,"وهبي",364
LB,"Maro",364
LB,"Bejjani",364
LB,"Abdalla",363
LB,"Assad",361
LB,"زين",360
LB,"Hamadi",358
LB,"السليمان",358
LB,"حمادة",358
LB,"Solh",357
LB,"Ah",356
LB,"Hourani",356
LB,"Kiwan",356
LB,"Harmouch",355
LB,"Rana",355
LB,"Hamie",354
LB,"Tannoury",354
LB,"Bazzal",352
LB,"Naji",352
LB,"شحادة",351
LB,"اسعد",351
LB,"Walid",350
LB,"Ghazi",350
LB,"Feghali",349
LB,"Ashkar",348
LB,"Rizkallah",347
LB,"ربيع",346
LB,"بركات",346
LB,"Saeed",346
LB,"Khadra",345
LB,"Zaher",345
LB,"الحياة",344
LB,"Bourji",344
LB,"Rifaii",343
LB,"Fakhoury",343
LB,"Sabbah",343
LB,"Ghalayini",343
LB,"Jojo",342
LB,"Serhal",341
LB,"Frangieh",340
LB,"Kasem",339
LB,"Idriss",339
LB,"Rahhal",339
LB,"Hajj Hassan",339
LB,"Zeineddine",339
LB,"Kerdi",338
LB,"Malek",338
LB,"Balhas",338
LB,"Allouch",337
LB,"يزن",337
LB,"كنعان",337
LB,"Damaj",336
LB,"Mia",336
LB,"Sharaf",335
LB,"Karout",334
LB,"السعدي",333
LB,"Hellani",333
LB,"Saber",331
LB,"هادي",330
LB,"الموسوي",329
LB,"القاسم",329
LB,"Akoum",328
LB,"Awar",326
LB,"حمودي",325
LB,"Joujou",325
LB,"سليم",325
LB,"Naboulsi",325
LB,"حداد",325
LB,"Na",324
LB,"Jradi",324
LB,"فياض",323
LB,"Wafa",323
LB,"ابو",322
LB,"عواد",322
LB,"حميد",322
LB,"Samir",322
LB,"Elhajj",321
LB,"Baba",321
LB,"Jawhar",321
LB,"زيدان",320
LB,"Baghdadi",320
LB,"Awde",320
LB,"Hamwi",319
LB,"Challita",319
LB,"Feghaly",319
LB,"Alhajj",319
LB,"Kurdi",317
LB,"Sweid",317
LB,"Jamil",316
LB,"ابومحمد",315
LB,"Kassir",315
LB,"Hamada",315
LB,"Ishak",315
LB,"هلال",314
LB,"Atieh",314
LB,"Fahs",313
LB,"Safwan",313
LB,"Alhassan",313
LB,"Habchi",313
LB,"Abdou",313
LB,"Salha",312
LB,"علاء",312
LB,"Abou Jaoude",312
LB,"Al Sayed",311
LB,"Basha",311
LB,"Elia",310
LB,"براهيم",310
LB,"Mikhael",310
LB,"Ziade",310
LB,"Daaboul",310
LB,"Hmede",308
LB,"Abou Khalil",308
LB,"Masry",307
LB,"Abou Hamdan",307
LB,"النرجس",307
LB,"Arabi",306
LB,"Elzein",306
LB,"Waked",306
LB,"Aad",305
LB,"Slayman",305
LB,"Ayach",305
LB,"الحميد",305
LB,"الحلو",304
LB,"Queen",304
LB,"Ftouni",304
LB,"Tamer",304
LB,"Najm",303
LB,"Syr",303
LB,"Man",302
LB,"الجارح",301
LB,"Hoteit",301
LB,"Abebe",301
LB,"Georges",300
LB,"Hamzi",300
LB,"العباس",300
LB,"El Ali",300
LB,"Massaad",299
LB,"الناصر",299
LB,"Rachid",298
LB,"Nassour",298
LB,"Cheikh",298
LB,"Skaff",298
LB,"Ayad",297
LB,"ابوعلي",296
LB,"عمري",296
LB,"Kamar",296
LB,"العبود",296
LB,"الحسيني",296
LB,"Shreif",295
LB,"Hatem",295
LB,"جمعه",294
LB,"Turk",294
LB,"Mustafa",294
LB,"Abo Ali",293
LB,"Shoker",293
LB,"وليد",293
LB,"Askar",293
LB,"Baz",293
LB,"Sbeity",293
LB,"يحيى",293
LB,"Medlej",292
LB,"Shaheen",291
LB,"Choucair",291
LB,"الاسعد",290
LB,"Ztr",290
LB,"Maher",290
LB,"Shaar",289
LB,"Alhasan",288
LB,"رضا",288
LB,"Estephan",288
LB,"Al Hajj",288
LB,"Douaihy",288
LB,"Mroueh",288
LB,"زين الدين",287
LB,"Rajab",287
LB,"Abou Zeid",286
LB,"Daniel",286
LB,"عبد الرحمن",286
LB,"Mahfoud",286
LB,"Khater",285
LB,"سلمان",285
LB,"Charaf",283
LB,"Kaddoura",283
LB,"جود",282
LB,"Ezzedine",282
LB,"Nawfal",282
LB,"Sweidan",282
LB,"Bakkour",282
LB,"Badr",282
LB,"Kdouh",281
LB,"Mido",281
LB,"Shahrour",280
LB,"سلطان",279
LB,"Kourani",279
LB,"Amal",279
LB,"رعد",279
LB,"Rouhana",278
LB,"Shehade",278
LB,"Ghadban",278
LB,"Traboulsi",277
LB,"Baroud",277
LB,"Farran",276
LB,"Aouad",276
LB,"Sobh",275
LB,"Salami",275
LB,"زهراء",274
LB,"Mohmad",274
LB,"Araji",274
LB,"Dika",274
LB,"Chahoud",273
LB,"Dannawi",273
LB,"Layla",273
LB,"Mazeh",273
LB,"Njeim",273
LB,"Dergham",273
LB,"Kahil",272
LB,"زينب",272
LB,"رحال",272
LB,"Boss",271
LB,"Assaker",271
LB,"Abi Khalil",270
LB,"المقداد",270
LB,"اليل",269
LB,"Kenaan",269
LB,"Chouman",268
LB,"غانم",268
LB,"Zbib",268
LB,"Siblini",268
LB,"Alawieh",267
LB,"حمزه",267
LB,"Alzein",267
LB,"Hawi",267
LB,"السالم",267
LB,"Ozeir",266
LB,"Husseini",266
LB,"غريب",265
LB,"المشهداني",265
LB,"الاسد",265
LB,"Girma",265
LB,"Zizo",265
LB,"الاحزان",265
LB,"Saoud",264
LB,"Tarek",264
LB,"Akar",264
LB,"Osta",264
LB,"Ghraizi",264
LB,"Kawtharani",263
LB,"Dirany",263
LB,"Taher",263
LB,"Houmani",263
LB,"Succar",263
LB,"Rashid",263
LB,"البيضاء",263
LB,"Zayat",263
LB,"Houjairy",262
LB,"Aya",262
LB,"Hamdar",262
LB,"Maryam",262
LB,"Soso",262
LB,"Chaker",262
LB,"Abo",261
LB,"Choker",261
LB,"Chammas",261
LB,"الغريب",260
LB,"فادي",260
LB,"Chreif",259
LB,"Tabaja",259
LB,"Sadaka",258
LB,"مصري",258
LB,"Mariam",257
LB,"Tanios",257
LB,"Koussa",257
LB,"Richa",257
LB,"Khansa",257
LB,"Dahdah",257
LB,"Rita",257
LB,"Kassouf",256
LB,"Kadri",256
LB,"سرور",256
LB,"Safadi",256
LB,"Akkari",256
LB,"Bachir",255
LB,"Kobeissi",255
LB,"الرحمن",254
LB,"Nakad",254
LB,"Audi",254
LB,"Mehdi",254
LB,"Alloush",253
LB,"Termos",253
LB,"Zeid",253
LB,"Khayat",252
LB,"Kallas",252
LB,"حماده",252
LB,"Barbar",252
LB,"Sham",252
LB,"ملحم",252
LB,"Haddara",252
LB,"El Sayed",251
LB,"Sinno",251
LB,"Az",251
LB,"Adnan",250
LB,"Al Khatib",250
LB,"Nachar",250
LB,"عبد الله",250
LB,"Sawma",250
LB,"عياش",249
LB,"Akel",249
LB,"Faddoul",249
LB,"Nazzal",249
LB,"Mneimneh",249
LB,"بكور",249
LB,"Lb",248
LB,"الشريف",248
LB,"Hamoudi",248
LB,"Sader",248
LB,"Bassam",248
LB,"Fakhreddine",247
LB,"إبراهيم",247
LB,"قدور",246
LB,"Habli",245
LB,"Haykal",245
LB,"Merhej",245
LB,"Skaf",245
LB,"Mitri",245
LB,"Sebaaly",245
LB,"Hawa",244
LB,"Boustani",244
LB,"فواز",244
LB,"Nakhoul",243
LB,"سلام",243
LB,"Nahas",243
LB,"Chamaa",243
LB,"البنفسج",243
LB,"Amro",242
LB,"Haj Hassan",242
LB,"Sabeh",242
LB,"Maria",242
LB,"الجبل",242
LB,"السلوم",241
LB,"Swaidan",241
LB,"Lakkis",241
LB,"Zorkot",241
LB,"Hazimeh",240
LB,"عزام",240
LB,"ادريس",240
LB,"Shokor",240
LB,"Omran",240
LB,"Chamma",240
LB,"الحميدي",239
LB,"Flower",239
LB,"Jurdi",239
LB,"Sidani",239
LB,"حمية",239
LB,"Jihad",239
LB,"Mar",239
LB,"Andraos",238
LB,"العشاق",238
LB,"فرج",238
LB,"عرب",238
LB,"Alsham",237
LB,"العثمان",237
LB,"ماهر",237
LB,"النجار",237
LB,"Moussallem",237
LB,"Bacha",237
LB,"خليفة",237
LB,"Akoury",237
LB,"شعيب",236
LB,"عبيد",236
LB,"جميل",235
LB,"Sheikh",235
LB,"Abou",235
LB,"Nabhan",235
LB,"Tiger",235
LB,"Shahine",234
LB,"Mardini",234
LB,"عماد",234
LB,"Morad",234
LB,"عاصي",234
LB,"العوض",234
LB,"Raya",233
LB,"الاشقر",233
LB,"فاضل",233
LB,"رشيد",233
LB,"Harkous",233
LB,"Eter",233
LB,"Amine",233
LB,"الفرات",232
LB,"Zoghbi",232
LB,"Khamis",231
LB,"Darwiche",231
LB,"Kabbara",231
LB,"بالله",231
LB,"Saghir",231
LB,"Joe",230
LB,"Lakiss",230
LB,"Yamout",230
LB,"Bekele",230
LB,"Abou Ali",229
LB,"Kahwaji",229
LB,"Fadlallah",229
LB,"Badra",229
LB,"Rabih",229
LB,"Al Hassan",229
LB,"Soufan",229
LB,"الزمان",229
LB,"Ali Ahmad",228
LB,"Banna",228
LB,"Baaklini",228
LB,"Sisi",228
LB,"Dandachi",228
LB,"الحلاق",228
LB,"Bdeir",227
LB,"امهز",227
LB,"الهادي",227
LB,"Berri",227
LB,"Ba",227
LB,"شريف",227
LB,"Maya",226
LB,"Sahili",226
LB,"Dawoud",226
LB,"Zahran",226
LB,"Zouzou",225
LB,"Nassrallah",225
LB,"امل",225
LB,"Lara",225
LB,"كردي",225
LB,"Awdi",225
LB,"Ahmar",225
LB,"Dorra",225
LB,"فهد",224
LB,"Hsein",224
LB,"شكر",224
LB,"Ataya",224
LB,"Debs",223
LB,"Hobeika",223
LB,"Kanjo",223
LB,"Sharif",223
LB,"Saiid",223
LB,"Doumit",223
LB,"Miah",223
LB,"الرقاوي",223
LB,"Mosa",223
LB,"Tabbara",223
LB,"Beaino",223
LB,"Rahman",222
LB,"Hammad",222
LB,"بكر",222
LB,"Noor",222
LB,"Kabbani",222
LB,"ادم",221
LB,"Maarouf",221
LB,"Abouzeid",221
LB,"Kayal",221
LB,"Alshami",220
LB,"وسام",220
LB,"Jawhary",220
LB,"مرتضى",220
LB,"Ghattas",220
LB,"عدي",219
LB,"عودة",219
LB,"السلام",218
LB,"Annan",218
LB,"كنجو",218
LB,"Chemaly",218
LB,"Moghrabi",217
LB,"Jarrah",217
LB,"الحسون",217
LB,"Alarab",217
LB,"Zaydan",217
LB,"Hs",216
LB,"Ziad",216
LB,"Jammoul",216
LB,"الفرج",216
LB,"Moukarzel",215
LB,"Ar",215
LB,"نجار",215
LB,"Abdalah",215
LB,"Wael",214
LB,"Orabi",214
LB,"Khaddaj",214
LB,"Sahmarani",214
LB,"Al Haj",214
LB,"Shehadeh",214
LB,"Cheaib",214
LB,"Loubani",214
LB,"محسن",213
LB,"Zeinab",213
LB,"Karnib",213
LB,"Mhammad",213
LB,"الجبوري",213
LB,"Merhy",213
LB,"Hamid",212
LB,"امين",212
LB,"ياسر",212
LB,"Ghantous",212
LB,"Arja",212
LB,"Rima",211
LB,"Dayekh",211
LB,"Shalhoub",211
LB,"Hajar",211
LB,"Shehadi",211
LB,"Abera",211
LB,"Dandach",211
LB,"Al Arab",210
LB,"Beydoun",210
LB,"Sahyoun",210
LB,"Khawand",210
LB,"El Helou",210
LB,"Chebbo",209
LB,"Akhdar",209
LB,"حريري",209
LB,"Harakeh",209
LB,"Kayed",209
LB,"Mohamd",209
LB,"صعب",209
LB,"Taki",209
LB,"Ghannoum",209
LB,"Mahmod",209
LB,"Bteich",209
LB,"Tfaily",208
LB,"Lattouf",208
LB,"Rayan",207
LB,"بيطار",207
LB,"Fliti",207
LB,"Soubra",206
LB,"Kassas",206
LB,"Itawi",206
LB,"Abi Nader",206
LB,"Atat",205
LB,"حماه",205
LB,"العليوي",205
LB,"عطوي",205
LB,"Abas",205
LB,"Prince",205
LB,"القادري",204
LB,"Makarem",204
LB,"Kattan",204
LB,"الحجي",204
LB,"Essa",203
LB,"Dana",203
LB,"Lhaj",203
LB,"Ghorayeb",203
LB,"Hazim",203
LB,"Kalash",203
LB,"نصار",203
LB,"Dani",203
LB,"Ghamloush",203
LB,"الفاعوري",202
LB,"Omari",202
LB,"Souna",202
LB,"Chebli",202
LB,"Rahi",202
LB,"Kojok",202
LB,"Adra",202
LB,"ابو عبدو",202
LB,"Hamod",201
LB,"Ayman",201
LB,"الباشا",201
LB,"Kaakour",201
LB,"رجب",201
LB,"اسمر",201
LB,"Murr",201
LB,"شادي",200
LB,"Awik",200
LB,"Assy",200
LB,"Saadi",200
LB,"Yehia",199
LB,"Akkawi",199
LB,"Halawani",199
LB,"الحاج حسن",199
LB,"Mamo",199
LB,"Baroudi",199
LB,"Mokbel",199
LB,"Hadid",199
LB,"Kebede",199
LB,"Da",199
LB,"Hsn",199
LB,"النمر",199
LB,"Khattab",198
LB,"سوري",198
LB,"ناصرالدين",198
LB,"غزال",198
LB,"El Hachem",198
LB,"Hk",197
LB,"Aj",197
LB,"Choueiry",197
LB,"Alabed",197
LB,"Lteif",197
LB,"Shahin",196
LB,"Bibi",196
LB,"Jabr",196
LB,"Tony",196
LB,"Samia",196
LB,"Tarchichi",196
LB,"Mir",196
LB,"Ebrahim",196
LB,"Shaker",196
LB,"Tesfaye",195
LB,"Smith",195
LB,"Ian",195
LB,"Maksoud",195
LB,"Zouein",195
LB,"Soboh",195
LB,"Ghader",195
LB,"Frem",195
LB,"الشبلي",195
LB,"Kozah",194
LB,"حسام",194
LB,"Yaakoub",194
LB,"Outa",194
LB,"Badreddine",194
LB,"الحديدي",194
LB,"Abou Rjeily",194
LB,"Daouk",194
LB,"Toufaily",194
LB,"Alemu",193
LB,"سويدان",193
LB,"Abou Haidar",193
LB,"Fneish",193
LB,"عدنان",193
LB,"Mouallem",192
LB,"Yahfoufi",192
LB,"رزق",192
LB,"Ghoul",192
LB,"El Khatib",192
LB,"خطاب",192
LB,"ابواحمد",192
LB,"Lama",191
LB,"Dandash",191
LB,"Lababidi",191
LB,"Alomar",191
LB,"الخليف",191
LB,"Mira",191
LB,"Sidawi",190
LB,"سويد",190
LB,"صلاح",190
LB,"حسان",190
LB,"كمال",190
LB,"Hsen",190
LB,"Rayess",190
LB,"شيخو",190
LB,"Yasin",189
LB,"Bk",189
LB,"Ziadeh",189
LB,"الشمس",189
LB,"رامي",188
LB,"Bakkar",188
LB,"رسلان",188
LB,"Fattouh",188
LB,"Khawaja",188
LB,"Nada",188
LB,"Kumar",188
LB,"Ahmadieh",187
LB,"شامي",187
LB,"عبدلله",187
LB,"ناصيف",187
LB,"ابو عمر",187
LB,"Mkahal",187
LB,"Hj",187
LB,"فاعور",187
LB,"Khazem",187
LB,"Zahraman",186
LB,"العبدلله",186
LB,"Zebian",186
LB,"الشعار",186
LB,"ايمن",186
LB,"Al Zein",186
LB,"Dargham",186
LB,"فلسطين",186
LB,"Bittar",186
LB,"كرم",185
LB,"Oueidat",185
LB,"Malla",185
LB,"الامل",185
LB,"Malas",185
LB,"عواضة",185
LB,"Mhana",185
LB,"رجل",185
LB,"Salemeh",185
LB,"Nammour",185
LB,"Mona",185
LB,"Al Halabi",185
LB,"Harfouche",185
LB,"Emad",185
LB,"Jbara",185
LB,"Mhamd",185
LB,"Srouji",185
LB,"ابو حسين",184
LB,"Mazraani",184
LB,"Esber",184
LB,"Chkeir",184
LB,"Sk",183
LB,"Alhalabi",183
LB,"Dalal",183
LB,"المولى",183
LB,"Dawood",183
LB,"شبلي",183
LB,"Hassanieh",182
LB,"Mhd",182
LB,"يعقوب",182
LB,"الدمشقي",182
LB,"سمير",182
LB,"Samo",182
LB,"Kalil",182
LB,"القيصر",182
LB,"Asfour",182
LB,"Antonios",182
LB,"Lwafa",182
LB,"نصر",182
LB,"عفرين",181
LB,"رضوان",181
LB,"El Masri",181
LB,"ياسمين",181
LB,"Hindi",181
LB,"ابو خالد",181
LB,"المرعي",181
LB,"Stephan",181
LB,"Terro",181
LB,"Naddaf",180
LB,"حامد",180
LB,"خلوف",180
LB,"Khalid",180
LB,"Kd",179
LB,"Raffoul",179
LB,"عزيز",179
LB,"Zaraket",179
LB,"معتوق",179
LB,"فرح",179
LB,"Fa",179
LB,"فاطمة",178
LB,"Dh",178
LB,"Hala",178
LB,"الدرويش",178
LB,"Sibai",178
LB,"Wissam",178
LB,"Ghazzawi",178
LB,"Elkhoury",178
LB,"Khouri",178
LB,"مريم",177
LB,"مشيك",177
LB,"Lamaa",177
LB,"مهند",177
LB,"Ra",177
LB,"موس",177
LB,"جنيد",177
LB,"Hmadi",176
LB,"مظلوم",176
LB,"Zaza",176
LB,"داوود",176
LB,"سلامه",176
LB,"At",176
LB,"Bashir",175
LB,"Harmoush",175
LB,"Hafez",175
LB,"Roumieh",175
LB,"Salma",175
LB,"حمصي",175
LB,"الياسين",175
LB,"لولو",175
LB,"مالك",175
LB,"شرف الدين",175
LB,"Kaled",174
LB,"Basma",174
LB,"سامر",174
LB,"Houry",174
LB,"Bchara",173
LB,"Zaytoun",173
LB,"Yazan",173
LB,"Shatila",173
LB,"Kai",172
LB,"Kais",172
LB,"Baraket",172
LB,"Madani",172
LB,"Warwar",172
LB,"Rihan",172
LB,"السلطان",172
LB,"Miro",172
LB,"Hama",171
LB,"Hawchar",171
LB,"Balout",171
LB,"Restom",171
LB,"Riachy",171
LB,"Jawhari",171
LB,"Mazbouh",170
LB,"Dalloul",170
LB,"Bizri",170
LB,"Dabbous",170
LB,"عكاري",170
LB,"Chbib",170
LB,"أبو محمد",169
LB,"Dhaini",169
LB,"Uddin",169
LB,"Kaafarani",169
LB,"Charif",169
LB,"Alsaleh",169
LB,"Beaini",169
LB,"Aloush",169
LB,"Sabsabi",169
LB,"مهنا",168
LB,"حلبي",168
LB,"Zeina",168
LB,"Tayba",168
LB,"Selam",168
LB,"Ward",167
LB,"بدر",167
LB,"Bayram",167
LB,"العمري",167
LB,"ابو حسن",167
LB,"Zaatari",166
LB,"El Mir",166
LB,"عبدالرحمن",166
LB,"حلاق",166
LB,"Olleik",166
LB,"العساف",166
LB,"Alhomse",166
LB,"Makary",166
LB,"Ballouk",166
LB,"Saloum",166
LB,"Abi Rached",165
LB,"Ale",165
LB,"الجنوب",165
LB,"Awala",165
LB,"Jbeily",165
LB,"Sliman",165
LB,"Zain",165
LB,"جهاد",165
LB,"Shkeir",165
LB,"Gebrayel",165
LB,"الحوراني",165
LB,"Ismael",164
LB,"كوباني",164
LB,"Safieddine",164
LB,"الضاهر",164
LB,"Darazi",164
LB,"Toni",164
LB,"خليفه",164
LB,"فراس",164
LB,"تيم",164
LB,"الطويل",164
LB,"Andary",163
LB,"الزمن",163
LB,"Ajam",163
LB,"Saidi",163
LB,"Radi",163
LB,"Hb",163
LB,"عليان",162
LB,"حميدي",162
LB,"مصطفي",162
LB,"Khabbaz",162
LB,"لاحمد",162
LB,"Awali",162
LB,"Zahr",162
LB,"Dakdouk",162
LB,"الرشيد",161
LB,"Albo",161
LB,"Ashour",161
LB,"Hanan",161
LB,"Naaman",161
LB,"Baarini",161
LB,"Aswad",161
LB,"Habbal",161
LB,"Daw",161
LB,"القاضي",161
LB,"Mo",161
LB,"المطر",160
LB,"Slaiby",160
LB,"Yakhni",160
LB,"غازي",160
LB,"شاكر",160
LB,"Hawat",160
LB,"بدوي",160
LB,"Medawar",160
LB,"لعلي",159
LB,"الهوى",159
LB,"Dandan",159
LB,"عقيل",159
LB,"Tayeh",159
LB,"Kharrat",158
LB,"Dada",158
LB,"Hmouda",158
LB,"صادق",158
LB,"Mousawi",158
LB,"الجمال",158
LB,"Masre",158
LB,"Alex",158
LB,"الشمالي",158
LB,"Esper",158
LB,"نصرالله",158
LB,"Maaz",158
LB,"الهلال",157
LB,"Delbani",157
LB,"Sb",157
LB,"شقير",157
LB,"Alii",157
LB,"العرب",157
LB,"Rourou",157
LB,"Fayyad",157
LB,"Asad",157
LB,"Bahsoun",157
LB,"عنتر",156
LB,"الصغير",156
LB,"البجاري",156
LB,"Souki",156
LB,"Rahmeh",156
LB,"Jana",156
LB,"Tauk",156
LB,"Rashed",156
LB,"Chahrour",156
LB,"Abdelnour",156
LB,"البيلسان",156
LB,"Khreiss",156
LB,"Saed",156
LB,"Chamseddine",156
LB,"Afara",156
LB,"Nor",156
LB,"روحي",155
LB,"شحاده",155
LB,"Alamin",155
LB,"Shayya",155
LB,"سلامة",155
LB,"علوان",155
LB,"Adel",154
LB,"Mbarak",154
LB,"عطية",154
LB,"Haj Ali",154
LB,"Helo",154
LB,"Hiba",154
LB,"Basbous",154
LB,"حمو",154
LB,"سرحان",154
LB,"انا",153
LB,"Houjeiry",153
LB,"Joseph",153
LB,"Bayan",153
LB,"بيضون",153
LB,"Rkein",153
LB,"Charara",153
LB,"ناصر الدين",153
LB,"العربي",153
LB,"Bou Khalil",153
LB,"Shams",153
LB,"Korkomaz",153
LB,"الحمادي",153
LB,"Ajram",153
LB,"Hasn",153
LB,"Mosleh",152
LB,"Zainab",152
LB,"Hojeij",152
LB,"العز",152
LB,"Najib",152
LB,"Lagha",152
LB,"Fafi",152
LB,"Azab",152
LB,"Ayache",151
LB,"Ghamrawi",151
LB,"الأسمر",151
LB,"زيد",151
LB,"طليس",151
LB,"Roukoz",151
LB,"Laham",151
LB,"Iskandarani",151
LB,"Dandashi",151
LB,"Lala",151
LB,"الخير",150
LB,"Sleman",150
LB,"Albi",150
LB,"يزبك",150
LB,"Siblani",150
LB,"Harake",150
LB,"وسيم",150
LB,"Arbid",150
LB,"Hmayed",150
LB,"Fouad",150
LB,"Nasreddine",150
LB,"Labban",150
LB,"صقر",149
LB,"Ibrahem",149
LB,"Alasmar",149
LB,"رباح",149
LB,"الريس",149
LB,"Elhaj",149
LB,"Housseini",149
LB,"مجهول",149
LB,"اللوتس",149
LB,"Kobani",148
LB,"Khodr",148
LB,"قصي",148
LB,"الحايك",148
LB,"Safar",148
LB,"Hawli",148
LB,"Melki",148
LB,"Hamo",148
LB,"Jundi",148
LB,"Hossen",147
LB,"Ta",147
LB,"Molla",147
LB,"Berry",147
LB,"Mina",147
LB,"Moubayed",147
LB,"Zreika",147
LB,"George",147
LB,"حايك",146
LB,"Milan",146
LB,"بكار",146
LB,"Ghaleb",146
LB,"شرف",146
LB,"ماجد",146
LB,"Begum",146
LB,"Abdelkhalek",146
LB,"مبارك",146
LB,"Souaid",145
LB,"Samara",145
LB,"Bahmad",145
LB,"El-Khoury",145
LB,"Zaki",145
LB,"Mano",145
LB,"Al Asmar",145
LB,"الظلام",145
LB,"القصير",145
LB,"رستم",145
LB,"Bou Hamdan",145
LB,"وائل",145
LB,"Ghali",145
LB,"Kashmar",145
LB,"Alroh",145
LB,"معروف",145
LB,"الوليد",144
LB,"Zarif",144
LB,"Jado",144
LB,"شومان",144
LB,"الديراني",144
LB,"Karroum",144
LB,"Karsifi",144
LB,"غندور",144
LB,"الأمير",144
LB,"Majd",144
LB,"Sankari",144
LB,"Chour",144
LB,"العزيز",144
LB,"عوده",144
LB,"بسام",144
LB,"بدران",143
LB,"Nabil",143
LB,"Marie",143
LB,"Moon",143
LB,"عسكر",143
LB,"Nabaa",143
LB,"Abou Daher",143
LB,"برو",143
LB,"Kaiss",143
LB,"طارق",143
LB,"Lili",142
LB,"Haroun",142
LB,"Smaili",142
LB,"Ghawi",142
LB,"Ezz",142
LB,"Hamdoun",142
LB,"Shadi",142
LB,"العاصي",141
LB,"Mohtar",141
LB,"Mado",141
LB,"عادل",141
LB,"Ghoson",141
LB,"Mroue",141
LB,"Barakeh",141
LB,"مجد",141
LB,"Rayed",141
LB,"Habash",141
LB,"Kanbar",141
LB,"غدار",140
LB,"Habibi",140
LB,"نمر",140
LB,"الفهد",140
LB,"عيس",140
LB,"Elali",140
LB,"Mazen",140
LB,"Murad",140
LB,"Younan",140
LB,"Ayyad",140
LB,"Jabak",140
LB,"Elsayed",140
LB,"Derbas",140
LB,"Suleiman",139
LB,"Bzeih",139
LB,"Elmir",139
LB,"Yosef",139
LB,"Nasserdine",139
LB,"Zoghby",139
LB,"العراقي",139
LB,"Sarkissian",138
LB,"Abou Saleh",138
LB,"Zizi",138
LB,"Bakhos",138
LB,"Talal",138
LB,"لمحمد",138
LB,"ابرهيم",138
LB,"Madad",138
LB,"ترحيني",138
LB,"Hailu",138
LB,"نعيم",138
LB,"Nasser Dine",138
LB,"بشير",137
LB,"Jeha",137
LB,"Chahwan",137
LB,"Slaiman",137
LB,"مدد",137
LB,"العنزي",137
LB,"نادر",137
LB,"Mahmad",137
LB,"Hoyek",137
LB,"Jarjoura",137
LB,"Majdalani",137
LB,"الادلبي",137
LB,"Bawab",137
LB,"Saada",137
LB,"Adib",136
LB,"Jahjah",136
LB,"Mourtada",136
LB,"الندى",136
LB,"الكريم",136
LB,"Tadese",136
LB,"Sabah",136
LB,"Kumari",136
LB,"Sarah",136
LB,"El Hage",136
LB,"حنا",136
LB,"ياخال",136
LB,"El Cheikh",136
LB,"Chahin",135
LB,"رورو",135
LB,"إسماعيل",135
LB,"قيس",135
LB,"عزو",135
LB,"Gedeon",135
LB,"العبد الله",135
LB,"An",135
LB,"علاوي",135
LB,"Kilani",135
LB,"Chokor",135
LB,"Baltaji",135
LB,"Lichaa",135
LB,"عمران",135
LB,"Ghossein",135
LB,"Janbein",135
LB,"Atwe",134
LB,"Jalal",134
LB,"Sater",134
LB,"يحي",134
LB,"الحلوين",134
LB,"عجاج",134
LB,"Warde",134
LB,"ፍቅር",134
LB,"Germanos",134
LB,"Wehbeh",134
LB,"Metlej",134
LB,"Afif",134
LB,"عليوي",133
LB,"Chaddad",133
LB,"الصباح",133
LB,"Naamani",133
LB,"Housein",133
LB,"Sayed Ahmad",133
LB,"Doughan",133
LB,"Doughman",133
LB,"زعرور",133
LB,"Sammour",133
LB,"Dahrouj",133
LB,"Shour",133
LB,"السراوي",133
LB,"Bakour",132
LB,"Soueid",132
LB,"غنوم",132
LB,"Getachew",132
LB,"Chlela",132
LB,"خير",132
LB,"Jiji",132
LB,"الفضل",132
LB,"Mehrez",132
LB,"Yaman",132
LB,"Black",132
LB,"Akkad",132
LB,"Mais",132
LB,"Hleihel",131
LB,"Yatim",131
LB,"الصمت",131
LB,"Zammar",131
LB,"Akra",131
LB,"Khanafer",131
LB,"صوان",131
LB,"Najar",131
LB,"الحج",131
LB,"تركماني",131
LB,"Sarieddine",131
LB,"Mekdad",131
LB,"Husein",131
LB,"عقل",130
LB,"Halaby",130
LB,"على",130
LB,"Af",130
LB,"الوادي",130
LB,"Zeitoun",130
LB,"Rim",130
LB,"Lopez",130
LB,"Batoul",130
LB,"Sahily",130
LB,"Hosen",130
LB,"Sayour",130
LB,"Alashkar",130
LB,"Hjeij",129
LB,"Rafeh",129
LB,"Greige",129
LB,"El Murr",129
LB,"Nakouzi",129
LB,"فحص",129
LB,"علوه",129
LB,"Zaatar",129
LB,"حنين",129
LB,"Mikati",129
LB,"Ja",129
LB,"Shaito",129
LB,"وردة",129
LB,"مازن",129
LB,"Wahab",129
LB,"جوجو",129
LB,"Barada",128
LB,"Dali",128
LB,"هرموش",128
LB,"Malass",128
LB,"Ram",128
LB,"ياغي",128
LB,"Ajouz",128
LB,"الدار",128
LB,"Hoblos",128
LB,"Ail",128
LB,"Shehayeb",128
LB,"Sibaii",128
LB,"Nouh",128
LB,"الياس",128
LB,"Ezzo",127
LB,"Kb",127
LB,"Za",127
LB,"Al Abed",127
LB,"Ghassan",127
LB,"سيد",127
LB,"Sheet",127
LB,"Lebbos",127
LB,"Razzouk",127
LB,"Farha",127
LB,"Zakhour",127
LB,"Hawila",127
LB,"Samar",127
LB,"Bayeh",127
LB,"Menhem",127
LB,"Halloum",126
LB,"Nahra",126
LB,"Rostom",126
LB,"Bella",126
LB,"You",126
LB,"Yacoub",126
LB,"العيد",126
LB,"Baher",126
LB,"Harfoush",126
LB,"مقداد",126
LB,"الوفا",125
LB,"Tawbe",125
LB,"Hmade",125
LB,"Mirza",125
LB,"العزو",125
LB,"Fahel",125
LB,"Tala",125
LB,"خوري",124
LB,"الماضي",124
LB,"Shaya",124
LB,"Keshishian",124
LB,"Abrahim",124
LB,"Dakroub",124
LB,"El Hassan",124
LB,"Deek",124
LB,"Naoum",124
LB,"Ossaily",124
LB,"Debes",124
LB,"بكري",124
LB,"Hassn",123
LB,"Chreim",123
LB,"Kadour",123
LB,"زيتون",123
LB,"Tima",123
LB,"عيتاني",123
LB,"بري",123
LB,"الأمل",123
LB,"Sharara",123
LB,"Noura",123
LB,"طحان",123
LB,"Nacouzi",123
LB,"Hoda",123
LB,"Baki",123
LB,"Smeha",123
LB,"التركماني",123
LB,"حميه",123
LB,"Sabha",123
LB,"خطيب",123
LB,"أمير",123
LB,"Saikaly",123
LB,"Tabikh",123
LB,"سامي",123
LB,"Timani",122
LB,"Dyab",122
LB,"Skafi",122
LB,"Suliman",122
LB,"Mounzer",122
LB,"Ramia",122
LB,"Kaouk",122
LB,"Rmaity",122
LB,"Zahwi",122
LB,"Dine",122
LB,"Swaid",122
LB,"Irani",122
LB,"أيوب",121
LB,"Charafeddine",121
LB,"مسلماني",121
LB,"Mesto",121
LB,"Fd",121
LB,"Zeinoun",121
LB,"الجابر",121
LB,"Sukkar",121
LB,"Lakis",121
LB,"العيون",121
LB,"Ghaith",121
LB,"Bahjat",121
LB,"Zaynab",121
LB,"Alhariri",121
LB,"داود",121
LB,"Hadchiti",121
LB,"كنج",121
LB,"Kiki",121
LB,"الرجب",121
LB,"Massry",120
LB,"Zozo",120
LB,"Fattah",120
LB,"Miari",120
LB,"Derbass",120
LB,"Marmar",120
LB,"Marouk",120
LB,"Hssein",120
LB,"Naja",120
LB,"Seifeddine",120
LB,"Sawli",120
LB,"حاتم",120
LB,"Haider",120
LB,"زهرة",120
LB,"Dekmak",120
LB,"Khalifa",120
LB,"الجوري",119
LB,"Abdel Sater",119
LB,"Ghraizy",119
LB,"Heart",119
LB,"Jan",119
LB,"Jreij",119
LB,"Akram",119
LB,"Dayoub",119
LB,"Abou Samra",119
LB,"Atrash",119
LB,"شمس",119
LB,"وفا",119
LB,"Dawi",119
LB,"Houhou",119
LB,"العقيدي",119
LB,"Skandar",119
LY,"محمد",85406
LY,"Ali",37101
LY,"علي",34605
LY,"احمد",26873
LY,"Ahmed",16789
LY,"الورفلي",16268
LY,"Mohamed",15536
LY,"Mohammed",12849
LY,"العبيدي",12614
LY,"الترهوني",12505
LY,"بالله",12138
LY,"Libya",12026
LY,"عبدالله",10844
LY,"عمر",10465
LY,"سالم",10394
LY,"الشريف",10332
LY,"الحياة",9663
LY,"الفرجاني",9541
LY,"عبدو",9358
LY,"العقوري",9238
LY,"المغربي",8625
LY,"الليبي",8523
LY,"الزوي",8464
LY,"الفيتوري",8293
LY,"البرعصي",8221
LY,"Abdo",8010
LY,"صالح",7694
LY,"الدرسي",7587
LY,"ابراهيم",7428
LY,"الحاسي",7193
LY,"حسن",7188
LY,"محمود",7102
LY,"Omar",7065
LY,"الله",6822
LY,"يوسف",6658
LY,"أحمد",6640
LY,"البحر",6353
LY,"Salem",5995
LY,"خالد",5958
LY,"الجارح",5823
LY,"Queen",5757
LY,"الجوري",5689
LY,"حسين",5435
LY,"العرفي",5271
LY,"الحياه",5221
LY,"فرج",5084
LY,"المصراتي",5058
LY,"الغرياني",5012
LY,"Al",4993
LY,"سعيد",4893
LY,"King",4860
LY,"الشيخي",4713
LY,"الجبل",4670
LY,"سعد",4662
LY,"المسماري",4627
LY,"البيضاء",4541
LY,"العوامي",4346
LY,"على",4271
LY,"السلام",4259
LY,"مفتاح",4157
LY,"ليبي",4130
LY,"سليمان",4117
LY,"الصحراء",4089
LY,"Ahmad",4080
LY,"الرحمن",4049
LY,"المصري",4012
LY,"Ibrahim",3917
LY,"نفسي",3912
LY,"المجبري",3851
LY,"الامل",3835
LY,"رمضان",3771
LY,"الفاخري",3653
LY,"القماطي",3596
LY,"القطعاني",3523
LY,"Sh",3522
LY,"السعيطي",3495
LY,"المنصوري",3455
LY,"ادم",3446
LY,"العربي",3293
LY,"الطرابلسي",3255
LY,"العماري",3247
LY,"العمامي",3234
LY,"منصور",3217
LY,"Ly",3185
LY,"مسعود",3104
LY,"الصغير",3057
LY,"جوري",3026
LY,"Hassan",3024
LY,"حمودي",3014
LY,"ﻟﻴﺒﻴﺎ",3006
LY,"عبدالسلام",2965
LY,"عبدالرحمن",2927
LY,"الحداد",2916
LY,"العز",2912
LY,"Saad",2896
LY,"بشير",2874
LY,"العجيلي",2773
LY,"البرغثي",2751
LY,"عثمان",2743
LY,"التاجوري",2741
LY,"المنفي",2741
LY,"الشيباني",2681
LY,"القذافي",2680
LY,"الشاعري",2676
LY,"الصقر",2644
LY,"المقرحي",2639
LY,"Saleh",2618
LY,"الهادي",2602
LY,"لله",2571
LY,"العمر",2571
LY,"النرجس",2552
LY,"العريبي",2528
LY,"امل",2527
LY,"كريم",2469
LY,"المزوغي",2457
LY,"الجازوي",2456
LY,"حمد",2449
LY,"عادل",2437
LY,"حمادي",2408
LY,"الحسناوي",2407
LY,"الزنتاني",2387
LY,"مصطفى",2382
LY,"مصطفي",2381
LY,"الهمالي",2369
LY,"الياسمين",2343
LY,"فتحي",2337
LY,"مجهول",2325
LY,"عامر",2315
LY,"الصويعي",2314
LY,"اليبي",2313
LY,"النايلي",2313
LY,"يونس",2292
LY,"الغالي",2289
LY,"الهويه",2288
LY,"عمران",2283
LY,"القدافي",2256
LY,"ام",2243
LY,"عمار",2218
LY,"الخمسي",2215
LY,"المبروك",2213
LY,"موسي",2210
LY,"موسى",2208
LY,"جمال",2207
LY,"صلاح",2198
LY,"ميلاد",2194
LY,"عاشور",2184
LY,"لعبيدي",2183
LY,"نور",2183
LY,"Salah",2179
LY,"حر",2169
LY,"المرغني",2158
LY,"الزعيم",2155
LY,"الحاج",2148
LY,"التومي",2137
LY,"سرت",2130
LY,"Meme",2124
LY,"البكوش",2120
LY,"خليفة",2111
LY,"رجب",2104
LY,"حامد",2096
LY,"Adam",2095
LY,"خليل",2062
LY,"Ab",2059
LY,"خليفه",2059
LY,"الزاوي",2050
LY,"المحمودي",2046
LY,"نصر",2039
LY,"الربيع",2015
LY,"الوافي",2005
LY,"الطيب",1993
LY,"العبدلي",1989
LY,"البركي",1987
LY,"الخير",1986
LY,"امحمد",1980
LY,"ناصر",1977
LY,"الورد",1957
LY,"عون",1925
LY,"مصراته",1925
LY,"اسماعيل",1919
LY,"الطاهر",1918
LY,"الوادي",1913
LY,"جمعه",1895
LY,"Ma",1878
LY,"Khan",1877
LY,"البوسيفي",1862
LY,"الحراري",1852
LY,"ترهوني",1849
LY,"روحي",1828
LY,"العلواني",1828
LY,"وليد",1816
LY,"المعداني",1815
LY,"إبراهيم",1814
LY,"ابوبكر",1803
LY,"الأمل",1798
LY,"ميمي",1794
LY,"شعبان",1772
LY,"السنوسي",1765
LY,"Issa",1758
LY,"البدري",1744
LY,"عيسى",1739
LY,"ادريس",1736
LY,"الجنوب",1732
LY,"Khaled",1728
LY,"الشيخ",1722
LY,"Mustafa",1713
LY,"الشمس",1709
LY,"فارس",1697
LY,"مختار",1681
LY,"Ramadan",1675
LY,"Said",1675
LY,"المشاي",1674
LY,"الابيض",1670
LY,"المسلاتي",1665
LY,"الفارسي",1655
LY,"الزياني",1647
LY,"درنه",1623
LY,"سلطان",1622
LY,"بأخلاقي",1610
LY,"القبائلي",1602
LY,"Amer",1595
LY,"حموده",1594
LY,"السيد",1583
LY,"عيسي",1580
LY,"زايد",1573
LY,"Hamza",1572
LY,"الشاوش",1571
LY,"Moussa",1564
LY,"زماني",1563
LY,"البنفسج",1553
LY,"عبد الله",1551
LY,"أمل",1544
LY,"جمعة",1541
LY,"Omran",1539
LY,"اللافي",1529
LY,"Hasan",1529
LY,"الجنه",1512
LY,"الصيد",1505
LY,"الورشفاني",1496
LY,"اللوتس",1482
LY,"مراد",1479
LY,"الديب",1475
LY,"الدنيا",1464
LY,"الدين",1463
LY,"مصباح",1461
LY,"التركي",1460
LY,"الكيلاني",1459
LY,"Adel",1458
LY,"القاضي",1455
LY,"الصادق",1453
LY,"صقر",1452
LY,"Qween",1450
LY,"جبريل",1450
LY,"الربيعي",1446
LY,"Mahmoud",1441
LY,"Bella",1439
LY,"الشامخ",1425
LY,"النجار",1423
LY,"المجهول",1421
LY,"البيلسان",1420
LY,"الزروق",1419
LY,"يحي",1410
LY,"باخلاقي",1405
LY,"طرابلسي",1404
LY,"القطراني",1394
LY,"Mohmed",1392
LY,"القمودي",1392
LY,"الفزاني",1387
LY,"الفايدي",1386
LY,"العالم",1380
LY,"Sa",1374
LY,"الجبالي",1371
LY,"الاوجلي",1363
LY,"Islam",1361
LY,"العسوله",1358
LY,"عمري",1346
LY,"زهرة",1342
LY,"فرحات",1341
LY,"ونهبل",1334
LY,"نوري",1332
LY,"ساسي",1328
LY,"المريمي",1318
LY,"يارب",1317
LY,"الغيثي",1317
LY,"Abdullah",1316
LY,"الشهيبي",1315
LY,"الحوتي",1315
LY,"عبد الرحمن",1312
LY,"شاهين",1307
LY,"الطويل",1303
LY,"Ail",1302
LY,"الماضي",1300
LY,"الرياني",1288
LY,"بالحاج",1282
LY,"Khalifa",1275
LY,"مالك",1262
LY,"عطيه",1261
LY,"راشد",1257
LY,"الزهراء",1249
LY,"Naser",1249
LY,"طارق",1244
LY,"رجل",1244
LY,"الزواوي",1243
LY,"سلام",1240
LY,"ناجي",1239
LY,"الشرق",1238
LY,"عوض",1229
LY,"دودي",1227
LY,"سند",1226
LY,"Jamal",1225
LY,"Abdallah",1224
LY,"ﻣﺤﻤﺪ",1222
LY,"Fathi",1220
LY,"Diallo",1216
LY,"الهوني",1213
LY,"التارقي",1210
LY,"الشبلي",1209
LY,"Rose",1201
LY,"ربيع",1200
LY,"العباني",1199
LY,"الاسد",1198
LY,"عزو",1196
LY,"Mh",1190
LY,"المجدوب",1190
LY,"جابر",1189
LY,"خميس",1185
LY,"الغوالي",1182
LY,"سليم",1182
LY,"الثلج",1179
LY,"المشيطي",1174
LY,"Kh",1169
LY,"الشلماني",1160
LY,"سويسي",1160
LY,"الككلي",1158
LY,"البوعيشي",1156
LY,"ايمن",1156
LY,"Hamed",1144
LY,"بدر",1142
LY,"الريم",1141
LY,"النعاس",1138
LY,"انس",1136
LY,"طاهر",1125
LY,"عياد",1125
LY,"عبدالقادر",1117
LY,"Soma",1116
LY,"المالكي",1114
LY,"Yousef",1105
LY,"العبد",1104
LY,"عبدالكريم",1104
LY,"حلوه",1102
LY,"ايوب",1098
LY,"مادي",1097
LY,"مرحبا",1097
LY,"الجراري",1096
LY,"الشرقاوي",1095
LY,"الصمود",1094
LY,"Cool",1093
LY,"الرقيعي",1091
LY,"Mohmmed",1091
LY,"الحضيري",1091
LY,"الزايدي",1088
LY,"مهند",1088
LY,"الشكري",1088
LY,"الساحلي",1087
LY,"الدرناوي",1085
LY,"ميدو",1083
LY,"عماد",1083
LY,"العلاقي",1081
LY,"العبار",1079
LY,"حمزه",1079
LY,"Mo",1076
LY,"انا",1075
LY,"Faraj",1075
LY,"الكاسح",1068
LY,"المختار",1068
LY,"El",1065
LY,"الزليتني",1055
LY,"As",1052
LY,"Mostafa",1051
LY,"عبد السلام",1051
LY,"حمزة",1050
LY,"Moftah",1043
LY,"مروان",1038
LY,"Omer",1036
LY,"العقيلي",1031
LY,"العريفي",1026
LY,"الفلاح",1025
LY,"ياسين",1025
LY,"الاجواد",1020
LY,"معمر",1015
LY,"سعادتي",1011
LY,"بركه",1009
LY,"التواتي",1007
LY,"Noor",997
LY,"Abdou",996
LY,"الاخضر",994
LY,"اسلام",993
LY,"حمودة",991
LY,"عصام",990
LY,"حميد",986
LY,"الشلوي",985
LY,"عطية",983
LY,"الساعدي",982
LY,"هارون",981
LY,"بحر",978
LY,"خير",972
LY,"سلامه",972
LY,"فبراير",968
LY,"القصر",968
LY,"عبدالعزيز",965
LY,"بجوي",964
LY,"الجعفري",963
LY,"الحلوه",962
LY,"Flower",961
LY,"Amar",959
LY,"العشيبي",957
LY,"Mohamad",956
LY,"غيث",956
LY,"برقه",954
LY,"فرح",951
LY,"التائب",950
LY,"ضو",950
LY,"شعيب",949
LY,"Ah",948
LY,"الهوية",948
LY,"الصباح",947
LY,"المحجوب",946
LY,"معتوق",946
LY,"همام",946
LY,"الامين",945
LY,"الزمان",942
LY,"القدر",933
LY,"ارحومه",932
LY,"العوكلي",930
LY,"المنتصر",930
LY,"الصمت",930
LY,"بلعيد",928
LY,"Mohammad",928
LY,"طبرق",927
LY,"المهدوي",922
LY,"الفقي",921
LY,"Mousa",920
LY,"الخويلدي",912
LY,"المحبه",911
LY,"Taher",907
LY,"فوزي",906
LY,"المحبة",905
LY,"زيدان",902
LY,"شريف",900
LY,"Salm",899
LY,"Osman",899
LY,"ابوزيد",895
LY,"عبودي",894
LY,"Bashir",894
LY,"Madi",893
LY,"Keita",893
LY,"اشتيوي",892
LY,"الترهونى",890
LY,"الهواري",889
LY,"Medo",888
LY,"ورفله",881
LY,"الذهبي",877
LY,"الغول",875
LY,"حماد",873
LY,"Salh",872
LY,"ملاك",867
LY,"Mahamed",865
LY,"الفاتح",862
LY,"طه",861
LY,"الباشا",860
LY,"حبيب",857
LY,"Salama",856
LY,"ورفلي",854
LY,"Ammar",852
LY,"مارس",852
LY,"علاء",851
LY,"ابرهيم",850
LY,"صابر",849
LY,"العيون",848
LY,"العباسي",847
LY,"مبروك",847
LY,"الاحمر",847
LY,"Milad",847
LY,"المصرى",846
LY,"التاورغي",845
LY,"الهاشمي",844
LY,"Khalil",844
LY,"عبسي",841
LY,"الورفلى",839
LY,"Balde",838
LY,"صهيب",834
LY,"الشعافي",831
LY,"رهف",831
LY,"Lolo",831
LY,"عريبي",828
LY,"العبيدى",823
LY,"يعقوب",820
LY,"الحمري",819
LY,"Farag",816
LY,"حسام",815
LY,"البريكي",813
LY,"امبارك",813
LY,"اسامه",812
LY,"الظلام",809
LY,"بلقاسم",808
LY,"Salim",808
LY,"الطبيب",806
LY,"الحميدي",805
LY,"بن علي",804
LY,"الزاوية",801
LY,"عباس",798
LY,"القبايلي",795
LY,"باشا",795
LY,"ميلود",794
LY,"احميده",792
LY,"زليتن",789
LY,"العرب",789
LY,"كمال",788
LY,"النمر",786
LY,"Nasser",786
LY,"الغويل",782
LY,"اليل",781
LY,"الملك",779
LY,"الشتيوي",776
LY,"Sani",775
LY,"Sweet",775
LY,"الانصاري",772
LY,"Kamal",771
LY,"Farhat",770
LY,"الجهاني",770
LY,"اشرف",769
LY,"Mansour",768
LY,"احميد",765
LY,"سامي",765
LY,"Ben",763
LY,"سراج",758
LY,"الرحمان",758
LY,"الكاديكي",757
LY,"عبادي",756
LY,"الكوافي",753
LY,"الذيب",752
LY,"مريم",750
LY,"Ha",750
LY,"التريكي",750
LY,"Hossain",749
LY,"الحمروني",748
LY,"Mg",747
LY,"امير",746
LY,"Nona",743
LY,"النائلي",743
LY,"بوها",741
LY,"Coulibaly",739
LY,"الدالي",739
LY,"العكاري",738
LY,"عبود",738
LY,"Abdalla",737
LY,"الرجباني",737
LY,"الصديق",736
LY,"ماضي",736
LY,"Diarra",732
LY,"عصمان",732
LY,"Musa",731
LY,"مصراتي",730
LY,"هويدي",729
LY,"Shaban",729
LY,"الزنتان",728
LY,"بلال",727
LY,"بركة",726
LY,"الحنان",726
LY,"عبدالحميد",726
LY,"Traore",724
LY,"دياب",724
LY,"صوان",723
LY,"غريان",722
LY,"هاشم",721
LY,"القيصر",721
LY,"الفسي",720
LY,"العين",719
LY,"الامير",718
LY,"امي",717
LY,"حره",716
LY,"الشركسي",715
LY,"Abd",715
LY,"Basher",712
LY,"ام محمد",710
LY,"الراجحي",710
LY,"Aziz",709
LY,"الاصيل",709
LY,"الجالي",709
LY,"جود",708
LY,"بلحاج",708
LY,"المدني",705
LY,"عسوله",705
LY,"الزناتي",705
LY,"الزرقاني",702
LY,"سيد",701
LY,"Othman",701
LY,"السايح",700
LY,"Rajab",697
LY,"السعداوي",697
LY,"ياسمين",696
LY,"منير",696
LY,"الواعر",695
LY,"البوزيدي",693
LY,"المقصبي",693
LY,"Sasi",692
LY,"Ar",692
LY,"يناير",691
LY,"الرملي",690
LY,"Mosa",689
LY,"الجلالي",689
LY,"لولي",688
LY,"هشام",687
LY,"هلها",686
LY,"Osama",686
LY,"غوالي",685
LY,"Belhaj",685
LY,"المرابط",683
LY,"الهدار",681
LY,"Camara",680
LY,"السرتاوي",679
LY,"الحامدي",679
LY,"الازرق",679
LY,"عليوه",678
LY,"جلال",677
LY,"جيجي",677
LY,"العمروني",675
LY,"ابو",671
LY,"الطلحي",670
LY,"ابكر",669
LY,"الناس",669
LY,"فوفو",668
LY,"الفرجانى",668
LY,"سبها",665
LY,"دخيل",664
LY,"بوبكر",664
LY,"Oun",664
LY,"الجميل",664
LY,"ميار",664
LY,"الكاسر",663
LY,"عزيز",663
LY,"لولو",662
LY,"ال",662
LY,"Yahya",661
LY,"عبدالرحيم",659
LY,"Ad",659
LY,"غريب",657
LY,"Alwerfaly",657
LY,"Toto",656
LY,"الوحيشي",655
LY,"الزين",655
LY,"الكرامه",655
LY,"شي",654
LY,"الحق",653
LY,"Ebrahim",653
LY,"Ashour",653
LY,"الجروشي",652
LY,"سلامة",651
LY,"الحجازي",650
LY,"الوحيد",649
LY,"Sultan",648
LY,"اسيل",648
LY,"Mk",646
LY,"الرابطي",646
LY,"Tripoli",646
LY,"Dode",646
LY,"Prince",646
LY,"السائح",644
LY,"الشويهدي",643
LY,"زكريا",643
LY,"بعيو",643
LY,"Salam",642
LY,"وسام",642
LY,"Gh",641
LY,"Rashed",640
LY,"Najem",638
LY,"سفيان",636
LY,"الجهمي",635
LY,"الورود",633
LY,"دائما",632
LY,"مايو",632
LY,"الزيداني",631
LY,"حمدي",631
LY,"Khalid",627
LY,"Saed",626
LY,"الزوى",626
LY,"معتز",625
LY,"شهد",624
LY,"المزيني",623
LY,"Essa",623
LY,"زياد",621
LY,"الاسمر",617
LY,"عتمان",616
LY,"الصافي",616
LY,"الغراري",615
LY,"الاحزان",613
LY,"ونيس",612
LY,"زوجي",610
LY,"صبراته",609
LY,"الاسطوره",609
LY,"Hamad",609
LY,"الضلام",608
LY,"Zaid",607
LY,"Melad",605
LY,"معاذ",605
LY,"القديري",605
LY,"مصراتة",603
LY,"الرفادي",600
LY,"Sami",600
LY,"الزاويه",600
LY,"الفيتورى",599
LY,"الشارف",599
LY,"الحسنوني",599
LY,"الحمادي",598
LY,"الحلو",597
LY,"Suliman",597
LY,"Niger",596
LY,"الحصادي",595
LY,"البحار",594
LY,"المطر",592
LY,"Dembele",592
LY,"الصالحين",591
LY,"السعادة",591
LY,"الطيف",591
LY,"زوبي",591
LY,"ترهونة",588
LY,"الغزالي",588
LY,"عجاج",586
LY,"الراقي",586
LY,"الجديد",585
LY,"Ismail",584
LY,"الخليج",584
LY,"Muhammad",583
LY,"Az",583
LY,"Na",582
LY,"الجمل",581
LY,"ابي",580
LY,"Zezo",580
LY,"مؤمن",579
LY,"الفقيه",579
LY,"Barka",579
LY,"الضبع",579
LY,"Saeed",578
LY,"الشام",578
LY,"عايش",577
LY,"الزرقاء",577
LY,"Alagory",576
LY,"رضوان",575
LY,"Ag",574
LY,"Ayad",574
LY,"لمنفي",574
LY,"سمير",574
LY,"الدوله",574
LY,"الحلوين",574
LY,"الراشدي",573
LY,"عزالدين",573
LY,"Moh",572
LY,"الخاطر",572
LY,"المهلهل",571
LY,"الصرماني",570
LY,"ليث",569
LY,"Hussein",568
LY,"اعبيد",568
LY,"الاطرش",566
LY,"ﺍﻟﺤﺮ",566
LY,"Abdoo",564
LY,"بنفسي",564
LY,"التايب",563
LY,"ماما",563
LY,"قاسم",561
LY,"Muftah",560
LY,"الحمراء",560
LY,"Mahamadou",560
LY,"مهدي",558
LY,"فضل",558
LY,"الناجح",558
LY,"انور",557
LY,"المنال",557
LY,"عيد",556
LY,"الخواطر",556
LY,"الغريب",555
LY,"العزومي",555
LY,"الكرغلي",554
LY,"سومه",554
LY,"شمس",551
LY,"المحترم",550
LY,"الزهور",549
LY,"تكفيني",549
LY,"حياة",549
LY,"البشير",545
LY,"حلا",544
LY,"اكرم",544
LY,"Daw",543
LY,"Taha",543
LY,"بالخير",542
LY,"المعتصم",542
LY,"العقورى",541
LY,"Jojo",541
LY,"الشامي",539
LY,"حمدان",537
LY,"وردة",537
LY,"العيساوي",536
LY,"Nosa",535
LY,"الضاوي",535
LY,"جهاد",534
LY,"Gr",534
LY,"امين",532
LY,"حنين",532
LY,"اسد",532
LY,"Ka",532
LY,"الرحمه",532
LY,"لامين",531
LY,"المغيربي",531
LY,"Bader",531
LY,"عبدالهادي",531
LY,"ريان",530
LY,"Om",530
LY,"Emad",529
LY,"بوشعاله",529
LY,"بطبعي",529
LY,"النفاتي",528
LY,"في الله",527
LY,"الخضراء",526
LY,"عبدالجليل",526
LY,"Naji",525
LY,"الجيلاني",523
LY,"Ak",523
LY,"Awad",522
LY,"Mahmod",522
LY,"اميرة",522
LY,"الخزعلي",522
LY,"بلاد",522
LY,"بوزيد",521
LY,"خيري",521
LY,"Fa",520
LY,"مطر",520
LY,"رزق",519
LY,"معاد",518
LY,"الزمن",518
LY,"ترهونه",518
LY,"عقيل",518
LY,"موس",517
LY,"الحنونه",516
LY,"حرة",516
LY,"تباوي",516
LY,"الصعيدي",516
LY,"بيلسان",515
LY,"الدينالي",515
LY,"الحياء",514
LY,"ايهم",514
LY,"رضا",514
LY,"طالب",513
LY,"ليبيه",513
LY,"ماريا",513
LY,"أم",512
LY,"العقرب",512
LY,"السوكني",512
LY,"مجدي",512
LY,"الزوام",511
LY,"يزن",510
LY,"مخلوف",509
LY,"المساء",508
LY,"Mansor",508
LY,"الحربي",508
LY,"اسامة",507
LY,"Dody",506
LY,"عبد",506
LY,"مان",505
LY,"Ba",505
LY,"السويح",505
LY,"الجابري",504
LY,"الرياحي",504
LY,"Mahmed",503
LY,"سر سعادتي",502
LY,"رحومه",502
LY,"Abdu",502
LY,"الدروقي",502
LY,"Morad",502
LY,"جنتي",502
LY,"كبير",502
LY,"Nice",501
LY,"البراري",501
LY,"بلادي",500
LY,"ريماس",500
LY,"الخاطف",499
LY,"العامري",498
LY,"فيصل",497
LY,"Alhadi",496
LY,"ابومحمد",496
LY,"قيس",495
LY,"المدائن",494
LY,"عبد العزيز",492
LY,"Fares",492
LY,"ليبية",491
LY,"الريح",490
LY,"الصابري",489
LY,"مصعب",489
LY,"ابو محمد",489
LY,"رحيل",489
LY,"Otman",487
LY,"الشتاء",487
LY,"العنود",487
LY,"شوشو",487
LY,"Man",486
LY,"الحجاجي",486
LY,"الجدي",486
LY,"الجحاوي",485
LY,"الغزال",484
LY,"محمد علي",482
LY,"Alsharif",482
LY,"ياقلبي",482
LY,"Max",482
LY,"Baba",482
LY,"قرقوم",481
LY,"على الله",481
LY,"بن عامر",481
LY,"محفوظ",480
LY,"ورشفانه",480
LY,"Gold",480
LY,"الجزار",479
LY,"Alhaj",478
LY,"حكيم",477
LY,"حاتم",477
LY,"Sissoko",477
LY,"Mero",477
LY,"الدوكالي",477
LY,"الدغاري",476
LY,"الزائدي",475
LY,"الصياد",474
LY,"Badi",474
LY,"جبران",473
LY,"نادر",473
LY,"جميل",473
LY,"هيثم",472
LY,"خلف",472
LY,"Nasr",472
LY,"فرجاني",472
LY,"بن سعود",472
LY,"غايتي",471
LY,"الجملي",470
LY,"الكل",470
LY,"السليماني",469
LY,"الأبيض",469
LY,"الزليطني",469
LY,"دنيا",469
LY,"اميره",468
LY,"مرعي",468
LY,"الزير",467
LY,"الشريدي",466
LY,"علي الله",466
LY,"الشهوبي",465
LY,"فهد",465
LY,"Hussain",464
LY,"غالي",462
LY,"التباوي",462
LY,"اصيل",462
LY,"قاهرهم",462
LY,"الشوشان",461
LY,"الشريفي",461
LY,"Alshreef",461
LY,"زيزو",460
LY,"الحسين",460
LY,"البرعصى",459
LY,"ارحومة",458
LY,"عموري",458
LY,"الشبح",457
LY,"Soliman",457
LY,"اجدابيا",455
LY,"الرجال",455
LY,"Black",455
LY,"المهدي",453
LY,"Alwerfally",453
LY,"Sager",453
LY,"خلف الله",453
LY,"Koka",453
LY,"النورس",453
LY,"Mohmad",452
LY,"الحسوني",452
LY,"عبد القادر",452
LY,"Marwan",452
LY,"Kaled",450
LY,"السعاده",449
LY,"الحسن",448
LY,"الوفاء",447
LY,"ﺣﻴﺎﺗﻲ",447
LY,"Alosta",447
LY,"أبوبكر",447
LY,"الياس",446
LY,"الهوش",445
LY,"الرحمة",445
LY,"Karim",445
LY,"البصير",443
LY,"ابوالقاسم",443
LY,"Ra",443
LY,"Ahmd",442
LY,"Nana",442
LY,"الطالب",441
LY,"المقطوف",441
LY,"رواد",441
LY,"قصي",440
LY,"Mohamd",440
LY,"الغلا",439
LY,"نرجس",438
LY,"Maiga",438
LY,"At",437
LY,"ازوي",436
LY,"فراس",436
LY,"الندى",436
LY,"حرب",436
LY,"خطاب",436
LY,"البي",435
LY,"Sherif",435
LY,"المشاعر",434
LY,"Alzway",433
LY,"Gamal",433
LY,"Tr",433
LY,"Sharif",433
LY,"التير",433
LY,"إسماعيل",432
LY,"Heart",432
LY,"اكبر",431
LY,"السوداني",431
LY,"Anas",430
LY,"Fofana",430
LY,"عبدالوهاب",430
LY,"نوح",430
LY,"الطابوني",429
LY,"شحات",426
LY,"Momo",425
LY,"ورفلة",425
LY,"جوجو",425
LY,"النعمي",425
LY,"عقوري",425
LY,"النعاجي",424
LY,"الرحال",423
LY,"Tarek",423
LY,"عبده",423
LY,"الصحراوي",423
LY,"الغالية",422
LY,"عليوة",422
LY,"الجندي",422
LY,"Rahman",422
LY,"البدوي",422
LY,"لعرفي",421
LY,"Oumar",420
LY,"الخمس",420
LY,"نبيل",419
LY,"أنس",419
LY,"السماء",419
LY,"الجطلاوي",419
LY,"الحاتمي",419
LY,"Alfitory",419
LY,"Hm",419
LY,"العنقاء",418
LY,"مودي",418
LY,"ياسر",417
LY,"بن طاهر",417
LY,"الخريف",417
LY,"العائب",416
LY,"Alshref",416
LY,"رياض",415
LY,"محمد محمد",415
LY,"عصومي",414
LY,"مرام",412
LY,"فاطمة",412
LY,"تاجوري",411
LY,"انثي",411
LY,"السباعي",410
LY,"Em",410
LY,"نونا",410
LY,"Hano",410
LY,"ﺍﻟﺤﺐ",409
LY,"الشحومي",408
LY,"الاسطورة",408
LY,"Hamid",408
LY,"Hamoda",407
LY,"فكرون",407
LY,"Yosef",406
LY,"Alnaas",406
LY,"بادي",405
LY,"محجوب",405
LY,"Walid",405
LY,"عز",404
LY,"زيد",404
LY,"الاشهب",404
LY,"Mosbah",404
LY,"نالوت",404
LY,"الحاجي",403
LY,"الباروني",402
LY,"محسن",402
LY,"الجازوى",402
LY,"رواسي",402
LY,"Moha",401
LY,"Malek",400
LY,"حبي",399
LY,"درنة",399
LY,"Sam",398
LY,"توفيق",398
LY,"ﺍﻟﺠﻮﺭﻱ",397
LY,"زين",397
LY,"أيوب",396
LY,"باش",396
LY,"هاني",396
LY,"المتجول",396
LY,"الحارث",395
LY,"القزيري",395
LY,"الرتيمي",394
LY,"ﺍﻟﺮﻭﺡ",394
LY,"ابوعلي",394
LY,"الطرشاني",394
LY,"الليبى",394
LY,"Madrid",393
LY,"الجليدي",393
LY,"مغربي",393
LY,"زهره",392
LY,"حنان",392
LY,"جنى",392
LY,"ورشفانة",392
LY,"Harouna",391
LY,"غرياني",391
LY,"آدم",391
LY,"القابسي",391
LY,"الاصيبعي",390
LY,"غانم",390
LY,"Ramdan",390
LY,"بن يوسف",389
LY,"Jaber",388
LY,"عزوز",387
LY,"السلفي",387
LY,"Amadou",387
LY,"Aldeeb",387
LY,"الكرامة",387
LY,"Love",387
LY,"الهدى",386
LY,"الرايس",385
LY,"الرفاعي",384
LY,"Derna",384
LY,"Youssef",384
LY,"حمود",384
LY,"التركاوي",384
LY,"Saro",383
LY,"العايب",383
LY,"عبد الحميد",383
LY,"فيتوري",383
LY,"Ebrahem",382
LY,"داود",382
LY,"ميرو",382
LY,"حيدر",382
LY,"Rana",382
LY,"Naas",382
LY,"والفخر ليا",381
LY,"الجمال",381
LY,"السليني",380
LY,"الخيتوني",380
LY,"سويد",379
LY,"ياليبيا",378
LY,"العلي",378
LY,"الانيق",378
LY,"جاب الله",378
LY,"الغناي",377
LY,"جنات",377
LY,"الحرابي",377
LY,"بن عمران",377
LY,"اليقين",377
LY,"أبي",376
LY,"المحجوبي",376
LY,"الخال",376
LY,"نصيب",375
LY,"بن حليم",375
LY,"البلاد",375
LY,"الإيمان",375
LY,"العزيبي",375
LY,"لعمامي",374
LY,"الاهلي",373
LY,"Aboubacar",373
LY,"الطربلسي",373
LY,"Libyan",372
LY,"Masoud",372
LY,"Alaa",371
LY,"ﺍﻟﻮﺭﺩ",370
LY,"ياكبدي",369
LY,"Sara",368
LY,"هلال",368
LY,"كامل",367
LY,"جودي",367
LY,"المغربى",367
LY,"شموخي",367
LY,"المشري",367
LY,"So",367
LY,"الوليد",366
LY,"Top",366
LY,"الرحيبي",366
LY,"Atia",366
LY,"عقيله",366
LY,"ﻋﻠﻲ",365
LY,"بشر",365
LY,"Diab",365
LY,"العموري",365
LY,"جكتوري",364
LY,"صدام",364
LY,"الاحلام",364
LY,"السويحلي",364
LY,"Kone",364
LY,"موني",363
LY,"Smile",363
LY,"أدم",363
LY,"Alshrif",363
LY,"جواد",363
LY,"Habib",363
LY,"الجوارح",362
LY,"سلمان",362
LY,"اكتوبر",362
LY,"Mano",362
LY,"فؤاد",362
LY,"Maman",361
LY,"اكريم",361
LY,"بنور",361
LY,"Abo",361
LY,"معتصم",360
LY,"عبد الكريم",360
LY,"المهشهش",359
LY,"البلعزي",359
LY,"الغاليه",358
LY,"وحيد",358
LY,"حنيش",358
LY,"السلفية",358
LY,"Bah",357
LY,"حسني",357
LY,"Mia",357
LY,"بن صالح",356
LY,"الدرسى",355
LY,"الأنصاري",355
LY,"الجعيدي",355
LY,"Sassi",355
LY,"الوحش",355
LY,"Ibrahem",355
LY,"بن عيسى",355
LY,"وسيم",354
LY,"العلوي",353
LY,"الشامس",353
LY,"Amin",353
LY,"شموخ",353
LY,"Malik",352
LY,"احنيش",352
LY,"حماده",352
LY,"الخطيب",352
LY,"Bello",352
LY,"رشيد",352
LY,"صديق",352
LY,"وائل",351
LY,"بكر",351
LY,"الحاسى",351
LY,"اليمامة",351
LY,"نسيم",351
LY,"Loly",350
LY,"السعيد",350
LY,"Sy",349
LY,"كيمو",349
LY,"زريق",349
LY,"الفردوس",349
LY,"المدهوني",349
LY,"بكار",349
LY,"جعفر",349
LY,"White",348
LY,"التهامي",348
LY,"الفاسي",348
LY,"الطوير",348
LY,"Koko",347
LY,"ابوقرين",346
LY,"الاسطي",346
LY,"العوامى",346
LY,"جادو",346
LY,"Muhammed",346
LY,"بن سالم",346
LY,"Jado",346
LY,"يحيى",346
LY,"Zayed",345
LY,"An",345
LY,"مامي",345
LY,"Alarbi",345
LY,"الزنبق",345
LY,"قشوط",344
LY,"ماركه",344
LY,"عبدالنبي",344
LY,"يقين",344
LY,"الغريانى",344
LY,"الغد",343
LY,"المعلم",343
LY,"السبهاوي",343
LY,"العمده",343
LY,"النصر",342
LY,"الحنين",342
LY,"الحنش",342
LY,"القيلوشي",342
LY,"العاتي",342
LY,"Oo",341
LY,"ارحيم",341
LY,"التوليب",341
LY,"صبري",341
LY,"رحومة",340
LY,"علوش",340
LY,"ورده",340
LY,"Sad",340
LY,"Younis",339
LY,"زوي",339
LY,"الحويج",339
LY,"كشلاف",338
LY,"بن سعيد",338
LY,"تاجوراء",337
LY,"اليبيا",337
LY,"البهلول",337
LY,"أبراهيم",336
LY,"الحره",336
LY,"Albarasi",336
LY,"نوسه",336
LY,"الرعيض",336
LY,"ابريل",335
LY,"الشعلالي",335
LY,"ابوخريص",334
LY,"الأمين",334
LY,"السيليني",334
LY,"الشائبي",334
LY,"النسر",334
LY,"المنسي",333
LY,"نورالدين",333
LY,"أمي",333
LY,"ديسمبر",333
LY,"اسويسي",333
LY,"احميدة",332
LY,"شادي",332
LY,"السنيني",331
LY,"الأخضر",331
LY,"Jeje",331
LY,"حافظ",330
LY,"مني",330
LY,"Mahamat",330
LY,"يوليو",330
LY,"عبدلله",329
LY,"عقيلة",329
LY,"الرمالي",329
LY,"شقلوف",329
LY,"الكعبي",329
LY,"الاموره",329
LY,"Kalifa",328
LY,"الدهبي",328
LY,"العجمي",327
LY,"ماهر",327
LY,"رمزي",327
LY,"بكلمتي",327
LY,"طيب",326
LY,"John",326
LY,"عبدالحفيظ",326
LY,"باكير",326
LY,"الزلاوي",326
LY,"يحترم",326
LY,"الهدي",326
LY,"الجربي",326
LY,"البستان",326
LY,"بنغازى",325
LY,"دمهم",325
LY,"Roma",324
LY,"العقبي",324
LY,"الغنودي",324
LY,"الريحان",324
LY,"برعصي",324
LY,"Ajaj",324
LY,"مرسال",323
LY,"Fadel",323
LY,"Mahamad",323
LY,"Alhase",323
LY,"Arebi",323
LY,"عسكر",323
LY,"ﺍﻟﺘﺮﻫﻮﻧﻲ",322
LY,"ابوشعاله",322
LY,"الكردي",322
LY,"Adamou",321
LY,"نجيب",321
LY,"Alaswed",321
LY,"ابو احمد",321
LY,"الكريمي",320
LY,"الشيهني",320
LY,"ﻃﺮﺍﺑﻠﺲ",320
LY,"الزروقي",320
LY,"ابوراس",320
LY,"سعود",320
LY,"Alhasy",319
LY,"الجبال",319
LY,"Mahammed",319
LY,"Nuri",319
LY,"ام احمد",319
LY,"روان",319
LY,"Aj",318
LY,"عيس",318
LY,"شهاب",317
LY,"Fathe",317
LY,"ميرال",317
LY,"مازن",317
LY,"الاسطى",317
LY,"عبدالمجيد",316
LY,"Ashraf",316
LY,"Moon",316
LY,"Nor",316
LY,"بيك",315
LY,"ابواحمد",315
LY,"حسونه",315
LY,"المجد",314
LY,"الماجري",314
LY,"المشاكس",314
LY,"القراضي",314
LY,"برقة",314
LY,"ديهوم",314
LY,"العجيل",313
LY,"الأوجلي",313
LY,"Amal",313
LY,"شلوف",313
LY,"سبهاوي",313
LY,"الصابر",313
LY,"المحروق",313
LY,"Emmanuel",312
LY,"هيما",312
LY,"الجورى",312
LY,"اخلاقي",312
LY,"لحسوني",312
LY,"Almansory",312
LY,"الحمد",312
LY,"العيلة",312
LY,"بالقاسم",312
LY,"Misurata",311
LY,"السني",311
LY,"Ga",311
LY,"الملكه",311
LY,"هلي",310
LY,"Alhasi",310
LY,"Yahaya",310
LY,"عطر",310
LY,"ضوء",310
LY,"عبداللطيف",310
LY,"حويل",310
LY,"المعبدي",310
LY,"Toure",310
LY,"زمان",309
LY,"عيني",309
LY,"خضر",309
LY,"الرقيق",309
LY,"عاطف",309
LY,"الشموخ",309
LY,"منتصر",308
LY,"البادية",308
LY,"المجنون",308
LY,"Traoré",308
LY,"لعجيلي",308
LY,"دومه",308
LY,"Ashor",308
LY,"Alhassi",307
LY,"مجيد",307
LY,"جكتوره",307
LY,"Sidibe",307
LY,"المدينة",306
LY,"صيف",305
LY,"جبر",305
LY,"زقلام",305
LY,"بديني",305
LY,"Turki",305
LY,"الافي",305
LY,"Bk",304
LY,"فاطمه",304
LY,"الماقوري",304
LY,"فطومه",304
LY,"ابوحجر",304
LY,"عبدالفتاح",303
LY,"الفهد",303
LY,"الكانوني",303
LY,"الاميره",303
LY,"التليسي",302
LY,"Ana",302
LY,"Boss",302
LY,"Younes",302
LY,"Gm",302
LY,"السيوي",301
LY,"لبيبا",301
LY,"الصالح",301
LY,"عمرو",301
LY,"Es",300
LY,"اياد",300
LY,"الشين",300
LY,"الغروب",300
LY,"إدريس",299
LY,"Zidan",299
LY,"عتيق",299
LY,"رافع",299
LY,"الرباعي",299
LY,"Elhadi",298
LY,"Reda",298
LY,"الوجود",298
LY,"يالله",298
LY,"المالطي",298
LY,"البشتي",297
LY,"فايز",297
LY,"زهور",297
LY,"البحري",297
LY,"Malak",297
LY,"الدرهوبي",297
LY,"اهويدي",296
LY,"أبوزيد",296
LY,"مبارك",296
LY,"Akram",296
LY,"مملكتي",295
LY,"Mb",295
LY,"بلاعو",295
LY,"العابد",295
LY,"Kaka",295
LY,"سرتاوي",295
LY,"فضيل",295
LY,"الجماعي",294
LY,"Konate",294
LY,"الجميلة",293
LY,"بن رمضان",293
LY,"Rm",293
LY,"لغتي",293
LY,"جني",292
LY,"Alsharef",292
LY,"الحطماني",292
LY,"والي",292
LY,"رحمه",292
LY,"ابوراوي",292
LY,"فركاش",292
LY,"الطبولي",292
LY,"ابريك",291
LY,"Saber",291
LY,"زعيم",291
LY,"منعم",291
LY,"Alawamy",291
LY,"المرجاوي",291
LY,"الخالقي",291
LY,"راقي",290
LY,"مصري",290
LY,"الشاعر",290
LY,"Altaher",290
LY,"المصراتى",290
LY,"Nour",289
LY,"العالي",289
LY,"كرم",289
LY,"الندي",289
LY,"Aya",289
LY,"القانون",289
LY,"وطني",289
LY,"Ta",289
LY,"عائشة",289
LY,"البري",289
LY,"الحنونة",288
LY,"الصبيحي",288
LY,"Bn",288
LY,"ابوسيف",288
LY,"اغا",288
LY,"الصقع",288
LY,"المستعان",288
LY,"نوني",287
LY,"عماره",287
LY,"الغزاوي",287
LY,"Moktar",286
LY,"الجن",286
LY,"معروف",286
LY,"الزيتوني",286
LY,"ﺑﻨﻐﺎﺯﻱ",286
LY,"الريشي",285
LY,"الناجي",285
LY,"المنصورى",285
LY,"ابوجناح",285
LY,"طربلسي",285
LY,"الشافعي",285
LY,"رامي",285
LY,"ضياف",284
LY,"زليتني",284
LY,"أيمن",284
LY,"صرمان",283
LY,"الباديه",283
LY,"القداري",283
LY,"حياتى",283
LY,"عليكم",283
LY,"كالقمر",283
LY,"الفرسان",282
LY,"Good",282
LY,"جاد",282
LY,"Ahamed",281
LY,"البراني",281
LY,"سما",281
LY,"القماطى",281
LY,"كوكي",281
LY,"Amir",281
LY,"Ed",281
LY,"خيرالله",280
LY,"العرفى",280
LY,"Alsaity",280
LY,"Mj",280
LY,"المرج",280
LY,"Mhamed",279
LY,"بركات",279
LY,"Anwar",279
LY,"صمود",279
LY,"عقوب",279
LY,"الطياري",279
LY,"Sirt",279
LY,"الشيخى",279
LY,"عبد الرحيم",278
LY,"Zawia",278
LY,"العجيلات",278
LY,"لطفي",278
LY,"Tiger",278
LY,"النفس",278
LY,"الفقهي",278
LY,"Omr",278
LY,"ﺍﺣﻤﺪ",278
LY,"Sanad",277
LY,"Farg",277
LY,"Altrhone",277
LY,"تارقي",277
LY,"Abbas",277
LY,"عسولة",277
LY,"Uddin",277
LY,"نوفمبر",277
LY,"سويدان",277
LY,"ندى",276
LY,"ياربي",276
LY,"Idris",276
LY,"الحطاب",276
LY,"Sola",276
LY,"السريتي",276
LY,"الفجر",276
LY,"الارجوان",275
LY,"رغد",275
LY,"الدبوسي",275
LY,"لجواد",275
LY,"بوسيف",275
LY,"هديه",275
LY,"البرقاوي",275
LY,"Hossen",275
LY,"اجواد",274
LY,"الخضر",274
LY,"بن حسين",274
LY,"ساره",274
LY,"الطبرقي",274
LY,"مرزوق",274
LY,"Kr",274
LY,"الصبار",274
LY,"المعرفي",273
LY,"Milan",273
LY,"Alsherif",273
LY,"القائد",273
LY,"Ala",273
LY,"كوين",273
LY,"Wali",273
LY,"المعتصم بالله",273
LY,"الجوهري",273
LY,"Amara",273
LY,"دودو",272
LY,"ابوسته",271
LY,"الأمير",271
LY,"Alam",271
LY,"الصقور",271
LY,"لاغا",271
LY,"Alhdad",271
LY,"ﺍﻟﻠﻴﻞ",270
LY,"البتول",270
LY,"الجبو",270
LY,"Jalal",270
LY,"Mahmood",270
LY,"ابودبوس",270
LY,"هدية",270
LY,"الدعيكي",270
LY,"Bob",270
LY,"Abubakar",269
LY,"وانهبل",269
LY,"القناشي",269
LY,"يادنيا",269
LY,"مهاب",269
LY,"Meftah",269
LY,"احسين",269
LY,"ورشفاني",269
LY,"Alhoda",269
LY,"Adem",268
LY,"المجريسي",268
LY,"Nader",268
LY,"Algadi",268
LY,"كوكو",267
LY,"Abed",267
LY,"Oumarou",267
LY,"ﺍﻟﺒﺮﻧﺲ",267
LY,"نزار",267
LY,"المسمارى",266
LY,"Alamin",266
LY,"عبدالمالك",266
LY,"الحوات",266
LY,"الحمر",265
LY,"وادي",265
LY,"الشرع",265
LY,"شوشان",265
LY,"Hamdi",265
LY,"باسم",265
LY,"القايدي",265
LY,"Alhade",265
LY,"غريبه",265
LY,"Alawami",264
LY,"الاحرش",264
LY,"Esam",264
LY,"سارة",264
LY,"Altarhoni",264
LY,"العروسي",263
LY,"شكري",263
LY,"ﻭﺑﺲ",263
LY,"فتحى",262
LY,"ريم",262
LY,"Hd",261
LY,"عبداللة",261
LY,"Rhoma",261
LY,"عبيد",260
LY,"الدهماني",260
LY,"بودبوس",260
LY,"Tamort",260
LY,"Mhmd",260
LY,"الصالحي",259
LY,"Hussin",259
LY,"Mode",259
LY,"بالنور",259
LY,"نصير",259
LY,"العود",259
LY,"خاطري",259
LY,"سيدي",259
LY,"Alhadad",259
LY,"الليبيه",259
LY,"Issaka",259
LY,"محمودي",258
LY,"عبدالرازق",258
LY,"سنوسي",258
LY,"Cisse",258
LY,"بيسان",258
LY,"تركي",258
LY,"الأيام",258
LY,"Juve",258
LY,"Abdallh",258
LY,"بن عمر",257
LY,"Hatem",257
LY,"ولد",257
LY,"Hadi",256
LY,"Salih",256
LY,"معيوف",256
LY,"الاصلي",256
LY,"Ben Ali",256
LY,"صقع",256
LY,"أمير",255
LY,"الاحول",255
LY,"الأسد",255
LY,"أميرة",254
LY,"العكرمي",254
LY,"عدي",254
LY,"عالي",254
LY,"Kamel",254
LY,"الصامد",254
LY,"Mahmad",254
LY,"Mokhtar",254
LY,"Alaswad",254
LY,"احموده",253
LY,"يونيو",253
LY,"العمارى",253
LY,"الصفراني",253
LY,"المقريف",253
LY,"حكايه",253
LY,"Alobidy",253
LY,"الرمال",253
LY,"بوشناف",252
LY,"السلطان",252
LY,"الريان",252
LY,"طشه",252
LY,"العلوص",252
LY,"حديد",252
LY,"حميده",252
LY,"درناوي",252
LY,"Do",252
LY,"Zeglam",252
LY,"Aisha",251
LY,"لجين",251
LY,"كنان",251
LY,"Hosam",251
LY,"Mftah",251
LY,"Altarhony",251
LY,"أنثي",251
LY,"طايش",251
LY,"عقل",250
LY,"Kara",250
LY,"Mahmud",250
LY,"شامخ",250
LY,"الرمحي",250
LY,"الرقعي",250
LY,"Mego",249
LY,"Mussa",249
LY,"نضال",249
LY,"السعيطى",249
LY,"العيله",249
LY,"المعلول",249
LY,"الله اكبر",248
LY,"الطالبي",248
LY,"Shosho",248
LY,"شلبي",248
LY,"العربى",248
LY,"سبتمبر",248
LY,"الميار",248
LY,"Lawali",248
LY,"الدباشي",248
LY,"Grada",248
LY,"بن",248
LY,"العمامى",247
LY,"هنو",247
LY,"Alwafi",247
LY,"لعريبي",247
LY,"Benghazi",247
LY,"رفيق",247
LY,"Fatima",247
LY,"Alamari",247
LY,"عبدالعالي",247
LY,"غيت",247
LY,"الشفتري",247
LY,"مشاكس",247
LY,"Hassen",246
LY,"اصلي",246
LY,"La",245
LY,"Saleem",245
LY,"ميسي",245
LY,"Haman",245
LY,"غومه",245
LY,"بي اخلاقي",245
LY,"علي محمد",245
LY,"نمر",245
LY,"الكموشي",245
LY,"عبدالغني",245
LY,"Algmaty",245
LY,"عبدالمنعم",245
LY,"Da",245
LY,"ليا",244
LY,"Arhoma",244
LY,"القطعانى",244
LY,"Mahmmed",244
LY,"الشويرف",244
LY,"بيوض",244
LY,"الناكوع",244
LY,"Mahaman",244
LY,"Wesam",244
LY,"المكي",244
LY,"بيضاء",244
LY,"Hosen",244
LY,"Mone",243
LY,"العدولي",243
LY,"الدولي",243
LY,"Alarabi",243
LY,"بشخصيتي",243
LY,"دغمان",243
LY,"Taleb",243
LY,"Attia",243
LY,"Gt",243
LY,"امجد",242
LY,"Sama",242
LY,"ﺻﻘﺮ",242
LY,"Altarhuni",242
LY,"حداد",242
LY,"Fg",242
LY,"Hamouda",242
LY,"سترك",241
LY,"Nalut",241
LY,"بن عثمان",241
LY,"فاروق",240
LY,"درويش",240
LY,"Abobaker",240
LY,"قريرة",240
LY,"Waled",239
LY,"Ragab",239
LY,"امطير",239
LY,"البحيري",239
LY,"حياه",239
LY,"بن دردف",239
LY,"بن زايد",239
LY,"Ayman",239
LY,"القدار",239
LY,"هيمو",239
LY,"Altrhony",239
LY,"ملكه",239
LY,"المشرقي",239
LY,"حلو",239
LY,"نونه",239
LY,"Moad",238
LY,"الطيار",238
LY,"ناصف",238
LY,"الجويفي",238
LY,"Nabil",238
LY,"Shebani",237
LY,"العطوي",237
LY,"Basha",237
LY,"علام",237
LY,"Allafi",237
LY,"الخطري",236
LY,"سمر",236
LY,"مومن",236
LY,"الفاخرى",236
LY,"الحشاني",236
LY,"Nano",236
LY,"بوسليم",236
LY,"Abdulla",236
LY,"بلقيس",236
LY,"Abubaker",236
LY,"صوله",235
LY,"سعودي",235
LY,"تامورت",235
LY,"عزيزة",235
LY,"Sow",235
LY,"بن حامد",235
LY,"عبدالعاطي",235
LY,"Hammad",235
LY,"العنيزي",235
LY,"الهلالي",235
LY,"تامر",234
LY,"العويتي",234
LY,"الجميله",234
LY,"Samir",234
LY,"إمحمد",234
LY,"Zakaria",234
LY,"روما",234
LY,"الصابرين",234
LY,"Alamary",233
LY,"رودي",233
LY,"الفرح",233
LY,"الفطيسي",233
LY,"ابوفارس",232
LY,"Miah",232
LY,"الحرة",232
LY,"باسط",232
LY,"No",232
LY,"ابوسنينه",232
LY,"الأصيل",232
LY,"سرور",232
LY,"Ayoub",232
LY,"Lamin",232
LY,"ايه",232
LY,"Trabelsi",231
LY,"برشلونه",231
LY,"بن يونس",231
LY,"Lole",231
LY,"اوحيده",231
LY,"ندي",230
LY,"المطردي",230
LY,"بن غزي",230
LY,"عويدات",230
LY,"شهوب",229
LY,"بوقرين",229
LY,"الأحمر",229
LY,"Umar",229
LY,"Agha",229
LY,"هديل",229
LY,"Alwerfali",229
LY,"الأجواد",229
LY,"Mony",229
LY,"نوفل",229
LY,"عبدالناصر",229
LY,"جوده",228
LY,"Mody",228
LY,"Goma",228
LY,"ﺍﻟﻮﺭﻓﻠﻲ",228
LY,"لمار",228
LY,"بن حسن",227
LY,"الغرباوي",227
LY,"التلج",227
LY,"اسعد",227
LY,"الورفليه",227
LY,"Diakite",227
LY,"شلابي",227
LY,"Aymen",227
LY,"الحوت",227
LY,"قدور",227
LY,"Musbah",226
LY,"Almahdi",226
LY,"البهيجي",226
LY,"غفران",226
LY,"Dentist",226
LY,"هبه",225
LY,"الغرابلي",225
LY,"الكواش",225
LY,"اسكندر",225
LY,"الكريم",225
LY,"Kalefa",225
LY,"الشوبكي",225
LY,"قدافي",225
LY,"سويب",225
LY,"القنطري",225
LY,"الحسيني",225
LY,"Saidou",225
LY,"بنغازينو",225
LY,"القعود",225
LY,"ابو علي",225
LY,"عبيدي",224
LY,"صباح",224
LY,"الشهداء",224
LY,"الطبال",224
LY,"تنتوش",224
LY,"Idi",224
LY,"Frag",224
TN,"Mohamed",27248
TN,"Hamdi",25180
TN,"Ayari",25093
TN,"Ali",23213
TN,"Ahmed",23155
TN,"Dridi",22099
TN,"Trabelsi",21946
TN,"Abidi",20629
TN,"Est",19862
TN,"Mejri",17812
TN,"Hammami",16624
TN,"Saidi",13684
TN,"Ben Ali",13656
TN,"Jlassi",13639
TN,"Riahi",13612
TN,"Gharbi",13128
TN,"Amri",12826
TN,"Ca",11842
TN,"Aloui",11300
TN,"Arfaoui",9998
TN,"Amouna",9974
TN,"Ess",9902
TN,"Selmi",9901
TN,"Nasri",9843
TN,"Salhi",9514
TN,"Tlili",9494
TN,"Sassi",9129
TN,"Youssef",9012
TN,"Med",9009
TN,"Ch",8913
TN,"Ben Amor",8912
TN,"Kh",8891
TN,"Barhoumi",8633
TN,"Ayadi",8150
TN,"Ferchichi",7880
TN,"Aymen",7866
TN,"Ma",7864
TN,"Hamza",7846
TN,"Cherif",7828
TN,"Ammar",7682
TN,"Amine",7565
TN,"Chebbi",7356
TN,"Ben Salem",7354
TN,"Salah",7349
TN,"Ben Salah",7310
TN,"Ben Ahmed",7299
TN,"Tahfouna",7193
TN,"Hajji",7182
TN,"Abid",7099
TN,"Mhamdi",7005
TN,"Nour",6989
TN,"Mansouri",6860
TN,"Cherni",6784
TN,"Bejaoui",6661
TN,"Mabrouk",6586
TN,"Ouni",6547
TN,"Soltani",6527
TN,"Maryouma",6470
TN,"Dali",6424
TN,"Mouhamed",6412
TN,"Rezgui",6404
TN,"Saidani",6350
TN,"Dadou",6312
TN,"Jbeli",6256
TN,"Guesmi",6221
TN,"Hamrouni",6185
TN,"Khlifi",6173
TN,"Missaoui",6160
TN,"Yahyaoui",6106
TN,"Omri",6104
TN,"Ben Mohamed",6032
TN,"Sami",6010
TN,"Salem",6010
TN,"Aziz",5984
TN,"Walid",5972
TN,"Bahri",5958
TN,"Kouki",5954
TN,"Ben Abdallah",5929
TN,"Jouini",5897
TN,"Mansour",5822
TN,"Nefzi",5810
TN,"Hama",5775
TN,"Toumi",5755
TN,"Brahmi",5726
TN,"Bouzidi",5722
TN,"Amara",5713
TN,"Amoula",5517
TN,"Said",5418
TN,"Marwa",5296
TN,"Belhaj",5289
TN,"Manai",5289
TN,"Hosni",5260
TN,"Karim",5192
TN,"Abdallah",5162
TN,"Amin",5094
TN,"Farhat",5014
TN,"Brahim",5009
TN,"Labidi",4973
TN,"Ferjani",4930
TN,"Kamel",4834
TN,"Oueslati",4828
TN,"Foufa",4799
TN,"Omar",4788
TN,"Sahli",4757
TN,"Mbarki",4748
TN,"Gafsi",4743
TN,"Khaled",4733
TN,"محمد",4710
TN,"Ayouta",4600
TN,"Hassen",4585
TN,"Sasou",4572
TN,"Mekni",4555
TN,"Hajri",4532
TN,"Souissi",4530
TN,"Bilel",4523
TN,"Mechergui",4513
TN,"Fatnassi",4491
TN,"Yousfi",4430
TN,"Imen",4418
TN,"Hichri",4362
TN,"Sassou",4278
TN,"Amdouni",4272
TN,"Boughanmi",4259
TN,"Daloula",4255
TN,"Hamouda",4243
TN,"Romdhani",4212
TN,"Na",4205
TN,"Zarzis",4202
TN,"Abbassi",4174
TN,"Issaoui",4145
TN,"Adel",4132
TN,"Dh",4086
TN,"Ben Ammar",4080
TN,"Jerbi",4075
TN,"Moussa",4019
TN,"Anis",3981
TN,"Mathlouthi",3979
TN,"Yassine",3969
TN,"Louati",3959
TN,"Mbarek",3939
TN,"Amal",3935
TN,"Saad",3900
TN,"Ben Said",3896
TN,"Ghanmi",3870
TN,"Manou",3862
TN,"Triki",3856
TN,"Arbi",3849
TN,"Mahmoud",3826
TN,"Ra",3822
TN,"Sghaier",3801
TN,"Weslati",3801
TN,"Nouri",3800
TN,"Fatma",3798
TN,"Amor",3793
TN,"Ben Youssef",3779
TN,"Malek",3755
TN,"Melki",3753
TN,"Jebali",3753
TN,"Lotfi",3729
TN,"Amira",3696
TN,"Slama",3654
TN,"Hamed",3646
TN,"Mahmoudi",3639
TN,"Midou",3635
TN,"Touati",3591
TN,"Talbi",3586
TN,"Bouazizi",3528
TN,"Karoui",3528
TN,"Bouzid",3525
TN,"Mariem",3524
TN,"Belgacem",3511
TN,"Boubaker",3499
TN,"Ben",3478
TN,"Saber",3477
TN,"Saadaoui",3467
TN,"Ayed",3467
TN,"Mahjoub",3464
TN,"Khalil",3426
TN,"Gabsi",3415
TN,"Slim",3406
TN,"Mourad",3386
TN,"Mh",3351
TN,"Fathi",3351
TN,"Marwen",3336
TN,"Mannai",3328
TN,"Ramzi",3311
TN,"Ha",3300
TN,"Zidi",3298
TN,"Jemai",3286
TN,"Dhahri",3275
TN,"Rayen",3257
TN,"Hm",3239
TN,"Abbes",3222
TN,"Ayachi",3212
TN,"Ghribi",3206
TN,"Lassoued",3206
TN,"Gasmi",3188
TN,"Samir",3188
TN,"Hannachi",3175
TN,"Zied",3157
TN,"Ghazouani",3155
TN,"Bk",3124
TN,"Hamami",3105
TN,"Zouari",3103
TN,"Harrabi",3083
TN,"Messaoudi",3068
TN,"Ben Brahim",3049
TN,"Essid",3025
TN,"Rhimi",3022
TN,"Mrabet",3008
TN,"Hasni",3003
TN,"Khemiri",2983
TN,"Adem",2969
TN,"Briki",2952
TN,"Bouali",2944
TN,"Mzoughi",2942
TN,"Ahlem",2937
TN,"Abdellaoui",2934
TN,"Bouaziz",2926
TN,"الله",2921
TN,"Jamel",2914
TN,"Nabil",2904
TN,"Fatouma",2902
TN,"Da",2897
TN,"Ben Mansour",2880
TN,"Chokri",2879
TN,"Hanen",2867
TN,"Ala",2864
TN,"Saoudi",2860
TN,"Dhaouadi",2853
TN,"Ayoub",2851
TN,"Hedi",2843
TN,"Zitouni",2839
TN,"Siwar",2835
TN,"Yahya",2829
TN,"Zizou",2825
TN,"Mahdi",2819
TN,"Asma",2810
TN,"Achour",2808
TN,"Benali",2798
TN,"Slimen",2775
TN,"Heni",2774
TN,"La",2772
TN,"Khelifi",2769
TN,"Halouma",2752
TN,"Balti",2751
TN,"Beji",2746
TN,"Jridi",2733
TN,"Ridha",2732
TN,"Mhadhbi",2730
TN,"Rim",2716
TN,"Hamzaoui",2716
TN,"Kammoun",2708
TN,"Othmani",2703
TN,"Tarek",2700
TN,"Chaabani",2695
TN,"Haddad",2686
TN,"Habib",2685
TN,"Amir",2684
TN,"May",2675
TN,"Ben Romdhane",2672
TN,"Kefi",2670
TN,"Ben Hassine",2666
TN,"Belhadj",2658
TN,"Khalifa",2657
TN,"Amel",2652
TN,"Zaidi",2643
TN,"Ben Mahmoud",2641
TN,"Attia",2636
TN,"Ba",2630
TN,"Khazri",2625
TN,"Maalaoui",2622
TN,"Neji",2621
TN,"Imed",2613
TN,"Aouini",2609
TN,"Houssem",2606
TN,"Saif",2601
TN,"Malouka",2591
TN,"Nizar",2589
TN,"Houda",2585
TN,"Taraji",2584
TN,"Ab",2577
TN,"Farah",2577
TN,"Omrani",2576
TN,"Hmidi",2572
TN,"Ayedi",2568
TN,"Marzouki",2566
TN,"Masmoudi",2562
TN,"Fa",2548
TN,"Shili",2545
TN,"Zribi",2537
TN,"Rekik",2532
TN,"Rebai",2526
TN,"Jdidi",2519
TN,"Jendoubi",2516
TN,"Rebhi",2490
TN,"Jbali",2488
TN,"Mrad",2484
TN,"Maram",2481
TN,"Hedhli",2480
TN,"Souma",2479
TN,"Patron",2473
TN,"Amari",2464
TN,"Mouna",2459
TN,"Sou",2459
TN,"Kacem",2437
TN,"Mounir",2429
TN,"Abassi",2426
TN,"Ismail",2425
TN,"Aydi",2422
TN,"Hammouda",2420
TN,"Noussa",2420
TN,"Kadri",2400
TN,"Laabidi",2387
TN,"Rhouma",2383
TN,"Yakoubi",2383
TN,"Mabrouki",2380
TN,"Thabet",2379
TN,"Hichem",2363
TN,"Ajmi",2360
TN,"Taher",2356
TN,"Klai",2353
TN,"Rahmouni",2350
TN,"Rahali",2346
TN,"Sliti",2346
TN,"Farhani",2342
TN,"Ben Amara",2334
TN,"Sehli",2331
TN,"Badri",2330
TN,"Meddeb",2328
TN,"Sabri",2328
TN,"Marzougui",2317
TN,"Maher",2316
TN,"Yassin",2311
TN,"Hammemi",2310
TN,"Sana",2308
TN,"Tahri",2297
TN,"Mezni",2292
TN,"Jandoubi",2291
TN,"Capo",2278
TN,"Derbali",2275
TN,"Askri",2274
TN,"Guizani",2271
TN,"Slimi",2258
TN,"Trabelssi",2257
TN,"Oussama",2254
TN,"Sayari",2254
TN,"Mira",2253
TN,"Zouaoui",2249
TN,"Sellami",2246
TN,"Nasr",2234
TN,"Louhichi",2231
TN,"Khadraoui",2227
TN,"Hamma",2221
TN,"Massoudi",2215
TN,"Smida",2213
TN,"علي",2212
TN,"Ben Ayed",2209
TN,"Azizi",2198
TN,"Saroura",2180
TN,"Rahma",2178
TN,"Asouma",2166
TN,"Abdelli",2165
TN,"Hmida",2157
TN,"Chaouch",2152
TN,"Achref",2151
TN,"Ben Saad",2137
TN,"Ben Hmida",2122
TN,"Fraj",2115
TN,"Ben Othmen",2112
TN,"Moez",2109
TN,"Rouissi",2098
TN,"Makni",2096
TN,"Habibi",2085
TN,"Slimani",2070
TN,"Bouraoui",2068
TN,"Chaieb",2067
TN,"Alaya",2062
TN,"Jaziri",2059
TN,"Hamadi",2058
TN,"Brahem",2058
TN,"Islem",2053
TN,"Kraiem",2050
TN,"Mimou",2048
TN,"Bechir",2047
TN,"Ines",2046
TN,"Rourou",2041
TN,"Sdiri",2040
TN,"Aya",2038
TN,"Chihi",2031
TN,"Chouchene",2015
TN,"Rami",2008
TN,"Hatem",2002
TN,"Chaima",1994
TN,"Yousef",1993
TN,"Akermi",1992
TN,"Chakroun",1985
TN,"Ben Mouhamed",1978
TN,"Troudi",1978
TN,"Yaakoubi",1973
TN,"Jiji",1963
TN,"Khmiri",1963
TN,"Sahbani",1961
TN,"Kaabi",1961
TN,"Khiari",1943
TN,"Wa",1942
TN,"Ben Fraj",1933
TN,"Majdoub",1928
TN,"Dhibi",1924
TN,"Salim",1912
TN,"Wael",1911
TN,"Sboui",1907
TN,"Allagui",1907
TN,"Chrif",1905
TN,"Msk",1902
TN,"Bassem",1901
TN,"Wissem",1898
TN,"Di",1897
TN,"Zarga",1897
TN,"Zarrouk",1896
TN,"Mnasri",1893
TN,"Sa",1892
TN,"Dziri",1885
TN,"Kallel",1884
TN,"Ben Moussa",1881
TN,"Bouha",1879
TN,"Ibrahim",1876
TN,"Jaballah",1875
TN,"Mk",1866
TN,"Saadi",1866
TN,"Ghorbel",1864
TN,"Maryem",1863
TN,"Salma",1862
TN,"Zoghlami",1857
TN,"Zayani",1850
TN,"Mido",1849
TN,"Zahra",1847
TN,"Agrebi",1846
TN,"Riadh",1845
TN,"Hanouna",1842
TN,"Ben Mabrouk",1841
TN,"Manel",1826
TN,"Samar",1824
TN,"Boubakri",1818
TN,"Ben Hassen",1817
TN,"Lina",1815
TN,"Hasnaoui",1809
TN,"Mastouri",1806
TN,"Hammadi",1799
TN,"Kamoun",1795
TN,"Soussi",1793
TN,"Sirine",1792
TN,"Hassine",1792
TN,"Fares",1788
TN,"Najjar",1786
TN,"Chouchen",1784
TN,"Mohsen",1779
TN,"Ben Hamouda",1777
TN,"Azouzi",1776
TN,"Dammak",1772
TN,"Miled",1771
TN,"Abed",1765
TN,"Idoudi",1764
TN,"Kais",1762
TN,"Chaabane",1761
TN,"Bacha",1761
TN,"Tns",1756
TN,"Wassim",1746
TN,"Olfa",1736
TN,"Wafa",1731
TN,"Abdou",1731
TN,"Mi",1731
TN,"Marzouk",1727
TN,"Rh",1725
TN,"Eya",1721
TN,"Ameur",1718
TN,"Ajili",1714
TN,"Ben Ameur",1712
TN,"Wesleti",1709
TN,"Marouma",1705
TN,"Kilani",1702
TN,"Chihaoui",1701
TN,"Chatti",1699
TN,"Jawadi",1697
TN,"Blanche",1695
TN,"Fehri",1693
TN,"Feki",1692
TN,"Abir",1692
TN,"Khalfaoui",1692
TN,"Sallemi",1691
TN,"Bedoui",1690
TN,"Nasraoui",1686
TN,"Sonia",1684
TN,"Khadhraoui",1683
TN,"احمد",1682
TN,"Wajdi",1679
TN,"Rine",1672
TN,"Mnassri",1666
TN,"Sahraoui",1665
TN,"Em",1665
TN,"Othmen",1659
TN,"Nousa",1659
TN,"Baklouti",1650
TN,"Jaouadi",1647
TN,"Ltifi",1647
TN,"Baccouche",1643
TN,"Mokni",1641
TN,"Jmal",1634
TN,"Ben Rhouma",1632
TN,"Tounsi",1629
TN,"Snoussi",1621
TN,"Tayari",1621
TN,"Derbel",1621
TN,"Atef",1619
TN,"Lahmer",1616
TN,"Mouelhi",1610
TN,"Romdhane",1608
TN,"Tarhouni",1607
TN,"Hamemi",1603
TN,"Chaaben",1600
TN,"Ouertani",1596
TN,"Chaari",1592
TN,"Jelassi",1591
TN,"Bm",1588
TN,"Charfi",1587
TN,"Firas",1587
TN,"Sarra",1586
TN,"Ben Slimen",1586
TN,"Za",1585
TN,"Ameni",1583
TN,"Kimo",1580
TN,"Aouadi",1570
TN,"Bouguerra",1568
TN,"Yazidi",1566
TN,"Mahjoubi",1565
TN,"Noura",1563
TN,"Chaibi",1562
TN,"Rima",1560
TN,"Ammari",1557
TN,"Jarray",1556
TN,"Issam",1553
TN,"Mhiri",1547
TN,"Mahfoudhi",1546
TN,"Hlel",1546
TN,"Amiri",1542
TN,"Saafi",1541
TN,"Lahmar",1537
TN,"Ezzine",1535
TN,"بالله",1535
TN,"Benzarti",1533
TN,"Rtibi",1532
TN,"Hidri",1530
TN,"Benamor",1530
TN,"Loulou",1530
TN,"Fourati",1529
TN,"Zairi",1528
TN,"Chtioui",1528
TN,"Belaid",1526
TN,"Rania",1521
TN,"Naceur",1520
TN,"Hafsi",1519
TN,"Maya",1518
TN,"Akkari",1517
TN,"Khalfallah",1514
TN,"Mehdi",1501
TN,"Daly",1498
TN,"Dou",1493
TN,"Kahlaoui",1492
TN,"Younes",1492
TN,"Nadou",1491
TN,"Ben Khalifa",1473
TN,"Jalel",1471
TN,"Ed",1467
TN,"Samaali",1463
TN,"Gharsalli",1453
TN,"Achouri",1453
TN,"Amar",1452
TN,"Rajhi",1448
TN,"Hobi",1445
TN,"Nouira",1441
TN,"Hkiri",1440
TN,"Rahal",1440
TN,"Bn",1439
TN,"Gammoudi",1439
TN,"Jabri",1439
TN,"Chayma",1438
TN,"Djo",1429
TN,"Abdi",1429
TN,"الهوية",1429
TN,"Hd",1425
TN,"Melliti",1425
TN,"Youssfi",1423
TN,"Naser",1420
TN,"Khalfi",1419
TN,"Khaldi",1417
TN,"Harbaoui",1416
TN,"Haji",1414
TN,"Moncef",1413
TN,"Afli",1412
TN,"Omha",1410
TN,"Joujou",1409
TN,"Mehrez",1404
TN,"Naffeti",1402
TN,"Douzi",1400
TN,"Frikha",1398
TN,"Bensalem",1392
TN,"Fawzi",1389
TN,"Rouge",1389
TN,"Rejeb",1387
TN,"Ben Sassi",1386
TN,"Haddaji",1384
TN,"Krimi",1383
TN,"Saleh",1378
TN,"Daoud",1377
TN,"Taboubi",1377
TN,"Sh",1374
TN,"Ya",1374
TN,"Timoumi",1373
TN,"Emna",1368
TN,"Aboura",1365
TN,"Guedri",1364
TN,"Yahia",1363
TN,"Bjaoui",1361
TN,"Bouhlel",1358
TN,"Salwa",1357
TN,"Chahed",1356
TN,"Hajer",1355
TN,"Mezrigui",1354
TN,"Najeh",1351
TN,"Souidi",1350
TN,"Ouerghi",1349
TN,"Akrout",1349
TN,"Souid",1341
TN,"Hedfi",1339
TN,"Sabrine",1338
TN,"Fathallah",1336
TN,"Jb",1334
TN,"Majdi",1334
TN,"Chalbi",1332
TN,"Manoula",1332
TN,"Ben Amar",1332
TN,"Issa",1331
TN,"Becha",1328
TN,"Boukhris",1323
TN,"Sihem",1320
TN,"Nafti",1318
TN,"El",1317
TN,"Mami",1315
TN,"Abdelkader",1312
TN,"Fersi",1304
TN,"Ferjeni",1301
TN,"Ssem",1301
TN,"Bensalah",1300
TN,"Mefteh",1299
TN,"Felhi",1298
TN,"Nawara",1298
TN,"Nabli",1297
TN,"Ghali",1294
TN,"Hermi",1294
TN,"Ben Younes",1294
TN,"Aissa",1292
TN,"Ahmadi",1291
TN,"Dalloula",1288
TN,"Ssa",1287
TN,"Eddine",1285
TN,"Safa",1284
TN,"Maaroufi",1283
TN,"الحياة",1282
TN,"Arfa",1281
TN,"Rose",1276
TN,"Bahloul",1275
TN,"Roma",1272
TN,"Ben Nasr",1268
TN,"Hakim",1268
TN,"Majri",1267
TN,"Hadded",1266
TN,"Jlasi",1265
TN,"Koukou",1264
TN,"Dhaoui",1263
TN,"Helmi",1261
TN,"Lem",1260
TN,"Wen",1260
TN,"Nasser",1258
TN,"Lajmi",1256
TN,"Sousou",1255
TN,"Pas Plus",1252
TN,"Saida",1250
TN,"Chikhaoui",1250
TN,"Chebi",1247
TN,"Rabhi",1245
TN,"Grami",1242
TN,"Baccar",1241
TN,"Nada",1241
TN,"Makhlouf",1241
TN,"Amer",1240
TN,"Hani",1240
TN,"Samia",1238
TN,"Sfar",1236
TN,"Khouloud",1236
TN,"Ben Alaya",1236
TN,"Assouma",1235
TN,"Laribi",1234
TN,"Aloulou",1233
TN,"Zaghdoudi",1232
TN,"Mimo",1232
TN,"Gafsa",1230
TN,"Salouma",1226
TN,"Bani",1225
TN,"Ochi",1225
TN,"Naili",1223
TN,"Garbi",1223
TN,"Rachdi",1219
TN,"Rihani",1219
TN,"Sara",1216
TN,"Ka",1216
TN,"Ben Saleh",1211
TN,"Mariouma",1209
TN,"Dhifallah",1206
TN,"Khlifa",1205
TN,"Kthiri",1202
TN,"Jlidi",1200
TN,"Samira",1199
TN,"Jallouli",1198
TN,"Bizertino",1194
TN,"Dhouib",1193
TN,"Li",1192
TN,"Mekki",1191
TN,"Fridhi",1190
TN,"Kahla",1188
TN,"Hajoura",1187
TN,"Zouaghi",1186
TN,"Djebbi",1185
TN,"Dardouri",1185
TN,"Sofien",1183
TN,"Rached",1183
TN,"Besbes",1181
TN,"Rahmani",1181
TN,"Mestiri",1180
TN,"Faidi",1179
TN,"Souad",1179
TN,"Brini",1179
TN,"Yosra",1178
TN,"Hayet",1177
TN,"Chargui",1174
TN,"Chaouachi",1172
TN,"Bel Haj",1172
TN,"Miladi",1167
TN,"Basma",1165
TN,"Nahdi",1165
TN,"Mokhtar",1164
TN,"Souli",1163
TN,"Ben Slama",1161
TN,"Fezai",1160
TN,"Sahbi",1159
TN,"Mili",1159
TN,"Ar",1155
TN,"Oussema",1155
TN,"Jihen",1155
TN,"Iheb",1154
TN,"Sameh",1153
TN,"Bannour",1152
TN,"Warda",1147
TN,"Akrimi",1146
TN,"Mimouni",1143
TN,"Touil",1142
TN,"يوسف",1141
TN,"الرحمان",1140
TN,"Dhib",1139
TN,"Gargouri",1136
TN,"Taieb",1134
TN,"Laouini",1134
TN,"Jrad",1134
TN,"Haggui",1133
TN,"Latifa",1130
TN,"Fekih",1127
TN,"Bennour",1127
TN,"Torkhani",1127
TN,"Baccari",1126
TN,"Lamouchi",1125
TN,"Jlali",1124
TN,"Ben Hamed",1124
TN,"Salmi",1124
TN,"Ranim",1123
TN,"Kalifa",1123
TN,"Raouf",1122
TN,"Ziadi",1121
TN,"Bahrouni",1120
TN,"Hleli",1120
TN,"Najar",1119
TN,"Samoura",1119
TN,"Ltaief",1118
TN,"Iyed",1116
TN,"Sakouhi",1116
TN,"Hiba",1116
TN,"Wertani",1115
TN,"Ahmad",1110
TN,"Amani",1110
TN,"Ghozzi",1108
TN,"Yem",1107
TN,"Rjab",1102
TN,"Ramrouma",1100
TN,"Sd",1099
TN,"Haythem",1099
TN,"Maatoug",1098
TN,"Sallami",1097
TN,"Ben Mbarek",1095
TN,"Cha",1093
TN,"Aicha",1092
TN,"Abdaoui",1091
TN,"Skander",1089
TN,"Sabrina",1089
TN,"Chtourou",1087
TN,"Azouz",1087
TN,"Dhouibi",1084
TN,"Baazaoui",1082
TN,"Lamine",1082
TN,"Othman",1081
TN,"Bensaid",1080
TN,"Soumaya",1080
TN,"Kimou",1075
TN,"Aoun",1071
TN,"Mensi",1070
TN,"Gharsallah",1070
TN,"Lili",1070
TN,"Massoud",1070
TN,"Bz",1070
TN,"Slouma",1069
TN,"Yasmine",1066
TN,"Linda",1066
TN,"Lachheb",1064
TN,"Ben Othman",1063
TN,"Mahfoudh",1062
TN,"Abessi",1062
TN,"Madridi",1058
TN,"Nader",1057
TN,"Zarai",1056
TN,"Monta",1056
TN,"Ben Yahia",1053
TN,"Mriwa",1053
TN,"Hachicha",1051
TN,"Ranoucha",1050
TN,"Jerba",1049
TN,"Hbibi",1049
TN,"Rihab",1045
TN,"Karwi",1045
TN,"Jabnouni",1043
TN,"Bousselmi",1042
TN,"مدريدي",1041
TN,"Jebri",1041
TN,"Mondher",1041
TN,"Daboussi",1038
TN,"Chermiti",1036
TN,"Dalhoumi",1036
TN,"Monia",1035
TN,"Dkhili",1035
TN,"Belguith",1034
TN,"Boukadida",1032
TN,"Mb",1030
TN,"Mohammed",1029
TN,"Jmili",1028
TN,"Dhieb",1027
TN,"Sem",1026
TN,"Horchani",1026
TN,"Ben Aissa",1024
TN,"Limem",1022
TN,"Suissi",1022
TN,"Hajlaoui",1022
TN,"Awadi",1021
TN,"Hamdaoui",1021
TN,"Hana",1019
TN,"Belghith",1019
TN,"Jaber",1018
TN,"Elloumi",1018
TN,"Mahboula",1017
TN,"Faouzi",1016
TN,"Smiri",1015
TN,"Mosbahi",1015
TN,"Hmissi",1014
TN,"Farouha",1014
TN,"Chaker",1014
TN,"Drissi",1014
TN,"Mliki",1013
TN,"Elhouda",1013
TN,"Ur",1012
TN,"Messaoud",1011
TN,"Gassoumi",1009
TN,"Turki",1008
TN,"Sebri",1008
TN,"Chebil",1007
TN,"Trigui",1005
TN,"Mighri",1004
TN,"Toutou",1002
TN,"Adouma",1001
TN,"Harabi",1000
TN,"Boussetta",1000
TN,"Benabdallah",999
TN,"Zina",998
TN,"Ben Khlifa",997
TN,"Hechmi",997
TN,"Karima",996
TN,"Makrem",994
TN,"Tawfik",994
TN,"Khammassi",993
TN,"Oumaima",992
TN,"Oumayma",991
TN,"Sayhi",991
TN,"Ben Hamida",990
TN,"Jemli",988
TN,"Ksouri",988
TN,"Mechi",987
TN,"Foued",986
TN,"لله",984
TN,"Bj",984
TN,"Mani",984
TN,"Bettaieb",983
TN,"Azzouz",982
TN,"Stiti",982
TN,"Mechri",981
TN,"Jellali",980
TN,"Ben Aziza",980
TN,"Ben Jemaa",978
TN,"Nesrine",977
TN,"Jamila",977
TN,"Neffati",977
TN,"Ta",977
TN,"En",975
TN,"Tayeb",975
TN,"Korbi",974
TN,"Lafi",971
TN,"War",971
TN,"Mezlini",971
TN,"Fadhel",970
TN,"Khawla",969
TN,"Kharrat",969
TN,"Farjallah",969
TN,"Najib",968
TN,"Sarroura",966
TN,"Aissaoui",964
TN,"Hb",961
TN,"Marweni",961
TN,"أحمد",960
TN,"Moumni",959
TN,"Chelly",957
TN,"Rafik",956
TN,"Afef",953
TN,"Bou",953
TN,"Jihed",953
TN,"Bouallagui",953
TN,"Manaa",950
TN,"Ranouma",949
TN,"Ghabri",946
TN,"Beldi",946
TN,"Safi",945
TN,"Lajnef",945
TN,"Bader",945
TN,"Fethi",944
TN,"Medini",943
TN,"Nadia",943
TN,"Jarboui",942
TN,"Farid",941
TN,"Takwa",940
TN,"Gesmi",940
TN,"Abd",938
TN,"Cabiste",938
TN,"Haroun",938
TN,"Ghrairi",938
TN,"Ben Arfa",934
TN,"Dhawadi",933
TN,"Ben Belgacem",932
TN,"Hrizi",932
TN,"Sallem",932
TN,"Mezzi",931
TN,"Hen",931
TN,"Mosbah",931
TN,"Mejdi",929
TN,"Mar",928
TN,"Bouslimi",928
TN,"Chaabene",927
TN,"Fakhfakh",927
TN,"Madrid",927
TN,"Hamdani",926
TN,"Rahmeni",925
TN,"Bachir",925
TN,"Elleuch",925
TN,"Toujani",924
TN,"Alimi",924
TN,"Taleb",924
TN,"Maaoui",923
TN,"Soussou",921
TN,"Nsiri",918
TN,"Jaballi",917
TN,"Zrelli",917
TN,"Zou",916
TN,"Torki",916
TN,"Messai",915
TN,"Baba",913
TN,"Ghoul",910
TN,"Kalboussi",909
TN,"بن محمد",908
TN,"Meftah",908
TN,"Ben Taher",907
TN,"Chemkhi",906
TN,"Matoussi",903
TN,"Abouda",903
TN,"Gara",903
TN,"Ne",902
TN,"Boyka",900
TN,"Moussi",899
TN,"Zouabi",899
TN,"Majhoul",899
TN,"Kchaou",898
TN,"Mtiri",898
TN,"Slah",898
TN,"Ram",897
TN,"Lamia",897
TN,"Sousse",896
TN,"Dakhli",896
TN,"Hazem",896
TN,"Maha",895
TN,"Haj",894
TN,"Momo",894
TN,"Noureddine",893
TN,"Mhadbi",893
TN,"Chelbi",893
TN,"Azaiez",893
TN,"Mannou",891
TN,"Skhiri",891
TN,"Raja",891
TN,"Mejbri",889
TN,"Gmati",888
TN,"Maalej",888
TN,"Monji",887
TN,"Dahmani",887
TN,"Soudani",886
TN,"Charfeddine",881
TN,"Kanzari",880
TN,"Helali",880
TN,"Jday",880
TN,"Anwer",879
TN,"Karray",879
TN,"Derouiche",879
TN,"Soltan",879
TN,"Akremi",878
TN,"Sadok",878
TN,"Msekni",877
TN,"Drira",877
TN,"Abbessi",876
TN,"Dhaou",875
TN,"Ifaoui",875
TN,"Marouani",871
TN,"Andolsi",871
TN,"Faten",870
TN,"Moalla",869
TN,"Zekri",869
TN,"Mirou",868
TN,"Sarouna",867
TN,"Ben Rejeb",866
TN,"Ounissi",865
TN,"Jemaa",864
TN,"Najet",863
TN,"Trad",857
TN,"Dhifaoui",854
TN,"Papati",854
TN,"Mouldi",853
TN,"Chourabi",853
TN,"Chiha",852
TN,"Agerbi",852
TN,"Assili",851
TN,"Dkhil",851
TN,"Ben Naser",850
TN,"Tabarka",849
TN,"Bouzayen",849
TN,"Loud",848
TN,"Mohamed Ali",848
TN,"Klifi",848
TN,"Hassan",848
TN,"Naffati",847
TN,"Mahdouch",846
TN,"Barkaoui",845
TN,"Douz",844
TN,"Affes",842
TN,"Abdellatif",841
TN,"Sakka",841
TN,"Baccouch",840
TN,"Abdelhedi",839
TN,"Msalmi",838
TN,"Hmaidi",837
TN,"Hamraoui",836
TN,"Alya",836
TN,"Gadhgadhi",836
TN,"Ben Hammouda",835
TN,"Msakni",835
TN,"Ben Cheikh",834
TN,"Zid",833
TN,"Touihri",832
TN,"Anas",831
TN,"Ad",831
TN,"Cheikh",829
TN,"Hafedh",829
TN,"Jomaa",829
TN,"Hachani",828
TN,"Arij",828
TN,"Smari",828
TN,"Barka",827
TN,"Werghi",827
TN,"Bouabidi",826
TN,"Jedidi",826
TN,"Khemissi",826
TN,"Nanou",825
TN,"Baya",825
TN,"Molka",824
TN,"Bassouma",824
TN,"Ben Aicha",822
TN,"Assoudi",821
TN,"Sam",820
TN,"Rais",820
TN,"Nsibi",818
TN,"Kahri",817
TN,"Gaaloul",816
TN,"Chrigui",814
TN,"Hermassi",813
TN,"Chaabouni",813
TN,"Nemri",812
TN,"Hammi",810
TN,"Daddou",809
TN,"Dakhlaoui",809
TN,"Amina",808
TN,"Herzi",807
TN,"Bey",807
TN,"Driss",807
TN,"Gannouni",806
TN,"Riabi",806
TN,"Bouallegue",805
TN,"Rabeh",804
TN,"بن علي",804
TN,"Dhahbi",804
TN,"Bchini",803
TN,"Sahnoun",800
TN,"الزهراء",799
TN,"Haboubi",799
TN,"Mn",799
TN,"Sebai",798
TN,"Sahar",798
TN,"Dachraoui",797
TN,"Seif",797
TN,"Der",796
TN,"Mustapha",796
TN,"Mà",796
TN,"عمر",795
TN,"Yacoubi",795
TN,"Adouni",795
TN,"Affi",795
TN,"Ayeb",794
TN,"Ncibi",794
TN,"Karouma",794
TN,"Yma",794
TN,"Bargaoui",794
TN,"King",791
TN,"Landolsi",791
TN,"Maghraoui",790
TN,"Lefi",789
TN,"Hattab",789
TN,"Man",789
TN,"Matmati",789
TN,"Smaoui",788
TN,"Ghariani",788
TN,"Braham",788
TN,"Chibani",787
TN,"Dhia",787
TN,"Sessi",786
TN,"Ben Achour",786
TN,"Ref",784
TN,"Haithem",781
TN,"حمدي",780
TN,"Jawedi",780
TN,"Atoui",779
TN,"Hammedi",779
TN,"Lazreg",779
TN,"Laila",778
TN,"Fahmi",778
TN,"Hamida",777
TN,"Bayoudh",777
TN,"Boughdiri",776
TN,"Zohra",775
TN,"Hadi",775
TN,"Ni",775
TN,"Ammouna",775
TN,"Ri",775
TN,"Bouzazi",775
TN,"Hsan",774
TN,"Abdouli",773
TN,"Amen",771
TN,"Atia",770
TN,"Tej",770
TN,"Bob",769
TN,"Hanin",769
TN,"Rabaoui",769
TN,"Zizo",768
TN,"Ragoubi",767
TN,"Layouni",767
TN,"Mine",766
TN,"Rjeb",766
TN,"Ellouze",765
TN,"Bolbol",764
TN,"Faycel",764
TN,"Juini",763
TN,"Bizerte",762
TN,"Jl",762
TN,"Lel",762
TN,"Grira",761
TN,"Azzabi",760
TN,"Awatef",760
TN,"مريم",759
TN,"Dimassi",759
TN,"Trablsi",759
TN,"Frigui",758
TN,"Koubaa",758
TN,"Harrathi",757
TN,"Titou",755
TN,"Saihi",755
TN,"Adam",753
TN,"Ghada",753
TN,"Nacer",753
TN,"Chaabi",752
TN,"Arfawi",752
TN,"Jamai",751
TN,"Her",750
TN,"Krichen",750
TN,"Sahbeni",749
TN,"Achraf",748
TN,"Sen",747
TN,"Mayssa",747
TN,"Touta",747
TN,"Benahmed",747
TN,"Chabchoub",745
TN,"Ritej",744
TN,"Nawel",744
TN,"Maaloul",744
TN,"Bouajila",743
TN,"Najwa",742
TN,"Damak",741
TN,"Ghannem",741
TN,"Sbai",741
TN,"Rouhi",741
TN,"Raissi",738
TN,"Saidane",737
TN,"Kochbati",737
TN,"Khlif",737
TN,"Faleh",736
TN,"Siala",735
TN,"Rahouba",735
TN,"Marnissi",735
TN,"Trifi",735
TN,"Oun",734
TN,"Bennani",733
TN,"Wahid",732
TN,"Labiadh",731
TN,"Mayar",731
TN,"Amamou",731
TN,"Ayouni",730
TN,"Bali",728
TN,"Hentati",727
TN,"Ghrissi",726
TN,"Ben Romdhan",726
TN,"Maamouri",725
TN,"Rina",723
TN,"Tito",722
TN,"Aridhi",722
TN,"Lahbib",721
TN,"Hanchi",720
TN,"Naoui",720
TN,"If",719
TN,"Assadi",718
TN,"Khedher",718
TN,"Mahboul",717
TN,"Somrani",717
TN,"Fitouri",717
TN,"Fadhlaoui",716
TN,"Montassar",716
TN,"Dorai",716
TN,"Boukari",715
TN,"Dhif",715
TN,"Namouchi",715
TN,"Ebdelli",715
TN,"Naji",714
TN,"Jabli",713
TN,"Bellili",713
TN,"Soula",712
TN,"Kerkeni",712
TN,"Zammali",710
TN,"Naimi",710
TN,"Ferhi",709
TN,"Moufida",708
TN,"عبيدي",707
TN,"Swissi",706
TN,"Hr",705
TN,"Ibtissem",705
TN,"El Abed",705
TN,"Hannechi",704
TN,"Fradi",704
TN,"Nouha",702
TN,"Taoufik",702
TN,"Werfelli",702
TN,"Youma",702
TN,"Ghrab",702
TN,"Ben Issa",701
TN,"Haddar",700
TN,"Jarraya",699
TN,"Letaief",698
TN,"Rachid",697
TN,"Latrech",697
TN,"Ben Messaoud",696
TN,"Touhami",696
TN,"Is",696
TN,"Az",695
TN,"Mongi",695
TN,"Kr",694
TN,"Larbi",693
TN,"Bbj",693
TN,"Hela",693
TN,"Lobna",690
TN,"Mallat",690
TN,"Rafrafi",690
TN,"Chawki",689
TN,"Sawsen",689
TN,"Amed",689
TN,"Garraoui",689
TN,"Naima",689
TN,"Chouchane",688
TN,"Gr",688
TN,"Roi",685
TN,"Dellai",685
TN,"Laroussi",685
TN,"Ben Abid",684
TN,"Gadour",684
TN,"Louay",681
TN,"Chedli",680
TN,"Lakhal",680
TN,"Assidi",680
TN,"Rou",679
TN,"Rosa",678
TN,"Lajili",678
TN,"Sirin",678
TN,"Hem",677
TN,"Kalai",677
TN,"Meher",676
TN,"Blid",676
TN,"Tlijani",676
TN,"Nebli",675
TN,"Houimli",675
TN,"Ssef",675
TN,"Nou",674
TN,"Jebli",674
TN,"Ben Massoud",674
TN,"Dorsaf",673
TN,"Samouha",673
TN,"Hadhri",672
TN,"Mina",672
TN,"Ratouja",671
TN,"Omrane",671
TN,"Ben Nasser",670
TN,"Dallali",670
TN,"الدين",669
TN,"Bousnina",669
TN,"Akrem",669
TN,"مجهول",669
TN,"Baldi",666
TN,"Moulahi",666
TN,"Leila",664
TN,"Amami",664
TN,"Belkhir",664
TN,"Yasmin",663
TN,"Bouchoucha",662
TN,"Kachroudi",662
TN,"Elghoul",662
TN,"Mayouta",662
TN,"Otay",661
TN,"Chebli",660
TN,"Arwa",660
TN,"Mallek",659
TN,"Alwi",658
TN,"Sb",657
TN,"Al",657
TN,"Kaled",656
TN,"Mj",655
TN,"Tounes",654
TN,"Dawla",654
TN,"Nidhal",654
TN,"Ouerfelli",653
TN,"Sayeh",653
TN,"Inoubli",651
TN,"Belhedi",651
TN,"Sk",651
TN,"Jribi",650
TN,"الهمامي",650
TN,"Bayrem",650
TN,"Ajlani",649
TN,"Hamdouni",649
TN,"Nia",649
TN,"Moula",648
TN,"Rahouma",648
TN,"Fredj",647
TN,"Khan",646
TN,"Chouaibi",645
TN,"Khadija",644
TN,"Seddik",643
TN,"Gabes",642
TN,"Melek",641
TN,"شخصيا",640
TN,"Zaibi",640
TN,"Chiheb",640
TN,"Ben Yahya",640
TN,"Chaymouta",639
TN,"Raddaoui",639
TN,"Jamli",639
TN,"Walha",638
TN,"Dhifi",638
TN,"Neili",638
TN,"Mhimdi",637
TN,"Mounira",637
TN,"Slimene",635
TN,"Zaoui",635
TN,"Hadil",633
TN,"Khamassi",632
TN,"Ameri",632
TN,"Mersni",632
TN,"Argoubi",632
TN,"Jmai",632
TN,"Dabbabi",632
TN,"Mahdhi",632
TN,"Saadouni",631
TN,"Hayouta",631
TN,"El Houda",630
TN,"Fedi",630
TN,"Abdelhamid",630
TN,"Hajjaji",630
TN,"Ir",629
TN,"Ja",629
TN,"Hk",628
TN,"Alaa",628
TN,"Saada",627
TN,"Ben Farhat",627
TN,"Wiem",627
TN,"Ben Zid",627
TN,"Kawther",627
TN,"Zayeni",626
TN,"Zi",626
TN,"Jemni",625
TN,"Ayechi",624
TN,"Guidara",624
TN,"Radhia",623
TN,"Allani",623
TN,"Hallouma",623
TN,"Henchiri",623
TN,"Fahem",622
TN,"Hbib",622
TN,"Braiek",622
TN,"Warteni",622
TN,"Kharroubi",622
TN,"Zar",621
TN,"Zaafouri",621
TN,"Aouissaoui",620
TN,"Dadi",620
TN,"الطرابلسي",620
TN,"Mizouri",620
TN,"Makhloufi",620
TN,"Ben Khaled",617
TN,"Ghabi",617
TN,"Fetoui",617
TN,"Aziza",617
TN,"Kalil",616
TN,"Hz",616
TN,"Boukhili",616
TN,"Choko",615
TN,"Nawres",615
TN,"Arouja",614
TN,"Aouni",614
TN,"Hezzi",614
TN,"Ii",613
TN,"Iem",613
TN,"Belhassen",613
TN,"Mtir",613
TN,"Mrabti",612
TN,"Abdelkefi",612
TN,"Fkiri",611
TN,"Them",611
TN,"Khayati",611
TN,"Madi",611
TN,"Tasnim",610
TN,"Lid",610
TN,"Zakraoui",610
TN,"Alibi",609
TN,"Khezami",609
TN,"Smati",609
TN,"Guermazi",609
TN,"Kenza",609
TN,"Meskini",609
TN,"Loukil",608
TN,"Bouslama",607
TN,"Werteni",607
TN,"Ilyes",607
TN,"Nciri",607
TN,"Hmila",606
TN,"Jd",606
TN,"Houidi",606
TN,"Hajjem",606
TN,"Farhati",605
TN,"Taha",605
TN,"Bellil",605
TN,"Zeddini",605
TN,"عمري",603
TN,"Jilani",603
TN,"Abdelaziz",603
TN,"Haifa",603
TN,"Taktak",602
TN,"Abdo",601
TN,"Younsi",601
TN,"Hsini",600
TN,"Grissa",600
TN,"Chaabeni",600
TN,"Hkimi",599
TN,"Benmohamed",599
TN,"Houcine",599
TN,"Ouma",599
TN,"Dahech",598
TN,"Hajjej",597
TN,"Abdelmoula",596
TN,"Hamila",596
TN,"Samet",596
TN,"Chiboub",595
TN,"Ncib",595
TN,"Slimeni",595
TN,"Haj Ali",594
TN,"Dhifli",594
TN,"Away",593
TN,"Dhawedi",593
TN,"Mlik",593
TN,"Jabeur",592
TN,"Du Sud",591
TN,"Ladhari",590
TN,"Kortli",590
TN,"Taghouti",587
TN,"Channoufi",587
TN,"Lou",587
TN,"Krayem",586
TN,"Rmili",586
TN,"Lek",586
TN,"Najouta",585
TN,"Jeridi",584
TN,"Rouis",584
TN,"Led",584
TN,"Aribi",584
TN,"Ghassen",584
TN,"Benammar",584
TN,"Khelil",583
TN,"Klay",583
TN,"Jleli",582
TN,"Fadi",582
TN,"Bl",582
TN,"Mezghani",581
TN,"Ajbouni",581
TN,"Boulaabi",581
TN,"Malki",581
TN,"Tbk",580
TN,"Bouabid",580
TN,"Khorchani",580
TN,"Mou",579
TN,"Zaineb",579
TN,"Haded",579
TN,"Wali",579
TN,"Boulehmi",578
TN,"Djou",577
TN,"Mediouni",576
TN,"Meriem",576
TN,"Ben Mrad",576
TN,"Mallouli",576
TN,"Boulares",576
TN,"Raouafi",575
TN,"Souhail",575
TN,"Wechtati",575
TN,"Khili",575
TN,"Jawher",575
TN,"Euchi",574
TN,"Gamoudi",573
TN,"Ben Amer",573
TN,"Rafraf",573
TN,"Hamda",572
TN,"Souhir",572
TN,"Henda",572
TN,"Harhouri",571
TN,"Bchir",570
TN,"Bargougui",570
TN,"Naghmouchi",570
TN,"Farouk",569
TN,"Abdessalem",568
TN,"Ben Attia",568
TN,"Werghemmi",567
TN,"Arous",567
TN,"Abdelwahed",567
TN,"Ima",567
TN,"Ghazi",567
TN,"Dhouioui",566
TN,"Dahmen",566
TN,"Bt",565
TN,"Maria",565
TN,"Njeh",565
TN,"Hanachi",564
TN,"Ben Taleb",564
TN,"Ine",564
TN,"Tb",564
TN,"Med Ali",563
TN,"Lagha",563
TN,"Ons",563
TN,"Nassim",562
TN,"Amna",562
TN,"Hab",562
TN,"سالم",561
TN,"Mano",560
TN,"Sondes",560
TN,"Boulila",560
TN,"Khemir",560
TN,"Sghair",559
TN,"Majid",559
TN,"Sioud",559
TN,"Limam",558
TN,"Moumou",558
TN,"Dorra",557
TN,"Zorgui",557
TN,"Yahmadi",556
TN,"Chniti",556
TN,"Mt",556
TN,"Zr",556
TN,"Vie",555
TN,"Bella",555
TN,"Wided",554
TN,"Bouchnak",553
TN,"Bouazzi",552
TN,"صالح",552
TN,"Sayadi",552
TN,"Bel Hadj",551
TN,"Fattouma",551
TN,"Nahali",551
TN,"Naim",550
TN,"Ben Aoun",549
TN,"Yakin",549
TN,"Dhiflaoui",548
TN,"Atig",548
TN,"Rhaiem",548
TN,"Masoudi",547
TN,"Ga",547
TN,"Bouzaiene",547
TN,"العبيدي",547
TN,"Benyoussef",546
TN,"Elkamel",546
TN,"Ajimi",546
TN,"Kamikaz",546
TN,"Othmeni",546
TN,"Knani",546
TN,"Brinsi",546
TN,"Mkachakh",545
TN,"Bouthouri",545
TN,"Din",544
TN,"Karmi",543
TN,"Afi",543
TN,"Ksibi",543
TN,"Mel",542
TN,"Bouazza",541
TN,"Saied",540
TN,"Assoula",540
TN,"Ati",538
TN,"Krid",538
TN,"Moussaoui",537
TN,"Makki",536
TN,"Chou",536
TN,"Saadallah",536
TN,"Asoula",535
TN,"Abderrahmen",535
TN,"Ktari",535
TN,"Dado",535
TN,"Ikram",534
TN,"Anwar",534
TN,"Souha",534
TN,"Mâ",533
TN,"Gouider",533
TN,"Fatnasi",532
TN,"Jaidi",532
TN,"الرياحي",532
TN,"Ardhaoui",532
TN,"Ben Miled",532
TN,"Hssan",532
TN,"Boussaid",531
TN,"Chedly",531
TN,"Nassri",531
TN,"Mednine",531
TN,"Neymar",529
TN,"Doudi",529
TN,"Abdennadher",529
TN,"Chawech",529
TN,"Maddouri",529
TN,"Chawali",529
TN,"Mima",529
TN,"Trabilsi",528
TN,"Queen",528
TN,"Akrmi",528
TN,"Warghi",528
TN,"Soltane",527
TN,"Ben Nejma",527
TN,"Bahroun",527
TN,"Lassaad",526
TN,"Merzougui",526
TN,"Benmansour",526
TN,"ياسين",526
TN,"Yen",526
TN,"Fleur",526
TN,"Dhouha",526
TN,"Omran",525
TN,"Noir",525
TN,"Akrouti",525
TN,"Elabed",525
TN,"Bourguiba",524
TN,"Hamid",524
TN,"Hizi",523
TN,"Zaynouba",523
TN,"Lassad",523
TN,"Basouma",523
TN,"Ouji",522
TN,"Khouildi",522
TN,"Zghal",522
TN,"Kaddachi",522
TN,"Fkih",521
TN,"Boujnah",520
TN,"Mraihi",520
TN,"Daoudi",519
TN,"Azri",519
TN,"Znaidi",519
TN,"Wahbi",519
TN,"Roua",519
TN,"Ay",519
TN,"Bf",519
TN,"Pretty",518
TN,"Mabrouka",518
TN,"Mc",518
TN,"Mednini",517
TN,"Tayachi",517
TN,"Gnichi",517
TN,"Laswed",517
TN,"Ben Rjab",517
TN,"Là",517
TN,"Balha",516
TN,"Aidi",516
TN,"Fadhli",516
TN,"Habibha",516
TN,"Ben Halima",515
TN,"Hadoula",515
TN,"Mo",514
TN,"Najla",514
TN,"Samara",514
TN,"Ia",514
TN,"Wafi",514
TN,"Thabti",514
TN,"Guirat",513
TN,"Ben Med",512
TN,"Sasi",511
TN,"Ben Yousef",511
TN,"Slimane",511
TN,"Romdhan",511
TN,"Maatallah",511
TN,"Ouhibi",510
TN,"Sayahi",510
TN,"Janoub",510
TN,"Mehri",510
TN,"Maysa",510
TN,"Nen",509
TN,"Ilahi",509
TN,"Donia",509
TN,"Mokrani",508
TN,"Themri",508
TN,"Mamati",508
TN,"Yassmine",508
TN,"Chahouda",508
TN,"Ghouma",507
TN,"Khardani",507
TN,"Titi",506
TN,"Latrach",506
TN,"Hfaiedh",506
TN,"Sekri",505
TN,"Aboud",505
TN,"Lazher",505
TN,"Hlali",505
TN,"Thamer",504
TN,"Nejib",504
TN,"Najah",504
TN,"Bjeoui",504
TN,"Ghiloufi",504
TN,"Khachnaoui",504
TN,"Ber",504
TN,"العياري",503
TN,"Naouar",503
TN,"Rouma",502
TN,"Gtari",501
TN,"Ezzeddine",501
TN,"Ah",501
TN,"Benbrahim",501
TN,"Fatouna",501
TN,"Frioui",501
TN,"Ghnimi",501
TN,"نور",500
TN,"Saadani",500
TN,"Bhs",500
TN,"Djebali",500
TN,"Aboudi",500
TN,"Marwan",499
TN,"عبدالله",499
TN,"Gaied",499
TN,"Tbini",499
TN,"Marzougi",498
TN,"Gaddour",498
TN,"Tajouri",498
TN,"Daagi",498
TN,"Rah",498
TN,"Benhamed",498
TN,"Nim",497
TN,"Messadi",497
TN,"Gassrini",497
TN,"Ben Ismail",497
TN,"Safsoufa",497
TN,"Tizaoui",497
TN,"Fathia",497
TN,"Aida",496
TN,"Med Amine",496
TN,"Soufien",496
TN,"Baraket",496
TN,"Rahmoucha",496
TN,"Ben Fradj",496
TN,"Zouhour",496
TN,"Soussa",495
TN,"Trimech",495
TN,"As",495
TN,"Moslem",494
TN,"Moktar",494
TN,"Chihawi",494
TN,"Chetoui",494
TN,"Hidouri",494
TN,"Miri",494
TN,"Mg",494
TN,"Zaghouani",494
TN,"Rtimi",494
TN,"Barkallah",494
TN,"Saoud",493
TN,"Rzouga",493
TN,"Aouichaoui",493
TN,"Ben Mustapha",493
TN,"Brik",493
TN,"Aroua",492
TN,"Chamkhi",492
TN,"Krifa",492
TN,"Sbz",492
TN,"Barcha",491
TN,"Chahd",491
TN,"Khedhri",491
TN,"Haloula",491
TN,"Borgi",490
TN,"Sghairi",490
TN,"Homrani",490
TN,"Hadji",490
TN,"So",490
TN,"Douda",490
TN,"Mechrgui",490
TN,"Zaied",489
TN,"نفسي",489
TN,"Kriaa",489
TN,"Jojo",489
TN,"Ben Hamza",488
TN,"Lion",488
TN,"Boumaiza",488
TN,"Dabbebi",487
TN,"Jazi",487
TN,"Zbidi",487
TN,"Bouassida",487
TN,"Miraoui",486
TN,"بن عمر",486
TN,"Abdesslem",486
TN,"Ounis",486
TN,"Hayder",484
TN,"Wannes",484
TN,"Jm",484
TN,"Rawen",484
TN,"Ghofrane",484
TN,"Oriflame",484
TN,"Absi",483
TN,"Ghanem",482
TN,"Zine",482
TN,"Hamad",482
TN,"Jasser",481
TN,"Amona",481
TN,"Le Roi",481
TN,"Belkhiria",481
TN,"Jalloul",481
TN,"Houiji",480
TN,"الدريدي",479
TN,"Blanc",479
TN,"Ghazwani",479
TN,"Sakhri",479
TN,"عياري",479
TN,"Ben Selem",479
TN,"Ben Fredj",479
TN,"Hamzawi",479
TN,"Hmid",478
TN,"Eljanoub",478
TN,"Nasralli",478
TN,"Behi",478
TN,"Matri",478
TN,"Rb",478
TN,"Soso",477
TN,"Hcini",477
TN,"Harbi",477
TN,"Mhedhbi",477
TN,"Raslen",477
TN,"Zeiri",477
TN,"Ker",476
TN,"Chahdouda",476
TN,"Min",476
TN,"Chamakh",475
TN,"Abaidi",474
TN,"Gasrini",474
TN,"Nasrallah",474
TN,"Amouri",474
TN,"Boujelben",474
TN,"Boudhina",473
TN,"Naily",473
TN,"Dine",473
TN,"Sendi",473
TN,"Ifa",473
TN,"Habiba",473
TN,"Mã",472
TN,"Nsir",472
TN,"Zayen",472
TN,"Akari",472
TN,"Manar",471
TN,"البحر",471
TN,"Yasmina",471
TN,"Rouini",471
TN,"Adnen",470
TN,"Athimni",470
TN,"Tahar",470
TN,"Azer",470
TN,"Chouk",470
TN,"Jemmali",470
TN,"Balloumi",470
TN,"Yasin",470
TN,"Ketata",470
TN,"Wissal",470
TN,"Jebari",469
TN,"Boujemaa",469
TN,"Brinis",469
TN,"Bhiri",468
TN,"Baghdadi",468
TN,"Mtibaa",468
TN,"Nasfi",468
TN,"Dk",467
TN,"La Vie",467
TN,"Akram",467
TN,"Zaier",467
TN,"Bouallegui",466
TN,"Hmem",466
TN,"Sefi",465
TN,"Anizi",465
TN,"Ourabi",465
TN,"Mayoura",465
TN,"Hamoudi",464
TN,"Krifi",464
TN,"Zarroug",464
TN,"Nadoucha",464
TN,"Meftahi",464
TN,"Challouf",463
TN,"Rabeb",462
TN,"Nel",462
TN,"Hamada",462
TN,"Touti",462
TN,"Chérif",462
TN,"Salih",461
TN,"Papatha",461
TN,"Gomri",461
TN,"Alah",461
TN,"Wechteti",461
TN,"Thouraya",460
TN,"Darragi",460
TN,"Habachi",460
TN,"Zemzemi",459
TN,"Tekaya",459
TN,"Hobha",459
TN,"Annabi",459
TN,"Taamallah",459
TN,"Nafati",458
TN,"حاجي",458
TN,"Tunis",458
TN,"Rad",458
TN,"Maamri",458
TN,"Ghaith",457
TN,"Ouali",457
