country,name,count
BO,"Mamani",50717
BO,"Flores",36116
BO,"Quispe",32060
BO,"Choque",21874
BO,"Condori",21168
BO,"Vargas",19037
BO,"Rojas",16505
BO,"Lopez",16067
BO,"Rodriguez",15770
BO,"Gutierrez",15668
BO,"Fernandez",13939
BO,"Cruz",13516
BO,"Mendoza",12079
BO,"Garcia",11872
BO,"Ramos",11372
BO,"Perez",11248
BO,"Apaza",11228
BO,"Gonzales",10931
BO,"Torrez",9278
BO,"Martinez",8705
BO,"Sanchez",8633
BO,"Huanca",8392
BO,"Colque",8328
BO,"Aguilar",8094
BO,"Romero",7335
BO,"Chavez",6956
BO,"Miranda",6676
BO,"Ramirez",6583
BO,"Alvarez",6470
BO,"Castro",6287
BO,"Guzman",6262
BO,"Ticona",6188
BO,"Cuellar",6074
BO,"Morales",6071
BO,"Ortiz",6060
BO,"Calle",6053
BO,"Soliz",5909
BO,"Suarez",5888
BO,"Villca",5821
BO,"Espinoza",5791
BO,"Justiniano",5733
BO,"Chambi",5642
BO,"Poma",5608
BO,"Vasquez",5546
BO,"Nina",5464
BO,"Mendez",5401
BO,"Montaño",5309
BO,"Gomez",5295
BO,"Salazar",5212
BO,"Jimenez",4873
BO,"Duran",4838
BO,"Herrera",4783
BO,"Rivera",4716
BO,"Villarroel",4638
BO,"Rios",4615
BO,"Rocha",4593
BO,"Camacho",4550
BO,"Escobar",4525
BO,"Vaca",4435
BO,"Torrico",4413
BO,"Castillo",4334
BO,"Limachi",4294
BO,"Laura",4245
BO,"Velasquez",3888
BO,"Rivero",3809
BO,"Hurtado",3803
BO,"Orellana",3794
BO,"Salvatierra",3764
BO,"Cabrera",3748
BO,"Cespedes",3699
BO,"Tapia",3691
BO,"Pinto",3682
BO,"Ortega",3661
BO,"Padilla",3643
BO,"Callisaya",3596
BO,"Ruiz",3546
BO,"Diaz",3534
BO,"Saavedra",3501
BO,"Mercado",3495
BO,"Arias",3464
BO,"Paco",3437
BO,"Paredes",3437
BO,"Copa",3430
BO,"Molina",3385
BO,"Quisbert",3354
BO,"Blanco",3333
BO,"Sandoval",3285
BO,"Medina",3185
BO,"Roca",3166
BO,"Bautista",3143
BO,"Luna",3123
BO,"Montero",3104
BO,"Soto",3102
BO,"Paz",3092
BO,"Chura",3082
BO,"Zambrana",3079
BO,"Maldonado",3062
BO,"Cortez",3062
BO,"Vallejos",3055
BO,"Ayala",3040
BO,"Claros",2933
BO,"Quiroga",2904
BO,"Santos",2903
BO,"Fuentes",2886
BO,"Peña",2883
BO,"Velasco",2844
BO,"Arancibia",2827
BO,"Canaviri",2810
BO,"Terrazas",2791
BO,"Llanos",2777
BO,"Leon",2776
BO,"Yujra",2745
BO,"Caceres",2739
BO,"Marca",2735
BO,"Vega",2715
BO,"Yucra",2709
BO,"Mejia",2634
BO,"Torres",2614
BO,"Mayta",2613
BO,"Fernández",2591
BO,"Gutiérrez",2587
BO,"Valencia",2574
BO,"Machaca",2573
BO,"Calderon",2557
BO,"Hinojosa",2520
BO,"Zurita",2487
BO,"Medrano",2485
BO,"Rodríguez",2476
BO,"Lima",2467
BO,"Aguilera",2448
BO,"Moreno",2430
BO,"Muñoz",2415
BO,"Campos",2385
BO,"Aruquipa",2376
BO,"Arteaga",2372
BO,"Alanoca",2349
BO,"Melgar",2342
BO,"Arce",2338
BO,"Aguirre",2327
BO,"Zarate",2286
BO,"Alarcon",2278
BO,"Franco",2277
BO,"Zeballos",2209
BO,"Nuñez",2182
BO,"Heredia",2166
BO,"Alvarado",2158
BO,"Estrada",2157
BO,"Veizaga",2145
BO,"Contreras",2131
BO,"Pacheco",2126
BO,"Tola",2110
BO,"Cardozo",2079
BO,"Aliaga",2074
BO,"Ribera",2056
BO,"Quiroz",2054
BO,"Conde",2040
BO,"Coca",2036
BO,"Salinas",2033
BO,"Carvajal",2009
BO,"Loza",2000
BO,"Aramayo",1982
BO,"Saucedo",1978
BO,"Silva",1960
BO,"Vera",1947
BO,"Marquez",1924
BO,"Tarqui",1917
BO,"Salas",1900
BO,"Calizaya",1893
BO,"Villegas",1890
BO,"Delgado",1882
BO,"López",1880
BO,"Ledezma",1868
BO,"Zenteno",1855
BO,"Menacho",1853
BO,"Siles",1846
BO,"Huarachi",1836
BO,"Valdez",1826
BO,"Parada",1819
BO,"Delgadillo",1812
BO,"Soria",1810
BO,"Pereira",1779
BO,"Mollo",1767
BO,"Andrade",1755
BO,"Cordova",1719
BO,"Paniagua",1717
BO,"Caballero",1705
BO,"Reyes",1699
BO,"Balderrama",1698
BO,"Carrillo",1685
BO,"Carrasco",1674
BO,"Bejarano",1671
BO,"Beltran",1670
BO,"Vedia",1657
BO,"Antezana",1655
BO,"Loayza",1642
BO,"Ventura",1636
BO,"Ch",1607
BO,"Tito",1597
BO,"Barrientos",1576
BO,"Chipana",1564
BO,"Sejas",1560
BO,"Pardo",1557
BO,"Antelo",1556
BO,"Daza",1550
BO,"Zabala",1546
BO,"Cardenas",1543
BO,"Vidal",1531
BO,"Bustamante",1520
BO,"Guarachi",1518
BO,"Pedraza",1518
BO,"Serrano",1510
BO,"Dorado",1501
BO,"Zapata",1500
BO,"Avila",1490
BO,"Robles",1464
BO,"Bravo",1445
BO,"Gallardo",1437
BO,"Ibañez",1421
BO,"Nogales",1420
BO,"Rosales",1401
BO,"Peralta",1399
BO,"Villanueva",1398
BO,"Añez",1395
BO,"Trujillo",1388
BO,"Quinteros",1383
BO,"Ali",1375
BO,"Crespo",1375
BO,"Velarde",1374
BO,"Herbas",1373
BO,"Vela",1371
BO,"Villa",1369
BO,"Galarza",1368
BO,"Puma",1364
BO,"Mancilla",1363
BO,"Toledo",1358
BO,"Chuquimia",1353
BO,"Encinas",1351
BO,"Mamani Mamani",1337
BO,"Quispe Mamani",1335
BO,"Laime",1332
BO,"Cayo",1317
BO,"Rodrigues",1312
BO,"Escalante",1306
BO,"Mamani Quispe",1304
BO,"Quenta",1274
BO,"Navarro",1274
BO,"Olivera",1272
BO,"Valverde",1258
BO,"Roque",1254
BO,"Ponce",1251
BO,"Ovando",1249
BO,"Coronado",1248
BO,"Terceros",1232
BO,"Murillo",1228
BO,"Segovia",1221
BO,"Montenegro",1221
BO,"Callizaya",1220
BO,"Peredo",1216
BO,"Veliz",1213
BO,"Guzmán",1210
BO,"Ochoa",1206
BO,"Ibarra",1197
BO,"Rivas",1193
BO,"Teran",1192
BO,"Barrios",1173
BO,"Guerrero",1164
BO,"Bolivia",1160
BO,"Castellon",1158
BO,"Saravia",1157
BO,"Claure",1153
BO,"Tejerina",1148
BO,"Pérez",1143
BO,"Burgos",1141
BO,"Sánchez",1128
BO,"Hidalgo",1127
BO,"Cuba",1124
BO,"Moya",1121
BO,"Arroyo",1112
BO,"Ferrufino",1110
BO,"Huallpa",1109
BO,"Peñaranda",1104
BO,"Rodas",1096
BO,"Canaza",1094
BO,"Almanza",1091
BO,"Cartagena",1085
BO,"Jaldin",1084
BO,"Roman",1083
BO,"Martínez",1081
BO,"Fernandes",1078
BO,"Machicado",1077
BO,"Sosa",1072
BO,"Meneses",1066
BO,"Mita",1061
BO,"Garnica",1057
BO,"Baltazar",1055
BO,"Cossio",1055
BO,"Prado",1049
BO,"Ugarte",1048
BO,"Callejas",1045
BO,"Serrudo",1045
BO,"Arnez",1042
BO,"Figueroa",1039
BO,"Patzi",1038
BO,"García",1038
BO,"Eguez",1036
BO,"Alcon",1028
BO,"Bernal",1026
BO,"Palacios",1025
BO,"Valdivia",1016
BO,"Gutierres",1011
BO,"Alejo",1008
BO,"Layme",995
BO,"Gareca",991
BO,"Rosas",988
BO,"Ojeda",983
BO,"Silvestre",981
BO,"Coronel",971
BO,"Antonio",968
BO,"Merida",966
BO,"Gabriel",964
BO,"Alba",964
BO,"Calani",963
BO,"Sanches",961
BO,"Acosta",958
BO,"Cori",952
BO,"Becerra",949
BO,"Coaquira",945
BO,"Illanes",945
BO,"Cordero",943
BO,"Arispe",943
BO,"Ordoñez",942
BO,"Solis",939
BO,"Montes",939
BO,"Espejo",937
BO,"Aquino",935
BO,"Avalos",932
BO,"Aranibar",932
BO,"Arauz",925
BO,"Castedo",925
BO,"Chavarria",924
BO,"Carlos",920
BO,"Escalera",919
BO,"Balboa",912
BO,"Lara",911
BO,"Acarapi",900
BO,"Aduviri",899
BO,"Cm",899
BO,"Altamirano",898
BO,"Plata",896
BO,"Aparicio",895
BO,"Luis",892
BO,"Luque",890
BO,"Carballo",888
BO,"Banegas",887
BO,"Coria",877
BO,"Mendieta",874
BO,"Rueda",872
BO,"Paucara",870
BO,"Andia",869
BO,"Marin",863
BO,"Suárez",860
BO,"Janco",857
BO,"Catari",857
BO,"Farfan",857
BO,"Ortuño",857
BO,"Camargo",856
BO,"Balcazar",856
BO,"Candia",854
BO,"Rocabado",851
BO,"Cuevas",848
BO,"Cano",847
BO,"Siñani",846
BO,"Barba",842
BO,"Cabezas",840
BO,"Guerra",836
BO,"Acuña",830
BO,"Lazarte",830
BO,"Magne",827
BO,"Dominguez",826
BO,"Guevara",824
BO,"Zegarra",822
BO,"Sirpa",819
BO,"Parra",812
BO,"Revollo",805
BO,"Ardaya",805
BO,"Ayaviri",804
BO,"Moscoso",801
BO,"Vidaurre",798
BO,"Coro",797
BO,"Jurado",794
BO,"Borda",792
BO,"Ramírez",789
BO,"Alvares",788
BO,"Osinaga",787
BO,"Patiño",784
BO,"Pari",777
BO,"Avendaño",775
BO,"Angel",774
BO,"Almendras",762
BO,"Arenas",759
BO,"Mariscal",753
BO,"Calcina",753
BO,"Montecinos",750
BO,"Orosco",749
BO,"Mamani Flores",748
BO,"Huayta",745
BO,"Choquehuanca",743
BO,"Angulo",741
BO,"Baldiviezo",739
BO,"Cusi",738
BO,"Soruco",736
BO,"Michel",736
BO,"Tintaya",735
BO,"Alejandro",731
BO,"Navia",725
BO,"Martines",725
BO,"Larico",720
BO,"Pillco",714
BO,"Villalba",710
BO,"Choque Mamani",708
BO,"Gonzalez",708
BO,"Peres",701
BO,"Llanque",691
BO,"Mamani Choque",689
BO,"Santa Cruz",689
BO,"Pizarro",689
BO,"Casas",687
BO,"Taboada",687
BO,"Alcocer",686
BO,"Valeriano",686
BO,"Tellez",684
BO,"Montoya",683
BO,"Chacon",681
BO,"Galindo",679
BO,"Quintanilla",674
BO,"Mamani Condori",672
BO,"Pozo",671
BO,"Landivar",669
BO,"Cerezo",660
BO,"Flores Mamani",660
BO,"Gusman",660
BO,"Taborga",649
BO,"Quispe Quispe",646
BO,"Condori Mamani",646
BO,"Vicente",644
BO,"Chávez",643
BO,"Céspedes",640
BO,"Coimbra",639
BO,"Correa",638
BO,"Sarzuri",636
BO,"Jiménez",635
BO,"Corrales",632
BO,"Ignacio",629
BO,"Olmos",627
BO,"Arandia",627
BO,"Linares",625
BO,"Rioja",623
BO,"Portillo",622
BO,"Jordan",622
BO,"Moron",619
BO,"Tancara",617
BO,"Cervantes",617
BO,"Iriarte",617
BO,"Chumacero",612
BO,"Lopes",612
BO,"Ocampo",610
BO,"Chiri",608
BO,"Quino",607
BO,"Solares",606
BO,"Montalvo",606
BO,"Villalobos",605
BO,"León",604
BO,"Davalos",604
BO,"Sarmiento",603
BO,"Patty",603
BO,"Cari",601
BO,"Panozo",601
BO,"Alfaro",598
BO,"Yana",595
BO,"Lino",595
BO,"Bustillos",595
BO,"Barrera",593
BO,"Bazan",593
BO,"Zelaya",589
BO,"Viscarra",588
BO,"Pantoja",588
BO,"Llusco",586
BO,"Gómez",586
BO,"Santander",585
BO,"Gonsales",585
BO,"Quintana",584
BO,"Humerez",582
BO,"Oropeza",581
BO,"Campero",581
BO,"Sanabria",580
BO,"Caba",579
BO,"Acho",576
BO,"Tarifa",576
BO,"Huayhua",573
BO,"Yupanqui",571
BO,"Fernando",570
BO,"Paye",570
BO,"Villagomez",570
BO,"Akd",569
BO,"Valda",569
BO,"Mora",567
BO,"Quiñones",567
BO,"Jose",565
BO,"Nava",565
BO,"Alanes",565
BO,"Velez",565
BO,"Surco",564
BO,"Cornejo",563
BO,"Tomicha",563
BO,"Limpias",562
BO,"Javier",561
BO,"Aldana",561
BO,"Cadima",560
BO,"Aponte",560
BO,"González",557
BO,"Macias",556
BO,"Condo",556
BO,"Ramires",555
BO,"Caseres",554
BO,"Gamboa",552
BO,"Suxo",551
BO,"Cardona",551
BO,"Guardia",548
BO,"Peñaloza",543
BO,"Carbajal",542
BO,"Cr",539
BO,"Dias",538
BO,"Quispe Condori",535
BO,"Benavides",534
BO,"Solano",534
BO,"Tolaba",534
BO,"Cáceres",534
BO,"Espada",531
BO,"Felipe",530
BO,"Mollinedo",529
BO,"Lujan",529
BO,"Porcel",527
BO,"Lozano",527
BO,"Chambilla",523
BO,"Daniel",520
BO,"Moreira",520
BO,"Churata",516
BO,"Pereyra",516
BO,"Calderón",516
BO,"Melendres",513
BO,"Riveros",513
BO,"Reynaga",510
BO,"Clemente",510
BO,"Méndez",510
BO,"Llave",509
BO,"Lazo",508
BO,"Davila",506
BO,"Álvarez",502
BO,"Ferreira",502
BO,"Burgoa",502
BO,"Gomes",500
BO,"Aranda",499
BO,"Salguero",499
BO,"Cadena",498
BO,"Berrios",497
BO,"Hernandez",495
BO,"Zelada",495
BO,"Churqui",492
BO,"Zubieta",492
BO,"Mena",490
BO,"Porco",489
BO,"Zuñiga",483
BO,"Matias",481
BO,"Gil",481
BO,"Sossa",479
BO,"Esquivel",478
BO,"Huanaco",476
BO,"Meneces",475
BO,"Ballesteros",473
BO,"Ayllon",472
BO,"Arratia",471
BO,"Benitez",471
BO,"Leaños",471
BO,"Algarañaz",468
BO,"Guillen",468
BO,"Cachi",467
BO,"Quispe Flores",466
BO,"Ac",466
BO,"Alberto",465
BO,"Pinaya",465
BO,"Agreda",464
BO,"Lovera",462
BO,"Cahuana",461
BO,"Jimenes",460
BO,"Amaru",459
BO,"Jorge",458
BO,"Valle",458
BO,"Cuentas",456
BO,"Chuve",456
BO,"Godoy",455
BO,"Portugal",453
BO,"Palma",452
BO,"Segundo",452
BO,"Muriel",451
BO,"Bustos",450
BO,"David",449
BO,"Lucana",449
BO,"Condori Quispe",448
BO,"Barja",448
BO,"Enriquez",447
BO,"Hoyos",447
BO,"Guachalla",445
BO,"Bellido",445
BO,"Lucas",444
BO,"Arana",444
BO,"Orozco",444
BO,"Saldaña",443
BO,"Carlo",440
BO,"Maita",439
BO,"Oliva",439
BO,"Manuel",438
BO,"Tinta",438
BO,"Sc",438
BO,"Cussi",437
BO,"Vergara",437
BO,"Maria",435
BO,"Aviles",433
BO,"Aro",432
BO,"Hilari",431
BO,"Alegre",429
BO,"Valenzuela",429
BO,"Surubi",429
BO,"Butron",427
BO,"Fer",427
BO,"Flores Flores",426
BO,"Toro",425
BO,"Aguayo",425
BO,"Negrete",425
BO,"Calla",423
BO,"Mansilla",422
BO,"Lizarazu",420
BO,"Durán",419
BO,"Maquera",418
BO,"Bolivar",415
BO,"Juarez",412
BO,"Amador",412
BO,"Soleto",412
BO,"Jerez",411
BO,"Mendes",411
BO,"Maturano",410
BO,"Galvez",410
BO,"Suyo",407
BO,"Lobo",407
BO,"Mamani Apaza",407
BO,"Sanjines",407
BO,"Luizaga",407
BO,"Rosa",406
BO,"Rada",404
BO,"Espindola",402
BO,"Villavicencio",402
BO,"Mojica",400
BO,"Miguel",399
BO,"Bascope",399
BO,"Cutipa",398
BO,"Pc",397
BO,"Espinosa",397
BO,"Ferrel",397
BO,"Mv",396
BO,"Alavi",392
BO,"Valero",391
BO,"Ajhuacho",391
BO,"Geronimo",391
BO,"Mendosa",391
BO,"Cazon",390
BO,"Frias",390
BO,"Monasterio",390
BO,"Rodrigo",388
BO,"Choque Quispe",388
BO,"Alcoba",388
BO,"Orihuela",386
BO,"Ajata",386
BO,"Barriga",386
BO,"Vásquez",384
BO,"Mar",383
BO,"Cosme",383
BO,"Arredondo",381
BO,"Chino",380
BO,"Argote",380
BO,"Casillas",379
BO,"Adrian",379
BO,"Barreto",379
BO,"Azurduy",379
BO,"Flores Quispe",378
BO,"Arevalo",378
BO,"Quispe Choque",377
BO,"Paxi",377
BO,"Lafuente",376
BO,"Gamarra",376
BO,"Suares",376
BO,"Venegas",375
BO,"Canedo",375
BO,"Machado",375
BO,"Salgado",374
BO,"Bernabe",371
BO,"Calvimontes",371
BO,"Sullca",371
BO,"Donaire",370
BO,"Arze",368
BO,"Mp",368
BO,"Salvador",367
BO,"Jaimes",367
BO,"Figueredo",367
BO,"Cv",367
BO,"Pinedo",366
BO,"Catacora",366
BO,"Marcani",365
BO,"Juan",364
BO,"Caero",364
BO,"Sarabia",364
BO,"Carmona",363
BO,"Monrroy",363
BO,"Limon",362
BO,"Gonzáles",362
BO,"Cuenca",361
BO,"Quelca",361
BO,"Jancko",361
BO,"Pimentel",361
BO,"Oliveira",357
BO,"Maydana",356
BO,"De La Cruz",356
BO,"Gaspar",356
BO,"Lamas",355
BO,"Taquichiri",353
BO,"Lozada",353
BO,"Luz",352
BO,"Choque Flores",352
BO,"Mariaca",352
BO,"Vc",351
BO,"Torrejon",351
BO,"Zapana",350
BO,"Fuertes",350
BO,"Coarite",348
BO,"Saire",348
BO,"Da Silva",347
BO,"Canqui",347
BO,"Qc",347
BO,"Alvis",345
BO,"Lijeron",344
BO,"Villaroel",344
BO,"Vila",343
BO,"Barron",343
BO,"Segales",343
BO,"Pablo",341
BO,"Cl",341
BO,"Fajardo",341
BO,"Tenorio",340
BO,"Cesar",339
BO,"Villarreal",338
BO,"Crispin",337
BO,"Perales",337
BO,"Srl",335
BO,"Cala",335
BO,"Argollo",335
BO,"Osco",335
BO,"Monasterios",334
BO,"Lazaro",333
BO,"Anagua",333
BO,"Flores Choque",333
BO,"Rafael",333
BO,"Mujica",333
BO,"Clavijo",333
BO,"Junior",332
BO,"Flor",332
BO,"Quispe Apaza",332
BO,"Rejas",332
BO,"Florez",332
BO,"Quevedo",331
BO,"Leigue",330
BO,"Zamora",330
BO,"Cueto",330
BO,"Baptista",329
BO,"Rengifo",328
BO,"Mamani Cruz",328
BO,"Quezada",326
BO,"Foronda",326
BO,"Jb",325
BO,"Apaza Mamani",325
BO,"Viruez",325
BO,"Caro",324
BO,"Rea",322
BO,"Chui",321
BO,"Cahuaya",321
BO,"Quenallata",321
BO,"Chungara",321
BO,"Vilte",321
BO,"Vasques",321
BO,"Huchani",319
BO,"Callau",319
BO,"Ml",319
BO,"Saigua",318
BO,"Carreño",317
BO,"Bonilla",317
BO,"Rosado",316
BO,"Hc",315
BO,"Moye",315
BO,"Vilca",314
BO,"Pascual",312
BO,"Cq",312
BO,"Guaman",311
BO,"Alarcón",311
BO,"Oporto",310
BO,"Uriona",310
BO,"Plaza",309
BO,"Severiche",309
BO,"Tambo",308
BO,"Chaves",308
BO,"Cg",308
BO,"Gallego",307
BO,"Carpio",307
BO,"Salcedo",307
BO,"Jauregui",306
BO,"Verduguez",306
BO,"Alcazar",306
BO,"Mq",305
BO,"Villarpando",305
BO,"Ramallo",305
BO,"Ma",305
BO,"Yapura",304
BO,"Qm",303
BO,"Mostacedo",303
BO,"Velásquez",302
BO,"Laruta",301
BO,"Abrego",301
BO,"Prieto",300
BO,"Argandoña",299
BO,"Lc",299
BO,"Duarte",299
BO,"Inturias",298
BO,"Rm",298
BO,"Cruz Mamani",297
BO,"Pucho",295
BO,"Arellano",295
BO,"Grageda",295
BO,"Jesus",294
BO,"Charca",294
BO,"Huarayo",293
BO,"Alave",293
BO,"Ca",293
BO,"Tumiri",293
BO,"Andres",292
BO,"Onofre",292
BO,"Choquevillca",291
BO,"Callata",291
BO,"Alpire",291
BO,"Pesoa",291
BO,"Bruno",291
BO,"Mamani Huanca",290
BO,"Huanca Mamani",290
BO,"Marcos",289
BO,"Casilla",289
BO,"Condori Flores",289
BO,"Yanarico",289
BO,"Quisberth",289
BO,"Nicolas",288
BO,"Carita",288
BO,"Maraz",288
BO,"Huaranca",287
BO,"Huaycho",287
BO,"Galean",287
BO,"Ampuero",287
BO,"Cuiza",287
BO,"Oblitas",287
BO,"Smith",285
BO,"Mt",285
BO,"Choqueticlla",285
BO,"Cortes",285
BO,"Maraza",284
BO,"Oyola",284
BO,"Viera",284
BO,"Almaraz",284
BO,"Chirinos",283
BO,"Noza",283
BO,"Centellas",282
BO,"Chamo",282
BO,"Lipa",281
BO,"Via",281
BO,"Hm",280
BO,"Lazcano",280
BO,"Calamani",279
BO,"Merlo",279
BO,"Ct",279
BO,"Otalora",279
BO,"Usnayo",278
BO,"Condarco",278
BO,"Narvaez",278
BO,"Arcani",278
BO,"Murga",277
BO,"Coyo",276
BO,"Casanova",276
BO,"Acero",275
BO,"Checa",275
BO,"Parraga",275
BO,"Cf",275
BO,"Nieves",275
BO,"Condori Choque",274
BO,"Olivares",274
BO,"Fc",274
BO,"Monje",274
BO,"Callapa",274
BO,"Huaylla",273
BO,"Gironda",273
BO,"Del Castillo",273
BO,"Andrea",272
BO,"Olguin",272
BO,"Elias",271
BO,"Huasco",271
BO,"Baldivieso",271
BO,"Tc",271
BO,"Challapa",269
BO,"Belen",268
BO,"Jc",268
BO,"Cayoja",268
BO,"Sanga",268
BO,"Gongora",268
BO,"Achacollo",267
BO,"Marino",267
BO,"Cuéllar",267
BO,"Sanguino",266
BO,"Mendizabal",266
BO,"Polo",265
BO,"Marquina",265
BO,"Tarquino",264
BO,"Calisaya",264
BO,"Aleman",264
BO,"Rollano",263
BO,"Rodriges",263
BO,"Cc",263
BO,"Julian",262
BO,"Flores Vargas",262
BO,"Yañez",262
BO,"Viveros",262
BO,"Alex",261
BO,"Choque Condori",261
BO,"Ríos",261
BO,"Jaramillo",260
BO,"Vino",260
BO,"Saca",259
BO,"Lizarraga",259
BO,"Lm",258
BO,"Vargas Flores",257
BO,"Aruni",256
BO,"Alejandra",255
BO,"Acha",255
BO,"Aiza",255
BO,"Flores Condori",255
BO,"Marzana",255
BO,"Cárdenas",255
BO,"Albornoz",255
BO,"Masai",255
BO,"Llampa",254
BO,"Sonco",254
BO,"Brito",254
BO,"Null",254
BO,"Tardio",254
BO,"Zárate",253
BO,"Isla",253
BO,"Janko",253
BO,"Subirana",252
BO,"Echeverria",252
BO,"Yampara",251
BO,"Apaza Quispe",251
BO,"Corani",251
BO,"Coa",251
BO,"Araoz",251
BO,"Alvaro",250
BO,"Mamani Colque",250
BO,"Merino",250
BO,"Ari",250
BO,"Tejada",250
BO,"Challco",249
BO,"Arriaga",249
BO,"Saldias",249
BO,"Ancasi",249
BO,"Ar",249
BO,"Manzaneda",248
BO,"Peñarrieta",248
BO,"Mamani Calle",247
BO,"Ap",247
BO,"Lucero",247
BO,"Urzagaste",246
BO,"Alaca",246
BO,"Cuaquira",246
BO,"Barra",245
BO,"Subia",245
BO,"Antequera",245
BO,"Urquieta",244
BO,"Pedriel",243
BO,"Cesari",243
BO,"Mamani Gutierrez",242
BO,"Leaño",242
BO,"Benavidez",242
BO,"Ariel",241
BO,"Eduardo",241
BO,"Huanca Quispe",241
BO,"Toco",241
BO,"Rengel",241
BO,"Peñafiel",241
BO,"Santillan",241
BO,"Ayca",240
BO,"Barbery",240
BO,"Viza",239
BO,"Rodrigez",239
BO,"Melgarejo",239
BO,"Tordoya",238
BO,"Farell",238
BO,"Amurrio",238
BO,"Palenque",238
BO,"Mallea",238
BO,"Ontiveros",238
BO,"Diego",237
BO,"Colque Mamani",237
BO,"Sipe",236
BO,"Mamani Ramos",236
BO,"Flores Rojas",236
BO,"Paredez",236
BO,"Roda",236
BO,"Cruz Flores",236
BO,"Sanjinez",236
BO,"Flores Cruz",235
BO,"Monzon",235
BO,"Brañez",235
BO,"Gc",235
BO,"Nacho",234
BO,"Ramos Mamani",234
BO,"Barrionuevo",234
BO,"Sandy",234
BO,"Ricaldi",234
BO,"Oliver",233
BO,"Inca",233
BO,"Irahola",232
BO,"Yugar",231
BO,"Guti",230
BO,"Castañeta",230
BO,"Baldelomar",230
BO,"Chao",230
BO,"Velasques",230
BO,"Pedro",229
BO,"Guarayo",229
BO,"Calsina",229
BO,"Ag",229
BO,"Barboza",229
BO,"Marcelo",228
BO,"Condori Condori",228
BO,"Fabian",228
BO,"Bedoya",228
BO,"Victoria",227
BO,"Sillo",227
BO,"Troche",227
BO,"Ureña",227
BO,"Pacosillo",227
BO,"Zamorano",227
BO,"Pelaez",227
BO,"Kim",226
BO,"Oquendo",226
BO,"Garsia",225
BO,"Huiza",225
BO,"Portales",225
BO,"Mamani Villca",224
BO,"Callahuara",224
BO,"Díaz",224
BO,"Montalvan",224
BO,"Estrella",223
BO,"De La Vega",223
BO,"Roldan",223
BO,"Manrique",223
BO,"Ergueta",222
BO,"Ayma",222
BO,"Calatayud",222
BO,"Cocarico",222
BO,"Armella",222
BO,"Meza",221
BO,"Saenz",221
BO,"Aban",220
BO,"Cb",220
BO,"Ricaldez",220
BO,"Aricoma",220
BO,"Cali",219
BO,"Yapu",219
BO,"Mollericona",219
BO,"Santana",219
BO,"Pm",219
BO,"Mamani Vargas",218
BO,"Omonte",218
BO,"Albarado",217
BO,"Sempertegui",217
BO,"Alegria",217
BO,"Armando",216
BO,"Quito",216
BO,"Marza",216
BO,"Muños",216
BO,"Ojopi",216
BO,"Rojas Rojas",215
BO,"Leo",214
BO,"Mamani Poma",214
BO,"Flores Rodriguez",214
BO,"Mamani Lopez",214
BO,"Zuna",214
BO,"Choque Choque",213
BO,"Urquizo",213
BO,"Arcienega",213
BO,"Trigo",213
BO,"Oña",212
BO,"Garrado",212
BO,"Zuleta",212
BO,"Mitma",211
BO,"Rondo",211
BO,"Urquidi",211
BO,"Pachuri",211
BO,"Salgueiro",211
BO,"Catorceno",210
BO,"Gandarillas",210
BO,"Urquizu",210
BO,"Quispe Cruz",210
BO,"Mauricio",209
BO,"Osorio",209
BO,"Diez",209
BO,"Sa",208
BO,"Mamani Nina",207
BO,"Berna",207
BO,"Manrrique",207
BO,"Montesinos",207
BO,"Reque",207
BO,"Mh",207
BO,"Mary",206
BO,"Lds",206
BO,"Bueno",206
BO,"Garzon",206
BO,"Gonsalez",206
BO,"Estevez",206
BO,"Catunta",206
BO,"Villafuerte",206
BO,"Ulloa",206
BO,"Paola",205
BO,"Sanca",205
BO,"San",205
BO,"Nova",205
BO,"Amaya",205
BO,"Barrero",205
BO,"Verastegui",205
BO,"Mejía",205
BO,"Juaniquina",205
BO,"Costas",205
BO,"Bilbao",204
BO,"Aldunate",204
BO,"Cazas",203
BO,"Barco",203
BO,"Tiñini",203
BO,"Hugo",202
BO,"Sol",202
BO,"Blacutt",202
BO,"Muruchi",202
BO,"Ale",202
BO,"Flores Lopez",201
BO,"Bohorquez",201
BO,"Romay",201
BO,"Vale",201
BO,"Vacaflor",201
BO,"Tomas",200
BO,"Huayllani",200
BO,"Lecoña",200
BO,"Noe",200
BO,"Almazan",200
BO,"Beltrán",200
BO,"Leandro",199
BO,"Salamanca",199
BO,"Portal",199
BO,"Galvis",199
BO,"Mosqueira",199
BO,"Montano",198
BO,"Cejas",198
BO,"Albares",198
BO,"Fernadez",198
BO,"Endara",198
BO,"Lira",198
BO,"Cruz Quispe",197
BO,"Averanga",197
BO,"Quispe Huanca",197
BO,"Cabello",197
BO,"Rojas Flores",197
BO,"Mallon",197
BO,"Ticona Mamani",196
BO,"Inocente",196
BO,"Senzano",196
BO,"Palli",196
BO,"Ossio",196
BO,"Simon",195
BO,"Bonifacio",195
BO,"Arando",195
BO,"Careaga",195
BO,"Montan",195
BO,"Chuviru",195
BO,"Bc",195
BO,"Beyuma",195
BO,"Albino",195
BO,"Iporre",194
BO,"Bm",194
BO,"Leyton",194
BO,"Gabriela",193
BO,"Titirico",193
BO,"Semo",193
BO,"Jaillita",193
BO,"Yepez",193
BO,"Tupa",192
BO,"Benito",192
BO,"Belmonte",192
BO,"Mullisaca",192
BO,"Farel",192
BO,"Barahona",192
BO,"Cuizara",192
BO,"Tarija",192
BO,"Liz",191
BO,"Lu",191
BO,"Cutile",191
BO,"Angelo",191
BO,"Chalco",191
BO,"Kantuta",191
BO,"Chauca",191
BO,"Rs",191
BO,"Subelza",190
BO,"Moncada",190
BO,"Rico",190
BO,"Borja",190
BO,"Albarez",190
BO,"Serrate",189
BO,"Juchani",189
BO,"Higueras",188
BO,"Barrancos",188
BO,"Chore",187
BO,"Huaygua",187
BO,"Martin",186
BO,"Menchaca",186
BO,"Laguna",186
BO,"La Fuente",186
BO,"Cabral",186
BO,"Pessoa",186
BO,"Yovio",185
BO,"Gutieres",185
BO,"Corina",185
BO,"Pastor",184
BO,"Honorio",184
BO,"Carrion",184
BO,"Flowers",184
BO,"Lia",184
BO,"Calle Mamani",184
BO,"Castellón",184
BO,"Huaynoca",184
BO,"Telleria",184
BO,"Betancur",184
BO,"Felix",183
BO,"Villca Mamani",183
BO,"Mogro",183
BO,"Quispe Ramos",183
BO,"Cusicanqui",183
BO,"Vargas Mamani",183
BO,"Colodro",183
BO,"Gonzalo",182
BO,"Mamani Laura",182
BO,"Uria",182
BO,"Uño",182
BO,"Merma",182
BO,"Souza",182
BO,"Cuchallo",182
BO,"Abasto",182
BO,"Monroy",182
BO,"Mamani Ticona",181
BO,"Mateo",181
BO,"Maidana",181
BO,"Picha",181
BO,"Pilco",181
BO,"Millares",181
BO,"Sivila",181
BO,"Achu",180
BO,"Zabaleta",180
BO,"Turpo",180
BO,"Arebalo",180
BO,"Sacaca",180
BO,"Ribero",180
BO,"Linda",179
BO,"Machuca",179
BO,"Uribe",179
BO,"Alanez",179
BO,"Villacorta",179
BO,"Llanqui",178
BO,"Tarraga",178
BO,"Echalar",178
BO,"Vaca Diez",178
BO,"Jhon",177
BO,"Sg",177
BO,"Poma Mamani",177
BO,"Camata",177
BO,"Cabero",177
BO,"Clares",177
BO,"Márquez",177
BO,"Languidey",177
BO,"Sierra",177
BO,"Lp",177
BO,"Paraba",177
BO,"Rey",176
BO,"Quispe Ticona",176
BO,"Gemio",176
BO,"Jallaza",176
BO,"Batallanos",176
BO,"Orias",176
BO,"Arrazola",176
BO,"Flores Ramos",175
BO,"Peinado",175
BO,"Yarari",175
BO,"Cordoba",175
BO,"Ala",174
BO,"Ollisco",174
BO,"Tangara",174
BO,"Raldes",174
BO,"La Paz",173
BO,"Mallcu",173
BO,"Troncoso",173
BO,"Lanza",172
BO,"Cochabamba",172
BO,"Eyzaguirre",172
BO,"Aspi",172
BO,"Araujo",172
BO,"Pareja",172
BO,"Sebastian",171
BO,"Copana",171
BO,"Masabi",171
BO,"Vargas Rojas",171
BO,"Sevilla",171
BO,"Ninaja",171
BO,"Ceron",171
BO,"Rv",171
BO,"Charupa",171
BO,"Samo",170
BO,"Mamani Fernandez",170
BO,"Muiba",170
BO,"Tamayo",170
BO,"Gutierrez Flores",170
BO,"Sequeiros",170
BO,"Julio",169
BO,"Arismendi",169
BO,"Urquiza",169
BO,"Tacuri",169
BO,"Sandi",169
BO,"Ruben",168
BO,"Jm",168
BO,"Romano",168
BO,"Cj",168
BO,"Rodriguez Flores",168
BO,"Ticona Quispe",168
BO,"Pusarico",168
BO,"Oviedo",168
BO,"Vides",168
BO,"Mario",167
BO,"Ruth",167
BO,"Olarte",167
BO,"Calvo",167
BO,"Massi",167
BO,"Chaca",167
BO,"Flores Gutierrez",167
BO,"Yabeta",167
BO,"Mérida",167
BO,"Cochi",166
BO,"Sullcani",166
BO,"Rendon",166
BO,"Faldin",166
BO,"Tamo",166
BO,"Mamani Mendoza",165
BO,"Valdes",165
BO,"De La Barra",165
BO,"Tusco",165
BO,"Castaño",165
BO,"Bozo",165
BO,"Vr",165
BO,"Lora",164
BO,"Carrizo",164
BO,"Casupa",164
BO,"Masay",164
BO,"Guizada",164
BO,"Marupa",164
BO,"Larrea",164
BO,"Lopez Mamani",164
BO,"Terán",164
BO,"Ivan",163
BO,"Nina Mamani",163
BO,"Prada",163
BO,"Mamani Rojas",163
BO,"Nuñes",163
BO,"Maida",163
BO,"Albarracin",162
BO,"Felipez",162
BO,"Seña",162
BO,"Ayarde",162
BO,"Cardoso",162
BO,"Canelas",162
BO,"Real",161
BO,"Alconz",161
BO,"Mamani Chambi",161
BO,"Iglesias",161
BO,"Apasa",161
BO,"Sahonero",161
BO,"Yave",161
BO,"Bargas",161
BO,"Lopez Flores",161
BO,"Zalles",161
BO,"Rojas Vargas",161
BO,"Chiara",161
BO,"Córdova",161
BO,"Alexander",160
BO,"Ramos Quispe",160
BO,"Rossel",160
BO,"Flores Fernandez",160
BO,"Merubia",160
BO,"Ballejos",160
BO,"Carvalho",160
BO,"Mayorga",160
BO,"Macuchapi",159
BO,"Yavi",159
BO,"Gutierrez Mamani",159
BO,"Choquecallata",159
BO,"Isabel",158
BO,"Elena",158
BO,"Santiago",158
BO,"Laura Mamani",158
BO,"Villena",158
BO,"Honor",158
BO,"Castrillo",158
BO,"Hilario",158
BO,"Chuca",158
BO,"Caihuara",158
BO,"Salasar",158
BO,"Ortuste",158
BO,"Supayabe",158
BO,"Choque Cruz",157
BO,"Kuno",157
BO,"Gorena",157
BO,"Alborta",157
BO,"Renteria",157
BO,"Villan",157
BO,"Villazon",157
BO,"Cayuba",157
BO,"Gallegos",156
BO,"Reyna",156
BO,"Oruro",156
BO,"Vargas Vargas",156
BO,"Pacara",156
BO,"Vallejo",156
BO,"Garrido",156
BO,"Bella",155
BO,"Cavero",155
BO,"Capiona",155
BO,"Urey",155
BO,"Apaza Condori",154
BO,"Cazorla",154
BO,"Choque Gutierrez",154
BO,"Obando",154
BO,"Pv",154
BO,"Quis",153
BO,"Charcas",153
BO,"Garron",153
BO,"Gudiño",153
BO,"Daniela",152
BO,"Yanique",152
BO,"Sotomayor",152
BO,"Parapaino",152
BO,"Guarena",152
BO,"Ledesma",152
BO,"Sp",152
BO,"Espinal",152
BO,"Ramos Flores",152
BO,"Lema",152
BO,"Ramiro",151
BO,"Jaime",151
BO,"Vegamonte",151
BO,"Seas",151
BO,"Costa",151
BO,"Av",151
BO,"Poquiviqui",151
BO,"Zuares",151
BO,"Astete",150
BO,"Reinaga",150
BO,"Cisneros",150
BO,"Mendo",150
BO,"Ocaña",150
BO,"Apaza Flores",150
BO,"Huayllas",150
BO,"Pedrazas",150
BO,"Arauco",150
BO,"Uriarte",150
BO,"Pabon",150
BO,"Mamani Rodriguez",149
BO,"Zuazo",149
BO,"Severich",149
BO,"Hervas",149
BO,"Tudela",149
BO,"Calzadilla",149
BO,"Núñez",149
BO,"Sucre",149
BO,"Omar",148
BO,"Chambi Mamani",148
BO,"Araca",148
BO,"Mostajo",148
BO,"Sea",148
BO,"Li",148
BO,"Mareño",148
BO,"Uscamayta",148
BO,"Meruvia",148
BO,"Quecaña",147
BO,"Tuco",147
BO,"Chinche",147
BO,"Cantuta",147
BO,"Parisaca",147
BO,"Vida",147
BO,"Colquehuanca",147
BO,"Dueñas",147
BO,"Espino",147
BO,"Enrique",146
BO,"Quispe Vargas",146
BO,"Copa Mamani",146
BO,"Jamachi",146
BO,"Quilla",146
BO,"Calle Quispe",146
BO,"Gr",146
BO,"Flores Garcia",146
BO,"Tirado",146
BO,"Justo",145
BO,"Cama",145
BO,"Escalier",145
BO,"Carvallo",145
BO,"Lupa",145
BO,"Adriazola",145
BO,"Llaveta",145
BO,"Gira",145
BO,"Ortis",145
BO,"Savedra",145
BO,"Fernanda",144
BO,"Atto",144
BO,"Jara",144
BO,"Paca",144
BO,"Poiqui",144
BO,"Mj",144
BO,"Asturizaga",144
BO,"Chara",144
BO,"Muraña",144
BO,"De La Fuente",144
BO,"Leiva",144
BO,"Navi",144
BO,"Vg",144
BO,"Molle",143
BO,"Unzueta",143
BO,"Rosso",143
BO,"Ascarrunz",143
BO,"Bracamonte",143
BO,"Marañon",143
BO,"Francisco",142
BO,"Colque Flores",142
BO,"Arequipa",142
BO,"Zanabria",142
BO,"Villazante",142
BO,"Loaiza",142
BO,"Temo",142
BO,"Balderas",142
BO,"Orcko",141
BO,"Jaita",141
BO,"Patana",141
BO,"Fernandez Flores",141
BO,"Kama",141
BO,"Armijo",141
BO,"Uzeda",141
BO,"Edwin",140
BO,"Alfredo",140
BO,"Wilson",140
BO,"Cruz Choque",140
BO,"Suca",140
BO,"Rg",140
BO,"Sotelo",140
BO,"Serna",140
BO,"Gutierez",140
BO,"As",140
BO,"Qp",140
BO,"Puente",140
BO,"Victor",139
BO,"Ta",139
BO,"Vazquez",139
BO,"Sam",139
BO,"Olmedo",139
BO,"Vargas Quispe",139
BO,"Requena",139
BO,"Vázquez",139
BO,"Guasase",139
BO,"Freddy",138
BO,"Cristian",138
BO,"Man",138
BO,"Guaygua",138
BO,"Quispe Poma",138
BO,"Quispe Nina",138
BO,"Sillerico",138
BO,"Quispe Lopez",138
BO,"Román",138
BO,"Sola",138
BO,"Ballivian",138
BO,"Quispe Calle",137
BO,"Apala",137
BO,"Deheza",137
BO,"Rossell",137
BO,"Quiros",137
BO,"Soza",137
BO,"Garabito",137
BO,"Gs",137
BO,"Morón",137
BO,"Coraite",137
BO,"Carranza",137
BO,"Dasilva",136
BO,"Eugenio",136
BO,"Irusta",136
BO,"Flores Mendoza",136
BO,"Flores Gonzales",136
BO,"Vp",136
BO,"Fernandez Mamani",136
BO,"Puita",136
BO,"Panoso",136
BO,"Sainz",136
BO,"Mamani Limachi",135
BO,"Mamani Callisaya",135
BO,"Maceda",135
BO,"Noguera",135
BO,"Ps",135
BO,"Bello",135
BO,"Taceo",135
BO,"Enrriquez",135
BO,"Mano",135
BO,"Franz",134
BO,"Esteban",134
BO,"Condori Apaza",134
BO,"Mendoza Flores",134
BO,"Pacsi",134
BO,"Alcala",134
BO,"Ambrocio",134
BO,"Condori Cruz",134
BO,"Achá",134
BO,"Villarruel",134
BO,"Lenis",134
BO,"Prudencio",134
BO,"Oscar",133
BO,"Rene",133
BO,"Huari",133
BO,"Peñas",133
BO,"Barroso",133
BO,"Caraballo",133
BO,"Mamani Copa",132
BO,"Mirabal",132
BO,"Carrizales",132
BO,"Oruño",132
BO,"Zamudio",132
BO,"Suntura",132
BO,"Rojas Lopez",132
BO,"Ibáñez",132
BO,"Duchen",132
BO,"Gustavo",131
BO,"Quelali",131
BO,"Perez Mamani",131
BO,"Montevilla",131
BO,"Virreira",131
BO,"Chacolla",131
BO,"Paton",131
BO,"Ustariz",131
BO,"Subieta",131
BO,"Cespedez",131
BO,"Veisaga",131
BO,"Quispe Gutierrez",130
BO,"Nieto",130
BO,"Acapa",130
BO,"Renjifo",130
BO,"Garcia Flores",130
BO,"Tonconi",129
BO,"Huarina",129
BO,"Salva",129
BO,"Hp",129
BO,"Quenaya",129
BO,"Pocoaca",128
BO,"Anze",128
BO,"Dc",128
BO,"Yevara",128
BO,"Robledo",128
BO,"Uyuquipa",128
BO,"Walker",127
BO,"Oyardo",127
BO,"Rojo",127
BO,"Pañuni",127
BO,"Viana",127
BO,"Mariño",127
BO,"Vs",127
BO,"Marce",127
BO,"Choque Ramos",126
BO,"Auca",126
BO,"Leniz",126
BO,"Juchasara",126
BO,"Hernández",126
BO,"Goytia",126
BO,"Egüez",126
BO,"Mch",126
BO,"Malaga",126
BO,"Flore",126
BO,"Ichuta",126
BO,"Condory",126
BO,"Ajno",125
BO,"Blas",125
BO,"Aguila",125
BO,"Bazoalto",125
BO,"Mamani Ramirez",125
BO,"Cachaca",125
BO,"Ballon",125
BO,"Choque Apaza",125
BO,"Argani",125
BO,"Auza",125
BO,"Ricaldes",125
BO,"Yuco",125
BO,"Pino",125
BO,"Jhonny",124
BO,"Celeste",124
BO,"Mamani Machaca",124
BO,"Calvi",124
BO,"Mole",124
BO,"Hilarion",124
BO,"Barcaya",124
BO,"Santivañez",124
BO,"Gimenez",124
BO,"Choquetarqui",124
BO,"Choque Colque",124
BO,"Gregorio",124
BO,"Siacara",124
BO,"Morante",124
BO,"Zarco",124
BO,"Alpiri",124
BO,"Brayan",123
BO,"Gt",123
BO,"My",123
BO,"Vl",123
BO,"Rojas Mamani",123
BO,"Poveda",123
BO,"Poma Quispe",123
BO,"Aviza",123
BO,"Poquechoque",123
BO,"Otoya",123
BO,"Polanco",123
BO,"Cuasace",123
BO,"Flores Colque",123
BO,"Nicasio",123
BO,"Reynolds",123
BO,"Solitario",122
BO,"Alan",122
BO,"Nina Quispe",122
BO,"Triguero",122
BO,"Grajeda",122
BO,"Pierola",122
BO,"Asistiri",122
BO,"Anachuri",122
BO,"Ana",121
BO,"Sinka",121
BO,"Chocamani",121
BO,"Aragon",121
BO,"Chileno",121
BO,"Manzano",121
BO,"Canchari",121
BO,"Barrenechea",121
BO,"Palomino",121
BO,"Soraide",121
BO,"Retamozo",121
BO,"Roberto",120
BO,"Ronald",120
BO,"Carmen",120
BO,"Mamani Perez",120
BO,"Capia",120
BO,"Perez Flores",120
BO,"Villaruel",120
BO,"Urgel",120
BO,"Roja",120
BO,"M Ch",120
BO,"Amutari",120
BO,"Rolando",119
BO,"Garay",119
BO,"Mamani Paco",119
BO,"Morato",119
BO,"Choque Lopez",119
BO,"Salces",119
BO,"Ra",119
BO,"Callisaya Mamani",118
BO,"Paucar",118
BO,"Chan",118
BO,"Sumi",118
BO,"Ls",118
BO,"Flores Martinez",118
BO,"Vaca Flores",118
BO,"Perca",118
BO,"Gonzales Flores",118
BO,"Rl",118
BO,"Gallo",117
BO,"Tantani",117
BO,"Chura Mamani",117
BO,"Uruña",117
BO,"Quispe Fernandez",117
BO,"Quispe Mendoza",117
BO,"Jp",117
BO,"Torrez Mamani",117
BO,"Mamani Aguilar",117
BO,"Gv",117
BO,"Justiniano Vaca",117
BO,"Jacinto",117
BO,"Flores Apaza",116
BO,"Hs",116
BO,"Basilio",116
BO,"Ulo",116
BO,"Jarro",116
BO,"Castellanos",116
BO,"Alanis",116
BO,"Barbosa",116
BO,"Terraza",116
BO,"Gumucio",116
BO,"Alves",115
BO,"Atahuichi",115
BO,"Lopez Lopez",115
BO,"Talavera",115
BO,"De La Torre",115
BO,"Mico",115
BO,"Cotrina",115
BO,"Lapaca",115
BO,"Buezo",115
BO,"Manani",115
BO,"Huañapaco",115
BO,"Sagredo",115
BO,"Ab",115
BO,"Cholima",115
BO,"Gutierrez Quispe",114
BO,"Sanizo",114
BO,"Mamani Torrez",114
BO,"Alonzo",114
BO,"Iturri",114
BO,"Jemio",114
BO,"Limachi Quispe",114
BO,"Almeida",114
BO,"Bv",114
BO,"Patricia",113
BO,"Quispe Limachi",113
BO,"Quispe Colque",113
BO,"Garcia Rojas",113
BO,"Siancas",113
BO,"Azul",113
BO,"Viraca",113
BO,"Dávila",113
BO,"Condori Ramos",113
BO,"Mamani Garcia",113
BO,"Macedo",113
BO,"Vargas Rodriguez",113
BO,"At",113
BO,"Gumiel",113
BO,"Solar",113
BO,"Cris",113
BO,"Ancalle",113
BO,"Mari",112
BO,"Rosario",112
BO,"Mosquera",112
BO,"Quena",112
BO,"Condori Vargas",112
BO,"Huanco",112
BO,"Portuguez",112
BO,"Vargas Lopez",112
BO,"Panique",112
BO,"Galvan",112
BO,"Ancieta",112
BO,"Martins",112
BO,"Mendoza Mamani",112
BO,"Quintela",112
BO,"Vigabriel",112
BO,"Canido",112
BO,"Qr",112
BO,"Vaca Justiniano",112
BO,"Bacarreza",112
BO,"Berdeja",112
BO,"Marques",112
BO,"Choque Huanca",112
BO,"Queteguari",112
BO,"Guaji",112
BO,"Gp",112
BO,"Sandobal",112
BO,"Quispe Callisaya",111
BO,"Tico",111
BO,"Villca Flores",111
BO,"Daga",111
BO,"Claudio",111
BO,"Meriles",111
BO,"Zuñagua",111
BO,"Tolavi",111
BO,"Humacata",111
BO,"Jora",111
BO,"Anzaldo",111
BO,"Bustillo",111
BO,"Apuri",111
BO,"Suaznabar",111
BO,"Michaga",111
BO,"Vazques",111
BO,"Ricardo",110
BO,"Marco",110
BO,"Montana",110
BO,"Ross",110
BO,"Calicho",110
BO,"Camino",110
BO,"Af",110
BO,"Aguilar Mamani",110
BO,"Del Carpio",110
BO,"Aquise",110
BO,"Hg",110
BO,"Yurquina",110
BO,"Medinaceli",110
BO,"St",110
BO,"Cz",110
BO,"Reynaldo",109
BO,"Mani",109
BO,"Car",109
BO,"Mark",109
BO,"Maigua",109
BO,"Apaza Apaza",109
BO,"Villalta",109
BO,"Puña",109
BO,"Garcia Vargas",109
BO,"Leyva",109
BO,"Acebey",109
BO,"Isnado",109
BO,"Calero",109
BO,"Sambrana",109
BO,"Yarhui",109
BO,"Sonia",108
BO,"Raul",108
BO,"Hilaquita",108
BO,"Condori Huanca",108
BO,"Torrez Flores",108
BO,"Febrero",108
BO,"Riva",108
BO,"Anaya",108
BO,"Segura",108
BO,"Paticu",108
BO,"Arraya",108
BO,"Capriles",108
BO,"Roger",107
BO,"Orlando",107
BO,"Kevin",107
BO,"Condor",107
BO,"Mejillones",107
BO,"Higuera",107
BO,"Camiño",107
BO,"Limachi Mamani",107
BO,"Flores Perez",107
BO,"Garvizu",107
BO,"Quiñonez",107
BO,"Garcia Lopez",107
BO,"Acevedo",107
BO,"Piza",107
BO,"Capobianco",107
BO,"Camela",106
BO,"Rodri",106
BO,"Rubin De Celis",106
BO,"Zepita",106
BO,"Ticlla",106
BO,"Jove",106
BO,"Betancourt",106
BO,"Melean",106
BO,"Rasguido",106
BO,"Lopez Vargas",106
BO,"Colque Quispe",106
BO,"Qa",106
BO,"Tirina",106
BO,"Ormachea",106
BO,"Hq",106
BO,"Lupe",106
BO,"Prins",106
BO,"Edgar",105
BO,"José",105
BO,"Anderson",105
BO,"Mamani Yujra",105
BO,"Sajama",105
BO,"Capcha",105
BO,"Canamari",105
BO,"Espiritu",105
BO,"Tango",105
BO,"Noa",105
BO,"Huanca Condori",105
BO,"Toroya",105
BO,"Irala",105
BO,"Yujra Mamani",105
BO,"Aq",105
BO,"Revilla",105
BO,"Lv",105
BO,"Ayarachi",105
BO,"Helguero",105
CR,"Vargas",13868
CR,"Mora",13579
CR,"Rodriguez",13259
CR,"Rojas",11878
CR,"Jimenez",9326
CR,"Lopez",8637
CR,"Hernandez",8477
CR,"Castro",8398
CR,"Gonzalez",8365
CR,"Ramirez",7908
CR,"Sanchez",7829
CR,"Morales",7431
CR,"Alvarado",7170
CR,"Araya",7066
CR,"Campos",6768
CR,"Solano",6713
CR,"Perez",6598
CR,"Arias",6344
CR,"Quesada",6229
CR,"Garcia",6161
CR,"Martinez",6004
CR,"Castillo",5840
CR,"Salazar",5739
CR,"Villalobos",5502
CR,"Gomez",5383
CR,"Aguilar",5263
CR,"Espinoza",5136
CR,"Brenes",5085
CR,"Rodríguez",5076
CR,"Chaves",5074
CR,"Vega",4964
CR,"Alfaro",4961
CR,"Valverde",4956
CR,"Herrera",4650
CR,"Salas",4615
CR,"Soto",4499
CR,"Jiménez",4457
CR,"Torres",4376
CR,"Quiros",4363
CR,"Gutierrez",4353
CR,"Murillo",4341
CR,"Rivera",4272
CR,"Alvarez",4253
CR,"Cordero",4224
CR,"Fernandez",4151
CR,"Montero",4135
CR,"Chavarria",3997
CR,"Barrantes",3974
CR,"Madrigal",3961
CR,"Ruiz",3953
CR,"Zuñiga",3926
CR,"Monge",3906
CR,"Segura",3819
CR,"Navarro",3772
CR,"González",3757
CR,"Porras",3684
CR,"Solis",3671
CR,"Diaz",3669
CR,"Cruz",3664
CR,"Flores",3652
CR,"Mendez",3597
CR,"Hernández",3594
CR,"Fallas",3559
CR,"Fonseca",3452
CR,"Delgado",3347
CR,"Zamora",3325
CR,"Calderon",3320
CR,"Sánchez",3182
CR,"Hidalgo",3119
CR,"Obando",3105
CR,"Marin",3092
CR,"Miranda",3083
CR,"Arce",3031
CR,"Molina",2967
CR,"Reyes",2892
CR,"López",2851
CR,"Chacon",2770
CR,"Ortiz",2694
CR,"Calvo",2659
CR,"Ramírez",2656
CR,"Bonilla",2631
CR,"Mendoza",2593
CR,"Gamboa",2592
CR,"Muñoz",2575
CR,"Mena",2562
CR,"Picado",2552
CR,"Badilla",2540
CR,"Camacho",2441
CR,"Esquivel",2441
CR,"Romero",2410
CR,"Corrales",2378
CR,"Umaña",2323
CR,"Arroyo",2268
CR,"Cascante",2240
CR,"Arguedas",2236
CR,"Elizondo",2232
CR,"Granados",2224
CR,"Blanco",2210
CR,"Chinchilla",2195
CR,"Abarca",2131
CR,"Fernández",2107
CR,"Barquero",2083
CR,"Nuñez",2062
CR,"Acuña",2053
CR,"Vasquez",2048
CR,"Villegas",2000
CR,"Pérez",1966
CR,"Gómez",1961
CR,"Serrano",1945
CR,"Sequeira",1933
CR,"Carvajal",1900
CR,"Bolaños",1892
CR,"Guzman",1849
CR,"Cerdas",1843
CR,"Montoya",1783
CR,"Sandoval",1781
CR,"Calderón",1780
CR,"Venegas",1774
CR,"Smith",1748
CR,"Gonzales",1747
CR,"Gutiérrez",1745
CR,"Ortega",1716
CR,"Ureña",1701
CR,"García",1679
CR,"Rosales",1656
CR,"Barboza",1648
CR,"Carrillo",1645
CR,"Mata",1628
CR,"Artavia",1623
CR,"Martínez",1619
CR,"Vindas",1590
CR,"Orozco",1581
CR,"Duarte",1573
CR,"Chavez",1556
CR,"Varela",1548
CR,"Duran",1543
CR,"Matarrita",1530
CR,"Guerrero",1530
CR,"Ugalde",1511
CR,"Guevara",1466
CR,"Benavides",1451
CR,"Sibaja",1441
CR,"Cortes",1438
CR,"Leon",1426
CR,"Moya",1410
CR,"Arrieta",1407
CR,"Ramos",1401
CR,"Bermudez",1384
CR,"Quirós",1360
CR,"Angulo",1350
CR,"Zúñiga",1344
CR,"Garita",1310
CR,"Sandi",1309
CR,"Morera",1307
CR,"Garro",1303
CR,"Alpizar",1290
CR,"Padilla",1287
CR,"Medina",1283
CR,"Fuentes",1269
CR,"Moreno",1264
CR,"Chacón",1263
CR,"Méndez",1251
CR,"Johnson",1248
CR,"Leiva",1232
CR,"Azofeifa",1226
CR,"Amador",1214
CR,"Contreras",1199
CR,"Coto",1198
CR,"Cespedes",1181
CR,"Paniagua",1174
CR,"Masis",1154
CR,"Retana",1143
CR,"Aguero",1136
CR,"Cambronero",1113
CR,"Acosta",1095
CR,"Robles",1081
CR,"Rivas",1076
CR,"Trejos",1070
CR,"Viquez",1068
CR,"Lara",1054
CR,"Brown",1053
CR,"Matamoros",1042
CR,"Naranjo",1037
CR,"Aguirre",1033
CR,"Carranza",1032
CR,"Baltodano",1026
CR,"Centeno",1025
CR,"Ulloa",1016
CR,"Rios",1013
CR,"Sanabria",1009
CR,"Oviedo",992
CR,"Carmona",989
CR,"Piedra",975
CR,"Williams",971
CR,"Meza",962
CR,"Lobo",956
CR,"Avila",955
CR,"Cubillo",945
CR,"Ulate",940
CR,"Mejia",937
CR,"Cubero",921
CR,"Estrada",918
CR,"Solís",914
CR,"Díaz",913
CR,"Marín",902
CR,"Peña",901
CR,"Suarez",889
CR,"Chavarría",879
CR,"Loria",877
CR,"Carballo",877
CR,"Urbina",868
CR,"Pereira",864
CR,"Villarreal",839
CR,"Luna",827
CR,"Madriz",826
CR,"Sancho",820
CR,"Bustos",811
CR,"Guzmán",811
CR,"Mayorga",807
CR,"Jones",806
CR,"Valerio",803
CR,"Álvarez",799
CR,"Guillen",794
CR,"Cordoba",791
CR,"Prado",784
CR,"Cr",779
CR,"Marchena",777
CR,"Lizano",776
CR,"Núñez",768
CR,"Briceño",767
CR,"Jarquin",764
CR,"Palacios",750
CR,"Agüero",749
CR,"Pacheco",745
CR,"Barahona",744
CR,"Solorzano",742
CR,"Cedeño",735
CR,"Montenegro",734
CR,"Tenorio",720
CR,"Saenz",713
CR,"Mesen",705
CR,"Zumbado",705
CR,"Miller",702
CR,"Ledezma",693
CR,"Juarez",690
CR,"León",685
CR,"Jara",685
CR,"Vásquez",682
CR,"Mejias",655
CR,"Acevedo",654
CR,"Montes",654
CR,"Ch",645
CR,"Palma",641
CR,"Loaiza",636
CR,"Figueroa",634
CR,"Zuniga",633
CR,"Bravo",633
CR,"Bejarano",632
CR,"Silva",629
CR,"Melendez",625
CR,"Saborio",612
CR,"Davis",606
CR,"Godinez",604
CR,"Montiel",603
CR,"Aleman",598
CR,"Zeledon",598
CR,"Guido",597
CR,"Guadamuz",591
CR,"Berrocal",588
CR,"Arguello",585
CR,"Pineda",584
CR,"Anderson",582
CR,"Fajardo",579
CR,"Taylor",579
CR,"Céspedes",578
CR,"Leiton",578
CR,"Villalta",577
CR,"Moraga",575
CR,"Canales",575
CR,"Thomas",572
CR,"Barrientos",571
CR,"Davila",569
CR,"Roman",567
CR,"Wilson",567
CR,"Peralta",565
CR,"Bogantes",562
CR,"Hurtado",558
CR,"Durán",555
CR,"Ocampo",546
CR,"Calero",545
CR,"Bermúdez",544
CR,"Martin",533
CR,"Pizarro",531
CR,"Velasquez",523
CR,"Patel",521
CR,"Altamirano",520
CR,"Arauz",517
CR,"Cm",511
CR,"Parra",511
CR,"Vallejos",506
CR,"Lee",505
CR,"Cardenas",498
CR,"Anchia",486
CR,"Cortez",484
CR,"Corea",484
CR,"Cabrera",482
CR,"Leal",481
CR,"Peraza",475
CR,"Santamaria",474
CR,"Rocha",472
CR,"Zapata",464
CR,"Siles",463
CR,"Castrillo",462
CR,"Portuguez",457
CR,"Cortés",456
CR,"Ballestero",455
CR,"Corella",455
CR,"Mairena",452
CR,"Moreira",452
CR,"Meneses",450
CR,"Sevilla",448
CR,"Barrios",446
CR,"Salgado",445
CR,"Chaverri",443
CR,"Valle",441
CR,"Ceciliano",441
CR,"Jackson",439
CR,"Ovares",437
CR,"Cervantes",436
CR,"Thompson",433
CR,"Rodrigues",427
CR,"Medrano",423
CR,"Coronado",411
CR,"Sosa",407
CR,"Bustamante",407
CR,"Singh",404
CR,"Navarrete",403
CR,"Vazquez",402
CR,"Cisneros",400
CR,"Aragon",398
CR,"Cabezas",395
CR,"Córdoba",391
CR,"Jimenes",390
CR,"Santana",388
CR,"Villa",386
CR,"Santos",385
CR,"Lewis",378
CR,"Escobar",377
CR,"White",377
CR,"Maroto",376
CR,"Oporta",374
CR,"Sanches",372
CR,"Viales",372
CR,"Solera",367
CR,"Alpízar",366
CR,"Costa Rica",364
CR,"Wu",362
CR,"Martines",361
CR,"Scott",361
CR,"Moore",361
CR,"Nelson",359
CR,"Ponce",356
CR,"Jiron",352
CR,"Villanueva",351
CR,"Quintero",350
CR,"Clark",350
CR,"Valencia",348
CR,"Redondo",347
CR,"Harris",347
CR,"Avendaño",345
CR,"Valerin",345
CR,"Ac",345
CR,"Cano",344
CR,"Beita",343
CR,"Sojo",343
CR,"Conejo",341
CR,"Walker",338
CR,"Salinas",337
CR,"Leandro",334
CR,"Rm",333
CR,"Chevez",331
CR,"Obregon",330
CR,"Caballero",327
CR,"Ibarra",324
CR,"Gaitan",322
CR,"Aguilera",320
CR,"Noguera",317
CR,"Tellez",316
CR,"Allen",316
CR,"Blandon",316
CR,"Espinosa",315
CR,"Munoz",314
CR,"Barrera",313
CR,"Avalos",311
CR,"Huertas",307
CR,"Robinson",306
CR,"King",305
CR,"Wright",305
CR,"Sandí",304
CR,"Valenciano",304
CR,"Víquez",302
CR,"Vanegas",302
CR,"Antonio",301
CR,"Tencio",296
CR,"Poveda",294
CR,"Campbell",294
CR,"Ramires",293
CR,"Dominguez",293
CR,"Monestel",291
CR,"Suárez",290
CR,"Ordoñez",289
CR,"Guerra",288
CR,"Castellon",283
CR,"Maria",282
CR,"Astua",281
CR,"Phillips",281
CR,"Hall",280
CR,"Escalante",279
CR,"Young",279
CR,"Villafuerte",278
CR,"Jose",277
CR,"Nunez",277
CR,"Boza",277
CR,"Mora Mora",277
CR,"Chávez",272
CR,"Machado",270
CR,"Torrez",270
CR,"Villagra",270
CR,"Chen",269
CR,"Mv",268
CR,"Solórzano",266
CR,"Cv",266
CR,"Lazo",264
CR,"Rugama",263
CR,"Sa",261
CR,"Alemán",257
CR,"Castañeda",257
CR,"Guillén",257
CR,"Najera",253
CR,"Morgan",253
CR,"Alvares",251
CR,"Hernandes",251
CR,"Chan",251
CR,"Marie",250
CR,"Maldonado",250
CR,"Aviles",249
CR,"Gc",249
CR,"Batista",248
CR,"Green",248
CR,"Watson",247
CR,"Valladares",245
CR,"Lacayo",244
CR,"Rojas Rojas",243
CR,"Jaen",242
CR,"Astorga",242
CR,"James",242
CR,"Adams",242
CR,"Olivares",241
CR,"Gomes",239
CR,"Sáenz",239
CR,"Valdez",239
CR,"Arley",238
CR,"Zarate",237
CR,"Cg",236
CR,"Sc",236
CR,"Mitchell",234
CR,"Narvaez",234
CR,"Navas",233
CR,"Alonso",232
CR,"Tapia",232
CR,"Arana",232
CR,"Briones",231
CR,"Borbon",231
CR,"Hill",231
CR,"Ca",230
CR,"Enriquez",230
CR,"Ar",228
CR,"Garbanzo",227
CR,"Zeledón",226
CR,"Oconitrillo",225
CR,"Evans",224
CR,"Mercado",223
CR,"Vc",222
CR,"Mejía",221
CR,"Román",221
CR,"Dinarte",220
CR,"Edwards",220
CR,"Daniel",219
CR,"Quiroz",219
CR,"Li",218
CR,"Carpio",217
CR,"Bm",217
CR,"Lopes",216
CR,"Mesén",215
CR,"Feng",214
CR,"Ugarte",213
CR,"Franco",213
CR,"Meléndez",212
CR,"Bc",212
CR,"Vilchez",212
CR,"Andrade",212
CR,"Marenco",212
CR,"Baker",212
CR,"David",211
CR,"Ríos",211
CR,"Camareno",211
CR,"Vargas Vargas",211
CR,"Loría",211
CR,"Steller",209
CR,"Bello",209
CR,"Rodriguez Rodriguez",207
CR,"Ferreto",206
CR,"Montano",204
CR,"Kim",204
CR,"Carlos",203
CR,"Gallardo",203
CR,"Santiago",203
CR,"Zelaya",201
CR,"Trujillo",201
CR,"Alberto",200
CR,"Otarola",200
CR,"Rg",200
CR,"Luis",199
CR,"Gr",199
CR,"Cb",198
CR,"Rose",198
CR,"Marquez",198
CR,"Brizuela",198
CR,"Stewart",198
CR,"Gonsalez",197
CR,"Carazo",197
CR,"Galeano",197
CR,"Jenkins",196
CR,"Talavera",196
CR,"Bell",195
CR,"Sg",194
CR,"Rs",194
CR,"Av",194
CR,"Cooper",193
CR,"Roberts",193
CR,"Ag",192
CR,"Dias",192
CR,"Ali",192
CR,"Cantillo",192
CR,"Oreamuno",192
CR,"Ayala",190
CR,"Ellis",190
CR,"Herra",190
CR,"Chamorro",189
CR,"Oses",189
CR,"Morris",189
CR,"Salguero",188
CR,"Carter",188
CR,"Ma",186
CR,"Burgos",186
CR,"Ross",186
CR,"Cárdenas",185
CR,"Argüello",185
CR,"Trigueros",184
CR,"Grant",182
CR,"Peterson",182
CR,"Rangel",181
CR,"Mora Vargas",179
CR,"Vargas Mora",179
CR,"Moncada",179
CR,"Cabalceta",179
CR,"Olivas",179
CR,"Aragón",179
CR,"Bennett",179
CR,"Umana",177
CR,"Khan",176
CR,"Soza",176
CR,"Rogers",176
CR,"Rubi",175
CR,"Osorio",175
CR,"Salguera",175
CR,"Gutierres",174
CR,"Vargas Rojas",174
CR,"Vr",174
CR,"Parrales",173
CR,"Traña",173
CR,"Quintana",173
CR,"Quintanilla",172
CR,"Toruño",172
CR,"Rv",171
CR,"Alexander",170
CR,"Atencio",169
CR,"Kelly",169
CR,"Parker",169
CR,"Cartin",168
CR,"Foster",168
CR,"Sirias",167
CR,"Portilla",167
CR,"Amaya",167
CR,"Seas",167
CR,"Wong",167
CR,"Obregón",165
CR,"Chanto",164
CR,"Tijerino",164
CR,"Lozano",164
CR,"Kaur",163
CR,"Bailey",163
CR,"Andres",162
CR,"Baez",162
CR,"Cantillano",162
CR,"Velazquez",162
CR,"As",162
CR,"Gonsales",161
CR,"Leitón",161
CR,"Vg",161
CR,"Gs",161
CR,"Muños",160
CR,"Pm",160
CR,"Peñaranda",160
CR,"Mp",159
CR,"Rojas Vargas",159
CR,"Munguia",159
CR,"Jm",159
CR,"Collins",159
CR,"Abrego",157
CR,"Angel",157
CR,"Victor",157
CR,"Manzanares",157
CR,"Cuadra",157
CR,"Kumar",156
CR,"Peres",156
CR,"Salmeron",156
CR,"Ochoa",156
CR,"Gonzáles",155
CR,"Casanova",155
CR,"Caravaca",155
CR,"Valdivia",155
CR,"Tinoco",155
CR,"Paz",155
CR,"Novoa",154
CR,"Rizo",154
CR,"Ward",154
CR,"Cook",154
CR,"Palacio",153
CR,"Brooks",152
CR,"Juárez",152
CR,"Lira",151
CR,"Casasola",151
CR,"Pc",151
CR,"Cole",151
CR,"Gordon",151
CR,"Bolanos",151
CR,"Gallo",150
CR,"Bastos",150
CR,"Saldaña",149
CR,"Tercero",149
CR,"Santamaría",148
CR,"Garay",148
CR,"Vs",148
CR,"Bolivar",148
CR,"Mejías",148
CR,"Garza",148
CR,"Collado",147
CR,"Turner",147
CR,"Fernandes",146
CR,"Simpson",146
CR,"Eduarte",146
CR,"Chang",146
CR,"Myers",145
CR,"Gv",143
CR,"Masís",143
CR,"Parajeles",143
CR,"Patterson",143
CR,"Reddy",142
CR,"Rodriguez Rojas",142
CR,"Howard",142
CR,"Wood",142
CR,"Suazo",141
CR,"Lezama",141
CR,"Grijalba",140
CR,"Reed",140
CR,"Potoy",139
CR,"Roque",139
CR,"Russell",139
CR,"Mora Rojas",138
CR,"Orellana",138
CR,"Ra",138
CR,"Zepeda",137
CR,"Zavala",136
CR,"Ab",136
CR,"Henry",136
CR,"Schmidt",136
CR,"Moran",136
CR,"Cox",136
CR,"Bautista",135
CR,"Rosas",135
CR,"Nguyen",135
CR,"Gray",135
CR,"Velez",135
CR,"Ml",134
CR,"Robleto",134
CR,"Ryan",134
CR,"Long",134
CR,"Fc",133
CR,"Mojica",133
CR,"Vivas",133
CR,"Betancourt",133
CR,"Rodriguez Vargas",133
CR,"Love",132
CR,"Ávila",132
CR,"Acuna",132
CR,"Ga",132
CR,"Correa",132
CR,"Velásquez",131
CR,"Mondragon",131
CR,"Montezuma",130
CR,"Cornejo",130
CR,"Sanders",130
CR,"Orias",129
CR,"Saborío",129
CR,"Borge",129
CR,"Piña",129
CR,"Richardson",129
CR,"Bryan",128
CR,"Bg",128
CR,"Va",127
CR,"Mb",127
CR,"Sandino",127
CR,"Crawford",127
CR,"Murphy",127
CR,"Manuel",126
CR,"Urena",126
CR,"Dixon",126
CR,"Mg",126
CR,"Olson",126
CR,"Mendes",125
CR,"Reid",125
CR,"Gallegos",125
CR,"Nuñes",124
CR,"Laguna",124
CR,"Dávila",124
CR,"Aburto",124
CR,"Price",124
CR,"Ilama",123
CR,"Vallejo",123
CR,"Vm",123
CR,"Beltran",123
CR,"Rueda",123
CR,"Gm",123
CR,"Godoy",123
CR,"Ford",123
CR,"Lezcano",122
CR,"Joseph",122
CR,"Membreño",122
CR,"Rojas Mora",122
CR,"Zambrana",122
CR,"Liang",122
CR,"Simmons",122
CR,"Linares",121
CR,"Hc",120
CR,"Hamilton",120
CR,"Spencer",120
CR,"Mcdonald",120
CR,"Gusman",119
CR,"Roldan",119
CR,"Samudio",119
CR,"Henderson",119
CR,"Powell",119
CR,"Ampie",118
CR,"Murcia",118
CR,"Stone",118
CR,"Maradiaga",117
CR,"Gibson",117
CR,"Ojeda",117
CR,"Hansen",117
CR,"Sotela",116
CR,"Selva",116
CR,"Wells",116
CR,"Sierra",116
CR,"Benitez",116
CR,"Sol",115
CR,"Jc",115
CR,"Gomez Gomez",114
CR,"Fisher",114
CR,"Alcazar",113
CR,"Hdez",113
CR,"Villareal",113
CR,"Mora Arias",113
CR,"Jimenez Jimenez",113
CR,"Vargas Araya",113
CR,"Aparicio",113
CR,"Hunter",113
CR,"Guti",113
CR,"Paez",112
CR,"Castro Mora",112
CR,"West",112
CR,"Lm",112
CR,"Sotelo",112
CR,"Gb",112
CR,"Mo",112
CR,"Hughes",112
CR,"Ahmed",111
CR,"Rojas Rodriguez",111
CR,"Saavedra",111
CR,"Rojas Castro",111
CR,"Fox",111
CR,"Weber",111
CR,"Francis",111
CR,"Wallace",111
CR,"Montealegre",111
CR,"Josue",110
CR,"Nieto",110
CR,"De La Cruz",110
CR,"Black",110
CR,"George",110
CR,"Nicole",109
CR,"Tames",109
CR,"Boniche",109
CR,"Marshall",109
CR,"Concepcion",108
CR,"Cajina",108
CR,"Warren",108
CR,"Larios",108
CR,"Hodgson",108
CR,"Kennedy",108
CR,"Rodrigez",107
CR,"Zheng",107
CR,"Villavicencio",107
CR,"Graham",107
CR,"Richmond",107
CR,"Vázquez",107
CR,"Gamez",107
CR,"Reynolds",107
CR,"Mora Castro",106
CR,"Vargas Jimenez",106
CR,"Valenzuela",106
CR,"Ba",106
CR,"Gerardo",105
CR,"Macias",105
CR,"Mh",105
CR,"Rojas Araya",105
CR,"De La O",105
CR,"Lynn",104
CR,"José",104
CR,"Jordan",104
CR,"Pichardo",104
CR,"Vb",104
CR,"Pastrana",104
CR,"Portillo",104
CR,"Quesada Rojas",104
CR,"Rc",104
CR,"Barnes",104
CR,"Pinto",104
CR,"Shah",103
CR,"Wang",103
CR,"Castro Castro",103
CR,"Porter",103
CR,"Palmer",103
CR,"Murray",103
CR,"Ap",102
CR,"Ro",102
CR,"Mora Jimenez",102
CR,"San",102
CR,"Pena",102
CR,"Echeverria",102
CR,"Hm",102
CR,"Borbón",101
CR,"Hernadez",101
CR,"May",101
CR,"Artola",101
CR,"Godínez",101
CR,"Polanco",101
CR,"Jaime",101
CR,"Daniels",101
CR,"Butler",101
CR,"Arias Mora",100
CR,"He",100
CR,"Huete",100
CR,"Carrera",100
CR,"Ramirez Ramirez",100
CR,"Coleman",100
CR,"Hudson",100
CR,"Cl",100
CR,"Stevens",100
CR,"Larson",100
CR,"Ferguson",100
CR,"Jensen",100
CR,"Toledo",99
CR,"Rodriguez Jimenez",99
CR,"Sp",99
CR,"Rey",99
CR,"Araya Vargas",99
CR,"Cardona",99
CR,"Bv",99
CR,"Rubio",99
CR,"Cunningham",99
CR,"Washington",99
CR,"Ann",98
CR,"Garsia",98
CR,"Mar",98
CR,"Jimenez Mora",98
CR,"Castellón",98
CR,"Ruíz",98
CR,"Lopez Lopez",98
CR,"Loaiciga",98
CR,"Castro Rojas",98
CR,"Vargas Arias",98
CR,"Boyd",98
CR,"Johnston",98
CR,"Pavon",97
CR,"Taleno",97
CR,"Arellano",97
CR,"Prendas",97
CR,"Webb",97
CR,"Hayes",97
CR,"Castro Vargas",96
CR,"Shaw",96
CR,"Pablo",95
CR,"Sharma",95
CR,"Carbajal",95
CR,"Fdez",95
CR,"Lopéz",95
CR,"Ordóñez",95
CR,"Perry",95
CR,"Lin",95
CR,"Elliott",95
CR,"Jesus",94
CR,"Alfaro Alfaro",94
CR,"Ventura",94
CR,"Rayo",94
CR,"Vallecillo",94
CR,"Jaén",94
CR,"Vado",94
CR,"Jirón",93
CR,"Arroliga",93
CR,"Rodriguez Araya",93
CR,"Rodriguez Mora",93
CR,"Solano Solano",93
CR,"Ng",93
CR,"Fletes",93
CR,"Rosa",92
CR,"Pg",92
CR,"Perez Perez",92
CR,"Henriquez",92
CR,"Vargas Rodriguez",92
CR,"Almanza",92
CR,"Rl",92
CR,"Caceres",92
CR,"Ray",92
CR,"Peters",92
CR,"Woods",92
CR,"Holmes",92
CR,"Mason",92
CR,"Delgadillo",91
CR,"Olvera",91
CR,"Rosario",91
CR,"Prieto",91
CR,"Cf",91
CR,"Vidal",91
CR,"Castaneda",91
CR,"Gp",91
CR,"Cj",91
CR,"Sarmiento",91
CR,"Nava",91
CR,"Lawrence",91
CR,"Cháves",90
CR,"Avilés",90
CR,"Harrison",90
CR,"Casares",90
CR,"Campos Vargas",90
CR,"Rojas Alfaro",89
CR,"Solano Mora",89
CR,"Pv",89
CR,"Richards",89
CR,"Rodriguez Castro",89
CR,"Lawson",89
CR,"Barker",89
CR,"Bryant",89
CR,"Mora Fallas",88
CR,"Bernal",88
CR,"Mendieta",88
CR,"Araya Rojas",88
CR,"Arburola",88
CR,"Jimenez Rodriguez",88
CR,"Elizabeth",87
CR,"Gabriel",87
CR,"Albarado",87
CR,"Alarcon",87
CR,"Lc",87
CR,"Owens",87
CR,"Tucker",87
CR,"Alvarado Rojas",86
CR,"Charpentier",86
CR,"Salazar Rojas",86
CR,"Galindo",86
CR,"Wagner",86
CR,"Arredondo",86
CR,"Galvan",86
CR,"Ching",86
CR,"Diego",85
CR,"John",85
CR,"Hr",85
CR,"Lucas",85
CR,"Torrentes",85
CR,"Rojas Jimenez",85
CR,"Alfaro Vargas",85
CR,"Fer",85
CR,"Olmos",85
CR,"Ps",85
CR,"Mora Rodriguez",85
CR,"Vargas Castro",85
CR,"Jimenéz",85
CR,"Griffin",85
CR,"Zárate",85
CR,"Liu",85
CR,"Cuevas",84
CR,"Douglas",84
CR,"Uribe",84
CR,"Benavidez",84
CR,"Otárola",84
CR,"Mosquera",84
CR,"Carr",84
CR,"Pierce",84
CR,"Huerta",83
CR,"Lugo",83
CR,"Vargas Ramirez",83
CR,"Berrios",83
CR,"Gonzalez Rojas",83
CR,"Espino",83
CR,"Mckenzie",83
CR,"Mj",83
CR,"Hanson",83
CR,"Sullivan",83
CR,"Carlson",83
CR,"Pimentel",82
CR,"Knight",82
CR,"Rojas Quesada",82
CR,"Lumbi",82
CR,"Arcia",82
CR,"Valverde Mora",82
CR,"Matthews",82
CR,"Meyer",82
CR,"Kelley",82
CR,"Gil",82
CR,"Lu",81
CR,"Jimenez Vargas",81
CR,"Erickson",81
CR,"Armstrong",81
CR,"Fuller",81
CR,"Arnold",81
CR,"Davidson",81
CR,"Alejandro",80
CR,"Treminio",80
CR,"Mora Valverde",80
CR,"De Leon",80
CR,"Moscoso",80
CR,"Rojas Campos",80
CR,"Condega",80
CR,"Vargas Campos",80
CR,"Carrion",80
CR,"Payne",80
CR,"Howell",80
CR,"Clarke",80
CR,"Duartes",79
CR,"Ramirez Vargas",79
CR,"Hdz",79
CR,"Patiño",79
CR,"Gill",79
CR,"Vargas Quesada",79
CR,"Rodríguez Rodríguez",79
CR,"Nájera",79
CR,"Hoffman",79
CR,"Isabel",78
CR,"Chava",78
CR,"Alcocer",78
CR,"Rojas Salazar",78
CR,"Quesada Mora",78
CR,"Freeman",78
CR,"Balmaceda",78
CR,"Paredes",78
CR,"Jimenez Rojas",78
CR,"Snyder",78
CR,"Burns",78
CR,"Enrique",77
CR,"Elena",77
CR,"Esteban",77
CR,"Francisco",77
CR,"Trejo",77
CR,"Qm",77
CR,"Zhang",77
CR,"Rj",77
CR,"Arias Vargas",77
CR,"Morales Rojas",77
CR,"Huang",77
CR,"Lagos",77
CR,"Rojas Alvarado",77
CR,"Fields",77
CR,"Pearson",77
CR,"Steele",77
CR,"Salvatierra",76
CR,"Araica",76
CR,"Alaniz",76
CR,"Fdz",76
CR,"Bojorge",76
CR,"Chaves Vargas",76
CR,"Arias Arias",76
CR,"Valdes",76
CR,"Vp",76
CR,"Jaramillo",76
CR,"Quezada",76
CR,"Vives",76
CR,"Park",76
CR,"Duncan",76
CR,"Odio",76
CR,"Stephens",76
CR,"Dobles",76
CR,"Harvey",76
CR,"Mills",76
CR,"Robertson",76
CR,"Paul",75
CR,"Corona",75
CR,"Blandón",75
CR,"Pb",75
CR,"Amores",75
CR,"Alvarado Vargas",75
CR,"Colon",75
CR,"Cen",75
CR,"Morales Mora",75
CR,"Vargas Salas",75
CR,"Gonzalez Rodriguez",75
CR,"Barrett",75
CR,"Rf",75
CR,"Miguel",74
CR,"Mesa",74
CR,"Walters",74
CR,"Vargas Salazar",74
CR,"Peréz",74
CR,"Carrasco",74
CR,"Maltez",74
CR,"Lemus",74
CR,"Hg",74
CR,"Lanuza",74
CR,"Vargas Villalobos",74
CR,"Sh",74
CR,"Araya Araya",74
CR,"Alegria",74
CR,"Mq",74
CR,"Vargas Alvarado",74
CR,"Borges",74
CR,"Bishop",74
CR,"Mullins",74
CR,"Nichols",74
CR,"María",73
CR,"Michael",73
CR,"Barbosa",73
CR,"Ramirez Rojas",73
CR,"Mt",73
CR,"Jarquín",73
CR,"Astúa",73
CR,"Campos Rojas",73
CR,"Rz",73
CR,"Mora Araya",72
CR,"Balladares",72
CR,"Gatgens",72
CR,"Sv",72
CR,"Rojas Chaves",72
CR,"Mora Campos",72
CR,"Dean",72
CR,"Steven",71
CR,"Arteaga",71
CR,"Bermudes",71
CR,"Mora Solano",71
CR,"Lg",71
CR,"Olivar",71
CR,"Roa",71
CR,"Gh",71
CR,"Ha",71
CR,"Burton",71
CR,"Montgomery",71
CR,"Rice",71
CR,"Schultz",71
CR,"Lane",71
CR,"Andrés",70
CR,"Cordova",70
CR,"Gongora",70
CR,"Galvez",70
CR,"Zm",70
CR,"Cq",70
CR,"Guardia",70
CR,"Gazo",70
CR,"Mora Alvarado",70
CR,"Day",70
CR,"Javier",69
CR,"Alex",69
CR,"Salasar",69
CR,"Fallas Mora",69
CR,"Gupta",69
CR,"Jiménez Jiménez",69
CR,"Rojas Morales",69
CR,"Rojas Solano",69
CR,"Rodriguez Campos",69
CR,"Arevalo",69
CR,"Rojas Rodríguez",69
CR,"An",69
CR,"Villalobos Rodriguez",69
CR,"Beck",69
CR,"Barnett",69
CR,"Wolf",69
CR,"Saravia",68
CR,"Alvarado Mora",68
CR,"Salazar Vargas",68
CR,"Cerda",68
CR,"Hunt",68
CR,"Samuels",68
CR,"Estrella",68
CR,"Alvarado Rodriguez",68
CR,"Tovar",68
CR,"Vera",68
CR,"Perkins",68
CR,"Iglesias",68
CR,"Stanley",68
CR,"Dunn",68
CR,"Forbes",68
CR,"Andrews",68
CR,"Gonzalez Jimenez",68
CR,"Escamilla",68
CR,"Valdelomar",67
CR,"Urrutia",67
CR,"Anthony",67
CR,"Mohamed",67
CR,"Salas Vargas",67
CR,"Franklin",67
CR,"Solano Vargas",67
CR,"Rodríguez Rojas",67
CR,"Gl",67
CR,"Quiros Mora",67
CR,"Charles",67
CR,"Om",67
CR,"Robert",67
CR,"Apu",67
CR,"Ramirez Rodriguez",67
CR,"Bogarin",67
CR,"Bran",67
CR,"Brenes Brenes",67
CR,"Oc",67
CR,"Maxwell",67
CR,"Morrison",67
CR,"Welch",67
CR,"Hines",67
CR,"Tran",67
CR,"Williamson",66
CR,"Vargas Solano",66
CR,"Valderramos",66
CR,"Cross",66
CR,"Mora Quesada",66
CR,"Dc",66
CR,"Lynch",66
CR,"Rodriguez Salas",66
CR,"Miles",66
CR,"Monge Vargas",66
CR,"Rodriguez Alvarado",66
CR,"Castro Rodriguez",66
CR,"Mn",66
CR,"Salazar Mora",66
CR,"Lepiz",66
CR,"Dennis",66
CR,"Hs",66
CR,"Berry",66
CR,"Rod",66
CR,"Mauricio",65
CR,"Juan",65
CR,"Rico",65
CR,"Madrigal Mora",65
CR,"Hart",65
CR,"Cheng",65
CR,"Alfaro Rodriguez",65
CR,"Cañas",65
CR,"Um",65
CR,"Rodriguez Gonzalez",65
CR,"Villalobos Vargas",65
CR,"Vargas Hernandez",65
CR,"Rh",65
CR,"Js",65
CR,"Cardoza",65
CR,"Mora Badilla",65
CR,"Vargas Morales",65
CR,"Alfaro Rojas",65
CR,"Gardner",65
CR,"Leyva",64
CR,"Esparza",64
CR,"Hernandez Hernandez",64
CR,"Argueta",64
CR,"Barber",64
CR,"Rojas Murillo",64
CR,"Fs",64
CR,"Rb",64
CR,"Largaespada",64
CR,"Pulido",64
CR,"Matus",64
CR,"Otero",64
CR,"Tamayo",64
CR,"Morales Morales",64
CR,"Simon",64
CR,"Vargas Solis",64
CR,"Brenes Solano",64
CR,"Rowe",64
CR,"Lang",64
CR,"Gilbert",64
CR,"Eduardo",63
CR,"Ribera",63
CR,"Mendosa",63
CR,"Rodriguez Villalobos",63
CR,"Rodriges",63
CR,"Quesada Rodriguez",63
CR,"Gracia",63
CR,"Rojas Arias",63
CR,"Rodriguez Arias",63
CR,"Monterrey",63
CR,"Ls",63
CR,"Carroll",63
CR,"Escoto",63
CR,"Brenes Vargas",63
CR,"Saballos",63
CR,"Fleming",63
CR,"Riley",63
CR,"Greene",63
CR,"Powers",63
CR,"Fernando",62
CR,"Orosco",62
CR,"Casco",62
CR,"Frank",62
CR,"Rodriguez Lopez",62
CR,"Oliver",62
CR,"Kay",62
CR,"Aj",62
CR,"Ruiz Ruiz",62
CR,"Nc",62
CR,"Rojas Sanchez",62
CR,"Castillo Vargas",62
CR,"Heredia",62
CR,"Araya Mora",62
CR,"Rojas Gonzalez",62
CR,"Vargas Alfaro",62
CR,"Morice",62
CR,"Valles",62
CR,"Chambers",62
CR,"Mora Morales",62
CR,"Rojas Villalobos",62
CR,"Uva",62
CR,"Jaimes",62
CR,"Hernandez Rojas",62
CR,"Recio",62
CR,"Olsen",62
CR,"Carpenter",62
CR,"Roldán",61
CR,"Gaitán",61
CR,"Barberena",61
CR,"Otoya",61
CR,"Chaves Mora",61
CR,"Mendiola",61
CR,"Vargas Gonzalez",61
CR,"Galagarza",61
CR,"Ah",61
CR,"Castellanos",61
CR,"Jacobs",61
CR,"Araya Rodriguez",61
CR,"Willis",61
CR,"Salas Rodriguez",61
CR,"Uriarte",61
CR,"Ramírez Vargas",61
CR,"Perez Rojas",61
CR,"Sb",61
CR,"Soriano",61
CR,"Barrantes Vargas",61
CR,"Segura Mora",61
CR,"Murillo Vargas",61
CR,"Pasos",61
CR,"Sanchez Sanchez",61
CR,"Mann",61
CR,"Weaver",61
CR,"Santo",60
CR,"Suares",60
CR,"Rodriguez Ramirez",60
CR,"Lanza",60
CR,"Null",60
CR,"Hidalgo Mora",60
CR,"Arriola",60
CR,"Quesada Vargas",60
CR,"Granda",60
CR,"Castro Arias",60
CR,"Villalobos Mora",60
CR,"Mora Villalobos",60
CR,"Lopez Jimenez",60
CR,"Gonzalez Gonzalez",60
CR,"Alanis",60
CR,"Jacamo",60
CR,"Christensen",60
CR,"Qc",60
CR,"Rodriguez Hernandez",60
CR,"Piñar",60
CR,"Lazaro",60
CR,"Mora Zuñiga",60
CR,"Cordero Rojas",60
CR,"Alfaro Araya",60
CR,"Wheeler",60
CR,"Lo",60
CR,"Chapman",60
CR,"Hicks",60
CR,"Yang",60
CR,"Garrido",60
CR,"Swanson",60
CR,"Obrien",60
CR,"Solano Rodriguez",59
CR,"Lambert",59
CR,"Izaguirre",59
CR,"Walsh",59
CR,"Sanchez Mora",59
CR,"Mora Ramirez",59
CR,"Rd",59
CR,"Rodriguez Perez",59
CR,"Mora Brenes",59
CR,"Segnini",59
CR,"Sims",59
CR,"Watkins",59
CR,"Rodríguez Vargas",59
CR,"Hawkins",59
CR,"Quijano",59
CR,"Wade",59
CR,"Mclean",59
CR,"Newman",59
CR,"Michelle",58
CR,"Man",58
CR,"Sterling",58
CR,"Porras Mora",58
CR,"Murillo Rojas",58
CR,"Jb",58
CR,"Quiros Rojas",58
CR,"Vargas Montero",58
CR,"Soto Vargas",58
CR,"Velasco",58
CR,"Vega Vega",58
CR,"Araya Jimenez",58
CR,"Cas",58
CR,"Zuñiga Zuñiga",58
CR,"Austin",58
CR,"Larsen",58
CR,"Harper",58
CR,"Ana",57
CR,"Sandhu",57
CR,"Aguilar Vargas",57
CR,"Mora Aguilar",57
CR,"Cheves",57
CR,"Sanchez Rodriguez",57
CR,"Valerín",57
CR,"Mora Sanchez",57
CR,"Perez Jimenez",57
CR,"Cn",57
CR,"Aguilar Mora",57
CR,"Rubí",57
CR,"Leonard",57
CR,"Alfaro Castro",57
CR,"Sanchez Vargas",57
CR,"Herrera Vargas",57
CR,"Jv",57
CR,"Ardon",57
CR,"Craig",57
CR,"Mary",56
CR,"Alvarado Alvarado",56
CR,"Angeles",56
CR,"Jo",56
CR,"Grajal",56
CR,"Zambrano",56
CR,"Quiel",56
CR,"Acon",56
CR,"Andino",56
CR,"Esquivel Vargas",56
CR,"Matute",56
CR,"Mora Salazar",56
CR,"Vargas Cordero",56
CR,"Rostran",56
CR,"Jiménez Vargas",56
CR,"Oporto",56
CR,"Morales Vargas",56
CR,"Qr",56
CR,"Vasques",56
CR,"Lr",56
CR,"Becerra",56
CR,"Marroquin",56
CR,"Sagot",56
CR,"Merino",56
CR,"Val",56
CR,"Buchanan",56
CR,"Sauma",56
CR,"Mario",55
CR,"Walter",55
CR,"Enríquez",55
CR,"Garcias",55
CR,"Siezar",55
CR,"Godines",55
CR,"Anchía",55
CR,"Jimenez Castro",55
CR,"Bolandi",55
CR,"Rojas Madrigal",55
CR,"Shelton",55
CR,"Obando Obando",55
CR,"Gf",55
CR,"Mora Fernandez",55
CR,"Saucedo",55
CR,"Castillo Mora",55
CR,"Hb",55
CR,"Hernandez Mora",55
CR,"Vargas Valverde",55
CR,"Rodriguez Soto",55
CR,"Arias Rodriguez",55
CR,"Fg",55
CR,"Reyna",55
CR,"Mccoy",55
CR,"Fletcher",55
CR,"Infante",55
CR,"Hopkins",55
CR,"Wolfe",55
CR,"Tello",54
CR,"Cedeno",54
CR,"Cz",54
CR,"Chin",54
CR,"Ocon",54
CR,"Logan",54
CR,"Concepción",54
CR,"Nm",54
CR,"Sossa",54
CR,"Grillo",54
CR,"Solis Rojas",54
CR,"Cisnero",54
CR,"Pa",54
CR,"Burke",54
CR,"Vargas Chaves",54
CR,"Jimenez Sanchez",54
CR,"Qs",54
CR,"Alonzo",54
CR,"Sanchez Rojas",54
CR,"Chaves Rojas",54
CR,"Ad",54
CR,"Vargas Castillo",54
CR,"Mora Monge",54
CR,"Tejada",54
CR,"Freer",54
CR,"Benson",54
CR,"Vanessa",53
CR,"Sanchez Hernandez",53
CR,"Badilla Mora",53
CR,"Madrid",53
CR,"Caldera",53
CR,"Araya Sanchez",53
CR,"Pastor",53
CR,"Solano Rojas",53
CR,"Menocal",53
CR,"Vicente",53
CR,"Gudiel",53
CR,"Garcia Garcia",53
CR,"Almengor",53
CR,"Villalobos Rojas",53
CR,"Vargas Sanchez",53
CR,"Sanchez Jimenez",53
CR,"Jimenez Hernandez",53
CR,"Rojas Salas",53
CR,"Sj",53
CR,"Dittel",53
CR,"Araujo",53
CR,"Gd",53
CR,"Mack",53
CR,"Pantoja",53
CR,"Gomez Vargas",53
CR,"Avellan",53
CR,"Rodriguez Vega",53
CR,"Terry",53
CR,"Garrett",53
CR,"Blake",53
CR,"Jj",52
CR,"Apuy",52
CR,"Mora Vega",52
CR,"Diaz Diaz",52
CR,"Rodriguez Solano",52
CR,"Monge Mora",52
CR,"Mora Garcia",52
CR,"Hernandez Sanchez",52
CR,"Giron",52
CR,"Mora Segura",52
CR,"Parks",52
CR,"Eras",52
CR,"Perez Hernandez",52
CR,"Mccarthy",52
CR,"Rodriguez Sanchez",52
CR,"Lv",52
CR,"Perez Rodriguez",52
CR,"Mora Alfaro",52
CR,"Rojas Aguilar",52
CR,"Ramirez Mora",52
CR,"Blanco Rojas",52
CR,"Chavarria Mora",52
CR,"Mora Salas",52
CR,"Campos Rodriguez",52
CR,"Noel",52
CR,"Del Valle",52
CR,"Bp",52
CR,"Neal",52
CR,"Gazel",52
CR,"Banks",52
CR,"Petersen",52
CR,"Grace",51
CR,"Mora Delgado",51
CR,"Lopez Vargas",51
CR,"Abraham",51
CR,"Gross",51
CR,"Reyes Reyes",51
CR,"Irias",51
CR,"Vargas Jiménez",51
CR,"Vargas Herrera",51
CR,"Felix",51
CR,"St",51
CR,"Myrie",51
CR,"Vega Rodriguez",51
CR,"Hernandez Gonzalez",51
CR,"Brenes Mora",51
CR,"Valverde Vargas",51
CR,"Castillo Castillo",51
CR,"Osborne",51
CR,"Arias Jimenez",51
CR,"Hernandez Vargas",51
CR,"Valverde Valverde",51
CR,"Ram",51
CR,"Jinesta",51
CR,"Arias Castro",51
CR,"Gregory",51
CR,"Somarribas",51
CR,"Vargas Soto",51
CR,"Owen",51
CR,"Alfaro Mora",51
CR,"Velázquez",51
CR,"Christian",51
CR,"Murillo Castro",51
CR,"Warner",51
CR,"Vergara",51
CR,"Fung",51
CR,"Blair",51
CR,"Ureña Mora",51
CR,"Brenes Rojas",51
CR,"Griffith",51
CR,"Espinal",51
CR,"Jg",51
CR,"Curtis",51
CR,"Patricia",50
CR,"Roberto",50
CR,"Solano Brenes",50
CR,"Rodriguez Chaves",50
CR,"Solano Sanchez",50
CR,"Arias Rojas",50
CR,"Go",50
CR,"Lopez Mora",50
CR,"Vega Vargas",50
CR,"Romano",50
CR,"Roy",50
CR,"Herrera Rojas",50
CR,"Chaves Chaves",50
CR,"Arias Araya",50
CR,"Vega Jimenez",50
CR,"Cha",50
CR,"Mora Chaves",50
CR,"Rq",50
CR,"Art",50
CR,"Stevenson",50
CR,"Cuellar",50
CR,"Fischer",50
CR,"Arias Alfaro",50
CR,"Ds",50
CR,"Gonzalez Vargas",50
CR,"Vizcaino",50
CR,"Potter",50
CR,"Jean",50
CR,"Hardy",50
CR,"Jiménez Mora",50
CR,"Norris",50
CR,"Jiménez Rojas",50
CR,"Vela",50
CR,"Ho",50
CR,"Rica",50
CR,"Holland",50
CR,"Araya Arias",49
CR,"Saballo",49
CR,"Pardo",49
CR,"Campos Castro",49
CR,"Mondragón",49
CR,"Vazques",49
CR,"Bl",49
CR,"Torres Torres",49
CR,"Rodriquez",49
CR,"Rojas Hernandez",49
CR,"Todd",49
CR,"Castro Quesada",49
CR,"Montero Vargas",49
CR,"Lopez Gonzalez",49
CR,"Rojas Brenes",49
CR,"Lopez Rodriguez",49
CR,"Campos Mora",49
CR,"Sanchez Campos",49
CR,"Rojas Porras",49
CR,"Barrantes Rojas",49
CR,"Rojas González",49
CR,"Gonzalez Ramirez",49
CR,"Hv",49
CR,"Az",49
CR,"Or",49
CR,"Latino",49
CR,"Pomares",49
CR,"Vargas Vega",49
CR,"Ramirez Jimenez",49
CR,"Fowler",49
CR,"Arenas",49
CR,"Cerna",49
CR,"Sharp",49
CR,"Briceno",49
CR,"Jennings",49
CR,"Bradley",49
CR,"Hale",49
CR,"Omar",48
CR,"Castro Alvarado",48
CR,"Araya Quesada",48
CR,"Vargas Brenes",48
CR,"Lau",48
CR,"Arce Rojas",48
CR,"Castro Campos",48
CR,"Quiros Vargas",48
CR,"Quesada Castro",48
CR,"Ramirez Sanchez",48
CR,"Campos Campos",48
CR,"Chavarria Vargas",48
CR,"Deleon",48
CR,"Rodriguez Alfaro",48
CR,"Mateo",48
CR,"Solano Ramirez",48
CR,"Keith",48
CR,"Ledesma",48
CR,"Villalobos Villalobos",48
CR,"Salas Campos",48
CR,"Valverde Fallas",48
CR,"Ce",48
CR,"Monge Rojas",48
CR,"Rodriguez Gomez",48
CR,"Araya Salas",48
CR,"Vf",48
CR,"Barraza",48
CR,"González Rodríguez",48
CR,"Barrantes Mora",48
CR,"Gutierrez Gutierrez",48
CR,"Mora Elizondo",48
CR,"Prada",48
CR,"Salas Araya",48
CR,"Dawson",48
CR,"Aranda",48
CR,"Schneider",48
CR,"Vargas Arce",48
CR,"Hidalgo Rojas",48
CR,"Bauer",48
CR,"Andrea",47
CR,"Junior",47
CR,"Renee",47
CR,"Mora Calderon",47
CR,"Salas Mora",47
CR,"Ct",47
CR,"Irola",47
CR,"Ramirez Alvarado",47
CR,"Casas",47
CR,"Castro Villalobos",47
CR,"Bo",47
CR,"Mora Gamboa",47
CR,"Mora Quiros",47
CR,"Mathews",47
CR,"Tc",47
CR,"Rodríguez Jiménez",47
CR,"Rojas Fallas",47
CR,"Bowman",47
CR,"Nieves",47
CR,"Hernandez Rodriguez",47
CR,"Rojas Zuñiga",47
CR,"Villachica",47
CR,"Rodriguez Quesada",47
CR,"Vega Castro",47
CR,"Car",47
CR,"Horton",47
CR,"Gonzalez Hernandez",47
CR,"Norman",47
CR,"Sobalbarro",47
CR,"Rodriguez Castillo",47
CR,"Arce Vargas",47
CR,"So",47
CR,"Lowe",47
CR,"Brewer",47
CR,"Montes De Oca",47
CR,"Gago",47
CR,"Mora Porras",47
CR,"Cummings",47
CR,"Bartels",47
CR,"Fa",47
CR,"Sf",47
CR,"Rodgers",47
CR,"Mari",46
CR,"Cc",46
CR,"Jay",46
CR,"Calderon Mora",46
CR,"Vargas Madrigal",46
CR,"Bellido",46
CR,"Téllez",46
CR,"Elias",46
CR,"Serracin",46
CR,"Ángulo",46
CR,"Moralez",46
CR,"Richard",46
CR,"Mora Lopez",46
CR,"Chaves Rodriguez",46
CR,"Soto Mora",46
CR,"Aguilar Aguilar",46
CR,"Jiménez Rodríguez",46
CR,"Crespo",46
CR,"Alvarado Castro",46
CR,"Frazier",46
CR,"Vega Rojas",46
CR,"Hernandez Jimenez",46
CR,"Zc",46
CR,"Rojas Castillo",46
CR,"Gj",46
CR,"Vl",46
CR,"Vz",46
CR,"Morun",46
CR,"Le",46
CR,"Morua",46
CR,"Villalobos Jimenez",46
CR,"Em",46
CR,"Aymerich",46
CR,"Chavaria",46
CR,"Jimenez Araya",46
CR,"Jimenez Gonzalez",46
CR,"Castro Jimenez",46
CR,"Ferrer",46
CR,"Soto Rojas",46
CR,"Murillo Murillo",46
CR,"Bates",46
CR,"Buzano",46
CR,"Nielsen",46
CR,"Hogan",46
CR,"Bernard",46
CR,"Zimmerman",46
CR,"Morado",45
CR,"Jorge",45
CR,"Rojas Barrantes",45
CR,"Fallas Valverde",45
CR,"Turcios",45
CR,"Cartago",45
CR,"Vargas Aguilar",45
CR,"Sandy",45
CR,"Costa",45
CR,"Salmerón",45
CR,"Monge Navarro",45
CR,"Lima",45
CR,"Vargad",45
CR,"Escobedo",45
CR,"Rodriguez Salazar",45
CR,"Jimenez Fernandez",45
CR,"Gonzalez Mora",45
CR,"Adam",45
CR,"Mora Marin",45
CR,"Mora Barboza",45
CR,"Arango",45
CR,"Af",45
CR,"Funes",45
CR,"Barton",45
CR,"Yu",45
CR,"Valderrama",45
CR,"Bf",45
CR,"Mora Jiménez",45
CR,"Tate",45
CR,"Restrepo",45
CR,"Rhodes",45
CR,"Robledo",45
CR,"Vargas Lopez",45
CR,"Vargas Ramírez",45
CR,"Marin Mora",45
CR,"Montero Mora",45
CR,"González Rojas",45
CR,"Quiros Jimenez",45
CR,"Fallas Rojas",45
CR,"Moss",45
CR,"Aq",45
CR,"Barron",45
CR,"Campos Quesada",45
CR,"Quinn",45
CR,"Rojas Torres",45
CR,"Barajas",45
CR,"Lester",45
CR,"Somarriba",44
CR,"William",44
CR,"Ramirez Hernandez",44
CR,"Zu",44
CR,"Ramon",44
CR,"Monge Monge",44
CR,"Abrahams",44
CR,"Thames",44
CR,"Pj",44
CR,"Alguera",44
CR,"Chaves Solano",44
CR,"Jp",44
CR,"Vargas Monge",44
CR,"Fv",44
CR,"Cascante Mora",44
CR,"Selles",44
CR,"Jerez",44
CR,"Alfaro Salas",44
CR,"Quesada Araya",44
CR,"Jimenez Valverde",44
CR,"Ph",44
CR,"Alva",44
CR,"Lam",44
CR,"Rivera Rojas",44
CR,"Rodriguez Morales",44
CR,"Berg",44
CR,"Mora Madrigal",44
CR,"Mora Rivera",44
CR,"Vega Chaves",44
CR,"Hairston",44
CR,"González Vargas",44
CR,"Romo",44
CR,"Telles",44
CR,"Goodman",44
CR,"Chacon Mora",44
CR,"Villanea",44
CR,"Solis Solis",44
CR,"Rodríguez González",44
CR,"Baldelomar",44
CR,"Azul",44
CR,"Salas Jimenez",44
CR,"Rich",44
CR,"Hartman",44
CR,"Graves",44
CR,"Keller",44
CR,"Carmen",43
CR,"Ricardo",43
CR,"Mohammed",43
CR,"Jimenez Morales",43
CR,"Zuñiga Vargas",43
CR,"Valverde Rojas",43
CR,"Pilarte",43
CR,"Rodriguez Murillo",43
CR,"Ale",43
CR,"Fallas Fallas",43
CR,"Villeda",43
CR,"Jimenez Arias",43
CR,"Salazar Rodriguez",43
CR,"Alcázar",43
CR,"Caseres",43
CR,"Castro Segura",43
CR,"Gonzalez Alvarado",43
CR,"Fernandez Mora",43
CR,"Bj",43
CR,"Salazar Araya",43
CR,"Vargas Blanco",43
CR,"Sam",43
CR,"Mena Mora",43
CR,"Solis Mora",43
CR,"Hassan",43
CR,"Guardado",43
CR,"Chinchilla Mora",43
CR,"Webster",43
CR,"Navarro Vargas",43
CR,"Roca",43
CR,"Kopper",43
CR,"Rojas Soto",43
CR,"Laurent",43
CR,"Ramirez Brenes",43
CR,"Carmiol",43
CR,"Mora Navarro",43
CR,"Gomez Rojas",43
CR,"Mora Chacon",43
CR,"Aguilar Rodriguez",43
CR,"Bolívar",43
CR,"Garcia Rodriguez",43
CR,"Da",43
CR,"Alvarado Solano",43
CR,"Rojas Valverde",43
CR,"Narváez",43
CR,"Jurado",43
CR,"Palomo",43
CR,"Alfaro Quesada",43
CR,"Alvarado Jimenez",43
CR,"Delgado Vargas",43
CR,"Mendez Rodriguez",43
CR,"Hampton",43
CR,"Curry",43
CR,"Mora Chinchilla",43
CR,"Vargas Quiros",43
CR,"Caamaño",43
CR,"Rojas Vega",43
CR,"Blanco Vargas",43
CR,"Montalvo",43
CR,"Mueller",43
CR,"Quesada Quesada",43
CR,"Solano Vega",43
CR,"Mora Torres",43
EC,"Zambrano",2807
EC,"Sanchez",1953
EC,"Vera",1795
EC,"Rodriguez",1794
EC,"Garcia",1775
EC,"Lopez",1750
EC,"Torres",1678
EC,"Cedeño",1519
EC,"Castro",1352
EC,"Mendoza",1347
EC,"Flores",1155
EC,"Castillo",1086
EC,"Morales",1075
EC,"Romero",1061
EC,"Macias",1054
EC,"Salazar",1019
EC,"Espinoza",1000
EC,"Ortiz",999
EC,"Delgado",996
EC,"Perez",979
EC,"Gonzalez",978
EC,"Reyes",975
EC,"Moreira",973
EC,"Loor",969
EC,"Bravo",953
EC,"Alvarado",941
EC,"Muñoz",934
EC,"Vargas",928
EC,"Jimenez",920
EC,"Andrade",899
EC,"Ramirez",894
EC,"Guaman",875
EC,"Gomez",849
EC,"Herrera",842
EC,"Martinez",838
EC,"Cevallos",834
EC,"Suarez",807
EC,"Alvarez",789
EC,"Guerrero",787
EC,"Leon",777
EC,"Velez",764
EC,"Ruiz",754
EC,"Mora",753
EC,"Rivera",732
EC,"Bsc",726
EC,"Jaramillo",720
EC,"Medina",704
EC,"Cabrera",704
EC,"Paredes",697
EC,"Cruz",693
EC,"Diaz",688
EC,"Molina",662
EC,"Chavez",651
EC,"Valencia",633
EC,"Ortega",632
EC,"Vega",628
EC,"Moreno",605
EC,"Alcivar",599
EC,"Arias",569
EC,"Morocho",546
EC,"Aguilar",533
EC,"Maldonado",529
EC,"Moran",523
EC,"Ponce",519
EC,"Mera",518
EC,"Ramos",496
EC,"Palacios",495
EC,"Mejia",488
EC,"Hidalgo",487
EC,"Sánchez",486
EC,"Vasquez",482
EC,"Solorzano",479
EC,"Silva",477
EC,"Aguirre",468
EC,"Mero",456
EC,"Intriago",451
EC,"Hernandez",451
EC,"Rojas",450
EC,"Lema",448
EC,"Mendez",447
EC,"Murillo",440
EC,"Naranjo",437
EC,"Acosta",437
EC,"Calderon",417
EC,"Lara",416
EC,"Franco",412
EC,"Caiza",410
EC,"Cordova",409
EC,"Miranda",405
EC,"Tapia",404
EC,"Caicedo",400
EC,"Ochoa",398
EC,"Ordoñez",398
EC,"López",397
EC,"Chicaiza",396
EC,"Briones",389
EC,"Pincay",381
EC,"Escobar",376
EC,"Toapanta",376
EC,"Figueroa",374
EC,"Armijos",370
EC,"Almeida",366
EC,"Avila",361
EC,"Ayala",359
EC,"Palma",357
EC,"Zamora",352
EC,"Guevara",352
EC,"Peralta",350
EC,"Fernandez",348
EC,"Campoverde",344
EC,"Cardenas",343
EC,"Anchundia",340
EC,"Rodríguez",339
EC,"Mosquera",335
EC,"Rosero",335
EC,"Pazmiño",335
EC,"Pozo",334
EC,"Burgos",333
EC,"Pacheco",332
EC,"Peñafiel",331
EC,"Alava",331
EC,"Narvaez",329
EC,"Santana",327
EC,"Benavides",327
EC,"Arteaga",325
EC,"Peña",322
EC,"Cuenca",318
EC,"Saltos",316
EC,"Calle",313
EC,"Santos",312
EC,"Galarza",311
EC,"Orellana",307
EC,"Cortez",307
EC,"Quiñonez",303
EC,"Freire",298
EC,"Bonilla",296
EC,"Gutierrez",295
EC,"Navarrete",294
EC,"García",293
EC,"Arevalo",291
EC,"Villamar",287
EC,"Rivas",287
EC,"Solis",287
EC,"Espinosa",287
EC,"Veliz",287
EC,"Erazo",282
EC,"Quezada",280
EC,"Velasco",275
EC,"Correa",273
EC,"Lucas",272
EC,"Carrillo",270
EC,"Padilla",270
EC,"Contreras",270
EC,"Parra",268
EC,"Coronel",268
EC,"Proaño",267
EC,"Baque",264
EC,"Villacis",263
EC,"Bustamante",263
EC,"Parraga",263
EC,"Luna",263
EC,"Nuñez",262
EC,"Quiroz",262
EC,"Bermeo",261
EC,"Jacome",261
EC,"Hurtado",260
EC,"Guzman",260
EC,"Vaca",259
EC,"González",258
EC,"Velasquez",256
EC,"Montenegro",256
EC,"Carrera",255
EC,"Salinas",254
EC,"Quishpe",252
EC,"Granda",249
EC,"Cueva",248
EC,"Yepez",248
EC,"Holguin",247
EC,"Criollo",245
EC,"Tomala",241
EC,"Jara",240
EC,"Choez",238
EC,"Rios",238
EC,"Villa",236
EC,"Robles",236
EC,"Fajardo",235
EC,"Carvajal",233
EC,"León",233
EC,"Borja",231
EC,"Meza",230
EC,"Cse",229
EC,"Cadena",229
EC,"Jiménez",227
EC,"Sandoval",227
EC,"Astudillo",227
EC,"De La Cruz",227
EC,"Marquez",226
EC,"Montero",226
EC,"Simbaña",225
EC,"Parrales",224
EC,"Gonzales",224
EC,"Zapata",223
EC,"Camacho",222
EC,"Yanez",222
EC,"Vallejo",222
EC,"Pérez",222
EC,"Pineda",221
EC,"Merchan",220
EC,"Dominguez",220
EC,"Bajaña",220
EC,"Enriquez",220
EC,"Guerra",218
EC,"Carrion",217
EC,"Pinargote",216
EC,"Rosado",215
EC,"Alexander",214
EC,"Cando",213
EC,"Sarango",212
EC,"Angulo",212
EC,"David",211
EC,"Marcillo",210
EC,"Coello",209
EC,"Sarmiento",207
EC,"Carpio",207
EC,"Loja",204
EC,"Villegas",202
EC,"Alarcon",201
EC,"Vergara",199
EC,"Vinueza",199
EC,"Cabezas",198
EC,"Aviles",195
EC,"Rosales",194
EC,"Bastidas",194
EC,"Ibarra",194
EC,"Rivadeneira",193
EC,"Haro",193
EC,"Mena",192
EC,"Teran",192
EC,"Macas",191
EC,"Cepeda",190
EC,"Estrada",190
EC,"Valarezo",189
EC,"Gómez",188
EC,"Lozano",186
EC,"Samaniego",186
EC,"Villavicencio",186
EC,"Zuñiga",185
EC,"Valverde",185
EC,"Paucar",184
EC,"Yagual",183
EC,"Alejandro",182
EC,"Montoya",181
EC,"Fuentes",181
EC,"Quijije",181
EC,"Zurita",181
EC,"Abad",180
EC,"Reinoso",179
EC,"Altamirano",179
EC,"Brito",177
EC,"Obando",176
EC,"Santillan",173
EC,"Carrasco",173
EC,"Iza",172
EC,"Quinde",171
EC,"Beltran",170
EC,"Soto",170
EC,"Toala",170
EC,"Viteri",169
EC,"Salas",169
EC,"Oña",169
EC,"Carranza",169
EC,"Suárez",168
EC,"Gavilanes",168
EC,"Toaquiza",166
EC,"Valdez",165
EC,"Solano",165
EC,"Davila",165
EC,"Martínez",164
EC,"Barrera",162
EC,"Moncayo",162
EC,"Patiño",162
EC,"Andres",161
EC,"Quintero",161
EC,"Pico",160
EC,"Montaño",160
EC,"Chamba",159
EC,"Arroyo",159
EC,"Tipan",158
EC,"Arellano",158
EC,"Quito",158
EC,"Heredia",157
EC,"Benitez",157
EC,"Pinto",156
EC,"Gaibor",156
EC,"Garces",156
EC,"Javier",153
EC,"Pilco",153
EC,"Arreaga",153
EC,"Espin",153
EC,"Luis",152
EC,"Naula",152
EC,"Mendieta",152
EC,"Bella",151
EC,"Bone",151
EC,"Araujo",151
EC,"Segura",151
EC,"Pluas",150
EC,"Campos",150
EC,"Jumbo",150
EC,"Ch",149
EC,"Farias",149
EC,"Prado",149
EC,"Chamorro",148
EC,"Serrano",147
EC,"Maza",147
EC,"Vinces",146
EC,"Cajamarca",146
EC,"Cordero",146
EC,"Barahona",145
EC,"Ronquillo",145
EC,"Mina",145
EC,"Cisneros",144
EC,"Cantos",144
EC,"Fernando",143
EC,"Gallardo",143
EC,"Tamayo",143
EC,"Orozco",143
EC,"Plaza",143
EC,"Alban",142
EC,"Crespo",140
EC,"Troya",139
EC,"Gallegos",138
EC,"Salvatierra",138
EC,"Trujillo",138
EC,"Basurto",137
EC,"Marin",137
EC,"Burbano",137
EC,"Ramírez",137
EC,"Encalada",136
EC,"Pesantez",136
EC,"Lino",135
EC,"Valle",135
EC,"Veloz",134
EC,"Portilla",134
EC,"Tobar",133
EC,"Calderón",132
EC,"Arcos",132
EC,"Mayorga",132
EC,"Bolaños",131
EC,"Lucero",131
EC,"Elizabeth",130
EC,"Estrella",130
EC,"Paz",130
EC,"Andrango",129
EC,"Calero",129
EC,"Moya",129
EC,"Moreta",129
EC,"Tello",129
EC,"Olmedo",129
EC,"Jose",128
EC,"Bautista",128
EC,"Merino",128
EC,"Borbor",127
EC,"Ramon",127
EC,"Fernández",126
EC,"Pillajo",125
EC,"Menendez",124
EC,"Roman",124
EC,"Carlos",123
EC,"Valenzuela",123
EC,"Sosa",123
EC,"Ojeda",123
EC,"Garzon",122
EC,"Quimis",122
EC,"Toledo",122
EC,"Farinango",122
EC,"Cornejo",121
EC,"Tumbaco",120
EC,"Barros",120
EC,"Chimbo",119
EC,"Villafuerte",118
EC,"Tacuri",118
EC,"Zavala",118
EC,"Bueno",118
EC,"Collaguazo",117
EC,"Quinatoa",117
EC,"Montalvan",117
EC,"Giler",117
EC,"Recalde",116
EC,"Montalvo",116
EC,"Vivanco",116
EC,"Gavilanez",115
EC,"Robalino",115
EC,"Pin",114
EC,"Rea",114
EC,"Duran",113
EC,"Noboa",113
EC,"Navas",113
EC,"Tenorio",113
EC,"Soria",112
EC,"Barreto",112
EC,"Barzola",112
EC,"Jurado",112
EC,"Cusme",112
EC,"Castañeda",111
EC,"Vélez",111
EC,"Tuarez",111
EC,"Carreño",111
EC,"Díaz",110
EC,"Gordillo",110
EC,"Soledispa",109
EC,"Roldan",109
EC,"Verdezoto",108
EC,"Echeverria",108
EC,"Celi",107
EC,"Valdivieso",107
EC,"Sabando",107
EC,"Ulloa",107
EC,"Navarro",106
EC,"Arboleda",106
EC,"Cagua",106
EC,"Llerena",105
EC,"Morillo",105
EC,"Remache",105
EC,"Paguay",105
EC,"Cobeña",105
EC,"Bazurto",105
EC,"Saavedra",104
EC,"Grefa",104
EC,"Toro",104
EC,"Chávez",104
EC,"Daniel",103
EC,"Montesdeoca",103
EC,"Chiriboga",103
EC,"Vasconez",103
EC,"Segovia",102
EC,"Armas",102
EC,"Chila",102
EC,"Revelo",102
EC,"Betancourt",102
EC,"Vásquez",102
EC,"Villarreal",101
EC,"Paladines",101
EC,"Quinto",101
EC,"Villon",101
EC,"Rodas",101
EC,"Velastegui",101
EC,"Hernández",101
EC,"Quintana",100
EC,"Orrala",100
EC,"Nieto",100
EC,"Cajas",100
EC,"Sornoza",99
EC,"Tenesaca",99
EC,"Gaona",99
EC,"Aveiga",99
EC,"Pardo",98
EC,"Zumba",98
EC,"Alvear",98
EC,"Caceres",98
EC,"Godoy",97
EC,"España",97
EC,"Lindao",97
EC,"Medranda",97
EC,"Cedillo",96
EC,"Mite",96
EC,"Barragan",95
EC,"Quimi",95
EC,"Piedra",95
EC,"Valdiviezo",95
EC,"Cárdenas",95
EC,"Arana",95
EC,"Mieles",94
EC,"Quispe",93
EC,"Bayas",93
EC,"Benalcazar",93
EC,"Alexandra",92
EC,"Apolo",92
EC,"Bailon",92
EC,"Sanmartin",92
EC,"Villalba",92
EC,"Arce",91
EC,"Bernal",91
EC,"Conforme",91
EC,"Tituaña",91
EC,"Triviño",91
EC,"Soriano",91
EC,"Imbaquingo",90
EC,"Pilay",90
EC,"Guamán",90
EC,"Lozada",90
EC,"Riofrio",89
EC,"Lima",89
EC,"Rubio",89
EC,"Barre",89
EC,"Sanches",89
EC,"Duarte",89
EC,"Piguave",88
EC,"Estupiñan",88
EC,"Gonzabay",88
EC,"Carriel",88
EC,"Meneses",88
EC,"Riera",88
EC,"Manzaba",88
EC,"Tandazo",88
EC,"Rueda",88
EC,"Elizalde",88
EC,"Becerra",87
EC,"Guaranda",87
EC,"Vite",87
EC,"Angel",86
EC,"Bohorquez",86
EC,"Villacres",86
EC,"Guillen",86
EC,"Ganchozo",86
EC,"Plua",85
EC,"De La Torre",85
EC,"Solórzano",85
EC,"Quevedo",84
EC,"Villalta",84
EC,"Matute",84
EC,"Rendon",84
EC,"Paez",84
EC,"Guzmán",84
EC,"Linda",83
EC,"Reina",83
EC,"Salcedo",83
EC,"Pallo",83
EC,"Montes",83
EC,"Chango",83
EC,"Baquerizo",83
EC,"Jama",83
EC,"Loaiza",82
EC,"Olvera",82
EC,"Chacon",82
EC,"Sotomayor",82
EC,"Campuzano",82
EC,"Nazareno",82
EC,"Jc",81
EC,"Gamboa",81
EC,"Moposita",81
EC,"Abril",81
EC,"Lascano",81
EC,"Panchana",81
EC,"Moscoso",81
EC,"Jarrin",80
EC,"Llanos",80
EC,"Pantoja",80
EC,"Preciado",80
EC,"Tigrero",80
EC,"Pilataxi",79
EC,"Fonseca",79
EC,"Taipe",79
EC,"Yunga",79
EC,"Villalva",79
EC,"Alex",78
EC,"Napa",78
EC,"Aguilera",78
EC,"Maria",77
EC,"Aguayo",77
EC,"Pereira",77
EC,"Angamarca",77
EC,"Fer",77
EC,"Izquierdo",77
EC,"Morán",77
EC,"Macías",77
EC,"Cobos",77
EC,"Xavier",76
EC,"Perugachi",76
EC,"Arguello",76
EC,"Dueñas",76
EC,"Ayovi",76
EC,"Posligua",76
EC,"Fernanda",75
EC,"Chilan",75
EC,"Martillo",75
EC,"Tenelema",75
EC,"Guanoluisa",75
EC,"Aldaz",75
EC,"Basantes",75
EC,"Neira",75
EC,"Rodrigues",75
EC,"Chacha",74
EC,"Calva",74
EC,"Oviedo",74
EC,"Puma",74
EC,"Bermudez",74
EC,"Eduardo",73
EC,"Carchi",73
EC,"Sevilla",73
EC,"Varela",73
EC,"Hinojosa",73
EC,"Quinteros",73
EC,"Falcones",73
EC,"Villao",73
EC,"Córdova",73
EC,"Taco",73
EC,"Bustos",73
EC,"Males",73
EC,"Muñiz",72
EC,"Santacruz",72
EC,"Cervantes",72
EC,"Monar",72
EC,"Alejandra",71
EC,"Pita",71
EC,"Campaña",71
EC,"Malla",71
EC,"Llumiquinga",71
EC,"Demera",71
EC,"Duque",71
EC,"Andy",71
EC,"Estefania",70
EC,"Magallanes",70
EC,"Luzuriaga",70
EC,"Tene",70
EC,"Vidal",70
EC,"Olivo",70
EC,"Arévalo",70
EC,"Balseca",70
EC,"Gualan",70
EC,"Santamaria",70
EC,"Méndez",70
EC,"Matamoros",70
EC,"Sebastian",69
EC,"Cabascango",69
EC,"Vela",69
EC,"Salguero",68
EC,"Loayza",68
EC,"Mantilla",68
EC,"Inga",68
EC,"Lainez",68
EC,"Moncada",68
EC,"Carlosama",68
EC,"Dias",67
EC,"Asencio",67
EC,"Salvador",67
EC,"Idrovo",67
EC,"Salgado",67
EC,"Narváez",67
EC,"Manobanda",67
EC,"Vivas",67
EC,"Antonio",66
EC,"Jordan",66
EC,"Jaya",66
EC,"Cacuango",66
EC,"Cuero",66
EC,"Villacreses",66
EC,"Chiluisa",66
EC,"Corozo",66
EC,"Mejía",65
EC,"Barberan",65
EC,"Chancay",65
EC,"Barcia",65
EC,"Sisa",65
EC,"Poma",65
EC,"Pino",65
EC,"Cuzco",65
EC,"Endara",65
EC,"Caguana",65
EC,"Nieves",65
EC,"Carolina",64
EC,"Constante",64
EC,"Del Pezo",64
EC,"Poveda",64
EC,"Larrea",64
EC,"Gonzaga",64
EC,"Álvarez",64
EC,"Chang",64
EC,"Crespin",63
EC,"Chasi",63
EC,"Bermello",63
EC,"Pizarro",63
EC,"Pilligua",63
EC,"Ordóñez",63
EC,"Quiñones",63
EC,"Heras",62
EC,"Centeno",62
EC,"Real",62
EC,"Veintimilla",62
EC,"Ocampo",62
EC,"Núñez",62
EC,"Lasso",62
EC,"Cañar",62
EC,"Barreiro",62
EC,"Pinos",62
EC,"Rogel",62
EC,"Guaraca",61
EC,"Cm",61
EC,"Mantuano",61
EC,"Santander",61
EC,"Andino",61
EC,"Balcazar",61
EC,"Cano",61
EC,"Oñate",61
EC,"Ac",61
EC,"Gutiérrez",61
EC,"Solitario",60
EC,"Romo",60
EC,"Rocha",60
EC,"Zanbrano",60
EC,"Chuquimarca",60
EC,"Ruales",60
EC,"Illescas",60
EC,"Fiallos",60
EC,"Monserrate",60
EC,"Minda",60
EC,"Paul",59
EC,"Santiago",59
EC,"Escalante",59
EC,"Tigre",59
EC,"Cedeno",59
EC,"Farfan",59
EC,"Jerez",59
EC,"Pintado",59
EC,"Carrión",59
EC,"Villamarin",59
EC,"Rugel",59
EC,"Tonato",59
EC,"Junior",58
EC,"Cuji",58
EC,"Condor",58
EC,"Valero",58
EC,"Urgiles",58
EC,"Amores",58
EC,"Miño",58
EC,"Guacho",57
EC,"Granja",57
EC,"Litardo",57
EC,"Ormaza",57
EC,"Villagomez",57
EC,"Barreno",57
EC,"Gordon",57
EC,"Carbo",57
EC,"Yanza",57
EC,"Balladares",57
EC,"Analuisa",57
EC,"Sc",57
EC,"Shiguango",57
EC,"Anrango",56
EC,"Eras",56
EC,"Flor",56
EC,"Galvez",56
EC,"Lazo",56
EC,"Suntaxi",56
EC,"Osorio",56
EC,"Reyna",56
EC,"Buñay",56
EC,"Jaime",56
EC,"Sa",55
EC,"Punina",55
EC,"Morejon",55
EC,"Lucio",55
EC,"Ajila",55
EC,"Loza",55
EC,"Coloma",55
EC,"Gualpa",55
EC,"Moyano",55
EC,"Vivar",55
EC,"Andi",55
EC,"Mary",54
EC,"Love",54
EC,"Guachamin",54
EC,"Colcha",54
EC,"Ocaña",54
EC,"Feijoo",54
EC,"Guanoquiza",54
EC,"Casa",54
EC,"Roca",54
EC,"Barba",54
EC,"Ceballos",54
EC,"Banchon",54
EC,"Bejarano",53
EC,"Albuja",53
EC,"Bedoya",53
EC,"Peñaherrera",53
EC,"Casanova",53
EC,"Mullo",53
EC,"Toscano",53
EC,"Jácome",53
EC,"Pilatasig",53
EC,"Valladares",53
EC,"Arcentales",53
EC,"Segarra",53
EC,"Quizhpi",53
EC,"Balarezo",53
EC,"Saenz",53
EC,"Tinoco",53
EC,"Pilamunga",53
EC,"Ldu",52
EC,"Smith",52
EC,"Jm",52
EC,"Chica",52
EC,"Sierra",52
EC,"Guale",52
EC,"Guano",52
EC,"Acuña",52
EC,"Coral",52
EC,"Manzano",52
EC,"Chimborazo",52
EC,"Trejo",52
EC,"Gabriela",51
EC,"Joel",51
EC,"Paola",51
EC,"Mar",51
EC,"Coyago",51
EC,"Tigua",51
EC,"Zabala",51
EC,"Simba",51
EC,"Puente",51
EC,"Barrionuevo",51
EC,"Lituma",51
EC,"Pinela",51
EC,"Guadalupe",51
EC,"Ruano",51
EC,"Pilozo",51
EC,"Sumba",51
EC,"Quizhpe",51
EC,"Manuel",50
EC,"Mateo",50
EC,"Alay",50
EC,"Buenaño",50
EC,"Gualotuña",50
EC,"Yuquilema",50
EC,"Vicente",50
EC,"Montiel",50
EC,"Saldaña",50
EC,"Gallo",50
EC,"Acurio",50
EC,"Fierro",50
EC,"Donoso",50
EC,"Gracia",50
EC,"Ramón",50
EC,"Lojano",50
EC,"Piloso",50
EC,"Rey",49
EC,"Cunalata",49
EC,"Anzules",49
EC,"Gc",49
EC,"Condo",49
EC,"Chiliquinga",49
EC,"Quilumba",48
EC,"Apolinario",48
EC,"Cayambe",48
EC,"Lapo",48
EC,"Cortes",48
EC,"Briceño",48
EC,"Yugcha",48
EC,"Yépez",48
EC,"Barrezueta",48
EC,"Ec",48
EC,"Tigasi",48
EC,"Olaya",48
EC,"Cali",48
EC,"Catota",47
EC,"Espinales",47
EC,"Yaguana",47
EC,"Gualoto",47
EC,"Garofalo",47
EC,"Pm",47
EC,"Chavarria",47
EC,"Izurieta",47
EC,"Tito",47
EC,"Alvares",47
EC,"Loachamin",47
EC,"Josue",46
EC,"Leo",46
EC,"Garrido",46
EC,"Farez",46
EC,"Cerda",46
EC,"Morante",46
EC,"Cuesta",46
EC,"Arauz",46
EC,"Jimbo",46
EC,"Onofre",46
EC,"Cifuentes",46
EC,"Pulla",46
EC,"Ludeña",46
EC,"Sellan",46
EC,"Saldarriaga",46
EC,"Chichande",46
EC,"Garzón",46
EC,"Pucha",46
EC,"Pesantes",46
EC,"Suares",46
EC,"Aguinda",46
EC,"Dayana",45
EC,"Adrian",45
EC,"Toalombo",45
EC,"Daquilema",45
EC,"Saca",45
EC,"Ledesma",45
EC,"Granizo",45
EC,"Grijalva",45
EC,"Amaguaña",45
EC,"Tubay",45
EC,"Munoz",45
EC,"Barriga",45
EC,"De La Rosa",45
EC,"Velásquez",45
EC,"Garcés",45
EC,"Quichimbo",45
EC,"Masabanda",45
EC,"Palacio",45
EC,"Jimenes",45
EC,"Menoscal",45
EC,"Peñarrieta",45
EC,"Gabriel",44
EC,"Alberto",44
EC,"Chimbolema",44
EC,"Verdesoto",44
EC,"Clavijo",44
EC,"Iñiguez",44
EC,"Landazuri",44
EC,"Quelal",44
EC,"Masaquiza",44
EC,"Porras",44
EC,"Prieto",44
EC,"Vizuete",44
EC,"Egas",44
EC,"Verduga",44
EC,"Siguencia",43
EC,"Berrezueta",43
EC,"Aldas",43
EC,"Benites",43
EC,"Tenezaca",43
EC,"Baez",43
EC,"Venegas",43
EC,"Tupiza",43
EC,"Yánez",43
EC,"Asanza",43
EC,"Martines",43
EC,"Avilés",43
EC,"Peñaloza",43
EC,"Icaza",43
EC,"Cheme",43
EC,"Machado",43
EC,"Ushiña",43
EC,"Amaya",43
EC,"Cabeza",43
EC,"Mauricio",42
EC,"Miguel",42
EC,"Lu",42
EC,"Daniela",42
EC,"Salavarria",42
EC,"Coro",42
EC,"Pastuña",42
EC,"Chalen",42
EC,"Sailema",42
EC,"Falconi",42
EC,"San",42
EC,"Rm",42
EC,"Agila",42
EC,"Manosalvas",42
EC,"Uyaguari",42
EC,"Estacio",42
EC,"Tapuy",42
EC,"Pisco",42
EC,"Andrés",41
EC,"Isabel",41
EC,"Galeas",41
EC,"Vintimilla",41
EC,"Muentes",41
EC,"Alvia",41
EC,"Paca",41
EC,"Abarca",41
EC,"Chala",41
EC,"Deleg",41
EC,"Yumbo",41
EC,"Cerezo",41
EC,"Vasco",41
EC,"Robayo",41
EC,"Soliz",41
EC,"Beltrán",41
EC,"Sisalima",41
EC,"Enríquez",41
EC,"Sigcha",41
EC,"King",40
EC,"Sol",40
EC,"Perea",40
EC,"Esparza",40
EC,"Arriaga",40
EC,"Avalos",40
EC,"Ceron",40
EC,"Goyes",40
EC,"Ag",40
EC,"Rengifo",40
EC,"Pila",40
EC,"Sancan",40
EC,"Rezabala",40
EC,"Villarroel",40
EC,"Lombeida",40
EC,"Mancheno",40
EC,"Dávila",40
EC,"Pc",40
EC,"Vanegas",40
EC,"Ante",40
EC,"Patricio",39
EC,"Nicole",39
EC,"Enrique",39
EC,"Panchi",39
EC,"Negrete",39
EC,"Acero",39
EC,"Quinga",39
EC,"Otavalo",39
EC,"Terán",39
EC,"Mata",39
EC,"Quishpi",39
EC,"Conde",39
EC,"Alarcón",39
EC,"Lomas",39
EC,"Viera",39
EC,"Cuichan",39
EC,"Almachi",39
EC,"Orbe",39
EC,"Sevillano",39
EC,"Maigua",39
EC,"Suquilanda",39
EC,"Rosas",39
EC,"Cañizares",39
EC,"Yungan",39
EC,"Laz",39
EC,"Merchán",39
EC,"Belen",38
EC,"Steven",38
EC,"Cr",38
EC,"Piza",38
EC,"Madrid",38
EC,"Sarabia",38
EC,"Vacacela",38
EC,"Zambrano Zambrano",38
EC,"Mogrovejo",38
EC,"Llamuca",38
EC,"Guapi",38
EC,"Merizalde",38
EC,"Ipiales",38
EC,"Albarracin",38
EC,"Iturralde",38
EC,"Vilela",38
EC,"Alonzo",38
EC,"Pauta",38
EC,"Mp",38
EC,"Jami",38
EC,"Pupiales",38
EC,"Nicolalde",37
EC,"Piña",37
EC,"Ordonez",37
EC,"Leiva",37
EC,"Aspiazu",37
EC,"Esmeraldas",37
EC,"Baño",37
EC,"Barzallo",37
EC,"Coba",37
EC,"Boada",37
EC,"Barco",37
EC,"Limones",37
EC,"Santi",37
EC,"Mariño",37
EC,"Cango",37
EC,"Melo",37
EC,"Alba",37
EC,"Tanguila",37
EC,"Perero",37
EC,"Pelaez",37
EC,"Maridueña",37
EC,"Sg",37
EC,"Ramires",37
EC,"Auquilla",37
EC,"Mix",36
EC,"Ricardo",36
EC,"Matias",36
EC,"Pabon",36
EC,"Chafla",36
EC,"Manrique",36
EC,"Cercado",36
EC,"Reino",36
EC,"Vc",36
EC,"Chalco",36
EC,"Escudero",36
EC,"Juela",36
EC,"Caisaguano",36
EC,"Palomo",36
EC,"Mestanza",36
EC,"Chacón",36
EC,"Márquez",36
EC,"Gudiño",36
EC,"Cristina",35
EC,"Israel",35
EC,"Jp",35
EC,"Tovar",35
EC,"Bello",35
EC,"Blacio",35
EC,"José",35
EC,"Cargua",35
EC,"Condoy",35
EC,"Cumbal",35
EC,"Lastra",35
EC,"Marcatoma",35
EC,"Almache",35
EC,"Lanchimba",35
EC,"Cuascota",35
EC,"Monteros",35
EC,"Leones",35
EC,"Mariscal",35
EC,"Tiban",35
EC,"Páez",35
EC,"Chuqui",35
EC,"Urbina",35
EC,"Patricia",34
EC,"Alexa",34
EC,"Bdp",34
EC,"Barcelonista",34
EC,"Vallejos",34
EC,"Chela",34
EC,"Domínguez",34
EC,"Lincango",34
EC,"Alfonso",34
EC,"Realpe",34
EC,"Orosco",34
EC,"Sangucho",34
EC,"Tutiven",34
EC,"Chele",34
EC,"Vazquez",34
EC,"Garcias",34
EC,"Machuca",34
EC,"Gomes",34
EC,"Chiriguaya",34
EC,"Novoa",34
EC,"Cañarte",34
EC,"Cg",34
EC,"Lavayen",34
EC,"Pachacama",34
EC,"Villota",34
EC,"Albán",34
EC,"Coque",34
EC,"Ostaiza",34
EC,"Agurto",34
EC,"Malave",34
EC,"Campo",34
EC,"Iglesias",34
EC,"Capa",34
EC,"Vernaza",34
EC,"Stefania",33
EC,"Pablo",33
EC,"Francisco",33
EC,"Marcelo",33
EC,"Andrea",33
EC,"Chaluisa",33
EC,"Allauca",33
EC,"Jadan",33
EC,"Lm",33
EC,"Vizcaino",33
EC,"Zaruma",33
EC,"Paillacho",33
EC,"Masache",33
EC,"Infante",33
EC,"Cuyo",33
EC,"Bazan",33
EC,"Travez",33
EC,"Espinel",33
EC,"Pachay",33
EC,"Tenemaza",33
EC,"Baquero",33
EC,"Landeta",33
EC,"Ct",33
EC,"Del Valle",33
EC,"Argudo",33
EC,"Aucancela",33
EC,"Rizzo",33
EC,"Aguas",33
EC,"Siguenza",33
EC,"Carchipulla",33
EC,"Parco",33
EC,"Urquizo",33
EC,"Armando",32
EC,"Stalin",32
EC,"Fabian",32
EC,"Chasipanta",32
EC,"Muños",32
EC,"Asqui",32
EC,"Navia",32
EC,"Sinchi",32
EC,"Poaquiza",32
EC,"Macay",32
EC,"Caza",32
EC,"Estevez",32
EC,"Gorozabel",32
EC,"Aguiar",32
EC,"Arpi",32
EC,"Cobo",32
EC,"Verdugo",32
EC,"Puga",32
EC,"Cherrez",32
EC,"Casquete",32
EC,"Lp",32
EC,"Chuchuca",32
EC,"Añazco",32
EC,"Sampedro",32
EC,"Barragán",32
EC,"Caballero",32
EC,"Bm",32
EC,"Mesias",32
EC,"Mesa",32
EC,"Palomeque",32
EC,"Cv",32
EC,"Guallpa",32
EC,"Román",32
EC,"Alquinga",32
EC,"Maila",32
EC,"Guadamud",32
EC,"Ca",32
EC,"Vivero",32
EC,"Cardona",32
EC,"Alfredo",31
EC,"Anahi",31
EC,"Ulcuango",31
EC,"Gamarra",31
EC,"Cedeño Zambrano",31
EC,"Tuquerres",31
EC,"Bonifaz",31
EC,"Lescano",31
EC,"Baldeon",31
EC,"Candelario",31
EC,"Tigse",31
EC,"Regalado",31
EC,"Medrano",31
EC,"Japon",31
EC,"Tamay",31
EC,"Obregon",31
EC,"Defaz",31
EC,"Paccha",31
EC,"Dc",31
EC,"Toral",31
EC,"Catuto",31
EC,"Castellanos",31
EC,"Arrobo",31
EC,"Lopes",31
EC,"Ballesteros",31
EC,"Fuertes",31
EC,"Buitron",31
EC,"Vera Vera",31
EC,"Rodrigez",31
EC,"Caisa",31
EC,"Mishell",30
EC,"Maribel",30
EC,"Abigail",30
EC,"Ariel",30
EC,"Chiguano",30
EC,"Panta",30
EC,"Tarco",30
EC,"Car",30
EC,"Jesus",30
EC,"Encarnacion",30
EC,"Suquillo",30
EC,"Gs",30
EC,"Tejada",30
EC,"Taday",30
EC,"Aroca",30
EC,"Ma",30
EC,"Puetate",30
EC,"Perlaza",30
EC,"Chonillo",30
EC,"Yupa",30
EC,"Guaillas",30
EC,"Azogue",30
EC,"Barona",30
EC,"Avilez",30
EC,"Saraguro",30
EC,"Daza",30
EC,"Ambuludi",30
EC,"Baculima",30
EC,"Yugsi",30
EC,"Marín",30
EC,"Merelo",30
EC,"Chusin",30
EC,"Acaro",30
EC,"Alexis",29
EC,"Anthony",29
EC,"Lizbeth",29
EC,"Hugo",29
EC,"Zambrano Cedeño",29
EC,"Andaluz",29
EC,"Once",29
EC,"Mafla",29
EC,"Pinta",29
EC,"Pilaguano",29
EC,"Pibaque",29
EC,"Gualli",29
EC,"Cáceres",29
EC,"Ureta",29
EC,"Huerta",29
EC,"Lamilla",29
EC,"Pillasagua",29
EC,"Nevarez",29
EC,"Azul",29
EC,"Echeverría",29
EC,"Lc",29
EC,"Catagña",29
EC,"Guarnizo",29
EC,"Guagua",29
EC,"Laje",29
EC,"Chiluiza",29
EC,"Goya",29
EC,"Novillo",29
EC,"Aquino",29
EC,"Chico",29
EC,"Quintanilla",29
EC,"Maya",29
EC,"Corrales",29
EC,"Coveña",29
EC,"Tomalá",29
EC,"Tipantuña",29
EC,"Simisterra",29
EC,"Lisbeth",28
EC,"Ivan",28
EC,"Bosquez",28
EC,"Sacon",28
EC,"Berrones",28
EC,"Alcocer",28
EC,"Del Rosario",28
EC,"Tubon",28
EC,"Yamberla",28
EC,"Paspuel",28
EC,"Zhunio",28
EC,"German",28
EC,"Avelino",28
EC,"Tisalema",28
EC,"Cuadrado",28
EC,"Chauca",28
EC,"Triana",28
EC,"Tipantiza",28
EC,"Guambo",28
EC,"Asitimbay",28
EC,"Ricaurte",28
EC,"Conza",28
EC,"Toaza",28
EC,"Perdomo",28
EC,"Santiana",28
EC,"Reascos",28
EC,"Renteria",28
EC,"Llano",28
EC,"Villena",28
EC,"Chugchilan",28
EC,"Valentina",27
EC,"Michelle",27
EC,"Liz",27
EC,"Vinicio",27
EC,"Damian",27
EC,"Quinche",27
EC,"Quituisaca",27
EC,"Maquilon",27
EC,"Gilces",27
EC,"Barbecho",27
EC,"Alonso",27
EC,"Rocafuerte",27
EC,"Rodriges",27
EC,"Tierra",27
EC,"Polo",27
EC,"Saritama",27
EC,"Ríos",27
EC,"Jima",27
EC,"Mh",27
EC,"Galindo",27
EC,"Malan",27
EC,"Giraldo",27
EC,"Casco",27
EC,"Rizo",27
EC,"Cabanilla",27
EC,"Ml",27
EC,"Pavon",27
EC,"Yoza",27
EC,"Uribe",27
EC,"Anangono",27
EC,"Jacho",27
EC,"Castellano",27
EC,"Lalangui",27
EC,"Yacelga",27
EC,"Balon",27
EC,"Ventura",27
EC,"Párraga",27
EC,"Guerron",27
EC,"Esmeralda",27
EC,"Leal",27
EC,"Lasluisa",27
EC,"Dario",26
EC,"Eliza",26
EC,"Aranda",26
EC,"Montece",26
EC,"Costa",26
EC,"Aucapiña",26
EC,"Cartagena",26
EC,"Landa",26
EC,"Pasquel",26
EC,"Benítez",26
EC,"Buri",26
EC,"Sarzosa",26
EC,"Rosillo",26
EC,"Santo",26
EC,"Pullas",26
EC,"Pg",26
EC,"Carabali",26
EC,"Aponte",26
EC,"Toasa",26
EC,"Dutan",26
EC,"Quilca",26
EC,"Sinche",26
EC,"Coronado",26
EC,"Yaguachi",26
EC,"Ferrin",26
EC,"Nivelo",26
EC,"Cuvi",26
EC,"Duchi",26
EC,"Wong",26
EC,"Casierra",26
EC,"Yela",26
EC,"Tejena",26
EC,"Sayay",26
EC,"Lugo",26
EC,"Giron",26
EC,"Cocha",26
EC,"Tufiño",26
EC,"Ruilova",26
EC,"Caranqui",26
EC,"Armijo",26
EC,"Acevedo",26
EC,"Zam",26
EC,"Geovanny",25
EC,"Rafael",25
EC,"Vanessa",25
EC,"Omar",25
EC,"Barcelona",25
EC,"Olalla",25
EC,"Tixi",25
EC,"Armendariz",25
EC,"Guananga",25
EC,"Sagñay",25
EC,"Mocha",25
EC,"Martin",25
EC,"Ron",25
EC,"Chillogalli",25
EC,"Nunez",25
EC,"Chulde",25
EC,"Galarraga",25
EC,"Chalan",25
EC,"Quintuña",25
EC,"Moreano",25
EC,"Camino",25
EC,"Alulema",25
EC,"Saquinga",25
EC,"Pinchao",25
EC,"Vizueta",25
EC,"Ontaneda",25
EC,"Villacís",25
EC,"Zambrano Loor",25
EC,"Cumbicos",25
EC,"Mayancela",25
EC,"Oleas",25
EC,"Bucheli",25
EC,"Jativa",25
EC,"Loyola",25
EC,"Agualongo",25
EC,"Guayaquil",25
EC,"Guashpa",25
EC,"Fc",24
EC,"Suqui",24
EC,"Huacon",24
EC,"Potosi",24
EC,"Cela",24
EC,"Mercado",24
EC,"Muzo",24
EC,"Mendoza Zambrano",24
EC,"Mancilla",24
EC,"Pilla",24
EC,"Zúñiga",24
EC,"Yupangui",24
EC,"Bedon",24
EC,"Gt",24
EC,"Lechon",24
EC,"Mt",24
EC,"Alvaro",24
EC,"Pazos",24
EC,"Quimiz",24
EC,"Oyola",24
EC,"Ctm",24
EC,"Panama",24
EC,"Jaen",24
EC,"Durán",24
EC,"Cujilema",24
EC,"Chevez",24
EC,"Caizaguano",24
EC,"Ayora",24
EC,"Cumbicus",24
EC,"Calvache",24
EC,"Concha",24
EC,"Quiroga",24
EC,"Sigcho",24
EC,"Alcívar",24
EC,"Gongora",24
EC,"Quilligana",24
EC,"Mendosa",24
EC,"Fernandes",24
EC,"Mecias",24
EC,"Larco",24
EC,"Paute",24
EC,"Pinzon",24
EC,"Lucia",23
EC,"Gp",23
EC,"Edu",23
EC,"Juan",23
EC,"Buele",23
EC,"Alomoto",23
EC,"Guanga",23
EC,"Viracocha",23
EC,"Tutillo",23
EC,"Villanueva",23
EC,"Urbano",23
EC,"As",23
EC,"Magallan",23
EC,"Victor",23
EC,"Marquinez",23
EC,"Gb",23
EC,"Gurumendi",23
EC,"Noriega",23
EC,"Cl",23
EC,"Anastacio",23
EC,"Amagua",23
EC,"Ayo",23
EC,"Cz",23
EC,"Pilatuña",23
EC,"Vásconez",23
EC,"Yar",23
EC,"Js",23
EC,"Sacoto",23
EC,"Ap",23
EC,"An",23
EC,"Vilema",23
EC,"Cris",23
EC,"Mv",23
EC,"Torrez",23
EC,"Cox",23
EC,"Tocto",23
EC,"Charco",23
EC,"Peralvo",23
EC,"Cb",23
EC,"Carmona",23
EC,"Vicuña",23
EC,"Baidal",23
EC,"Anguisaca",23
EC,"Yucailla",23
EC,"Hernan",22
EC,"Mishel",22
EC,"Lorena",22
EC,"Elena",22
EC,"Masapanta",22
EC,"Curay",22
EC,"Castelo",22
EC,"Cachimuel",22
EC,"Ullauri",22
EC,"Sandoya",22
EC,"Matailo",22
EC,"Guncay",22
EC,"Resabala",22
EC,"Acan",22
EC,"Bustillos",22
EC,"Sp",22
EC,"Muela",22
EC,"Badillo",22
EC,"Palomino",22
EC,"Cc",22
EC,"Rosario",22
EC,"Anrrango",22
EC,"Tituana",22
EC,"Yambay",22
EC,"Nagua",22
EC,"Cajilema",22
EC,"Marca",22
EC,"Bc",22
EC,"Ayol",22
EC,"Santillán",22
EC,"Chuquitarco",22
EC,"Davalos",22
EC,"Cuzme",22
EC,"Vr",22
EC,"Erreyes",22
EC,"Guayasamin",22
EC,"Arroba",22
EC,"Risco",22
EC,"Escandon",22
EC,"Velarde",22
EC,"Parreño",22
EC,"Congo",22
EC,"Contento",22
EC,"Cazar",22
EC,"Bp",22
EC,"Canchingre",22
EC,"Varas",22
EC,"Catagua",22
EC,"Charcopa",22
EC,"Monge",22
EC,"Ávila",22
EC,"Ordoñes",22
EC,"Caisedo",22
EC,"Peres",22
EC,"Ugsha",22
EC,"Belén",21
EC,"Bryan",21
EC,"Pedro",21
EC,"Kevin",21
EC,"Sislema",21
EC,"Balla",21
EC,"Chipantiza",21
EC,"Nc",21
EC,"Paula",21
EC,"Ana",21
EC,"Tuapanta",21
EC,"Menéndez",21
EC,"Malo",21
EC,"Nugra",21
EC,"Rocano",21
EC,"Wilson",21
EC,"Llivisaca",21
EC,"Tandayamo",21
EC,"Guatemal",21
EC,"Otero",21
EC,"Bowen",21
EC,"Ladines",21
EC,"Sweed",21
EC,"Ar",21
EC,"Carabajo",21
EC,"Changoluisa",21
EC,"Fabara",21
EC,"Veas",21
EC,"Procel",21
EC,"Sanabria",21
EC,"Buestan",21
EC,"Calvopiña",21
EC,"Contrera",21
EC,"Velasque",21
EC,"Gutama",21
EC,"Lalvay",21
EC,"Cirino",21
EC,"Nole",21
EC,"Laaz",21
EC,"Holguín",21
EC,"Cuadros",21
EC,"Luque",21
EC,"Huilca",21
EC,"Pindo",21
EC,"Santistevan",21
EC,"Folleco",21
EC,"Gv",21
EC,"Tipanluisa",21
EC,"Gonza",21
EC,"Guato",21
EC,"Chandi",21
EC,"Zarate",21
EC,"Largo",21
EC,"Zambrano Moreira",21
EC,"Micolta",21
EC,"Cajape",21
EC,"Cartuche",21
EC,"Umajinga",21
EC,"Rivero",21
EC,"Merejildo",21
EC,"Panezo",21
EC,"Vimos",21
EC,"Borrero",21
EC,"Fabricio",20
EC,"Eli",20
EC,"Ismael",20
EC,"Leonardo",20
EC,"Katherine",20
EC,"Ab",20
EC,"Guillermo",20
EC,"Isaac",20
EC,"Maliza",20
EC,"Tercero",20
EC,"Huera",20
EC,"Muenala",20
EC,"Aldana",20
EC,"Chiquita",20
EC,"Rosa",20
EC,"Tipán",20
EC,"Bermúdez",20
EC,"Benalcázar",20
EC,"Minchala",20
EC,"Aguavil",20
EC,"Guallichico",20
EC,"Loor Zambrano",20
EC,"Pinza",20
EC,"Lala",20
EC,"Tulcan",20
EC,"Mamallacta",20
EC,"Macias Macias",20
EC,"Sangurima",20
EC,"Cj",20
EC,"Garay",20
EC,"Uvidia",20
EC,"Cedeño Cedeño",20
EC,"Caluña",20
EC,"Villareal",20
EC,"Mediavilla",20
EC,"Chancusig",20
EC,"More",20
EC,"Ta",20
EC,"Adriano",20
EC,"Carcelen",20
EC,"Bermejo",20
EC,"Ribadeneira",20
EC,"Chisaguano",20
EC,"Pionce",20
EC,"Tagua",20
EC,"Balda",20
EC,"Benavidez",20
EC,"Tuqueres",20
EC,"Pugo",20
EC,"Villalobos",20
EC,"Campozano",20
EC,"Mancero",20
EC,"Lliguin",20
EC,"Chinga",20
EC,"Amaguaya",20
EC,"Chiquito",20
EC,"Polanco",20
EC,"Zambrano Vera",20
EC,"Huatatoca",20
EC,"Jijon",20
EC,"Bcs",20
EC,"Tp",20
EC,"Salasar",20
EC,"Galan",20
EC,"Batioja",20
EC,"Topon",20
EC,"Licuy",20
EC,"Marisol",19
EC,"Karina",19
EC,"Nicol",19
EC,"Segundo",19
EC,"Esteban",19
EC,"Victoria",19
EC,"Jhon",19
EC,"Aulestia",19
EC,"Guailla",19
EC,"Aguaiza",19
EC,"Nogales",19
EC,"Nicola",19
EC,"Patin",19
EC,"Nolivos",19
EC,"Pogo",19
EC,"Bernabe",19
EC,"Jb",19
EC,"Banegas",19
EC,"Llulluna",19
EC,"Salto",19
EC,"Baren",19
EC,"Chimarro",19
EC,"Ga",19
EC,"Labanda",19
EC,"Culqui",19
EC,"Huertas",19
EC,"Tirado",19
EC,"Sinchiguano",19
EC,"Tabango",19
EC,"Guala",19
EC,"Gr",19
EC,"Guillén",19
EC,"Arizaga",19
EC,"Buste",19
EC,"Bombon",19
EC,"Cevallo",19
EC,"Quirola",19
EC,"Yandun",19
EC,"Usiña",19
EC,"Aragundi",19
EC,"Placencia",19
EC,"Cuasapaz",19
EC,"Zweed",19
EC,"Yumbla",19
EC,"Nazate",19
EC,"Espinal",19
EC,"Noguera",19
EC,"Tinizaray",19
EC,"Frias",19
EC,"Mindiola",19
EC,"Guijarro",19
EC,"Minaya",19
EC,"Bacilio",19
EC,"Calo",19
EC,"Gonsalez",19
EC,"Nivela",19
EC,"Calapucha",19
EC,"Báez",19
EC,"Cuaran",19
EC,"Sanz",19
EC,"Blanco",19
EC,"Arequipa",19
EC,"Baños",19
EC,"Jj",19
EC,"Cuello",19
EC,"Aracely",18
EC,"Consentida",18
EC,"Lizeth",18
EC,"Gaby",18
EC,"Johanna",18
EC,"Checa",18
EC,"Atiencia",18
EC,"Carmen",18
EC,"Sofia",18
EC,"Guañuna",18
EC,"Sagbay",18
EC,"Pepe",18
EC,"Pazmino",18
EC,"Diego",18
EC,"Inca",18
EC,"Aules",18
EC,"Guachi",18
EC,"Landi",18
EC,"Melendez",18
EC,"Anaguano",18
EC,"Cantuña",18
EC,"Ilbay",18
EC,"Chacho",18
EC,"Peñaranda",18
EC,"Arrieta",18
EC,"Zambrano Macias",18
EC,"Alegria",18
EC,"Lagla",18
EC,"Santy",18
EC,"Barcos",18
EC,"Pallasco",18
EC,"Aucay",18
EC,"Pastrano",18
EC,"Ecuador",18
EC,"Hidrovo",18
EC,"St",18
EC,"Junco",18
EC,"Rs",18
EC,"Collantes",18
EC,"Quimbita",18
EC,"Cabello",18
EC,"Gil",18
EC,"Uriña",18
EC,"Araque",18
EC,"Corral",18
EC,"Falcon",18
EC,"Arturo",18
EC,"Chapi",18
EC,"Puchaicela",18
EC,"Maruri",18
EC,"Zeas",18
EC,"Aguila",18
EC,"Zhinin",18
EC,"Posso",18
EC,"Curillo",18
EC,"Mota",18
EC,"Campues",18
EC,"Pacha",18
EC,"Uchuari",18
EC,"Cuaspud",18
EC,"Chuez",18
EC,"Avendaño",18
EC,"Guaña",18
EC,"Requelme",18
EC,"Celorio",18
EC,"Tite",18
EC,"Ullaguari",18
EC,"Bv",18
EC,"Colimba",18
EC,"Clemente",18
EC,"Laines",18
EC,"Rangel",18
EC,"Albarado",18
EC,"Añapa",18
EC,"Torre",18
EC,"Lugmaña",18
EC,"Andrades",18
EC,"Gamez",18
EC,"Gavidia",18
EC,"Nacimba",18
EC,"Gerrero",18
EC,"Cholango",18
EC,"Alva",18
EC,"Aristega",18
EC,"María",17
EC,"Pilar",17
EC,"Danny",17
EC,"Casillas",17
EC,"Flaquita",17
EC,"Burga",17
EC,"Sanango",17
EC,"Ponguillo",17
EC,"Minga",17
EC,"Vale",17
EC,"Tocte",17
EC,"Indacochea",17
EC,"Elias",17
EC,"Catucuamba",17
EC,"Silvestre",17
EC,"Guajan",17
EC,"Lirio",17
EC,"Viscarra",17
EC,"Fariño",17
EC,"Tg",17
EC,"Toctaguano",17
EC,"Atupaña",17
EC,"Jarama",17
EC,"Pa",17
EC,"Pomaquiza",17
EC,"Picuasi",17
EC,"Macia",17
EC,"Mendes",17
EC,"Maita",17
EC,"Lg",17
EC,"Valeriano",17
EC,"Muyulema",17
EC,"Lojan",17
EC,"Gusqui",17
EC,"Valladolid",17
EC,"Plasencia",17
EC,"Pezo",17
EC,"Mazon",17
EC,"Hoyos",17
EC,"Camas",17
EC,"Caiche",17
EC,"Conlago",17
EC,"Gualavisi",17
EC,"Jg",17
EC,"Cayo",17
EC,"Cóndor",17
EC,"Lita",17
EC,"Rengel",17
EC,"Marcial",17
EC,"Seminario",17
EC,"Caraguay",17
EC,"Yanes",17
EC,"Ls",17
EC,"Quimbiulco",17
EC,"Alulima",17
EC,"Lv",17
EC,"Loor Loor",17
EC,"Garnica",17
EC,"Chenche",17
EC,"Solarte",17
EC,"Pv",17
EC,"Vázquez",17
EC,"Tarira",17
EC,"Juca",17
EC,"Avellan",17
EC,"Olives",17
EC,"Rg",17
EC,"Timbila",17
EC,"Portero",17
EC,"Yance",17
EC,"Barrios",17
EC,"Reasco",17
EC,"Luzardo",17
EC,"Edison",16
EC,"Rodrigo",16
EC,"Roberto",16
EC,"Pichucho",16
EC,"Tatiana",16
EC,"Stefany",16
EC,"Negrita",16
EC,"Cesar",16
EC,"Boom",16
EC,"Palta",16
EC,"Bravo Bravo",16
EC,"Pao",16
EC,"Leonel",16
EC,"Ponton",16
EC,"Yancha",16
EC,"Quijano",16
EC,"Sani",16
EC,"Fuel",16
EC,"Candela",16
EC,"Gusman",16
EC,"Camba",16
EC,"Guillin",16
EC,"Hc",16
EC,"Del Bsc",16
EC,"Pastor",16
EC,"Sari",16
EC,"Palaguachi",16
EC,"Chaves",16
EC,"Dumes",16
EC,"Vl",16
EC,"Guaño",16
EC,"Eugenio",16
EC,"Puglla",16
EC,"Lagua",16
EC,"Saa",16
EC,"Viveros",16
EC,"Guanotuña",16
EC,"Jl",16
EC,"Pilliza",16
EC,"At",16
EC,"Baldeón",16
EC,"Pasmiño",16
EC,"Velecela",16
EC,"Ureña",16
EC,"Vele",16
GT,"Lopez",51764
GT,"Perez",31997
GT,"Garcia",31195
GT,"Hernandez",25910
GT,"Morales",22487
GT,"Ramirez",16901
GT,"Gomez",15075
GT,"Gonzalez",15049
GT,"López",12433
GT,"Vasquez",10799
GT,"Martinez",10692
GT,"Mendez",10036
GT,"Rodriguez",9752
GT,"Ramos",9659
GT,"Reyes",9184
GT,"Aguilar",8671
GT,"Castillo",8669
GT,"Hernández",7887
GT,"Velasquez",7687
GT,"De Leon",7437
GT,"Diaz",7339
GT,"Estrada",6960
GT,"Alvarez",6833
GT,"Alvarado",6814
GT,"Marroquin",6694
GT,"Cruz",6688
GT,"Pérez",6667
GT,"Mejia",6553
GT,"García",6537
GT,"Gonzales",6377
GT,"Escobar",6283
GT,"Ortiz",6277
GT,"Mendoza",6275
GT,"Juarez",6042
GT,"Castro",6031
GT,"Barrios",5971
GT,"Flores",5948
GT,"Sanchez",5908
GT,"Herrera",5638
GT,"Caal",5450
GT,"González",5216
GT,"Santos",5050
GT,"Rivera",5045
GT,"Chavez",4523
GT,"Pineda",4485
GT,"Rodas",4438
GT,"Fuentes",4396
GT,"Ruiz",4284
GT,"Contreras",3889
GT,"Lemus",3873
GT,"Jimenez",3866
GT,"Salazar",3810
GT,"Orellana",3786
GT,"Mazariegos",3777
GT,"Rosales",3771
GT,"Gutierrez",3760
GT,"Orozco",3743
GT,"Gómez",3734
GT,"Sandoval",3692
GT,"Guzman",3590
GT,"Maldonado",3554
GT,"Ramírez",3544
GT,"Ordoñez",3517
GT,"Cabrera",3508
GT,"De León",3502
GT,"Cardona",3460
GT,"Vicente",3405
GT,"Miranda",3383
GT,"Carrillo",3344
GT,"Cifuentes",3315
GT,"Guerra",3145
GT,"Torres",3101
GT,"Osorio",3078
GT,"Choc",2954
GT,"Alonzo",2797
GT,"Rodríguez",2703
GT,"Monterroso",2669
GT,"Soto",2646
GT,"Figueroa",2571
GT,"Barrera",2541
GT,"Martínez",2516
GT,"Rivas",2499
GT,"Muñoz",2478
GT,"Samayoa",2443
GT,"Franco",2431
GT,"Solis",2421
GT,"Paz",2421
GT,"Molina",2384
GT,"Argueta",2356
GT,"Giron",2350
GT,"Vásquez",2305
GT,"Vargas",2292
GT,"Romero",2243
GT,"Lima",2226
GT,"Cortez",2135
GT,"Méndez",2128
GT,"Monroy",2126
GT,"Ruano",2072
GT,"Recinos",2053
GT,"Avila",2048
GT,"Sosa",2037
GT,"Castañeda",2036
GT,"De La Cruz",2034
GT,"Calderon",2024
GT,"Villatoro",2017
GT,"Pop",2003
GT,"Ochoa",1995
GT,"Godoy",1991
GT,"Aldana",1964
GT,"Rojas",1930
GT,"Ventura",1904
GT,"Castellanos",1903
GT,"Salguero",1872
GT,"Lux",1837
GT,"Ortega",1800
GT,"Valenzuela",1782
GT,"Barrientos",1768
GT,"Corado",1756
GT,"Mateo",1754
GT,"Santizo",1741
GT,"Palacios",1732
GT,"Lopes",1720
GT,"Monzon",1683
GT,"Bautista",1682
GT,"Galicia",1679
GT,"Sánchez",1652
GT,"Velásquez",1647
GT,"Godinez",1643
GT,"Moran",1633
GT,"Ramires",1631
GT,"Najera",1617
GT,"Cano",1613
GT,"Calel",1589
GT,"Merida",1588
GT,"Del Cid",1579
GT,"Lucas",1576
GT,"Duarte",1544
GT,"Valdez",1536
GT,"Barillas",1530
GT,"Oliva",1522
GT,"Veliz",1519
GT,"Raymundo",1507
GT,"Aguirre",1501
GT,"Pirir",1470
GT,"Pacheco",1454
GT,"Portillo",1452
GT,"Coc",1445
GT,"Leon",1436
GT,"Macario",1434
GT,"De Paz",1422
GT,"Luna",1416
GT,"Chacon",1414
GT,"Jiménez",1406
GT,"Donis",1403
GT,"Juárez",1399
GT,"Peres",1392
GT,"Marroquín",1367
GT,"Paredes",1362
GT,"Gramajo",1354
GT,"Coronado",1352
GT,"Guzmán",1342
GT,"Arias",1341
GT,"Arevalo",1318
GT,"Galindo",1314
GT,"Hernandes",1289
GT,"Pablo",1281
GT,"Patzan",1268
GT,"Chan",1262
GT,"Solares",1254
GT,"Galvez",1253
GT,"Sagastume",1250
GT,"Lorenzo",1240
GT,"Zacarias",1231
GT,"Zamora",1229
GT,"Gomes",1227
GT,"Arana",1223
GT,"Montenegro",1223
GT,"Davila",1204
GT,"Campos",1204
GT,"Esquivel",1193
GT,"Agustin",1188
GT,"Mejía",1171
GT,"Palma",1167
GT,"Ajanel",1158
GT,"Melgar",1155
GT,"Chinchilla",1151
GT,"Roblero",1141
GT,"Elias",1140
GT,"Linares",1140
GT,"Gutiérrez",1136
GT,"Santiago",1122
GT,"Domingo",1116
GT,"Medina",1114
GT,"Morataya",1113
GT,"Díaz",1108
GT,"Gabriel",1102
GT,"Fajardo",1102
GT,"Alfaro",1098
GT,"Zepeda",1095
GT,"Quiñonez",1090
GT,"Fernandez",1085
GT,"Aquino",1082
GT,"Carrera",1081
GT,"Larios",1074
GT,"Escalante",1066
GT,"Martin",1058
GT,"Lara",1058
GT,"Vega",1041
GT,"Matias",1040
GT,"Tobar",1031
GT,"Espinoza",1029
GT,"Leiva",1027
GT,"Salvador",1026
GT,"Felipe",1025
GT,"Ovalle",1016
GT,"Reynoso",1015
GT,"Enriquez",998
GT,"Tiul",969
GT,"Ambrocio",967
GT,"Peña",966
GT,"Xol",952
GT,"Puac",952
GT,"Chen",951
GT,"Navarro",950
GT,"Bonilla",948
GT,"Alexander",946
GT,"Ixcoy",941
GT,"Blanco",941
GT,"Revolorio",930
GT,"Batz",930
GT,"Camey",929
GT,"Mayen",923
GT,"Esteban",923
GT,"Valle",912
GT,"Ayala",912
GT,"Antonio",911
GT,"Martines",911
GT,"Juan",909
GT,"Navas",908
GT,"Carias",900
GT,"Chávez",899
GT,"Polanco",898
GT,"Garsia",897
GT,"Arreaga",896
GT,"Calderón",895
GT,"Batres",889
GT,"Chun",887
GT,"Moreno",886
GT,"Baten",882
GT,"Paiz",882
GT,"Guevara",863
GT,"España",862
GT,"Dominguez",858
GT,"Gonsales",858
GT,"Archila",855
GT,"Gonsalez",850
GT,"Coy",849
GT,"Cucul",848
GT,"Tomas",831
GT,"Peralta",831
GT,"Robles",829
GT,"Solorzano",826
GT,"Yat",824
GT,"Palencia",824
GT,"Chajon",821
GT,"Miguel",814
GT,"Luis",812
GT,"Carranza",811
GT,"Catalan",808
GT,"Medrano",805
GT,"Yax",798
GT,"Urizar",791
GT,"Grijalva",784
GT,"Chay",782
GT,"Saquic",774
GT,"Yoc",772
GT,"Rios",770
GT,"Suchite",768
GT,"Gudiel",762
GT,"Bran",758
GT,"Ical",752
GT,"Linda",749
GT,"Francisco",749
GT,"Bravo",747
GT,"Zuñiga",740
GT,"Pinto",738
GT,"Barahona",736
GT,"Delgado",734
GT,"Colindres",730
GT,"Padilla",726
GT,"Chilel",724
GT,"Roldan",719
GT,"Cuc",716
GT,"Álvarez",716
GT,"Mijangos",713
GT,"Arriola",711
GT,"Gil",707
GT,"Arriaza",707
GT,"Acevedo",707
GT,"Jose",706
GT,"Itzep",700
GT,"Garrido",697
GT,"Hidalgo",694
GT,"Marcos",688
GT,"Yac",687
GT,"Pelico",687
GT,"Bamaca",686
GT,"Macz",684
GT,"Cordero",678
GT,"Cordon",677
GT,"Zapeta",671
GT,"Sontay",671
GT,"Manuel",669
GT,"Villeda",668
GT,"Tzoc",666
GT,"Villagran",664
GT,"Lorenzana",658
GT,"Quevedo",654
GT,"Granados",653
GT,"Florian",648
GT,"Girón",648
GT,"Angel",646
GT,"Dias",645
GT,"Sarceño",644
GT,"Melendez",642
GT,"Rodrigues",638
GT,"Dubon",637
GT,"Tubac",636
GT,"Pascual",636
GT,"Sequen",636
GT,"Noriega",635
GT,"Us",632
GT,"Mayorga",632
GT,"Gregorio",630
GT,"Trujillo",630
GT,"Sierra",629
GT,"Chamale",629
GT,"Pastor",628
GT,"Segura",622
GT,"Andrade",622
GT,"Canel",621
GT,"Cordova",621
GT,"Tello",618
GT,"Pu",613
GT,"Quino",610
GT,"Guarcas",610
GT,"Toj",608
GT,"Lobos",608
GT,"Orantes",608
GT,"Sanches",608
GT,"Xiloj",602
GT,"Carlos",600
GT,"Pereira",595
GT,"Acabal",593
GT,"Toledo",593
GT,"Deleon",591
GT,"Marin",591
GT,"Olivares",589
GT,"Valladares",588
GT,"Pedro",586
GT,"Alvizures",586
GT,"Monzón",585
GT,"Jeronimo",582
GT,"Sis",581
GT,"Muralles",580
GT,"Leal",574
GT,"Tum",571
GT,"Boror",569
GT,"Gallardo",564
GT,"Culajay",562
GT,"Herrarte",561
GT,"Montufar",561
GT,"Lucero",561
GT,"Jacinto",560
GT,"Ch",557
GT,"Carreto",556
GT,"Funes",555
GT,"Milian",553
GT,"Madrid",549
GT,"De Lopez",547
GT,"Alejandro",546
GT,"Gt",546
GT,"Cac",545
GT,"Sian",545
GT,"Sac",545
GT,"Chiroy",544
GT,"Chumil",544
GT,"Menendez",544
GT,"Can",542
GT,"Asencio",541
GT,"Arriaga",538
GT,"Fernando",537
GT,"Roman",536
GT,"David",535
GT,"Colop",532
GT,"Xicay",531
GT,"León",521
GT,"Toc",519
GT,"Juares",516
GT,"Mendes",515
GT,"Mérida",514
GT,"Quiroa",511
GT,"Tax",509
GT,"Jerez",509
GT,"Andres",508
GT,"Diego",505
GT,"Ordóñez",504
GT,"Raxon",498
GT,"Ordoñes",498
GT,"Tuy",497
GT,"Silva",497
GT,"Najarro",497
GT,"Maquin",494
GT,"Lopez Lopez",492
GT,"Sazo",490
GT,"Guatemala",488
GT,"Estuardo",487
GT,"Tambriz",487
GT,"Vela",487
GT,"Eduardo",484
GT,"Simon",484
GT,"Vasques",484
GT,"Daniel",483
GT,"Alarcon",483
GT,"Sarat",483
GT,"Brito",483
GT,"Pacay",482
GT,"Silvestre",479
GT,"Quintanilla",477
GT,"Paxtor",476
GT,"Castañon",474
GT,"De La Rosa",473
GT,"Yanes",469
GT,"Oxlaj",469
GT,"Che",464
GT,"Aragon",463
GT,"Alvares",461
GT,"Bernal",461
GT,"Peréz",461
GT,"Ovando",459
GT,"Tzul",456
GT,"Echeverria",454
GT,"Fernández",452
GT,"Suruy",451
GT,"Cardenas",451
GT,"Ardon",450
GT,"Enrique",449
GT,"Del Valle",448
GT,"Alva",445
GT,"Mancilla",445
GT,"Roca",441
GT,"Tzoy",440
GT,"Cua",440
GT,"Cuyuch",440
GT,"Menchu",440
GT,"Rafael",438
GT,"Cal",438
GT,"Lopéz",437
GT,"Guarchaj",437
GT,"Interiano",434
GT,"Jimenes",433
GT,"Chacón",432
GT,"Vazquez",431
GT,"Cos",430
GT,"Nolasco",430
GT,"Avalos",428
GT,"Dieguez",427
GT,"Noj",427
GT,"Bocel",427
GT,"Rabanales",423
GT,"Gaitan",422
GT,"Boch",420
GT,"Suy",420
GT,"Soc",420
GT,"Tista",420
GT,"Gutierres",420
GT,"Gonzáles",420
GT,"Quintana",419
GT,"Tojin",418
GT,"Sinay",418
GT,"Santay",417
GT,"Tzep",416
GT,"Moralez",415
GT,"Rax",414
GT,"Montejo",412
GT,"Saban",411
GT,"Sam",411
GT,"Prado",411
GT,"Velasco",409
GT,"Azurdia",406
GT,"Chaj",405
GT,"Jacobo",404
GT,"Hernadez",404
GT,"Tol",403
GT,"Ponce",402
GT,"Turcios",401
GT,"Roque",401
GT,"Bolaños",401
GT,"Aceituno",400
GT,"Vail",400
GT,"Mauricio",398
GT,"Borrayo",398
GT,"Gaspar",398
GT,"Villanueva",397
GT,"Galdamez",397
GT,"Chavarria",396
GT,"Chitay",391
GT,"Cante",391
GT,"Mansilla",390
GT,"Cu",386
GT,"Chivalan",385
GT,"Tun",384
GT,"Marquez",384
GT,"De Garcia",383
GT,"Gamez",382
GT,"Gusman",382
GT,"Barreno",381
GT,"Guerrero",381
GT,"Guillen",380
GT,"Moscoso",380
GT,"Ac",378
GT,"Frank",376
GT,"Caceres",375
GT,"Agustín",375
GT,"Alonso",374
GT,"Meza",372
GT,"Canil",372
GT,"Baltazar",372
GT,"Coyoy",371
GT,"Quej",370
GT,"Yuman",369
GT,"Ceballos",368
GT,"Chuc",368
GT,"Valiente",368
GT,"Gamboa",367
GT,"Cumes",365
GT,"Cuellar",365
GT,"Yaxon",365
GT,"Lazaro",365
GT,"Chocoj",364
GT,"Escobedo",364
GT,"Cux",363
GT,"Casasola",362
GT,"Urbina",362
GT,"Poz",361
GT,"Aroche",361
GT,"Aju",360
GT,"Montes",360
GT,"Maria",359
GT,"Osoy",359
GT,"Chanchavac",359
GT,"Par",359
GT,"Saloj",357
GT,"Morente",356
GT,"Cervantes",356
GT,"Zelada",356
GT,"Quezada",354
GT,"Tiu",354
GT,"Velasques",354
GT,"Paniagua",354
GT,"Sapon",354
GT,"Natareno",351
GT,"Ico",350
GT,"Cuz",350
GT,"Serrano",349
GT,"Trigueros",347
GT,"Lòpez",347
GT,"Subuyuj",346
GT,"Zet",343
GT,"Suarez",343
GT,"Pivaral",342
GT,"Say",342
GT,"Urrutia",339
GT,"Saravia",336
GT,"Beltran",336
GT,"Rosa",336
GT,"Cermeño",335
GT,"Arroyo",335
GT,"Vázquez",335
GT,"Ibarra",333
GT,"Sebastian",332
GT,"Sales",331
GT,"Arévalo",331
GT,"Real",330
GT,"Reyna",330
GT,"Jolon",329
GT,"Tecun",329
GT,"Armas",327
GT,"Vielman",327
GT,"Panjoj",325
GT,"Velazquez",325
GT,"Villalta",323
GT,"Ambrosio",321
GT,"Bol",320
GT,"Tecum",320
GT,"Paau",319
GT,"Leonardo",318
GT,"Cisneros",317
GT,"Julajuj",316
GT,"Chali",316
GT,"Gálvez",316
GT,"Son",315
GT,"Ernandez",315
GT,"Coj",312
GT,"De Morales",309
GT,"Saenz",309
GT,"Loarca",308
GT,"Josue",307
GT,"Asturias",306
GT,"Salvatierra",305
GT,"Canahui",304
GT,"Pelaez",303
GT,"Alberto",302
GT,"Sacul",302
GT,"Bin",302
GT,"Ernandes",302
GT,"De Hernandez",301
GT,"Grajeda",300
GT,"Nuñez",298
GT,"Morán",298
GT,"Miculax",297
GT,"Pol",297
GT,"Salas",295
GT,"Porras",295
GT,"Elizabeth",294
GT,"Joj",293
GT,"Oscal",291
GT,"Tut",288
GT,"Chic",288
GT,"Chacaj",287
GT,"Jordan",287
GT,"Higueros",287
GT,"Callejas",287
GT,"De Perez",286
GT,"Gatica",286
GT,"Ralda",286
GT,"José",285
GT,"Javier",285
GT,"Benito",284
GT,"Cinto",284
GT,"Cahuec",284
GT,"Perdomo",284
GT,"Rodrigez",283
GT,"Xitumul",282
GT,"Sanic",281
GT,"Damian",281
GT,"Urias",281
GT,"Dávila",280
GT,"Cutzal",278
GT,"Lopezz",277
GT,"Jorge",275
GT,"Amaya",275
GT,"Sican",274
GT,"Lem",273
GT,"Mota",273
GT,"Mora",273
GT,"Ajin",272
GT,"Mejicanos",272
GT,"Sol",272
GT,"Alex",271
GT,"Cho",271
GT,"Villa",271
GT,"Berganza",269
GT,"Matul",268
GT,"Valencia",268
GT,"Espino",268
GT,"Tzunux",267
GT,"Chaves",267
GT,"Guamuch",266
GT,"Amador",266
GT,"Ajpop",266
GT,"Arita",264
GT,"Mo",263
GT,"Renoj",263
GT,"Velázquez",263
GT,"Zetino",262
GT,"Nájera",260
GT,"Felix",259
GT,"Bac",258
GT,"Alay",258
GT,"Moreira",258
GT,"Ixcot",257
GT,"Sacalxot",257
GT,"Catalán",257
GT,"Mata",255
GT,"Caballeros",255
GT,"Puluc",254
GT,"Cacao",254
GT,"Martín",254
GT,"Mendizabal",254
GT,"Roquel",253
GT,"Xon",252
GT,"Chox",252
GT,"Chiquin",251
GT,"Villegas",250
GT,"Duque",250
GT,"Lares",249
GT,"Lacan",249
GT,"Cordón",249
GT,"Sic",249
GT,"Meda",248
GT,"Calmo",247
GT,"Galeano",247
GT,"Mendosa",247
GT,"Mencos",246
GT,"Tumax",246
GT,"Montoya",245
GT,"Camposeco",245
GT,"Zuleta",245
GT,"Iboy",244
GT,"Ibañez",244
GT,"Dionicio",243
GT,"Bella",242
GT,"Nicolas",242
GT,"Poou",242
GT,"Dardon",242
GT,"Machic",241
GT,"Retana",241
GT,"Sanabria",241
GT,"Zavala",241
GT,"Quib",240
GT,"Gracia",240
GT,"Tepaz",239
GT,"Laynez",239
GT,"Socop",239
GT,"Cumez",238
GT,"Solano",237
GT,"Alegria",237
GT,"Tzunun",237
GT,"Divas",237
GT,"Saucedo",237
GT,"Del Aguila",236
GT,"Cali",236
GT,"Simaj",235
GT,"Chavajay",234
GT,"Yaxcal",233
GT,"Chonay",233
GT,"Chang",233
GT,"Sipac",233
GT,"Balan",233
GT,"Juc",232
GT,"Izaguirre",232
GT,"Rodriges",232
GT,"Arango",232
GT,"Sicay",230
GT,"Tot",230
GT,"Yos",230
GT,"Conde",229
GT,"Löpëz",229
GT,"Crisostomo",228
GT,"Zacarías",227
GT,"Choy",226
GT,"Quiej",226
GT,"Perez Perez",226
GT,"Garcias",226
GT,"Vidal",225
GT,"Uz",225
GT,"Quinteros",225
GT,"Junior",223
GT,"Hurtado",223
GT,"Montero",223
GT,"Leonel",222
GT,"Chuy",222
GT,"Amado",222
GT,"Tejada",222
GT,"Tipaz",222
GT,"Monrroy",222
GT,"Armando",221
GT,"Carpio",221
GT,"Yucute",221
GT,"Illescas",221
GT,"Perez Lopez",220
GT,"Duran",220
GT,"Vanegas",219
GT,"Arredondo",218
GT,"Bolvito",218
GT,"Siquina",218
GT,"Chitic",218
GT,"Chavac",217
GT,"Virula",217
GT,"Solval",217
GT,"Montepeque",217
GT,"Salanic",217
GT,"Pec",216
GT,"Car",215
GT,"Aleman",215
GT,"Abrego",215
GT,"Tovar",215
GT,"Botzoc",214
GT,"Poncio",214
GT,"De López",213
GT,"Max",213
GT,"Xiquin",213
GT,"Villalobos",213
GT,"Pedroza",213
GT,"Posadas",213
GT,"Sical",212
GT,"Esquit",212
GT,"Grave",212
GT,"Ixchop",211
GT,"Cipriano",211
GT,"Camacho",211
GT,"Corzo",211
GT,"Maas",210
GT,"Tay",210
GT,"Peñate",210
GT,"Cedillo",209
GT,"Caniz",208
GT,"Quiñones",208
GT,"Smith",207
GT,"Rustrian",207
GT,"Torrez",207
GT,"Motta",206
GT,"Kaal",205
GT,"Buch",205
GT,"Pimentel",205
GT,"Garza",205
GT,"Garcia Garcia",203
GT,"Soberanis",202
GT,"Pinzon",202
GT,"Cetino",202
GT,"Tomás",202
GT,"Sosof",201
GT,"Otzoy",201
GT,"Valdes",201
GT,"Carcamo",201
GT,"Atz",201
GT,"Arauz",201
GT,"Masariegos",201
GT,"Sagui",200
GT,"Rey",200
GT,"Avendaño",200
GT,"Poroj",200
GT,"Coroy",200
GT,"Matías",200
GT,"Soliz",200
GT,"Lopez Perez",199
GT,"Chocooj",199
GT,"Suhul",199
GT,"Acosta",199
GT,"Ucelo",199
GT,"De Gonzalez",198
GT,"Roberto",198
GT,"Cajas",198
GT,"Cobo",198
GT,"Imul",197
GT,"Xivir",197
GT,"Pixtun",197
GT,"Secaida",197
GT,"Pèrez",197
GT,"Domínguez",197
GT,"Ordonez",196
GT,"Cojon",196
GT,"Folgar",196
GT,"Beteta",196
GT,"Muños",196
GT,"Charly",195
GT,"Alejandra",195
GT,"Santana",195
GT,"Sale",195
GT,"Temaj",195
GT,"Alfredo",194
GT,"De Ramirez",194
GT,"Mux",194
GT,"Tc",194
GT,"Berduo",194
GT,"Ortíz",194
GT,"Emanuel",193
GT,"Mas",193
GT,"Jerónimo",193
GT,"Gordillo",193
GT,"Farfan",193
GT,"Ajtun",193
GT,"Guarcax",192
GT,"Ceto",192
GT,"Xep",191
GT,"Tzaj",191
GT,"Vides",191
GT,"Mario",190
GT,"Tec",190
GT,"Ichich",190
GT,"Arrecis",190
GT,"Balcarcel",190
GT,"Sajche",190
GT,"De La Roca",190
GT,"Huertas",190
GT,"Top",189
GT,"Tocay",189
GT,"Boc",189
GT,"Chojolan",189
GT,"Pc",188
GT,"Bulux",188
GT,"Turuy",188
GT,"Yol",186
GT,"Payes",186
GT,"Ajpacaja",186
GT,"Cotzojay",185
GT,"Zeceña",185
GT,"Geronimo",185
GT,"Trejo",185
GT,"Camaja",185
GT,"Rubio",185
GT,"Carbajal",185
GT,"Boche",184
GT,"Armira",184
GT,"Erazo",184
GT,"Solórzano",184
GT,"Mucu",183
GT,"Cr",183
GT,"Lainez",183
GT,"Orosco",183
GT,"Pichiya",183
GT,"Sop",182
GT,"Gracias",182
GT,"De Gomez",181
GT,"Ardiano",181
GT,"Abac",181
GT,"Ixcotoyac",180
GT,"Sicajau",180
GT,"Cristales",180
GT,"Vivar",179
GT,"Xuya",178
GT,"Belteton",178
GT,"Cerna",178
GT,"Aguilon",177
GT,"Lutin",177
GT,"Yool",177
GT,"Sirin",177
GT,"Cortes",177
GT,"Adolfo",176
GT,"Cosigua",176
GT,"Col",176
GT,"Quiche",176
GT,"Gamarro",176
GT,"Requena",176
GT,"Lopez Garcia",175
GT,"Ajuchan",175
GT,"Navarijo",175
GT,"Sutuj",175
GT,"Equite",174
GT,"Menéndez",174
GT,"Siney",173
GT,"Espina",172
GT,"Rene",171
GT,"Xum",171
GT,"Catu",171
GT,"Arrivillaga",171
GT,"Telon",171
GT,"Burgos",170
GT,"Rosario",170
GT,"Zapata",170
GT,"Jc",169
GT,"Xec",169
GT,"Sen",169
GT,"Godines",169
GT,"Taracena",169
GT,"Obando",169
GT,"Boteo",169
GT,"Quim",168
GT,"Tucubal",168
GT,"Ixmata",168
GT,"Loaiza",168
GT,"Tuch",168
GT,"Ajqui",168
GT,"Bartolon",168
GT,"Ribera",168
GT,"Cuin",167
GT,"Fabian",167
GT,"Melchor",167
GT,"Zapet",167
GT,"Teo",166
GT,"Cotzajay",166
GT,"Letona",166
GT,"Albarado",166
GT,"Aparicio",166
GT,"Mar",165
GT,"Ixtos",165
GT,"Meléndez",165
GT,"Simón",163
GT,"Matzar",163
GT,"Sc",163
GT,"Omar",162
GT,"Xona",162
GT,"Roldán",162
GT,"Guox",161
GT,"Ujpan",161
GT,"Benavente",161
GT,"Teletor",160
GT,"Saavedra",160
GT,"Aragón",160
GT,"Cobon",160
GT,"Cm",160
GT,"Trinidad",160
GT,"Franck",159
GT,"Perezz",159
GT,"Bustamante",159
GT,"Solitario",158
GT,"Mary",158
GT,"Garcia Lopez",158
GT,"Guillermo",158
GT,"Chiyal",158
GT,"Serech",158
GT,"Fernanda",157
GT,"Cap",157
GT,"Socoy",157
GT,"Tunche",157
GT,"Cun",157
GT,"Tizol",157
GT,"Baquiax",157
GT,"Castellano",157
GT,"Tiño",156
GT,"Tellez",156
GT,"Lemuz",156
GT,"Cc",156
GT,"Rolando",155
GT,"Tzun",155
GT,"Asig",154
GT,"Riquiac",154
GT,"Isem",154
GT,"Charuc",154
GT,"Orrego",154
GT,"Tale",154
GT,"Bámaca",154
GT,"Fer",153
GT,"Lastor",153
GT,"Tercero",153
GT,"Prz",153
GT,"Zabaleta",153
GT,"Gonon",153
GT,"Mena",153
GT,"Az",153
GT,"Hernan",152
GT,"Huinac",152
GT,"Guachiac",152
GT,"Citalan",152
GT,"Merlos",152
GT,"Andrés",151
GT,"Chicoj",151
GT,"Zarate",151
GT,"Benitez",151
GT,"Paola",150
GT,"Godínez",150
GT,"Marisol",149
GT,"Leo",149
GT,"Iquic",149
GT,"Tepeu",149
GT,"Caxaj",149
GT,"Parada",149
GT,"Chach",149
GT,"Enríquez",149
GT,"Sohom",148
GT,"Ct",148
GT,"Lam",148
GT,"Roche",148
GT,"Velas",148
GT,"Cox",148
GT,"Cesar",147
GT,"Suar",147
GT,"Montecinos",147
GT,"Petzey",147
GT,"Tupul",147
GT,"Piedrasanta",147
GT,"Celada",147
GT,"Hernàndez",146
GT,"Coxaj",146
GT,"Tejeda",146
GT,"Borja",146
GT,"Sunun",145
GT,"Tzalam",145
GT,"Sebas",145
GT,"Solís",145
GT,"Cartagena",145
GT,"Casillas",144
GT,"Jesus",144
GT,"Zurdo",144
GT,"Her",144
GT,"Laparra",144
GT,"Colaj",144
GT,"Siquinajay",144
GT,"Maaz",143
GT,"Oliveros",143
GT,"Arenas",143
GT,"Matta",143
GT,"Pocon",142
GT,"Soyos",142
GT,"Curup",141
GT,"Tian",141
GT,"Julian",141
GT,"Sipaque",141
GT,"Poitan",141
GT,"Alarcón",141
GT,"Lopz",141
GT,"Albizures",141
GT,"Cuevas",141
GT,"Cristal",141
GT,"Përëz",141
GT,"Melendrez",140
GT,"Tecu",140
GT,"Cantoral",140
GT,"Caba",140
GT,"Esquite",139
GT,"Chiguichon",139
GT,"Apen",139
GT,"Nova",139
GT,"Terraza",139
GT,"Román",139
GT,"Niz",139
GT,"Baran",138
GT,"Colocho",138
GT,"Sotoj",138
GT,"Anleu",138
GT,"Cancinos",138
GT,"Salasar",138
GT,"Cadenas",138
GT,"Fonseca",138
GT,"Sica",138
GT,"Cardoza",138
GT,"Chaclan",138
GT,"Ceron",138
GT,"Mach",137
GT,"Canastuj",137
GT,"Villela",137
GT,"Lajuj",137
GT,"De Castillo",136
GT,"Shol",136
GT,"Laj",136
GT,"Aceytuno",136
GT,"Elías",136
GT,"Nix",136
GT,"Cayax",136
GT,"Capriel",136
GT,"Dueñas",136
GT,"Tulul",136
GT,"Tema",135
GT,"Zabala",135
GT,"Noguera",135
GT,"Sa",134
GT,"Ajcalon",134
GT,"Guate",134
GT,"Pernillo",134
GT,"Tahay",134
GT,"Orlando",133
GT,"Sisimit",133
GT,"Meneses",133
GT,"Corona",133
GT,"Albeño",133
GT,"Xar",133
GT,"Pozuelos",133
GT,"Maroquin",133
GT,"Cuxil",132
GT,"Dubón",132
GT,"Tuquer",132
GT,"Delcid",132
GT,"Saquil",132
GT,"Nufio",132
GT,"De Rodriguez",131
GT,"Romeo",131
GT,"Peinado",131
GT,"Chet",131
GT,"Ba",131
GT,"Magaña",131
GT,"Betancourth",131
GT,"De Vasquez",130
GT,"Coz",130
GT,"Tezen",130
GT,"Beb",130
GT,"Pelicó",130
GT,"Chopen",130
GT,"Cabnal",130
GT,"Jax",130
GT,"Coro",130
GT,"Chuta",130
GT,"Vazques",130
GT,"Barco",130
GT,"Ipiña",130
GT,"Maeda",130
GT,"Racancoj",129
GT,"Soloman",129
GT,"Xoy",129
GT,"Anton",129
GT,"Rueda",129
GT,"Rm",129
GT,"Gaytan",129
GT,"Cáceres",129
GT,"Meletz",128
GT,"Xela",128
GT,"Nij",128
GT,"Tebalan",128
GT,"Sajvin",128
GT,"Cortéz",128
GT,"Chamorro",128
GT,"Velazques",128
GT,"Cajbon",127
GT,"Lopez Hernandez",127
GT,"Santa Cruz",127
GT,"Muy",127
GT,"Castaneda",127
GT,"Suret",127
GT,"Menjivar",127
GT,"Cotom",127
GT,"Caal Caal",126
GT,"Arenales",126
GT,"Pelen",126
GT,"Regalado",126
GT,"Boj",126
GT,"Maribel",125
GT,"De Jesus",125
GT,"Guitz",125
GT,"Quel",125
GT,"Zelaya",125
GT,"Mazate",125
GT,"Villafuerte",125
GT,"Xicara",125
GT,"De Martinez",124
GT,"Isabel",124
GT,"Chicol",124
GT,"Amperez",124
GT,"Aj",124
GT,"Palomo",124
GT,"Cárdenas",124
GT,"Amezquita",124
GT,"Ixcol",124
GT,"Munguia",124
GT,"Salinas",123
GT,"Ruíz",123
GT,"Ajquejay",123
GT,"Centeno",123
GT,"Landaverde",123
GT,"Anzueto",123
GT,"Lázaro",123
GT,"Quinillo",123
GT,"Cotiy",123
GT,"Sandobal",123
GT,"Umul",122
GT,"Jom",122
GT,"Burrion",122
GT,"Chocon",122
GT,"Alcantara",122
GT,"Bixcul",122
GT,"Utuy",122
GT,"Pellecer",122
GT,"Reyez",122
GT,"Putul",121
GT,"Och",121
GT,"Chocojay",121
GT,"Véliz",121
GT,"De García",120
GT,"Gualim",120
GT,"Thomas",120
GT,"Poron",120
GT,"Sut",120
GT,"Luc",120
GT,"Calito",120
GT,"Moya",120
GT,"Claudio",120
GT,"Juracan",119
GT,"Suc",119
GT,"Itzol",119
GT,"Andrino",119
GT,"Betancourt",119
GT,"Córdova",119
GT,"Ríos",119
GT,"Gabriela",118
GT,"Pana",118
GT,"San",118
GT,"Calan",118
GT,"Galvan",118
GT,"Lepe",118
GT,"Set",118
GT,"Sajbin",118
GT,"Bal",118
GT,"Piche",118
GT,"Jiatz",118
GT,"Obregon",118
GT,"Sil",117
GT,"Ignacio",117
GT,"Cojolon",117
GT,"Gc",117
GT,"Bor",117
GT,"Teni",117
GT,"Tavico",117
GT,"Celis",117
GT,"Sifuentes",117
GT,"Echeverría",117
GT,"De Alvarez",116
GT,"Alexis",116
GT,"De Aguilar",116
GT,"Acte",116
GT,"Crispin",116
GT,"Hurtarte",116
GT,"Tzic",116
GT,"Tacam",116
GT,"Quelex",116
GT,"Uyu",116
GT,"De Reyes",115
GT,"De Ramos",115
GT,"Depaz",115
GT,"Ailon",115
GT,"De Hernández",114
GT,"Muj",114
GT,"Reanda",114
GT,"Altan",114
GT,"Tzina",114
GT,"Calo",114
GT,"Siliezar",114
GT,"Mac",113
GT,"Rac",113
GT,"Cuy",113
GT,"Alburez",113
GT,"Pojoy",113
GT,"López López",113
GT,"Cg",113
GT,"Humberto",112
GT,"Quieju",112
GT,"Tiniguar",112
GT,"Patzán",112
GT,"Chacach",112
GT,"Goméz",112
GT,"May",112
GT,"Ronaldo",111
GT,"Elena",111
GT,"Ulin",111
GT,"Batzin",111
GT,"Jochola",111
GT,"Yantuche",111
GT,"Porres",111
GT,"Lope",111
GT,"Funez",111
GT,"Suárez",111
GT,"Jacome",111
GT,"Sebastián",111
GT,"Anibal",110
GT,"De Mendez",110
GT,"Rodrigo",110
GT,"Briones",110
GT,"Ola",110
GT,"Canales",110
GT,"De Pérez",109
GT,"Rancho",109
GT,"Ben",109
GT,"Casia",109
GT,"Quisquina",109
GT,"De Leòn",109
GT,"Ronquillo",109
GT,"Rosal",109
GT,"Cocon",109
GT,"Robledo",109
GT,"Quiacain",109
GT,"Luz",108
GT,"Lobo",108
GT,"Ax",108
GT,"Maza",108
GT,"Alvizurez",108
GT,"Mollinedo",108
GT,"Ajualip",108
GT,"Cutz",108
GT,"Quinilla",108
GT,"Canté",108
GT,"Pichilla",108
GT,"Villavicencio",107
GT,"Artola",107
GT,"Sicajan",107
GT,"Sotz",107
GT,"Hërnändëz",107
GT,"Isidro",107
GT,"Constanza",107
GT,"Bardales",107
GT,"Cazun",107
GT,"Perez Hernandez",106
GT,"Tul",106
GT,"Acajabon",106
GT,"Rosas",106
GT,"Xirum",106
GT,"Lancerio",106
GT,"Azañon",106
GT,"Alecio",106
GT,"Ortis",106
GT,"Garay",106
GT,"Carillo",106
GT,"Ricardo",105
GT,"Andrea",105
GT,"Esmeralda",105
GT,"Cristobal",105
GT,"Sintuj",105
GT,"Cb",105
GT,"Anavisca",105
GT,"Lp",105
GT,"Toma",105
GT,"Uluan",105
GT,"Ponciano",105
GT,"De Flores",104
GT,"Leticia",104
GT,"Marina",104
GT,"Chin",104
GT,"Suram",104
GT,"Cl",104
GT,"Coloma",104
GT,"Per",104
GT,"Peren",104
GT,"Sitan",104
GT,"Alveño",104
GT,"Cambara",104
GT,"Guinea",104
GT,"Carolina",103
GT,"De Cruz",103
GT,"Chex",103
GT,"Tzay",103
GT,"Sente",103
GT,"Palax",103
GT,"Sg",103
GT,"Jocol",103
GT,"Ixen",103
GT,"Alvarenga",103
GT,"Donado",103
GT,"Estevez",103
GT,"Quan",103
GT,"Zalasar",103
GT,"Kim",103
GT,"María",102
GT,"Tuiz",102
GT,"D Leon",102
GT,"Perez Garcia",102
GT,"Sul",102
GT,"Cuque",102
GT,"Delacruz",102
GT,"Ros",102
GT,"Monteros",102
GT,"Feliciano",102
GT,"Basquez",102
GT,"Cax",102
GT,"Garcia Perez",101
GT,"Llamas",101
GT,"Ajvix",101
GT,"Monterrozo",101
GT,"Aguare",101
GT,"Reinoso",101
GT,"Edgar",100
GT,"Guadalupe",100
GT,"Mus",100
GT,"Tojil",100
GT,"Ajca",100
GT,"Estupe",100
GT,"Garcìa",100
GT,"Laynes",100
GT,"Ralac",100
GT,"Xc",100
GT,"De Estrada",99
GT,"De Barrios",99
GT,"Gonzalo",99
GT,"Hernandéz",99
GT,"Ramon",99
GT,"Quiroz",99
GT,"Sucup",99
GT,"Loopez",99
GT,"Caseres",99
GT,"Con",99
GT,"Oron",99
GT,"Clemente",99
GT,"Eguizabal",99
GT,"Matom",99
GT,"Anderson",98
GT,"Hernandez Lopez",98
GT,"Xia",98
GT,"Perz",98
GT,"Tunchez",98
GT,"Laines",98
GT,"Tunay",98
GT,"Oajaca",98
GT,"Cor",98
GT,"Ajiataz",98
GT,"Días",98
GT,"Gutieres",98
GT,"Anthony",97
GT,"Rojo",97
GT,"Tux",97
GT,"Abigail",97
GT,"Chon",97
GT,"Matzir",97
GT,"Tinti",97
GT,"Taperia",97
GT,"Ajxup",97
GT,"Teyul",97
GT,"Calgua",97
GT,"Sal",97
GT,"Tobias",97
GT,"Guinac",97
GT,"Montiel",97
GT,"Zaldaña",97
GT,"Ávila",97
GT,"Pinelo",97
GT,"Zúñiga",97
GT,"De Rivera",96
GT,"De Escobar",96
GT,"De Velasquez",96
GT,"Canizales",96
GT,"Rucal",96
GT,"Tzi",96
GT,"Buc",96
GT,"Colo",96
GT,"Guardado",96
GT,"Pac",96
GT,"Sactic",96
GT,"Cubur",96
GT,"Tala",96
GT,"Cotoc",96
GT,"Arreola",96
GT,"Gr",96
GT,"Xocop",96
GT,"Noemi",95
GT,"Cha",95
GT,"Bc",95
GT,"Chanax",95
GT,"Minera",95
GT,"Bobadilla",95
GT,"St",95
GT,"Pamal",95
GT,"Vallejo",95
GT,"Albarez",95
GT,"Munoz",95
GT,"Castrillo",95
GT,"Monge",95
GT,"Amilcar",94
GT,"Gustavo",94
GT,"Ana",94
GT,"Antony",94
GT,"Cj",94
GT,"Blas",94
GT,"Jj",94
GT,"Miza",94
GT,"Machan",94
GT,"Márquez",94
GT,"Resinos",94
GT,"Pazos",94
GT,"Elvira",94
GT,"Xocol",94
GT,"Yaque",94
GT,"De Alvarado",93
GT,"Joel",93
GT,"Esperanza",93
GT,"Mari",93
GT,"Menchú",93
GT,"Concua",93
GT,"Lc",93
GT,"Yojcom",93
GT,"Rizo",93
GT,"Bail",93
GT,"Acuña",93
GT,"Sum",93
GT,"Navichoc",93
GT,"Albares",93
GT,"De Ortiz",92
GT,"Jocop",92
GT,"Almengor",92
GT,"Pinula",92
GT,"Azul",92
GT,"Conoz",92
GT,"Villagrán",92
GT,"Xic",92
GT,"Linarez",92
GT,"Varela",92
GT,"Gomezz",92
GT,"Lanuza",92
GT,"Castellon",92
GT,"Guillén",92
GT,"Gar",92
GT,"Oscar",91
GT,"Aracely",91
GT,"Josué",91
GT,"Aguila",91
GT,"Bernardo",91
GT,"Carvajal",91
GT,"Sun",91
GT,"Rangel",91
GT,"Gonzàlez",91
GT,"Chaman",91
GT,"Izara",91
GT,"Murcia",91
GT,"Quiñónez",91
GT,"Murga",91
GT,"Yaqui",91
GT,"Tz",90
GT,"Guti",90
GT,"Ajcuc",90
GT,"Manzo",90
GT,"Antuche",90
GT,"Lop",90
GT,"Cuxum",90
GT,"Lee",90
GT,"Ismael",89
GT,"Beatriz",89
GT,"Tevalan",89
GT,"Picon",89
GT,"Gutierez",89
GT,"Muz",89
GT,"Morales Morales",89
GT,"Gömëz",89
GT,"Salay",89
GT,"Alquijay",89
GT,"Oroxom",89
GT,"Null",89
GT,"Oxom",89
GT,"Aguilera",89
GT,"Grande",89
GT,"Carballo",89
GT,"Rojop",89
GT,"Reynosa",89
GT,"Cheguen",89
GT,"Tahuite",89
GT,"Lg",89
GT,"Agilar",89
GT,"Orizabal",89
GT,"Xalin",89
GT,"De Herrera",88
GT,"Samuel",88
GT,"Sofia",88
GT,"Julio",88
GT,"De Castro",88
GT,"Enamorado",88
GT,"Yupe",88
GT,"Ca",88
GT,"Calvo",88
GT,"Ixim",88
GT,"Mox",88
GT,"Ixpata",88
GT,"Socorec",88
GT,"Guit",88
GT,"Toscano",88
GT,"Macal",88
GT,"Cameros",88
GT,"Quijivix",88
GT,"Sacor",88
GT,"Vivas",88
GT,"Genis",88
GT,"De Marroquin",87
GT,"Victor",87
GT,"Isaias",87
GT,"Israel",87
GT,"Jhon",87
GT,"Bala",87
GT,"Valey",87
GT,"Gonz",87
GT,"Ochaeta",87
GT,"Gimenez",87
GT,"Hernandezz",87
GT,"Yalibat",87
GT,"Murillo",87
GT,"Piril",87
GT,"Visente",87
GT,"Sarmiento",87
GT,"De Rodas",86
GT,"De Mejia",86
GT,"Quina",86
GT,"Punay",86
GT,"Soch",86
GT,"Ixcajoc",86
GT,"Ajsivinac",86
GT,"Cornejo",86
GT,"Paul",86
GT,"Soza",86
GT,"Cas",86
GT,"Ralios",86
GT,"Caz",85
GT,"Kalel",85
GT,"Chum",85
GT,"Catun",85
GT,"Tajiboy",85
GT,"Araujo",85
GT,"Ajcot",85
GT,"Quisquinay",85
GT,"Abaj",85
GT,"Tuyuc",85
GT,"Ross",85
GT,"Pensamiento",85
GT,"Gerra",85
GT,"Chamalé",85
GT,"Tenas",85
GT,"Quexel",85
GT,"Calvillo",85
GT,"Xinico",85
GT,"Gòmez",85
GT,"Rg",85
GT,"Alfonso",84
GT,"Chiti",84
GT,"King",84
GT,"Sicaja",84
GT,"Ajche",84
GT,"Cobar",84
GT,"Churunel",84
GT,"Tohom",84
GT,"Cris",84
GT,"Dl",84
GT,"Suares",84
GT,"Raguay",84
GT,"Ramoz",84
GT,"Pecher",83
GT,"Hernandez Hernandez",83
GT,"Santisteban",83
GT,"Coguox",83
GT,"Nimatuj",83
GT,"Xajil",83
GT,"Lozano",83
GT,"Pio",83
GT,"Espinosa",83
GT,"Mucia",83
GT,"Tg",83
GT,"Quixtan",83
GT,"Hermandez",83
GT,"De González",82
GT,"Lu",82
GT,"Andre",82
GT,"Algua",82
GT,"Colon",82
GT,"Tayun",82
GT,"Jm",82
GT,"Garnica",82
GT,"Oviedo",82
GT,"Cuyan",82
GT,"Ozuna",82
GT,"Basques",82
GT,"Bermudez",82
GT,"Saldaña",82
GT,"Rendon",82
GT,"Marvin",81
GT,"Noe",81
GT,"Tacatic",81
GT,"Quisque",81
GT,"Sapalu",81
GT,"Lm",81
GT,"Perez Gomez",81
GT,"Mazariegoz",81
GT,"Figeroa",81
GT,"Siguenza",81
GT,"Collado",81
GT,"Riz",81
GT,"Ma",81
GT,"Esquibel",81
GT,"Ivan",80
GT,"James",80
GT,"Victoria",80
GT,"Zarat",80
GT,"Bajxac",80
GT,"Florián",80
GT,"Sumale",80
GT,"Umaña",80
GT,"Aviles",80
GT,"Eli",80
GT,"Gallego",80
GT,"Tzorin",79
GT,"Gaitán",79
GT,"Chutan",79
GT,"Ramirezz",79
GT,"Meoño",79
GT,"Manchame",79
GT,"Cholotio",79
GT,"Lapoyeu",79
GT,"Arteaga",79
GT,"Xi",78
GT,"Cana",78
GT,"Sanum",78
GT,"Ramirez Lopez",78
GT,"Martir",78
GT,"Marro",78
GT,"Shoc",78
GT,"Go",78
GT,"Joachin",78
GT,"Garciia",78
GT,"Pacajoj",78
GT,"Bo",78
GT,"Joaquin",78
GT,"Gp",78
GT,"Feliz",78
GT,"Tzarax",78
GT,"Reina",78
GT,"Tiquiram",78
GT,"De Diaz",77
GT,"Emilio",77
GT,"Ernesto",77
GT,"Danilo",77
GT,"Kevin",77
GT,"Tox",77
GT,"Porix",77
GT,"Gomez Lopez",77
GT,"Sique",77
GT,"Xajap",77
GT,"Lopez Gomez",77
GT,"Pinzón",77
GT,"Xoc",77
GT,"Florez",77
GT,"Mulul",77
GT,"Ajmac",77
GT,"Guoz",77
GT,"Huinil",77
GT,"Asicona",77
GT,"De Sandoval",76
GT,"De Mendoza",76
GT,"Calanche",76
GT,"Chial",76
GT,"Ar",76
GT,"Tiguila",76
GT,"Si",76
GT,"Rodri",76
GT,"Ajquiy",76
GT,"Crisóstomo",76
GT,"Mendéz",76
GT,"Arizandieta",76
GT,"Hugo",75
GT,"Gualip",75
GT,"Suriano",75
GT,"Telles",75
GT,"Casimiro",75
GT,"Bay",75
GT,"Zuniga",75
GT,"Bailon",75
GT,"Camargo",75
GT,"Perèz",75
GT,"Alba",75
GT,"Winter",75
GT,"Löpez",75
GT,"Alas",75
GT,"Henandez",75
GT,"Soria",75
GT,"Vale",75
GT,"Patricia",74
GT,"Ismalej",74
GT,"Paredez",74
GT,"Lopez Morales",74
GT,"Lool",74
GT,"Buezo",74
GT,"Zea",74
GT,"Ic",74
GT,"Pocop",74
GT,"Bargas",74
GT,"Abad",74
GT,"Ag",74
GT,"Cahuex",74
GT,"Queche",74
GT,"Cosajay",73
GT,"Siquic",73
GT,"Xinic",73
GT,"Tadeo",73
GT,"De Los Santos",73
GT,"Ale",73
GT,"Mayén",73
GT,"Salez",73
GT,"Pos",73
GT,"Bracamonte",73
GT,"Crúz",73
GT,"Zalazar",73
GT,"De Santos",72
GT,"Perez Ramirez",72
GT,"Ich",72
GT,"Perpuac",72
GT,"Raxtun",72
GT,"Patal",72
GT,"Chomo",72
GT,"Arce",72
GT,"Curruchich",72
GT,"Lopreto",72
GT,"Rabinal",72
GT,"Tanchez",72
GT,"Chajón",72
GT,"Zarceño",72
GT,"Estacuy",72
GT,"Loyo",72
GT,"Arreaza",72
GT,"Olivarez",72
GT,"Crus",72
GT,"De Fuentes",71
GT,"Eliseo",71
GT,"De Lemus",71
GT,"De Sanchez",71
GT,"Lorena",71
GT,"Daniela",71
GT,"Yolanda",71
GT,"Equila",71
GT,"Pa",71
GT,"Berrios",71
GT,"Gonza",71
GT,"Fran",71
GT,"Tzita",71
GT,"Jumique",71
GT,"Quijada",71
GT,"Cotuc",71
GT,"Santi",71
GT,"Luarca",71
GT,"Velez",71
GT,"Edwin",70
GT,"Upun",70
GT,"Estrella",70
GT,"Wilson",70
GT,"Jalal",70
GT,"Dc",70
GT,"Ja",70
GT,"Gomez Gomez",70
GT,"Lopex",70
GT,"Moraless",70
GT,"Ram",70
GT,"Pretzantzin",70
GT,"Ardón",70
GT,"Barrondo",70
GT,"Ixcayau",70
GT,"Tagual",70
GT,"Cujcuj",70
GT,"Sance",70
GT,"Cornelio",70
GT,"De Mata",70
GT,"Chanquin",70
GT,"Jiron",70
GT,"Sunuc",70
GT,"Fabiola",69
GT,"Garcia Hernandez",69
GT,"Xicol",69
GT,"Ángel",69
GT,"Loch",69
GT,"Coroxon",69
GT,"Chamam",69
GT,"Bacajol",69
GT,"Lajpop",69
GT,"Beltrán",69
GT,"Minas",69
GT,"Lopez Ramirez",69
GT,"Falla",69
GT,"Deras",69
GT,"Xitamul",69
GT,"Lazo",69
GT,"Aroldo",68
GT,"Misael",68
GT,"Yancor",68
GT,"Cumatz",68
GT,"Quintero",68
GT,"Capir",68
GT,"Lopez Mendez",68
GT,"Venegas",68
GT,"Chicop",68
GT,"Gonzalez Lopez",68
GT,"Mixtun",68
GT,"Lopez Gonzalez",68
GT,"Hernandz",68
GT,"Sincal",68
GT,"Ixcuna",68
GT,"Garzaro",68
GT,"Ml",68
GT,"Sula",68
GT,"Sulugui",68
GT,"Cash",68
GT,"Ariel",67
GT,"De Ramírez",67
GT,"Misti",67
GT,"Hilario",67
GT,"De La Vega",67
GT,"Tzib",67
GT,"López Pérez",67
GT,"Santis",67
GT,"Castañaza",67
GT,"Raxón",67
GT,"Dela Cruz",67
GT,"Bojorquez",67
GT,"Salic",67
GT,"Cuxulic",67
GT,"Ojeda",67
GT,"Olayo",67
GT,"Pere",67
GT,"Salgado",67
GT,"Raquec",67
GT,"Mont",67
GT,"Fuentez",67
GT,"Pexoxa",66
GT,"Efrain",66
GT,"Isaac",66
GT,"Barraza",66
GT,"Pantzay",66
GT,"Caj",66
GT,"Pérez Pérez",66
GT,"Xicon",66
GT,"Peruch",66
GT,"To",66
GT,"Tahual",66
GT,"Axpuac",66
GT,"Ixtabalan",66
GT,"Bercian",66
GT,"Ray",66
GT,"Zanches",66
GT,"Rs",66
GT,"Arturo",65
GT,"Guanta",65
GT,"Cao",65
GT,"Batzibal",65
GT,"Pulex",65
GT,"Cojtin",65
GT,"Pú",65
GT,"Brown",65
GT,"Xante",65
GT,"Pérez López",65
GT,"Carías",65
GT,"Taquez",65
GT,"Pichol",65
GT,"As",65
GT,"Riscajche",65
GT,"Beza",65
GT,"Ga",65
PA,"Rodriguez",35209
PA,"Gonzalez",32963
PA,"Castillo",20243
PA,"Martinez",17727
PA,"Perez",17080
PA,"Sanchez",17024
PA,"Garcia",11015
PA,"Hernandez",10782
PA,"Morales",10603
PA,"Moreno",10563
PA,"Lopez",10254
PA,"Ortega",9569
PA,"Mendoza",8616
PA,"Quintero",8600
PA,"Diaz",8345
PA,"Jimenez",8280
PA,"Abrego",8230
PA,"Gomez",7835
PA,"Guerra",7604
PA,"Herrera",7575
PA,"Miranda",7326
PA,"Batista",7196
PA,"Rivera",7003
PA,"Caballero",6888
PA,"Cedeño",6886
PA,"Vega",6527
PA,"González",6465
PA,"Ramos",6379
PA,"Torres",6212
PA,"Santos",6123
PA,"Rodríguez",5923
PA,"Flores",5912
PA,"Rios",5903
PA,"Arauz",5767
PA,"Aguilar",5755
PA,"Gonzales",5629
PA,"Vasquez",5590
PA,"Ruiz",5393
PA,"Valdes",5357
PA,"Reyes",5199
PA,"Pineda",5188
PA,"Vargas",5173
PA,"Muñoz",5090
PA,"Espinosa",4795
PA,"Villarreal",4783
PA,"Vergara",4731
PA,"Gutierrez",4624
PA,"Ortiz",4550
PA,"Nuñez",4515
PA,"Dominguez",4375
PA,"Montenegro",4336
PA,"Delgado",4314
PA,"De Leon",4292
PA,"Cruz",4252
PA,"Castro",4183
PA,"Acosta",4051
PA,"Navarro",3997
PA,"Atencio",3837
PA,"Palacio",3773
PA,"Bonilla",3770
PA,"Barria",3759
PA,"Serrano",3667
PA,"Murillo",3512
PA,"Medina",3487
PA,"Pinto",3470
PA,"Solis",3414
PA,"Alvarado",3406
PA,"Fernandez",3376
PA,"De Gracia",3295
PA,"Rojas",3197
PA,"Pimentel",3195
PA,"Avila",3161
PA,"Romero",3138
PA,"Moran",3094
PA,"Alvarez",3083
PA,"Guevara",3014
PA,"Smith",2991
PA,"Salazar",2991
PA,"Santamaria",2929
PA,"Sánchez",2906
PA,"Samaniego",2840
PA,"Barrios",2805
PA,"Cordoba",2741
PA,"Marin",2728
PA,"Rivas",2715
PA,"Santo",2702
PA,"Samudio",2676
PA,"Sanjur",2647
PA,"Bernal",2637
PA,"Ramirez",2629
PA,"Soto",2615
PA,"Jaen",2593
PA,"Camarena",2591
PA,"Chavez",2545
PA,"Madrid",2532
PA,"Aparicio",2513
PA,"Mojica",2495
PA,"Fuentes",2479
PA,"Saldaña",2466
PA,"Jaramillo",2412
PA,"Campos",2408
PA,"Martínez",2371
PA,"Franco",2364
PA,"Mendez",2355
PA,"Concepcion",2347
PA,"Montero",2344
PA,"Arias",2318
PA,"Pinzon",2317
PA,"Gallardo",2262
PA,"Escobar",2239
PA,"Peralta",2212
PA,"Pérez",2193
PA,"Guerrero",2185
PA,"Rodrigues",2169
PA,"Aguirre",2146
PA,"Espinoza",2138
PA,"Quiroz",2130
PA,"Valencia",2111
PA,"Hernández",2103
PA,"Montezuma",2092
PA,"Urriola",2061
PA,"Santana",2018
PA,"Peña",2011
PA,"Tejada",1991
PA,"Mosquera",1962
PA,"Arosemena",1962
PA,"Lezcano",1859
PA,"Pitti",1826
PA,"Cortez",1825
PA,"Gil",1781
PA,"Velasquez",1780
PA,"Saavedra",1750
PA,"Palacios",1737
PA,"Osorio",1734
PA,"Camargo",1712
PA,"Lorenzo",1705
PA,"Arcia",1691
PA,"Tuñon",1690
PA,"Hidalgo",1649
PA,"Hurtado",1627
PA,"Beitia",1611
PA,"Cerrud",1604
PA,"Coronado",1594
PA,"Valdez",1592
PA,"Molina",1587
PA,"Arrocha",1580
PA,"Robles",1578
PA,"Calderon",1542
PA,"Gaitan",1538
PA,"Jiménez",1530
PA,"López",1526
PA,"Lasso",1520
PA,"Cardenas",1507
PA,"Nieto",1505
PA,"Almanza",1476
PA,"Camaño",1454
PA,"Contreras",1452
PA,"García",1444
PA,"Caceres",1443
PA,"Cabrera",1436
PA,"Panama",1401
PA,"Carrera",1381
PA,"Duarte",1374
PA,"Ureña",1367
PA,"Cortes",1360
PA,"Pitty",1351
PA,"Figueroa",1351
PA,"Brown",1332
PA,"Mora",1332
PA,"Rangel",1300
PA,"Ibarra",1298
PA,"Mendieta",1294
PA,"Carrasco",1285
PA,"Antonio",1273
PA,"Melendez",1268
PA,"Cubilla",1264
PA,"Alveo",1262
PA,"Gómez",1250
PA,"Quiros",1238
PA,"Zambrano",1236
PA,"Rosales",1215
PA,"Trejos",1215
PA,"Cano",1213
PA,"Chavarria",1211
PA,"Bethancourt",1207
PA,"Tenorio",1199
PA,"Magallon",1194
PA,"Acevedo",1193
PA,"De La Cruz",1187
PA,"Prado",1184
PA,"Mejia",1179
PA,"Frias",1178
PA,"Degracia",1153
PA,"Sandoval",1148
PA,"Guzman",1132
PA,"Bejerano",1130
PA,"De León",1123
PA,"Espino",1120
PA,"Alonso",1104
PA,"Del Cid",1098
PA,"Garrido",1096
PA,"Gordon",1063
PA,"Salinas",1059
PA,"Zapata",1059
PA,"Quiel",1053
PA,"Williams",1043
PA,"Ceballos",1035
PA,"Sanches",1025
PA,"Ayala",1025
PA,"Quintana",1019
PA,"Martines",1015
PA,"Adames",1014
PA,"Carpintero",1008
PA,"Toribio",1006
PA,"Galvez",1002
PA,"Jordan",996
PA,"Chiru",994
PA,"Díaz",986
PA,"Saenz",982
PA,"Valderrama",980
PA,"Correa",974
PA,"Beker",973
PA,"Asprilla",964
PA,"Benitez",961
PA,"Marquez",958
PA,"Lara",958
PA,"Morris",954
PA,"Bustamante",952
PA,"Henriquez",947
PA,"Andrade",945
PA,"Otero",940
PA,"Meneses",928
PA,"Barrera",926
PA,"Chen",923
PA,"Salina",909
PA,"Robinson",907
PA,"Paz",901
PA,"Luna",899
PA,"Gondola",896
PA,"Juarez",894
PA,"Alberto",888
PA,"Mena",882
PA,"Pinilla",879
PA,"Gonsales",873
PA,"Estrada",873
PA,"Carrillo",864
PA,"Bravo",863
PA,"Mitre",860
PA,"Suarez",860
PA,"Rodriquez",856
PA,"Almengor",854
PA,"Guillen",850
PA,"Ledezma",848
PA,"Suira",846
PA,"Rosas",841
PA,"Salas",840
PA,"Vásquez",836
PA,"Canto",834
PA,"Jurado",833
PA,"Ojo",829
PA,"Gutiérrez",829
PA,"Gonsalez",820
PA,"Pino",820
PA,"Caicedo",813
PA,"Escudero",813
PA,"Barahona",801
PA,"Taylor",792
PA,"Montilla",792
PA,"Castrellon",787
PA,"Perea",783
PA,"Silva",782
PA,"Zuñiga",782
PA,"Polanco",775
PA,"Padilla",769
PA,"Paredes",768
PA,"Chong",764
PA,"Chacon",762
PA,"Blanco",759
PA,"Navas",754
PA,"Fernández",747
PA,"Pardo",746
PA,"Guardia",746
PA,"Pacheco",739
PA,"Agrazal",737
PA,"Leon",733
PA,"Melgar",728
PA,"Araúz",728
PA,"Bermudez",726
PA,"Quijada",721
PA,"Serracin",721
PA,"Baker",715
PA,"Marciaga",713
PA,"Saez",710
PA,"Santiago",706
PA,"Tapia",705
PA,"Ovalle",704
PA,"Garay",703
PA,"Arjona",699
PA,"Sosa",692
PA,"Ponce",691
PA,"Grajales",688
PA,"Palma",688
PA,"Jimenes",687
PA,"Thomas",687
PA,"Trujillo",683
PA,"Carvajal",683
PA,"Valdés",676
PA,"Amaya",674
PA,"Zamora",672
PA,"Jose",668
PA,"Cisneros",668
PA,"Patiño",663
PA,"Becerra",662
PA,"Justavino",656
PA,"Linares",655
PA,"Domínguez",653
PA,"Montes",650
PA,"Aizprua",649
PA,"Castillero",649
PA,"Corrales",646
PA,"Solano",642
PA,"Aviles",629
PA,"Centeno",620
PA,"Barba",619
PA,"Peñalba",617
PA,"Alonzo",613
PA,"Peres",612
PA,"Arroyo",612
PA,"Núñez",609
PA,"Macias",604
PA,"Tello",604
PA,"Julio",602
PA,"Reina",601
PA,"Victoria",599
PA,"Dias",594
PA,"Ahir",591
PA,"Ballesteros",591
PA,"Cuevas",588
PA,"Luo",586
PA,"Carrion",585
PA,"Concepción",582
PA,"Manuel",581
PA,"Tejeira",580
PA,"Panamá",579
PA,"Arango",578
PA,"Segura",573
PA,"Candanedo",573
PA,"Wong",571
PA,"Ayarza",569
PA,"Amador",566
PA,"Duran",566
PA,"Polo",564
PA,"Chanis",563
PA,"Miller",562
PA,"Salcedo",558
PA,"Anderson",557
PA,"Alfaro",556
PA,"Machado",549
PA,"Luis",547
PA,"Villagra",546
PA,"Zhang",543
PA,"Carlos",541
PA,"Enrique",540
PA,"De La Rosa",534
PA,"Pinzón",534
PA,"Troya",532
PA,"Alexander",531
PA,"Molinar",527
PA,"Reyna",527
PA,"Javier",521
PA,"Deleon",521
PA,"Angel",520
PA,"Iglesias",520
PA,"Esquivel",520
PA,"Vigil",516
PA,"Villa",516
PA,"Davis",515
PA,"Arenas",511
PA,"Barsallo",511
PA,"Vanegas",510
PA,"Ríos",509
PA,"Quezada",506
PA,"Chang",505
PA,"Orozco",505
PA,"Amores",489
PA,"Varela",489
PA,"Wilson",486
PA,"Castañeda",486
PA,"Yanguez",486
PA,"Calvo",486
PA,"Monterrey",483
PA,"Jaén",479
PA,"Córdoba",478
PA,"Dixon",477
PA,"Poveda",477
PA,"David",476
PA,"Zurdo",474
PA,"Lewis",474
PA,"Bultron",472
PA,"Villareal",471
PA,"Viquez",470
PA,"Rosario",469
PA,"Rudas",469
PA,"Villarreta",467
PA,"Alba",467
PA,"Ng",460
PA,"Gomes",459
PA,"Fonseca",458
PA,"Chiari",455
PA,"Cedeno",454
PA,"Florez",454
PA,"Giron",453
PA,"Duque",453
PA,"Gracia",452
PA,"Bedoya",449
PA,"Tamayo",448
PA,"Obando",447
PA,"Maldonado",445
PA,"Garces",443
PA,"Rodrigez",439
PA,"Del Rosario",439
PA,"Torrero",438
PA,"Garcias",437
PA,"Pereira",435
PA,"Maria",434
PA,"Garibaldi",433
PA,"Estribi",432
PA,"Bellido",431
PA,"Buitrago",429
PA,"Lee",429
PA,"Lozano",429
PA,"Villalobos",428
PA,"Del Carmen",427
PA,"Carrasquilla",418
PA,"Berrio",413
PA,"Burgos",411
PA,"Wu",409
PA,"Bosquez",408
PA,"Johnson",407
PA,"Santamaría",406
PA,"Rueda",405
PA,"Alabarca",398
PA,"Marquinez",398
PA,"Archibold",396
PA,"Cherigo",396
PA,"Alfonso",392
PA,"Mela",392
PA,"Cornejo",392
PA,"Rovira",390
PA,"Vejerano",388
PA,"Arena",388
PA,"Lucero",387
PA,"Montoya",387
PA,"Hernandes",386
PA,"Corella",386
PA,"Olivares",385
PA,"Aranda",384
PA,"Matos",383
PA,"Thompson",382
PA,"Caraballo",379
PA,"Mariscal",379
PA,"Olmos",379
PA,"Morán",377
PA,"King",376
PA,"Saucedo",375
PA,"Hall",374
PA,"Fajardo",373
PA,"Francis",372
PA,"Godoy",371
PA,"Abdiel",369
PA,"Renteria",369
PA,"Zhong",367
PA,"Armuelles",364
PA,"Lombardo",364
PA,"Campbell",362
PA,"Young",361
PA,"Ramírez",361
PA,"Calderón",360
PA,"Parra",359
PA,"Villamil",359
PA,"Rodriges",354
PA,"Yau",354
PA,"Higuera",352
PA,"Gill",352
PA,"Nunez",351
PA,"Ulloa",351
PA,"Chan",351
PA,"Crespo",349
PA,"Munoz",349
PA,"Tovar",346
PA,"Noriega",346
PA,"Qiu",346
PA,"Restrepo",343
PA,"Henry",340
PA,"Barragan",340
PA,"Bethancourth",340
PA,"Liu",339
PA,"Ochoa",339
PA,"Chami",338
PA,"Loo",338
PA,"Villar",338
PA,"Boniche",338
PA,"Jones",337
PA,"Degaiza",335
PA,"Aleman",335
PA,"Velez",334
PA,"Ibarguen",332
PA,"Pascual",332
PA,"Valdespino",332
PA,"Gudiño",331
PA,"Barría",331
PA,"Porras",330
PA,"Mercado",330
PA,"Oses",330
PA,"Méndez",329
PA,"Monrroy",327
PA,"Allen",327
PA,"Murgas",327
PA,"Alexis",326
PA,"Segundo",326
PA,"Villamonte",326
PA,"Martin",324
PA,"Phillips",324
PA,"Villalaz",324
PA,"Pedroza",324
PA,"Daniel",322
PA,"Justiniani",321
PA,"Riquelme",321
PA,"Villegas",321
PA,"Michelle",318
PA,"Arguelles",318
PA,"Abadia",318
PA,"Gonzáles",318
PA,"Tugri",316
PA,"Hinestroza",316
PA,"Londoño",316
PA,"Bello",315
PA,"Joel",314
PA,"Green",314
PA,"Zarate",314
PA,"Isabel",313
PA,"Urrutia",313
PA,"Bordones",312
PA,"De Sedas",312
PA,"Beltran",311
PA,"Dogirama",311
PA,"Meza",311
PA,"Mayorga",310
PA,"Marín",309
PA,"Hooker",308
PA,"Andrades",307
PA,"Puga",307
PA,"Sarmiento",306
PA,"Sierra",306
PA,"Olmedo",305
PA,"Maure",305
PA,"Arboleda",304
PA,"Angulo",304
PA,"Ariza",303
PA,"Falcon",303
PA,"Chávez",300
PA,"Ballestero",299
PA,"Lizondro",298
PA,"Gamboa",298
PA,"Sam",296
PA,"Aizpurua",296
PA,"Broce",296
PA,"Morgan",295
PA,"Esther",294
PA,"Nicole",293
PA,"Baloy",293
PA,"Silvera",292
PA,"Cianca",291
PA,"Trotman",290
PA,"Calles",289
PA,"Real",289
PA,"James",289
PA,"Alain",288
PA,"Cáceres",287
PA,"Acuña",287
PA,"Li",286
PA,"Chung",285
PA,"Harris",285
PA,"Sire",284
PA,"Casas",284
PA,"Scott",284
PA,"Monroy",283
PA,"Menchaca",283
PA,"Peñaloza",282
PA,"Velásquez",282
PA,"Melo",281
PA,"Velasco",281
PA,"Blandon",280
PA,"Patel",279
PA,"Grant",276
PA,"Hou",276
PA,"Cajar",276
PA,"Fabrega",273
PA,"Villanueva",273
PA,"Gabriel",272
PA,"Aponte",270
PA,"Mudarra",270
PA,"Vera",269
PA,"Brenes",268
PA,"Joseph",268
PA,"Cuesta",268
PA,"Eduardo",267
PA,"Cansari",267
PA,"Lozada",267
PA,"Aguilera",266
PA,"Sevillano",266
PA,"De La Espada",266
PA,"Rose",266
PA,"Flaco",265
PA,"Lopes",265
PA,"Salgado",265
PA,"Iturralde",265
PA,"Corro",264
PA,"Apolayo",263
PA,"Bolivar",262
PA,"Mata",262
PA,"Álvarez",261
PA,"Edwards",260
PA,"Cardona",260
PA,"Rubio",259
PA,"Muños",258
PA,"Centella",258
PA,"Singh",257
PA,"Cordero",257
PA,"Ferrer",257
PA,"Campo",256
PA,"Soriano",256
PA,"Berrugate",255
PA,"Clara",255
PA,"Zarco",255
PA,"Valenzuela",254
PA,"Araujo",254
PA,"Cervantes",253
PA,"Obaldia",252
PA,"Grenald",252
PA,"Isaac",249
PA,"Duncan",249
PA,"Boyd",247
PA,"Levy",246
PA,"Miguel",245
PA,"Garibaldo",245
PA,"Ordoñez",245
PA,"Bejarano",245
PA,"Kelly",245
PA,"Andres",244
PA,"Davila",244
PA,"Santimateo",244
PA,"Valle",244
PA,"Benavides",243
PA,"Uribe",243
PA,"Tocamo",242
PA,"Gutierres",242
PA,"Lay",242
PA,"De Rodriguez",241
PA,"Vasques",240
PA,"White",240
PA,"Coba",240
PA,"Teran",240
PA,"Watson",240
PA,"Rosa",239
PA,"Medrano",239
PA,"Berrocal",238
PA,"Nelson",237
PA,"Jesus",236
PA,"Camacho",236
PA,"Barroso",236
PA,"Botello",236
PA,"Stanziola",236
PA,"Sucre",236
PA,"Bacorizo",235
PA,"Cisnero",235
PA,"Small",235
PA,"Sousa",234
PA,"Carmona",234
PA,"Vidal",233
PA,"Vallarino",233
PA,"Loaiza",232
PA,"Oliveros",232
PA,"Becker",231
PA,"Cumbrera",231
PA,"Lam",230
PA,"Urbina",230
PA,"Portugal",230
PA,"Arrieta",230
PA,"Vernaza",230
PA,"Nuñes",229
PA,"Aguila",229
PA,"Giraldo",229
PA,"Solís",229
PA,"Cárdenas",229
PA,"Briceño",228
PA,"Ellis",228
PA,"Machuca",227
PA,"Castrejon",227
PA,"Bazan",227
PA,"Ch",227
PA,"Rodrigue",225
PA,"Gonzale",225
PA,"Caisamo",225
PA,"Foster",225
PA,"Evans",225
PA,"Herazo",225
PA,"Leal",225
PA,"Roman",224
PA,"Mina",224
PA,"Conte",223
PA,"Huang",221
PA,"Quijano",221
PA,"Ardines",221
PA,"Gaona",220
PA,"Torrez",220
PA,"Rujano",219
PA,"Alejandro",218
PA,"Rengifo",218
PA,"Fong",218
PA,"Velarde",218
PA,"Escalante",217
PA,"Clarke",217
PA,"Cueto",216
PA,"Carrizo",216
PA,"Marmolejo",215
PA,"Echeverria",215
PA,"Jarquin",215
PA,"San",213
PA,"Ho",213
PA,"Valverde",212
PA,"Carranza",212
PA,"Guzmán",211
PA,"Govea",211
PA,"Alarcon",211
PA,"Collado",211
PA,"Moya",210
PA,"Forbes",210
PA,"Yañez",210
PA,"Cuadra",210
PA,"Laguna",209
PA,"Walker",209
PA,"Caseres",209
PA,"Vallejos",207
PA,"Mendosa",206
PA,"Santander",206
PA,"Urieta",206
PA,"Dutary",206
PA,"Lineth",205
PA,"Itzel",205
PA,"Huertas",205
PA,"Barranco",205
PA,"Grimaldo",205
PA,"Barraza",205
PA,"Mitchell",205
PA,"Escala",204
PA,"Reid",204
PA,"Cordova",204
PA,"Clark",204
PA,"Catuy",204
PA,"Elizabeth",203
PA,"Chifundo",203
PA,"Meléndez",203
PA,"De Gonzalez",202
PA,"Valdivieso",202
PA,"Montalvo",202
PA,"Alvares",201
PA,"Zurita",201
PA,"Galindo",200
PA,"Panezo",200
PA,"Luque",200
PA,"Wang",199
PA,"Josue",198
PA,"Barcenas",198
PA,"Aldeano",198
PA,"Bryan",197
PA,"Liao",196
PA,"Forero",196
PA,"Ovalles",195
PA,"Powell",195
PA,"Carreño",194
PA,"Avendaño",194
PA,"Graell",194
PA,"Campines",193
PA,"Chu",193
PA,"Tuñón",193
PA,"Gallego",192
PA,"Bailey",192
PA,"Ariel",191
PA,"Guerrel",191
PA,"Villalba",191
PA,"Moore",191
PA,"Tejedor",190
PA,"Labrador",190
PA,"Del Mar",189
PA,"Cheng",189
PA,"Zhu",189
PA,"Icaza",189
PA,"Contrera",189
PA,"Galvan",189
PA,"Andrion",189
PA,"Rincon",188
PA,"Mariano",187
PA,"Saldana",186
PA,"Ruíz",186
PA,"Marie",185
PA,"Villaverde",185
PA,"Gantes",185
PA,"Lino",184
PA,"Ruiloba",183
PA,"Him",183
PA,"Betancourt",182
PA,"Lima",182
PA,"Agudo",182
PA,"Douglas",181
PA,"Bracho",181
PA,"Portillo",181
PA,"Bocanegra",181
PA,"Francisco",180
PA,"Marcucci",180
PA,"Quiñones",180
PA,"Vanega",180
PA,"Rico",180
PA,"Cortés",179
PA,"Dimas",179
PA,"Sanche",179
PA,"Hudson",179
PA,"Mancilla",179
PA,"Denis",178
PA,"De Gracias",178
PA,"Zorrilla",178
PA,"Selles",177
PA,"Gonzàlez",177
PA,"Betegon",177
PA,"Araya",177
PA,"Sandoya",176
PA,"De Los Rios",176
PA,"Cerezo",176
PA,"Guardado",176
PA,"Casasola",176
PA,"Preciado",176
PA,"Baules",176
PA,"Duartes",175
PA,"Gaitán",175
PA,"Edith",174
PA,"Zeballos",174
PA,"Rosero",174
PA,"Pan",173
PA,"Ford",173
PA,"Elias",172
PA,"Javilla",172
PA,"Feng",172
PA,"De Hoyos",172
PA,"Ostia",172
PA,"Esturain",171
PA,"Bennett",171
PA,"Brito",171
PA,"Wood",171
PA,"Moreira",171
PA,"Howard",171
PA,"Cesar",170
PA,"Ellington",170
PA,"Chaverra",170
PA,"Guainora",170
PA,"Olivero",170
PA,"Corpas",170
PA,"Castaño",170
PA,"León",170
PA,"Sa",169
PA,"Coronel",168
PA,"Avecilla",168
PA,"Vazquez",168
PA,"Delcid",168
PA,"Best",167
PA,"Arce",167
PA,"Ávila",167
PA,"Ricardo",166
PA,"Niño",166
PA,"Esquina",166
PA,"Escalona",166
PA,"Cohen",166
PA,"De Castillo",165
PA,"Ospina",165
PA,"Stewart",164
PA,"Leones",164
PA,"Domingues",163
PA,"Martez",163
PA,"Cerceño",163
PA,"Fuente",162
PA,"Hill",162
PA,"Naranjo",161
PA,"Yaneth",160
PA,"Richards",160
PA,"Berroa",160
PA,"Juan",159
PA,"Paez",159
PA,"Isaza",159
PA,"Carolina",158
PA,"Deago",158
PA,"Veliz",157
PA,"Araba",157
PA,"Añino",157
PA,"Garzon",157
PA,"Bella",156
PA,"Jaime",156
PA,"Olivardia",156
PA,"Ubarte",156
PA,"Oviedo",156
PA,"Wright",156
PA,"Narvaez",156
PA,"Márquez",156
PA,"Junior",155
PA,"Carmen",155
PA,"Rey",155
PA,"Famania",155
PA,"Quirós",155
PA,"Peréz",154
PA,"Lin",153
PA,"Solanilla",153
PA,"Hawkins",153
PA,"Griffith",153
PA,"Elena",152
PA,"Mendes",152
PA,"Sagel",152
PA,"Badillo",152
PA,"Prestan",152
PA,"Alejandra",151
PA,"Gobea",151
PA,"Lobo",151
PA,"Cañizales",151
PA,"Ferreira",151
PA,"Diez",150
PA,"Alleyne",150
PA,"Fruto",150
PA,"Navarrete",150
PA,"Lan",150
PA,"Pascacio",149
PA,"Gerra",149
PA,"Donado",149
PA,"Antunez",149
PA,"Wen",148
PA,"Troetsch",148
PA,"Checa",148
PA,"Suárez",148
PA,"Santizo",147
PA,"Ameth",146
PA,"Gabriela",146
PA,"Magallón",146
PA,"Salado",146
PA,"Chin",146
PA,"Frías",146
PA,"Massiel",145
PA,"Garsia",145
PA,"Chamorro",145
PA,"Lemos",145
PA,"Collins",145
PA,"Ospino",145
PA,"Elizondro",144
PA,"Urrunaga",144
PA,"Bastidas",144
PA,"Roa",144
PA,"Gálvez",143
PA,"Rocha",143
PA,"Oda",143
PA,"Omar",142
PA,"Chambers",142
PA,"Juárez",142
PA,"Membache",141
PA,"Chacón",141
PA,"Lisbeth",140
PA,"Alfredo",140
PA,"Mar",140
PA,"Sevilla",140
PA,"Monte",140
PA,"Lugo",140
PA,"Gaviria",140
PA,"Escartin",140
PA,"Tunon",140
PA,"Fernando",139
PA,"Lucas",139
PA,"Lu",139
PA,"Achurra",139
PA,"Medianero",139
PA,"Rivero",138
PA,"Olea",138
PA,"Mock",138
PA,"Abreu",138
PA,"Bermúdez",138
PA,"Montiel",138
PA,"Ricord",138
PA,"Yeyo",137
PA,"Casama",137
PA,"Murray",137
PA,"Castroverde",137
PA,"Oliva",137
PA,"Cunningham",137
PA,"Bolaños",137
PA,"Ribera",136
PA,"Ramires",136
PA,"Sabugara",136
PA,"Chaves",136
PA,"Sanguillen",136
PA,"Mesa",135
PA,"He",135
PA,"Anaya",135
PA,"Anguizola",135
PA,"Madrigal",135
PA,"Pablo",134
PA,"Henao",134
PA,"Barrio",134
PA,"Dean",134
PA,"Gordillo",134
PA,"Alzamora",134
PA,"Mclean",134
PA,"De La Guardia",134
PA,"Migar",133
PA,"Visuetti",133
PA,"Cueva",133
PA,"Chuito",133
PA,"Cardena",133
PA,"Brathwaite",133
PA,"Maxwell",133
PA,"Llerena",133
PA,"Palomino",133
PA,"Ceballo",133
PA,"Barrias",133
PA,"Paola",132
PA,"Orocu",132
PA,"Carles",132
PA,"Hansell",132
PA,"Echevers",132
PA,"Lau",131
PA,"Hernadez",131
PA,"Gongora",131
PA,"Perdomo",131
PA,"Góndola",130
PA,"Henríquez",130
PA,"Cepeda",130
PA,"Granados",130
PA,"Carcamo",130
PA,"Calero",129
PA,"Simpson",129
PA,"Cañate",129
PA,"Morillo",129
PA,"Fernandes",128
PA,"Guillén",128
PA,"Filos",127
PA,"Toro",127
PA,"Mo",127
PA,"Ivan",126
PA,"Stevenson",126
PA,"Blake",126
PA,"Cooper",126
PA,"Cardoze",126
PA,"Vegas",125
PA,"Carter",125
PA,"Ocampo",124
PA,"Quintanar",124
PA,"Branda",124
PA,"Cigarruista",124
PA,"Lorena",123
PA,"Man",123
PA,"Prieto",123
PA,"Chirú",123
PA,"Vivero",123
PA,"Burke",123
PA,"Lemus",123
PA,"Alex",122
PA,"Ariano",122
PA,"Charles",122
PA,"Borbua",122
PA,"Simons",122
PA,"Ocaña",122
PA,"Urdaneta",122
PA,"Alexandra",121
PA,"De Martinez",121
PA,"Montesuma",121
PA,"Araus",121
PA,"Brias",121
PA,"Roberts",121
PA,"Venado",120
PA,"Casis",120
PA,"Altamirano",120
PA,"Ward",120
PA,"Macre",120
PA,"Botacio",119
PA,"Montaño",119
PA,"Sequeira",119
PA,"Mejía",119
PA,"Andreve",119
PA,"Sofia",118
PA,"De Sanchez",118
PA,"José",118
PA,"Brooks",118
PA,"Gimenez",118
PA,"De La Torre",118
PA,"Llorente",118
PA,"Vivas",118
PA,"Sáenz",118
PA,"Sobenis",117
PA,"Mckenzie",116
PA,"Banda",116
PA,"Gracias",116
PA,"Nava",116
PA,"Alcedo",116
PA,"Saturno",116
PA,"Roja",116
PA,"Michell",115
PA,"Molino",115
PA,"Carpio",115
PA,"Gonzalez Gonzalez",115
PA,"Sànchez",115
PA,"Vázquez",115
PA,"Prescott",115
PA,"Sinclair",115
PA,"De Garcia",114
PA,"Vallejo",114
PA,"Baez",114
PA,"De Frias",114
PA,"Aragon",114
PA,"Zheng",114
PA,"Parris",114
PA,"Agudelo",114
PA,"De Perez",113
PA,"Torre",113
PA,"Zuniga",113
PA,"Achito",113
PA,"Alcazar",113
PA,"Colmenares",113
PA,"Moncada",113
PA,"Cristina",112
PA,"Barnett",112
PA,"Navalo",112
PA,"Guadamuz",112
PA,"Consentida",111
PA,"Abad",111
PA,"Jiron",111
PA,"Cossio",111
PA,"Zelaya",111
PA,"Cantillo",111
PA,"Binns",111
PA,"Lescano",111
PA,"Plata",111
PA,"Linda",110
PA,"Sanapi",110
PA,"Gomzalez",110
PA,"Colon",110
PA,"Ojeda",110
PA,"Serna",110
PA,"Roque",110
PA,"Colina",110
PA,"Rondon",110
PA,"Augusto",109
PA,"Barrett",109
PA,"Knight",109
PA,"Trottman",108
PA,"Ruis",108
PA,"Altamiranda",108
PA,"Gittens",108
PA,"Andrea",107
PA,"Null",107
PA,"Stocel",107
PA,"Zarzavilla",107
PA,"Lowe",107
PA,"Howell",107
PA,"Tomas",106
PA,"Puello",106
PA,"Rod",106
PA,"Jackson",106
PA,"Liang",106
PA,"Fossatti",106
PA,"Marshall",106
PA,"De Moreno",105
PA,"Cases",105
PA,"Donoso",105
PA,"Carrión",105
PA,"Viloria",105
PA,"Franceschi",105
PA,"Dg",105
PA,"Adrian",104
PA,"Dequia",104
PA,"Bernard",104
PA,"Pinillo",104
PA,"Conde",104
PA,"Huerta",104
PA,"Roca",104
PA,"Cogley",104
PA,"Arturo",103
PA,"Midi",103
PA,"Feliz",103
PA,"Urena",103
PA,"Sotillo",103
PA,"Durango",103
PA,"Varga",103
PA,"Algandona",103
PA,"Benites",102
PA,"Benjamin",102
PA,"Suazo",102
PA,"Sarco",102
PA,"Zapateiro",102
PA,"Recuero",102
PA,"Rizo",102
PA,"Esteban",101
PA,"Rio",101
PA,"Da Silva",101
PA,"Mezua",101
PA,"Dawkins",101
PA,"Lao",101
PA,"Record",101
PA,"Patterson",101
PA,"Frago",101
PA,"Ernesto",100
PA,"Anthony",100
PA,"Trejo",100
PA,"Callender",100
PA,"Roldan",100
PA,"Samuels",100
PA,"Tristan",100
PA,"Valles",100
PA,"Jorge",99
PA,"Morale",99
PA,"Julian",99
PA,"Allard",99
PA,"Oro",99
PA,"Canales",99
PA,"Benítez",99
PA,"Barrantes",99
PA,"Rodrìguez",99
PA,"Choy",99
PA,"De Obaldia",99
PA,"Felipe",98
PA,"Walter",98
PA,"De Jesus",98
PA,"Silgado",98
PA,"Hamilton",98
PA,"Camero",98
PA,"Zúñiga",98
PA,"Rook",98
PA,"Harding",98
PA,"Reluz",98
PA,"Pedrol",97
PA,"Baso",97
PA,"Vilchez",97
PA,"Long",97
PA,"Olaya",97
PA,"Mckay",97
PA,"Jordán",97
PA,"Luz",96
PA,"William",96
PA,"Fu",96
PA,"Hassan",96
PA,"Austin",96
PA,"Price",96
PA,"Rowe",96
PA,"Gibbs",96
PA,"Castrellón",96
PA,"Cox",96
PA,"Patricia",95
PA,"Calle",95
PA,"Downer",95
PA,"Bautista",95
PA,"Arevalo",95
PA,"Casanova",95
PA,"Gordón",95
PA,"Armando",94
PA,"Gonsale",94
PA,"Valdelamar",94
PA,"Salvatierra",94
PA,"Leiva",94
PA,"George",94
PA,"Cantoral",94
PA,"Castellanos",94
PA,"Arancibia",94
PA,"Ii",93
PA,"Sencion",93
PA,"Kennion",93
PA,"Ortis",93
PA,"Del Valle",93
PA,"Cm",93
PA,"De Los Santos",93
PA,"Melgarejo",93
PA,"Soza",93
PA,"Tellez",93
PA,"Ventura",93
PA,"Obregon",93
PA,"Simmons",93
PA,"Milagros",92
PA,"Victor",92
PA,"Fox",92
PA,"Bailarin",92
PA,"Gusman",92
PA,"Rayo",92
PA,"Martes",92
PA,"Iguala",92
PA,"Castellon",92
PA,"Hoyos",92
PA,"Moscoso",92
PA,"Mabel",91
PA,"Valiente",91
PA,"Sanz",91
PA,"Santoya",91
PA,"Baule",91
PA,"De La Hoz",91
PA,"Lawrence",91
PA,"Jimene",90
PA,"Guillermo",90
PA,"Salasar",90
PA,"Gonza",90
PA,"Moralez",90
PA,"Ortíz",90
PA,"Terrero",90
PA,"Antioco",90
PA,"Terrado",90
PA,"Cespedes",90
PA,"Quesada",90
PA,"Gonzalez Rodriguez",89
PA,"Warren",89
PA,"Maza",89
PA,"Cosme",89
PA,"Sugasti",89
PA,"Heredia",89
PA,"Raquel",88
PA,"Gutierre",88
PA,"Kam",88
PA,"Cheung",88
PA,"Vejarano",88
PA,"Turner",88
PA,"Almillategui",88
PA,"Pena",88
PA,"Worrell",88
PA,"Durán",88
PA,"Ross",87
PA,"Marrugo",87
PA,"Olave",87
PA,"Barreto",87
PA,"Camano",87
PA,"Maltez",87
PA,"Chavarría",87
PA,"Valero",87
PA,"Boyce",87
PA,"Racero",87
PA,"Menacho",87
PA,"Millan",87
PA,"Graham",86
PA,"Kennedy",86
PA,"Barrigon",86
PA,"Russell",86
PA,"Solorzano",86
PA,"Rodri",86
PA,"De Ortega",85
PA,"Pedro",85
PA,"Samuel",85
PA,"Prince",85
PA,"Bruce",85
PA,"Zaldivar",85
PA,"Parada",85
PA,"Chirinos",85
PA,"Guizado",85
PA,"Palmer",85
PA,"Posada",85
PA,"Yearwood",85
PA,"Cuervo",85
PA,"Iglesia",85
PA,"Barreno",85
PA,"Zeledon",85
PA,"Tesis",85
PA,"Anria",85
PA,"Hinds",85
PA,"Rugama",85
PA,"Karina",84
PA,"Mercedes",84
PA,"Martine",84
PA,"Pastor",84
PA,"Pere",84
PA,"Parker",84
PA,"Ibañez",84
PA,"Rendon",84
PA,"Avilés",84
PA,"Alemán",84
PA,"Adams",84
PA,"Valdivia",84
PA,"Raul",83
PA,"Barber",83
PA,"Oliver",83
PA,"Ferguson",83
PA,"Simiti",83
PA,"Mayers",83
PA,"Dumasa",83
PA,"Santa",83
PA,"Mepaquito",83
PA,"Rebolledo",83
PA,"Jiang",83
PA,"Alegria",83
PA,"Pomares",83
PA,"Lazo",83
PA,"Ossa",83
PA,"Visuette",83
PA,"Luzcando",83
PA,"Berguido",83
PA,"Lacayo",83
PA,"Velazquez",82
PA,"Ábrego",82
PA,"Rodriques",82
PA,"Aji",82
PA,"Rodriguez Rodriguez",82
PA,"Zepeda",82
PA,"De Herrera",81
PA,"De Batista",81
PA,"Eliecer",81
PA,"De Morales",81
PA,"Felix",81
PA,"Zeng",81
PA,"Sianca",81
PA,"Aisprua",81
PA,"Vital",81
PA,"Pandales",81
PA,"Potes",81
PA,"Othon",81
PA,"Mairena",81
PA,"Romaña",81
PA,"Delacruz",81
PA,"Kantule",80
PA,"Ali",80
PA,"Mcdonald",80
PA,"Garcés",80
PA,"Weeks",80
PA,"Beckford",80
PA,"Holder",80
PA,"Fung",80
PA,"Fuenmayor",80
PA,"Shaw",80
PA,"Lisseth",79
PA,"Anel",79
PA,"John",79
PA,"Aquilar",79
PA,"Abrigo",79
PA,"Najera",79
PA,"Mecha",79
PA,"Montalvan",79
PA,"Miniel",79
PA,"Veces",79
PA,"Charris",79
PA,"Clement",79
PA,"De Vega",78
PA,"Xavier",78
PA,"Rodrguez",78
PA,"Guadalupe",78
PA,"Lana",78
PA,"Betancur",78
PA,"Pinedo",78
PA,"Lo",78
PA,"Vinda",78
PA,"Nay",78
PA,"Mcfarlane",78
PA,"Girón",78
PA,"Ag",78
PA,"Alcantara",78
PA,"Morcillo",78
PA,"Mathews",78
PA,"Manzane",78
PA,"Rogers",78
PA,"Janeth",77
PA,"Artola",77
PA,"Merel",77
PA,"Flore",77
PA,"Watts",77
PA,"Troncoso",77
PA,"Toledo",77
PA,"Bulgin",77
PA,"Oscar",76
PA,"Moises",76
PA,"Paul",76
PA,"Vasque",76
PA,"Livingston",76
PA,"Archbold",76
PA,"Delvalle",76
PA,"Britton",76
PA,"Peart",76
PA,"Casiano",76
PA,"Cañizalez",76
PA,"Talavera",76
PA,"Riasco",76
PA,"Picado",76
PA,"Bell",76
PA,"Amado",76
PA,"Jovane",76
PA,"Souza",76
PA,"Bendecida",75
PA,"De Diaz",75
PA,"Fiel",75
PA,"Serrud",75
PA,"Zamorano",75
PA,"Chiu",75
PA,"Spencer",75
PA,"Galvis",75
PA,"Cabezas",75
PA,"Mera",75
PA,"Olaciregui",75
PA,"Headley",75
PA,"Sambrano",75
PA,"Salerno",75
PA,"Russo",75
PA,"Yepez",75
PA,"Conquista",74
PA,"Sirex",74
PA,"Mon",74
PA,"Morelos",74
PA,"Sáez",74
PA,"Moron",74
PA,"Macías",74
PA,"Matute",74
PA,"Bustos",74
PA,"Berry",74
PA,"Berrios",74
PA,"Hernàndez",74
PA,"Roberto",73
PA,"Emanuel",73
PA,"Noel",73
PA,"Moña",73
PA,"Espada",73
PA,"Welch",73
PA,"Leira",73
PA,"Pittí",73
PA,"Ledesma",73
PA,"Arteaga",73
PA,"Tejera",73
PA,"Gallegos",73
PA,"Hughes",73
PA,"Olivarren",73
PA,"Valladares",73
PA,"Cadiz",73
PA,"Gr",73
PA,"Ugarte",73
PA,"Del Rio",73
PA,"De Lopez",72
PA,"Veroy",72
PA,"Jara",72
PA,"Roy",72
PA,"Olivo",72
PA,"Haynes",72
PA,"Galeano",72
PA,"Apochito",72
PA,"Aguero",72
PA,"Bonaga",72
PA,"Daniels",72
PA,"Cascante",72
PA,"Yee",72
PA,"Newball",72
PA,"De Icaza",72
PA,"Dutari",72
PA,"De González",71
PA,"Vanessa",71
PA,"Savedra",71
PA,"Alguero",71
PA,"Chamarra",71
PA,"Requena",71
PA,"Robledo",71
PA,"Gerrero",71
PA,"Noguera",71
PA,"Jesse",71
PA,"Cobos",71
PA,"Mejias",71
PA,"Peters",71
PA,"De Freitas",71
PA,"Iveth",70
PA,"Mary",70
PA,"Herman",70
PA,"Teucama",70
PA,"Soliz",70
PA,"Sant",70
PA,"Ambulo",70
PA,"Marengo",70
PA,"Isaacs",70
PA,"Alderete",70
PA,"Queen",69
PA,"De Mendoza",69
PA,"De Quintero",69
PA,"Franklin",69
PA,"Bent",69
PA,"Degracias",69
PA,"Mesua",69
PA,"Chamapuro",69
PA,"Gray",69
PA,"Consuegra",69
PA,"Cuellar",69
PA,"Sepulveda",69
PA,"Taborda",69
PA,"Tercero",69
PA,"Lambert",69
PA,"Bouche",69
PA,"Landau",69
PA,"Cast",69
PA,"Borrero",69
PA,"Mack",69
PA,"Caro",69
PA,"De Rivera",68
PA,"Rodrigo",68
PA,"Marcos",68
PA,"Berdiales",68
PA,"Arellano",68
PA,"Novoa",68
PA,"Stonestreet",68
PA,"Avilez",68
PA,"Bartuano",68
PA,"Mateo",68
PA,"Motta",68
PA,"Dominquez",68
PA,"Visuete",68
PA,"Judith",67
PA,"Nicol",67
PA,"Arguello",67
PA,"Colman",67
PA,"Pierre",67
PA,"Zavala",67
PA,"Negria",67
PA,"Love",67
PA,"Rm",67
PA,"Arispe",67
PA,"Kim",67
PA,"Morrison",67
PA,"Mong",67
PA,"Mark",67
PA,"Borges",67
PA,"Bendecido",66
PA,"Lucia",66
PA,"Tang",66
PA,"Puyol",66
PA,"De La Flor",66
PA,"Sedeño",66
PA,"Ro",66
PA,"Piña",66
PA,"Baltodano",66
PA,"Maradiaga",66
PA,"Tovares",66
PA,"Ridriguez",66
PA,"Cortéz",66
PA,"Cabeza",66
PA,"Rg",66
PA,"Fer",66
PA,"Rafael",65
PA,"Layne",65
PA,"Arquiñez",65
PA,"Castellano",65
PA,"Cen",65
PA,"Teylor",65
PA,"Mp",65
PA,"Lindo",65
PA,"Harrison",65
PA,"Nieves",65
PA,"Dojirama",65
PA,"Landero",65
PA,"De Leòn",65
PA,"Sol",64
PA,"Blackman",64
PA,"Ben",64
PA,"Gonz",64
PA,"Riascos",64
PA,"Pita",64
PA,"Case",64
PA,"Plicet",64
PA,"Castañedas",64
PA,"Torrealba",64
PA,"Galan",64
PA,"Riera",64
PA,"Rodriguz",63
PA,"Beleño",63
PA,"Caez",63
PA,"Barco",63
PA,"Almendra",63
PA,"Tobar",63
PA,"Newman",63
PA,"Del Castillo",63
PA,"Pizarro",63
PA,"Menguisama",63
PA,"Elizondo",63
PA,"London",63
PA,"Petit",63
PA,"Delarosa",63
PA,"Villega",63
PA,"Menendez",63
PA,"Baruco",63
PA,"Palomeque",63
PA,"Oller",63
PA,"Ana",62
PA,"De Cedeño",62
PA,"Orlando",62
PA,"María",62
PA,"Flor",62
PA,"Forsythe",62
PA,"Amor",62
PA,"Hoyte",62
PA,"Opua",62
PA,"Wallace",62
PA,"Marcano",62
PA,"Roble",62
PA,"Boutet",62
PA,"Castle",62
PA,"Uzcategui",62
PA,"Walters",62
PA,"Troestch",62
PA,"Aldana",62
PA,"Pèrez",62
PA,"Bozo",62
PA,"Paulino",62
PA,"Venegas",62
PA,"Yu",62
PA,"Tribaldos",62
PA,"De Guerra",61
PA,"Fernanda",61
PA,"Jc",61
PA,"Fc",61
PA,"Gozalez",61
PA,"Apodaca",61
PA,"Palasio",61
PA,"Sibala",61
PA,"Marcusi",61
PA,"Barnes",61
PA,"Black",61
PA,"Blandford",61
PA,"Montez",61
PA,"Gs",61
PA,"Sandino",61
PA,"Terreros",61
PA,"Marenco",61
PA,"Garzola",61
PA,"Athanasiadis",61
PA,"Martìnez",61
PA,"Riley",61
PA,"Cifuentes",61
PA,"Chiriqui",60
PA,"De Castro",60
PA,"Domingo",60
PA,"Guido",60
PA,"Chocho",60
PA,"Cr",60
PA,"Arthur",60
PA,"Arracera",60
PA,"Sinisterra",60
PA,"Nereira",60
PA,"Briones",60
PA,"Balladares",60
PA,"Brands",60
PA,"Valera",60
PA,"Daza",60
PA,"Jaimes",60
PA,"Morel",60
PA,"Mujica",60
PA,"Fan",60
PA,"Zuleta",60
PA,"Tam",60
PA,"De Aguilar",59
PA,"Bless",59
PA,"De Torres",59
PA,"Melissa",59
PA,"Diego",59
PA,"Gonzaléz",59
PA,"Juares",59
PA,"Claros",59
PA,"Gamarra",59
PA,"Chanapi",59
PA,"Georget",59
PA,"Virola",59
PA,"Membora",59
PA,"Matthews",59
PA,"Ampudia",59
PA,"Kant",59
PA,"Milord",59
PA,"Sterling",59
PA,"Tinoco",59
PA,"Peterson",59
PA,"Melendes",59
PA,"Marchena",59
PA,"Ca",59
PA,"Velazco",59
PA,"Surgeon",59
PA,"Combe",59
PA,"Yanez",59
PA,"Oriel",58
PA,"De Villarreal",58
PA,"Gon",58
PA,"Ramea",58
PA,"Kirton",58
PA,"Malek",58
PA,"Gooding",58
PA,"Pelaez",58
PA,"Cerrano",58
PA,"De Salas",58
PA,"Maestre",58
PA,"Bristan",58
PA,"Toscano",58
PA,"Triana",58
PA,"Cummings",58
PA,"Blades",58
PA,"Hoy",58
PA,"Perozo",58
PA,"Marrero",58
PA,"Blanquicet",58
PA,"Candelaria",58
PA,"De Ycaza",58
PA,"Alvendas",58
PA,"Guarin",58
PA,"Serrut",58
PA,"Pulido",58
PA,"Alzate",58
PA,"Pretelt",58
PA,"Mor",58
PA,"Baloyes",58
PA,"Monteza",58
PA,"Lescure",58
PA,"Yamileth",57
PA,"Emilio",57
PA,"Amir",57
PA,"Richard",57
PA,"Castiyo",57
PA,"Domingez",57
PA,"Alvaez",57
PA,"Quiróz",57
PA,"Myers",57
PA,"Martinelli",57
PA,"Escorcia",57
PA,"Pity",57
PA,"Fria",57
PA,"Henrriquez",57
PA,"Caizamo",57
PA,"Boza",57
PA,"Castrejo",57
PA,"Testa",57
PA,"Sealy",57
PA,"Puerta",57
PA,"Benis",57
PA,"Infante",57
PA,"De Arauz",56
PA,"Steven",56
PA,"De Avila",56
PA,"Villanero",56
PA,"Michel",56
PA,"War",56
PA,"Albarado",56
PA,"Alvaro",56
PA,"Mero",56
PA,"Armas",56
PA,"Sealey",56
PA,"Ar",56
PA,"Hernamdez",56
PA,"Zou",56
PA,"More",56
PA,"Gc",56
PA,"Monsalve",56
PA,"Puertas",56
PA,"Yepes",56
PA,"Stephens",56
PA,"Farquez",56
PA,"Bultrón",56
PA,"Ducreux",56
PA,"Manzanares",56
PA,"Morelo",56
PA,"De Sousa",56
PA,"Yanis",56
PA,"Quinn",56
PA,"Estevez",56
PA,"Arana",56
PA,"De Hernandez",55
PA,"De Flores",55
PA,"Jj",55
PA,"Backer",55
PA,"Stalin",55
PA,"Doviaza",55
PA,"Caisedo",55
PA,"Chandler",55
PA,"Casazola",55
PA,"Estrella",55
PA,"Coloma",55
PA,"Higuero",55
PA,"Gimenes",55
PA,"Ramo",55
PA,"Ac",55
PA,"Cocheran",55
PA,"Greco",55
PA,"Manyoma",55
PA,"Fletcher",55
PA,"Bhakta",55
PA,"Paternina",55
PA,"Davidson",55
PA,"Lujan",55
PA,"Castillos",55
PA,"Bazán",55
PA,"De Muñoz",54
PA,"De Rios",54
PA,"De Caballero",54
PA,"Abel",54
PA,"Dario",54
PA,"Junier",54
PA,"De Reyes",54
PA,"Jm",54
PA,"Zhuo",54
PA,"Car",54
PA,"Marte",54
PA,"Rodiguez",54
PA,"Norato",54
PA,"Suares",54
PA,"Garabato",54
PA,"Paniagua",54
PA,"Cid",54
PA,"Miro",54
PA,"Louis",54
PA,"Gonzalex",54
PA,"Racine",54
PA,"Tomlinson",54
PA,"Thorne",54
PA,"Gonzalez Castillo",54
PA,"Quejada",54
PA,"Munguia",54
PA,"Rivadeneira",54
PA,"Aizprúa",54
PA,"Cervera",54
PA,"Fields",54
PA,"Sing",54
PA,"Abrahams",54
PA,"Araùz",54
PA,"Gòmez",54
PA,"Mizrachi",54
PA,"Cecilia",53
PA,"Daniela",53
PA,"De Vasquez",53
PA,"Septimo",53
PA,"Holguin",53
PA,"Oporta",53
PA,"Graciani",53
PA,"Waldron",53
PA,"Landecho",53
PA,"You",53
PA,"Cerna",53
PA,"Rodriguez Gonzalez",53
PA,"Harper",53
PA,"Butcher",53
PA,"Cuero",53
PA,"Gamez",53
PA,"Baxter",53
PA,"Borja",53
PA,"Ye",53
PA,"Yang",53
PA,"Payne",53
PA,"Roux",53
PA,"Mackay",53
PA,"Carballo",53
PA,"Viveros",53
PA,"Montano",53
PA,"Reales",53
PA,"De Gomez",52
PA,"Jair",52
PA,"Villalta",52
PA,"Stephenson",52
PA,"Ornano",52
PA,"Rodrige",52
PA,"Bethancour",52
PA,"Gutierez",52
PA,"Grimas",52
PA,"Orellana",52
PA,"Corea",52
PA,"Goff",52
PA,"Albeo",52
PA,"Madrigales",52
PA,"Cozzarelli",52
PA,"Francois",52
PA,"Correoso",52
PA,"Umaña",52
PA,"Iturriaga",52
PA,"Dc",52
PA,"Beluche",52
PA,"Bósquez",52
PA,"Maduro",52
PA,"Mirones",52
PA,"Cg",52
PA,"Lora",52
PA,"Sg",52
PA,"Gayle",52
PA,"Salamanca",52
PA,"De Ramos",51
PA,"Mari",51
PA,"De Miranda",51
PA,"Camilo",51
PA,"Rodruiguez",51
PA,"Sugaste",51
PA,"Hernan",51
PA,"Costa",51
PA,"Azul",51
PA,"Plaza",51
PA,"Conzalez",51
PA,"Ardila",51
PA,"Quiñonez",51
PA,"Evila",51
PA,"Encarnacion",51
PA,"Hackin",51
PA,"Burbano",51
PA,"Timana",51
PA,"Pedreschi",51
PA,"Chase",51
PA,"Paris",51
PA,"Forchiney",51
PA,"Penalba",51
PH,"Cruz",4909
PH,"Reyes",4866
PH,"Santos",4792
PH,"Garcia",4357
PH,"Dela Cruz",3919
PH,"Mendoza",3662
PH,"Tan",3460
PH,"Ramos",3049
PH,"Lopez",2672
PH,"Lee",2672
PH,"Lim",2629
PH,"Gonzales",2589
PH,"Bautista",2564
PH,"Fernandez",2378
PH,"Flores",2267
PH,"Villanueva",2107
PH,"Perez",2103
PH,"De Guzman",1936
PH,"Chua",1749
PH,"Aquino",1646
PH,"Castillo",1643
PH,"Rivera",1635
PH,"Castro",1538
PH,"Torres",1509
PH,"Sy",1504
PH,"Sanchez",1482
PH,"Francisco",1431
PH,"Santiago",1416
PH,"Go",1403
PH,"Hernandez",1366
PH,"Uy",1327
PH,"Ong",1320
PH,"De Leon",1288
PH,"Rodriguez",1282
PH,"Martinez",1261
PH,"Ramirez",1152
PH,"Singh",1151
PH,"Diaz",1150
PH,"Tolentino",1140
PH,"David",1128
PH,"Mercado",1120
PH,"Gomez",1117
PH,"Soriano",1114
PH,"Domingo",1104
PH,"Smith",1071
PH,"Dizon",1043
PH,"Chan",1042
PH,"Morales",1039
PH,"Yu",1035
PH,"Co",968
PH,"Aguilar",946
PH,"Valdez",944
PH,"Manalo",931
PH,"Salvador",899
PH,"Del Rosario",880
PH,"Pascual",877
PH,"Miranda",875
PH,"Javier",870
PH,"Gutierrez",864
PH,"Navarro",859
PH,"Alvarez",855
PH,"Kim",852
PH,"Marquez",839
PH,"Enriquez",829
PH,"Ocampo",823
PH,"Velasco",822
PH,"Ferrer",820
PH,"Salazar",808
PH,"Alcantara",806
PH,"Pineda",797
PH,"Padilla",773
PH,"Jimenez",768
PH,"Yap",766
PH,"Cortez",763
PH,"Sarmiento",756
PH,"Ang",752
PH,"Angeles",750
PH,"Delacruz",746
PH,"Antonio",743
PH,"Corpuz",738
PH,"Dy",723
PH,"Rosales",721
PH,"Delos Santos",710
PH,"Evangelista",694
PH,"De Jesus",686
PH,"Mariano",677
PH,"Martin",672
PH,"Agustin",639
PH,"Ignacio",638
PH,"Vergara",636
PH,"Medina",629
PH,"Manuel",627
PH,"Espiritu",617
PH,"Legaspi",611
PH,"Romero",606
PH,"Fajardo",596
PH,"Valencia",593
PH,"Marie",590
PH,"De Vera",586
PH,"Sison",584
PH,"Peralta",576
PH,"Cabrera",565
PH,"Guevarra",556
PH,"Delos Reyes",555
PH,"Ann",547
PH,"Samson",545
PH,"Concepcion",538
PH,"Pascua",536
PH,"Atienza",536
PH,"Bernardo",531
PH,"Serrano",530
PH,"Vargas",524
PH,"Roxas",520
PH,"Dee",516
PH,"Chavez",514
PH,"Trinidad",509
PH,"Acosta",490
PH,"Fuentes",487
PH,"Suarez",487
PH,"Ortega",486
PH,"Gonzaga",480
PH,"Jose",477
PH,"Ortiz",473
PH,"Luna",471
PH,"Robles",468
PH,"Ko",467
PH,"Ruiz",465
PH,"Villa",461
PH,"Estrada",460
PH,"De Castro",459
PH,"Espinosa",458
PH,"Abad",456
PH,"Mallari",454
PH,"Galang",452
PH,"Lyn",451
PH,"Fernando",451
PH,"Tamayo",448
PH,"Molina",445
PH,"Ng",442
PH,"James",441
PH,"Villegas",439
PH,"Gabriel",439
PH,"Briones",438
PH,"Lao",435
PH,"King",433
PH,"Moreno",432
PH,"Panganiban",431
PH,"Mendez",425
PH,"Roque",424
PH,"Borja",421
PH,"Wong",420
PH,"Austria",414
PH,"Arellano",409
PH,"Li",408
PH,"Pangilinan",407
PH,"Carlos",406
PH,"John",405
PH,"Villamor",404
PH,"Zamora",403
PH,"Valenzuela",402
PH,"Guzman",395
PH,"Park",394
PH,"Esguerra",389
PH,"Marasigan",387
PH,"Asuncion",381
PH,"Herrera",378
PH,"Chen",377
PH,"Lorenzo",376
PH,"Young",375
PH,"Sevilla",374
PH,"Magno",372
PH,"Miguel",367
PH,"Cunanan",363
PH,"Tuazon",363
PH,"Beltran",362
PH,"Silva",362
PH,"Khan",361
PH,"Kho",358
PH,"Palma",355
PH,"Tiu",349
PH,"Caballero",346
PH,"Vasquez",345
PH,"Abella",343
PH,"Canlas",343
PH,"Avila",342
PH,"Manzano",340
PH,"Ali",339
PH,"Gregorio",338
PH,"Ventura",337
PH,"Marcelo",337
PH,"Solis",334
PH,"Wang",333
PH,"Jay",332
PH,"Rosario",331
PH,"Andres",330
PH,"Gamboa",328
PH,"Mateo",325
PH,"Nicolas",320
PH,"Natividad",320
PH,"Alfonso",318
PH,"Deguzman",316
PH,"Sales",316
PH,"Ching",314
PH,"Vicente",313
PH,"Custodio",313
PH,"Estrella",312
PH,"Ilagan",312
PH,"Duran",311
PH,"Manila",309
PH,"Geronimo",309
PH,"Bartolome",309
PH,"Dela Rosa",309
PH,"Galvez",308
PH,"Kumar",306
PH,"May",305
PH,"Lacson",304
PH,"Buenaventura",304
PH,"Ancheta",303
PH,"Sebastian",302
PH,"Guerrero",302
PH,"Magbanua",300
PH,"Ponce",300
PH,"Umali",298
PH,"So",298
PH,"Ledesma",297
PH,"Ii",294
PH,"Carpio",294
PH,"Carreon",294
PH,"Heart",291
PH,"Yang",288
PH,"Cheng",288
PH,"Toledo",287
PH,"Lazaro",287
PH,"Dalisay",286
PH,"Velasquez",285
PH,"Clemente",284
PH,"Alonzo",282
PH,"Blanco",280
PH,"Crisostomo",277
PH,"Delgado",276
PH,"Pablo",275
PH,"Juan",274
PH,"Salcedo",272
PH,"Baltazar",272
PH,"Lucero",271
PH,"Aguirre",271
PH,"Villar",266
PH,"Bernal",266
PH,"Cordero",266
PH,"Campos",265
PH,"Jones",264
PH,"Cervantes",264
PH,"Lozada",263
PH,"Gonzalez",263
PH,"Punzalan",262
PH,"Cuevas",261
PH,"Viray",261
PH,"Lucas",260
PH,"Dela Torre",259
PH,"Kaur",258
PH,"Cristobal",258
PH,"Franco",257
PH,"Camacho",254
PH,"Jacinto",253
PH,"Lu",252
PH,"Montero",251
PH,"Mark",250
PH,"Chu",250
PH,"Arevalo",249
PH,"Santillan",249
PH,"Sia",249
PH,"Ronquillo",248
PH,"Bondoc",248
PH,"Grace",247
PH,"Deleon",245
PH,"Lin",244
PH,"Feliciano",244
PH,"Bustamante",242
PH,"Gallardo",241
PH,"Sandoval",240
PH,"Cordova",240
PH,"Quinto",240
PH,"Bernabe",239
PH,"Esteban",237
PH,"Pepito",236
PH,"Mejia",235
PH,"Cortes",234
PH,"San Juan",231
PH,"Prado",230
PH,"Bonifacio",230
PH,"Lozano",230
PH,"Ty",230
PH,"De La Cruz",229
PH,"Padua",227
PH,"Marcos",227
PH,"Paras",227
PH,"Roldan",226
PH,"Cinco",225
PH,"Lang",225
PH,"Pangan",224
PH,"Constantino",223
PH,"Matias",223
PH,"Quiambao",222
PH,"Dela Peña",222
PH,"Man",220
PH,"Momo",220
PH,"Mahinay",218
PH,"Bueno",217
PH,"Nicole",216
PH,"Eugenio",216
PH,"Dionisio",216
PH,"Ballesteros",215
PH,"Rey",214
PH,"Solomon",214
PH,"Quijano",214
PH,"Samonte",213
PH,"Guillermo",212
PH,"Labrador",212
PH,"Salas",212
PH,"Baguio",211
PH,"Abalos",211
PH,"Madrid",211
PH,"Dulay",210
PH,"Pimentel",209
PH,"Apostol",209
PH,"Manansala",208
PH,"Yan",208
PH,"Raymundo",207
PH,"Andaya",205
PH,"You",204
PH,"Adriano",204
PH,"Yao",203
PH,"Espino",202
PH,"Gill",201
PH,"Lo",201
PH,"Roa",201
PH,"Paul",200
PH,"Borromeo",200
PH,"Bravo",200
PH,"Gatchalian",199
PH,"Meneses",198
PH,"Espina",197
PH,"Mo",197
PH,"Villareal",197
PH,"Collado",197
PH,"Rosal",196
PH,"Jacob",196
PH,"Imperial",195
PH,"Hipolito",195
PH,"Asis",195
PH,"Oliveros",194
PH,"Benitez",194
PH,"Delfin",194
PH,"Cañete",193
PH,"Calderon",193
PH,"Montes",192
PH,"Rubio",192
PH,"Mendiola",192
PH,"Que",192
PH,"Ngo",191
PH,"Aguila",191
PH,"Dominguez",191
PH,"Baylon",191
PH,"Montefalco",190
PH,"Rojas",190
PH,"Alejandro",190
PH,"Neri",189
PH,"Salonga",188
PH,"Jordan",187
PH,"Daniel",186
PH,"Aragon",186
PH,"Vega",186
PH,"See",186
PH,"Andrade",185
PH,"Magallanes",185
PH,"Koh",184
PH,"Del Mundo",184
PH,"Maranan",184
PH,"Vidal",183
PH,"Cua",183
PH,"Guinto",183
PH,"Arcilla",182
PH,"Chang",181
PH,"San Jose",181
PH,"Madrigal",180
PH,"San",180
PH,"Nunez",180
PH,"De Luna",180
PH,"Liu",179
PH,"Lara",179
PH,"Calma",179
PH,"Zapanta",179
PH,"Tecson",179
PH,"Montemayor",179
PH,"Na",178
PH,"Arceo",178
PH,"Canete",177
PH,"De Ocampo",177
PH,"Bello",177
PH,"Ho",176
PH,"Hilario",176
PH,"Nolasco",176
PH,"Bernardino",176
PH,"Alba",176
PH,"Rico",176
PH,"Red",175
PH,"Nuñez",174
PH,"Mata",174
PH,"Sam",174
PH,"Carandang",174
PH,"Grey",173
PH,"Coronel",173
PH,"Po",173
PH,"De Asis",173
PH,"Hidalgo",173
PH,"Peña",173
PH,"Gray",172
PH,"Tomas",172
PH,"Simon",172
PH,"Joseph",171
PH,"Amor",171
PH,"An",171
PH,"Villaflor",171
PH,"Tejada",171
PH,"Casas",170
PH,"Nepomuceno",170
PH,"Teves",169
PH,"Sotto",169
PH,"Sunga",169
PH,"Real",169
PH,"Son",168
PH,"Arroyo",168
PH,"Conde",168
PH,"Frias",168
PH,"Salinas",168
PH,"Mina",166
PH,"Andal",166
PH,"Lou",165
PH,"Ybanez",165
PH,"Razon",165
PH,"Pamintuan",165
PH,"Angelo",164
PH,"Belen",164
PH,"Paredes",164
PH,"Brar",163
PH,"Bacani",163
PH,"Figueroa",163
PH,"Zhang",162
PH,"Huang",162
PH,"Pilapil",162
PH,"Sabado",162
PH,"Tenorio",162
PH,"Plaza",161
PH,"Oliva",161
PH,"Liwanag",161
PH,"Malabanan",161
PH,"Sayson",161
PH,"Brown",160
PH,"Medrano",160
PH,"Malinao",160
PH,"Basa",160
PH,"Alarcon",160
PH,"Jean",159
PH,"Canoy",159
PH,"Catalan",159
PH,"Choi",159
PH,"Yabut",159
PH,"Ka",158
PH,"Benedicto",158
PH,"Valerio",158
PH,"Barrientos",157
PH,"Basco",157
PH,"Dela Pena",156
PH,"Zabala",156
PH,"San Pedro",156
PH,"Dimaano",156
PH,"Guevara",156
PH,"Paz",156
PH,"Victoria",155
PH,"Andrada",155
PH,"Pacheco",155
PH,"Mangubat",155
PH,"Leonardo",155
PH,"Alegre",154
PH,"De Mesa",154
PH,"Gan",154
PH,"Abdullah",153
PH,"Te",153
PH,"Mar",152
PH,"Araneta",152
PH,"Ibanez",152
PH,"Cayabyab",152
PH,"Magsino",152
PH,"Marcelino",152
PH,"Cuizon",151
PH,"Laurente",151
PH,"Carino",151
PH,"Manabat",151
PH,"Villarin",150
PH,"Silvestre",150
PH,"Mojica",150
PH,"Felipe",149
PH,"Usman",149
PH,"Contreras",148
PH,"Viloria",148
PH,"Recto",147
PH,"Basilio",147
PH,"Burgos",147
PH,"Tee",147
PH,"Maria",146
PH,"Bee",146
PH,"Bermudez",146
PH,"Advincula",146
PH,"Soliman",146
PH,"Gallego",145
PH,"Devera",145
PH,"Landicho",145
PH,"Rodrigo",145
PH,"Anthony",144
PH,"Romano",144
PH,"Galicia",144
PH,"Magpantay",144
PH,"Sta Ana",144
PH,"Estacio",144
PH,"Montenegro",143
PH,"Manalang",143
PH,"Lagman",143
PH,"Seyer",142
PH,"Capistrano",142
PH,"Felix",142
PH,"Centeno",142
PH,"Joaquin",141
PH,"Ma",141
PH,"Pelayo",141
PH,"Cabral",141
PH,"Murillo",141
PH,"Chong",141
PH,"De Los Reyes",141
PH,"Dela Paz",141
PH,"Lachica",140
PH,"Cariño",140
PH,"Papa",140
PH,"Dayrit",140
PH,"Eusebio",140
PH,"Singson",140
PH,"De Villa",140
PH,"Anderson",139
PH,"Alberto",139
PH,"Sun",138
PH,"Faith",137
PH,"Saavedra",137
PH,"Pena",137
PH,"Villaruel",137
PH,"Encarnacion",137
PH,"Cee",136
PH,"Ting",136
PH,"Villena",136
PH,"Regalado",136
PH,"Ford",135
PH,"Narciso",135
PH,"Cabahug",135
PH,"Capili",135
PH,"Alvarado",135
PH,"Paraiso",135
PH,"Macaraeg",135
PH,"Mac",134
PH,"Aguinaldo",134
PH,"Fabian",134
PH,"Decena",134
PH,"Kita",133
PH,"Loyola",133
PH,"Panes",133
PH,"Lazo",133
PH,"Macapagal",133
PH,"Rojo",132
PH,"Lapuz",132
PH,"Faustino",132
PH,"Michael",131
PH,"Love",131
PH,"Sagun",131
PH,"Wu",131
PH,"Barrios",131
PH,"Diego",131
PH,"Sidhu",130
PH,"Velarde",130
PH,"Villafuerte",130
PH,"Florendo",130
PH,"Isidro",130
PH,"Sulit",130
PH,"Velez",129
PH,"Valle",129
PH,"Quizon",129
PH,"Mondragon",128
PH,"De Chavez",128
PH,"Tang",128
PH,"Fontanilla",128
PH,"Resurreccion",128
PH,"Madriaga",128
PH,"Joson",128
PH,"Barredo",127
PH,"Castaneda",127
PH,"Olshoppe",126
PH,"Ken",126
PH,"Billones",126
PH,"Gloria",126
PH,"Policarpio",126
PH,"Naval",125
PH,"Solano",125
PH,"Montano",125
PH,"Tobias",125
PH,"Mohammad",124
PH,"Amante",124
PH,"Chiu",124
PH,"Kate",123
PH,"White",123
PH,"Rafael",123
PH,"Porras",123
PH,"Tagle",123
PH,"Macatangay",123
PH,"Miller",123
PH,"Mae",122
PH,"Almario",122
PH,"Tayag",122
PH,"Laurel",122
PH,"Junio",122
PH,"Dumlao",122
PH,"Min",121
PH,"Alfaro",121
PH,"Han",121
PH,"Patricio",121
PH,"Belarmino",121
PH,"Manlapaz",121
PH,"Viernes",121
PH,"Pasion",121
PH,"Castor",120
PH,"Urbano",120
PH,"Ibarra",120
PH,"Johnson",120
PH,"Catacutan",120
PH,"Belle",119
PH,"Gaspar",119
PH,"Duque",119
PH,"Posadas",119
PH,"Comia",119
PH,"Locsin",118
PH,"Regala",118
PH,"Balagtas",118
PH,"Verzosa",118
PH,"Munoz",118
PH,"Arguelles",118
PH,"Veloso",118
PH,"De Dios",118
PH,"Soria",117
PH,"Verano",117
PH,"De Los Santos",117
PH,"Chiong",117
PH,"Mijares",117
PH,"Ybañez",117
PH,"Puno",117
PH,"Escobar",116
PH,"Baluyot",116
PH,"Pastor",116
PH,"Teodoro",116
PH,"Hermoso",116
PH,"La",115
PH,"Dave",115
PH,"Black",115
PH,"Bermejo",115
PH,"Julian",115
PH,"Guanzon",115
PH,"Manahan",115
PH,"Alejo",115
PH,"Almazan",115
PH,"Buenafe",115
PH,"Magnaye",115
PH,"Cadiz",115
PH,"Magat",115
PH,"Infante",114
PH,"Grande",114
PH,"Osorio",114
PH,"Inocencio",114
PH,"Carillo",114
PH,"Paulino",114
PH,"Gee",113
PH,"Dela Vega",113
PH,"Laxamana",113
PH,"Arce",113
PH,"Hong",112
PH,"Ariola",112
PH,"Belmonte",112
PH,"Ceniza",112
PH,"Mayo",112
PH,"Cardenas",112
PH,"Revilla",112
PH,"Jen",111
PH,"Wilson",111
PH,"Ibrahim",111
PH,"Bernales",111
PH,"Jao",111
PH,"Mamaril",111
PH,"Tiongson",111
PH,"Gil",111
PH,"Jack",110
PH,"Cuenca",110
PH,"Alcala",110
PH,"De Guia",110
PH,"Barcelona",109
PH,"Yambao",109
PH,"Lanuza",109
PH,"Williams",109
PH,"Arias",109
PH,"Pua",109
PH,"Sta Maria",109
PH,"Tin",108
PH,"Nava",108
PH,"Cano",108
PH,"Cariaga",108
PH,"Ricafort",108
PH,"Agcaoili",108
PH,"Jan",107
PH,"Roman",107
PH,"Marco",107
PH,"Banaag",107
PH,"Rama",107
PH,"Albano",107
PH,"Jade",106
PH,"Danao",106
PH,"Marzan",106
PH,"Pancho",106
PH,"Su",106
PH,"Manalastas",106
PH,"Dayao",106
PH,"Manlangit",106
PH,"Pagaduan",106
PH,"Dacanay",106
PH,"Francia",106
PH,"Poblete",106
PH,"Davis",105
PH,"Arenas",105
PH,"Sangalang",105
PH,"Barrera",105
PH,"Abarquez",105
PH,"Paragas",105
PH,"Ibañez",105
PH,"Benito",105
PH,"Datu",105
PH,"Delima",104
PH,"Dorado",104
PH,"Claveria",104
PH,"Barrameda",104
PH,"Rose",103
PH,"Mine",103
PH,"Mi",103
PH,"Buena",103
PH,"Tupas",103
PH,"Magtibay",103
PH,"Rivas",103
PH,"Em",103
PH,"Noble",103
PH,"Lauron",103
PH,"Pulido",103
PH,"Tuason",103
PH,"Sandhu",102
PH,"Xiao",102
PH,"Buenaflor",102
PH,"Valera",102
PH,"Belleza",102
PH,"Florentino",102
PH,"Isip",102
PH,"Cayetano",102
PH,"Sohal",101
PH,"Buendia",101
PH,"Scott",101
PH,"Divinagracia",101
PH,"Jayme",101
PH,"Torre",101
PH,"Manalili",101
PH,"Jo",101
PH,"Jung",100
PH,"Chin",100
PH,"Tadeo",100
PH,"Pasco",100
PH,"Barretto",100
PH,"Paglinawan",100
PH,"Cayanan",100
PH,"Amparo",100
PH,"Brillantes",100
PH,"Torio",100
PH,"Celis",100
PH,"Vincent",99
PH,"Bella",99
PH,"Ly",99
PH,"Delrosario",99
PH,"Allen",99
PH,"Caballes",99
PH,"Macaraig",99
PH,"Monte",99
PH,"Gorospe",99
PH,"Cueto",99
PH,"Zulueta",99
PH,"Candelaria",99
PH,"Caparas",99
PH,"Dimaculangan",99
PH,"De Lara",99
PH,"Quintos",99
PH,"Parker",98
PH,"Omar",98
PH,"Donato",98
PH,"El",98
PH,"Mauricio",98
PH,"Villarosa",97
PH,"Luis",97
PH,"Collins",97
PH,"Castañeda",97
PH,"Villas",97
PH,"Abdul",97
PH,"Avelino",97
PH,"Diamante",97
PH,"Sharma",96
PH,"Thomas",96
PH,"Kang",96
PH,"Ayson",96
PH,"Coronado",96
PH,"Rosete",96
PH,"Ace",95
PH,"Muñoz",95
PH,"Salvacion",95
PH,"Shin",95
PH,"Aguas",95
PH,"Yee",95
PH,"Cacho",95
PH,"Almonte",95
PH,"Palacio",95
PH,"Balingit",95
PH,"Barba",94
PH,"Da",94
PH,"Hassan",94
PH,"Lastimosa",94
PH,"Vinluan",94
PH,"Green",94
PH,"Escalante",94
PH,"Salem",94
PH,"Arriola",94
PH,"Yulo",94
PH,"Ra",93
PH,"Ahmed",93
PH,"Hermosa",93
PH,"Balbuena",93
PH,"Parungao",93
PH,"Bacolod",93
PH,"Granada",93
PH,"Garces",93
PH,"Pastrana",93
PH,"Costales",93
PH,"Rivero",93
PH,"Panaligan",93
PH,"Navales",93
PH,"Salva",93
PH,"Manoban",92
PH,"Walker",92
PH,"Campo",92
PH,"Anonuevo",92
PH,"Milan",92
PH,"Acuña",92
PH,"Maravilla",92
PH,"Ahmad",92
PH,"Mesina",92
PH,"Layug",92
PH,"Pajarillo",92
PH,"Claire",91
PH,"Patel",91
PH,"Stone",91
PH,"Aranas",91
PH,"Delosreyes",91
PH,"Ayala",91
PH,"Jumawan",91
PH,"Sayo",91
PH,"Christian",90
PH,"Prince",90
PH,"Soberano",90
PH,"Montejo",90
PH,"Teng",90
PH,"Sibayan",90
PH,"Alcaraz",90
PH,"Dimayuga",90
PH,"Borres",90
PH,"Almeda",90
PH,"Arcega",90
PH,"Escalona",90
PH,"Ella",89
PH,"Alex",89
PH,"Dan",89
PH,"Roy",89
PH,"Dela Cerna",89
PH,"Yumul",89
PH,"Gascon",89
PH,"Sicat",89
PH,"Moran",89
PH,"Abuan",89
PH,"Alipio",89
PH,"Joy",88
PH,"Kyle",88
PH,"Ian",88
PH,"Pantaleon",88
PH,"Pelaez",88
PH,"Ismael",88
PH,"Suan",88
PH,"Nacion",88
PH,"Montoya",88
PH,"Siy",88
PH,"Alano",88
PH,"Simbulan",88
PH,"Cantos",88
PH,"Shane",87
PH,"Ryan",87
PH,"Adam",87
PH,"Ako",87
PH,"Pamplona",87
PH,"Banzon",87
PH,"Snow",87
PH,"Montilla",87
PH,"Torralba",87
PH,"Cu",87
PH,"Sky",87
PH,"Palad",87
PH,"Divina",87
PH,"Cornejo",87
PH,"Paguio",87
PH,"Anne",86
PH,"Mari",86
PH,"Lei",86
PH,"Del Valle",86
PH,"Clark",86
PH,"Leal",86
PH,"Amores",86
PH,"Del Castillo",86
PH,"Doria",86
PH,"Espejo",86
PH,"Chung",86
PH,"Valiente",86
PH,"Sarte",86
PH,"Catapang",86
PH,"Quintana",86
PH,"Katigbak",86
PH,"De Torres",86
PH,"Carlo",85
PH,"Mondejar",85
PH,"Ram",85
PH,"Sarabia",85
PH,"Untalan",85
PH,"Gatdula",85
PH,"Llanes",85
PH,"Dhaliwal",84
PH,"Che",84
PH,"Ne",84
PH,"Louise",84
PH,"Francis",84
PH,"Pedro",84
PH,"Cris",84
PH,"To",84
PH,"Segovia",84
PH,"Sultan",84
PH,"Mahusay",84
PH,"Samaniego",84
PH,"Corpus",84
PH,"Joven",84
PH,"Jun",83
PH,"Bacus",83
PH,"Pitogo",83
PH,"Cai",83
PH,"Medalla",83
PH,"Rio",83
PH,"Morada",83
PH,"Vera",83
PH,"Tolosa",83
PH,"Caro",83
PH,"Sol",83
PH,"Gallano",83
PH,"Mora",83
PH,"Adolfo",83
PH,"Davao",83
PH,"Bohol",83
PH,"Borbon",83
PH,"Mayor",82
PH,"Estrera",82
PH,"Estabillo",82
PH,"Villaluz",82
PH,"Gallo",82
PH,"Musa",82
PH,"Villaflores",82
PH,"Zafra",82
PH,"Bayani",82
PH,"Gaviola",82
PH,"Sierra",82
PH,"Hao",82
PH,"Israel",82
PH,"Abello",82
PH,"Xu",81
PH,"Fronda",81
PH,"Nazareno",81
PH,"Tampus",81
PH,"Gervacio",81
PH,"Lau",81
PH,"Mj",81
PH,"Pe",81
PH,"Lucena",81
PH,"Bolivar",81
PH,"Mabini",81
PH,"Nobleza",81
PH,"Montalbo",81
PH,"Acuna",80
PH,"Paloma",80
PH,"Arnaiz",80
PH,"Caringal",80
PH,"Ross",80
PH,"Liao",80
PH,"Parcon",80
PH,"Henson",80
PH,"Don",79
PH,"Mon",79
PH,"Olivar",79
PH,"Jin",79
PH,"Rosa",79
PH,"Gerona",79
PH,"Abas",79
PH,"Javellana",79
PH,"Fox",79
PH,"Dejesus",79
PH,"Nicdao",79
PH,"Maglasang",79
PH,"Aurelio",79
PH,"Cuaresma",79
PH,"Prieto",79
PH,"Oliver",78
PH,"Ray",78
PH,"Dalida",78
PH,"Balmes",78
PH,"Pacis",78
PH,"Nacario",78
PH,"Montecillo",78
PH,"San Diego",78
PH,"Buan",78
PH,"Junior",77
PH,"Gracia",77
PH,"Morillo",77
PH,"Ren",77
PH,"Manaloto",77
PH,"Zapata",77
PH,"Carmona",77
PH,"Agapito",77
PH,"Panlilio",77
PH,"Mesa",77
PH,"Celestial",77
PH,"Salud",77
PH,"Halili",77
PH,"Mary",76
PH,"Jhon",76
PH,"Dhillon",76
PH,"Liza",76
PH,"Ana",76
PH,"Chi",76
PH,"Moon",76
PH,"Mirasol",76
PH,"Luz",76
PH,"Magalona",76
PH,"Rendon",76
PH,"Coloma",76
PH,"Palomo",76
PH,"Sumalinog",76
PH,"Sim",76
PH,"Sapat Na",76
PH,"Gavino",76
PH,"Seno",76
PH,"Marcial",76
PH,"Llagas",76
PH,"Maceda",76
PH,"Joe",75
PH,"Rosas",75
PH,"Bacalso",75
PH,"Espanola",75
PH,"Camba",75
PH,"Zurc",75
PH,"Silverio",75
PH,"Hernando",75
PH,"Abayon",75
PH,"Rada",75
PH,"Hizon",75
PH,"Marin",75
PH,"Cha",74
PH,"Sabanal",74
PH,"Bantilan",74
PH,"Buenavista",74
PH,"Taylor",74
PH,"Alvaro",74
PH,"Dino",74
PH,"Delarosa",74
PH,"Celeste",74
PH,"Rabino",74
PH,"Bon",74
PH,"Pagulayan",74
PH,"San Miguel",74
PH,"Somera",74
PH,"Curry",73
PH,"Richard",73
PH,"Miles",73
PH,"Delapena",73
PH,"Paulo",73
PH,"Villalon",73
PH,"Sampang",73
PH,"Sese",73
PH,"Correa",73
PH,"Echavez",73
PH,"Angel",73
PH,"Galvan",73
PH,"Pama",73
PH,"Gumban",73
PH,"Abraham",73
PH,"Agbayani",73
PH,"Tine",72
PH,"Sha",72
PH,"Len",72
PH,"Cy",72
PH,"Lustre",72
PH,"Avenido",72
PH,"Garay",72
PH,"Lariosa",72
PH,"Villaruz",72
PH,"Malana",72
PH,"Jocson",72
PH,"Cipriano",72
PH,"Dungca",72
PH,"Fermin",72
PH,"Mapa",72
PH,"Sioson",72
PH,"Zarate",72
PH,"Rios",72
PH,"Narvaez",72
PH,"Piamonte",72
PH,"Garrido",72
PH,"Mangahas",72
PH,"Tagalog",72
PH,"Misa",72
PH,"Villacorta",72
PH,"Estanislao",72
PH,"Hugo",72
PH,"Dimalanta",72
PH,"Joyce",71
PH,"Dubb",71
PH,"Jasmin",71
PH,"Leo",71
PH,"Somar",71
PH,"Paule",71
PH,"Rubia",71
PH,"Endaya",71
PH,"Cole",71
PH,"Abao",71
PH,"Dg",71
PH,"Jam",71
PH,"Pingol",71
PH,"Dinglasan",71
PH,"Soliven",71
PH,"Escueta",71
PH,"Mike",70
PH,"Jason",70
PH,"Mitch",70
PH,"Sale",70
PH,"Laguna",70
PH,"Rain",70
PH,"Mahilum",70
PH,"Balboa",70
PH,"Amar",70
PH,"Mortel",70
PH,"Salgado",70
PH,"Vicencio",70
PH,"Besa",70
PH,"Baron",70
PH,"Jayson",69
PH,"Ya",69
PH,"Yen",69
PH,"Lie",69
PH,"Shi",69
PH,"Amil",69
PH,"Bato",69
PH,"Ar",69
PH,"Del",69
PH,"Sibal",69
PH,"Tupaz",69
PH,"Baluyut",69
PH,"Menor",69
PH,"Nieves",69
PH,"Guarin",69
PH,"Pareja",69
PH,"Vitug",69
PH,"Aban",69
PH,"Ilao",69
PH,"Giron",69
PH,"Pedrosa",69
PH,"Braga",69
PH,"Hope",68
PH,"Al",68
PH,"Jm",68
PH,"Montalban",68
PH,"Flor",68
PH,"Villahermosa",68
PH,"Largo",68
PH,"Mira",68
PH,"Cerezo",68
PH,"Barroga",68
PH,"Navarra",68
PH,"Lontoc",68
PH,"Bayona",68
PH,"Dolor",68
PH,"Lat",68
PH,"Dantes",68
PH,"Kaye",67
PH,"Romeo",67
PH,"Kun",67
PH,"Ca",67
PH,"Claro",67
PH,"Tria",67
PH,"Malate",67
PH,"Fabro",67
PH,"Macalino",67
PH,"Leones",67
PH,"Isaac",67
PH,"Guerra",67
PH,"Ducusin",67
PH,"Ochoa",67
PH,"Fabros",67
PH,"Bayot",67
PH,"Lising",67
PH,"Galo",67
PH,"Salamat",67
PH,"Maglalang",67
PH,"Encabo",67
PH,"Angela",66
PH,"Faye",66
PH,"Jake",66
PH,"Win",66
PH,"Noel",66
PH,"Pilar",66
PH,"Padillo",66
PH,"Yuson",66
PH,"Zaragoza",66
PH,"Cornelio",66
PH,"Medel",66
PH,"Capulong",66
PH,"Calimlim",66
PH,"Moral",66
PH,"De Gracia",66
PH,"Luzon",66
PH,"Tejano",66
PH,"Victorino",66
PH,"Amador",66
PH,"Villavicencio",66
PH,"Malonzo",66
PH,"Jane",65
PH,"Matthew",65
PH,"Peter",65
PH,"Carl",65
PH,"Solon",65
PH,"Quirante",65
PH,"Palencia",65
PH,"Barcelon",65
PH,"Duterte",65
PH,"Bañares",65
PH,"Maquiling",65
PH,"Royo",65
PH,"Loreto",65
PH,"Claudio",65
PH,"Navarrete",65
PH,"Buenviaje",65
PH,"De Belen",65
PH,"Olarte",65
PH,"Anastacio",65
PH,"Calvo",65
PH,"Badilla",65
PH,"Lam",65
PH,"Bryan",64
PH,"William",64
PH,"Andales",64
PH,"Page",64
PH,"Palomares",64
PH,"More",64
PH,"Abellana",64
PH,"Abordo",64
PH,"Mercader",64
PH,"Cagas",64
PH,"Silvano",64
PH,"Regis",64
PH,"Juarez",64
PH,"Payumo",64
PH,"Limbo",64
PH,"Liwag",64
PH,"Phil",64
PH,"Tesoro",64
PH,"Espinoza",64
PH,"Ubaldo",64
PH,"Si",64
PH,"Llamas",64
PH,"Morante",64
PH,"Del Carmen",64
PH,"Mitra",64
PH,"Monzon",64
PH,"Anna",63
PH,"Andrew",63
PH,"Mia",63
PH,"Palermo",63
PH,"Khalifa",63
PH,"George",63
PH,"Badua",63
PH,"Abrenica",63
PH,"Baldonado",63
PH,"Oh",63
PH,"Valderama",63
PH,"Cabaluna",63
PH,"Baquiran",63
PH,"Bathan",63
PH,"Maniego",63
PH,"Dela Fuente",63
PH,"Eustaquio",63
PH,"Base",63
PH,"Ordonez",63
PH,"Orozco",63
PH,"Collantes",63
PH,"Esquivel",63
PH,"Credo",63
PH,"Pearl",62
PH,"Shine",62
PH,"Moore",62
PH,"Suico",62
PH,"Gold",62
PH,"Yam",62
PH,"Tapia",62
PH,"Chris",62
PH,"Castillon",62
PH,"Adlawan",62
PH,"Rabago",62
PH,"Blanca",62
PH,"Flora",62
PH,"Millan",62
PH,"Song",62
PH,"Deocampo",62
PH,"Evangelio",62
PH,"Macaranas",62
PH,"Dichoso",62
PH,"Kie",62
PH,"Amaro",62
PH,"Miclat",62
PH,"Bulatao",62
PH,"Rafols",62
PH,"Casimiro",62
PH,"Sandiego",62
PH,"Serolf",62
PH,"Rufino",62
PH,"Balajadia",62
PH,"Wenceslao",62
PH,"Toribio",62
PH,"Abesamis",62
PH,"Macasaet",62
PH,"Nah",61
PH,"Mai",61
PH,"Gwapa",61
PH,"Wp",61
PH,"Jalandoni",61
PH,"Habibi",61
PH,"Tejero",61
PH,"Simbajon",61
PH,"Zara",61
PH,"Hechanova",61
PH,"Arca",61
PH,"Villagracia",61
PH,"Peñaranda",61
PH,"Azucena",61
PH,"Quezon",61
PH,"Pal",61
PH,"Española",61
PH,"Lawas",61
PH,"Roma",61
PH,"Corral",61
PH,"Lagmay",61
PH,"Nieva",61
PH,"Paran",61
PH,"Villapando",61
PH,"Ibay",61
PH,"Serna",61
PH,"Bustillo",61
PH,"Ley",61
PH,"Macalinao",61
PH,"Baja",61
PH,"Ambrocio",61
PH,"Alburo",61
PH,"Macalalad",61
PH,"Balbin",61
PH,"Kay",60
PH,"Albert",60
PH,"Buen",60
PH,"Bear",60
PH,"Salomon",60
PH,"Roberto",60
PH,"Luciano",60
PH,"Tizon",60
PH,"Palmes",60
PH,"Azarcon",60
PH,"Lacap",60
PH,"Lago",60
PH,"Noche",60
PH,"Bugarin",60
PH,"Aranda",60
PH,"Afable",60
PH,"Galapon",60
PH,"Bulan",60
PH,"Fausto",60
PH,"Sabio",60
PH,"Acero",60
PH,"Lizardo",60
PH,"Sue",59
PH,"Jhay",59
PH,"Venus",59
PH,"Malik",59
PH,"Munar",59
PH,"Abellera",59
PH,"Balili",59
PH,"Quinones",59
PH,"Alferez",59
PH,"Nabong",59
PH,"Lai",59
PH,"Amora",59
PH,"Baccay",59
PH,"Penaflor",59
PH,"Cho",59
PH,"Abubakar",59
PH,"Masangkay",59
PH,"Manio",59
PH,"Viola",59
PH,"Abe",59
PH,"Cepeda",59
PH,"Leon",59
PH,"Palo",59
PH,"Lacerna",59
PH,"Foronda",59
PH,"Mc",59
PH,"Fuertes",59
PH,"Diwa",59
PH,"Fulgencio",59
PH,"Lugtu",59
PH,"Doctolero",58
PH,"Elle",58
PH,"Day",58
PH,"Bell",58
PH,"Sa",58
PH,"Raj",58
PH,"Marinas",58
PH,"Libres",58
PH,"Alegado",58
PH,"Bobis",58
PH,"Carolino",58
PH,"Mission",58
PH,"Rimando",58
PH,"Divino",58
PH,"Luces",58
PH,"Delossantos",58
PH,"Alday",58
PH,"Wee",58
PH,"Guiang",58
PH,"Dabu",58
PH,"Vista",58
PH,"Tam",58
PH,"Marfil",58
PH,"Bustos",58
PH,"Paler",58
PH,"Alim",58
PH,"Tinio",58
PH,"Arciaga",58
PH,"Alviar",58
PH,"Bañez",58
PH,"Ben",57
PH,"Cel",57
PH,"Vin",57
PH,"Aballe",57
PH,"Villaceran",57
PH,"Buhay",57
PH,"Rigor",57
PH,"Tuliao",57
PH,"Nueva",57
PH,"Ambrosio",57
PH,"Turla",57
PH,"Blas",57
PH,"Juliano",57
PH,"Leynes",57
PH,"Rayos",57
PH,"Lapitan",57
PH,"Batac",57
PH,"Agravante",57
PH,"Malicdem",57
PH,"Taruc",57
PH,"Mercurio",57
PH,"Yadao",57
PH,"Calica",57
PH,"Atilano",57
PH,"Manrique",57
PH,"Gaw",57
PH,"Abaya",57
PH,"Flower",56
PH,"Allan",56
PH,"Ivan",56
PH,"Lawrence",56
PH,"Amistoso",56
PH,"Armada",56
PH,"Mallillin",56
PH,"Palisoc",56
PH,"Vallejo",56
PH,"Di",56
PH,"Tano",56
PH,"Live",56
PH,"Dagohoy",56
PH,"Barbosa",56
PH,"Salarda",56
PH,"Nacional",56
PH,"Nuevo",56
PH,"Adona",56
PH,"Banal",56
PH,"Leonor",56
PH,"Paje",56
PH,"Cahilig",56
PH,"Alcazar",56
PH,"Miralles",56
PH,"Tamondong",56
PH,"Arboleda",56
PH,"Sotelo",56
PH,"Baldo",56
PH,"Lacsamana",56
PH,"Monton",56
PH,"Trajano",56
PH,"Del Pilar",56
PH,"Aclan",56
PH,"Gaddi",56
PH,"De Silva",56
PH,"Plata",56
PH,"Mie",55
PH,"Andrei",55
PH,"Pie",55
PH,"Gie",55
PH,"Jackson",55
PH,"Monteverde",55
PH,"France",55
PH,"Regidor",55
PH,"Versoza",55
PH,"Damasco",55
PH,"Dayag",55
PH,"Tiongco",55
PH,"Narag",55
PH,"Catubig",55
PH,"Timbol",55
PH,"Pino",55
PH,"Galan",55
PH,"Querubin",55
PH,"Baniqued",55
PH,"Tong",55
PH,"Añonuevo",55
PH,"Muhammad",55
PH,"Corp",55
PH,"Calimag",55
PH,"Simeon",55
PH,"Remo",55
PH,"Uson",55
PH,"Candido",55
PH,"Escano",55
PH,"Jumao-As",55
PH,"Racho",55
PH,"Abrigo",55
PH,"Ouano",55
PH,"Paez",55
PH,"Elizalde",55
PH,"Melendres",55
PH,"Du",55
PH,"Ricafrente",55
PH,"Lan",55
PH,"Duenas",55
PH,"Dimapilis",55
PH,"Talavera",55
PH,"Andrea",54
PH,"Nie",54
PH,"Leyson",54
PH,"Cas",54
PH,"Labajo",54
PH,"Parreno",54
PH,"Lacaba",54
PH,"Celestino",54
PH,"Baes",54
PH,"Ga",54
PH,"Nuqui",54
PH,"Lima",54
PH,"Lobo",54
PH,"Rocha",54
PH,"Layson",54
PH,"Sabino",54
PH,"Llanto",54
PH,"San Andres",54
PH,"Bonilla",54
PH,"Valentino",54
PH,"Segundo",54
PH,"Falcon",54
PH,"Valles",54
PH,"Sibug",54
PH,"Ebora",54
PH,"Musni",54
PH,"Sato",54
PH,"Moises",54
PH,"Mesias",54
PH,"Terrado",54
PH,"Mosqueda",54
PH,"Choa",54
PH,"Alejandrino",54
PH,"Kevin",53
PH,"Virtudazo",53
PH,"Zhou",53
PH,"Magalong",53
PH,"Banez",53
PH,"Cena",53
PH,"Rodil",53
PH,"Manatad",53
PH,"Alivio",53
PH,"Sembrano",53
PH,"Mago",53
PH,"Orpilla",53
PH,"Adams",53
PH,"Capuno",53
PH,"Sanico",53
PH,"Dellosa",53
PH,"Cruzat",53
PH,"Bote",53
PH,"Florida",53
PH,"Bien",53
PH,"Duldulao",53
PH,"Pasia",53
PH,"Maturan",53
PH,"Caguioa",53
PH,"Dueñas",53
PH,"Manangan",53
PH,"Sofia",52
PH,"Beth",52
PH,"Gail",52
PH,"Maghanoy",52
PH,"Abapo",52
PH,"Apolinario",52
PH,"Ji",52
PH,"Pan",52
PH,"Arcenal",52
PH,"Monares",52
PH,"Maligaya",52
PH,"Diez",52
PH,"Kong",52
PH,"Riego",52
PH,"Last",52
PH,"Abellanosa",52
PH,"Capuyan",52
PH,"Silang",52
PH,"Evans",52
PH,"Carbonel",52
PH,"Zuniga",52
PH,"Canales",52
PH,"Magpayo",52
PH,"Yuzon",52
PH,"Villalobos",52
PH,"Tangonan",52
PH,"Mangulabnan",52
PH,"Montaño",52
PH,"Valentin",52
PH,"Tingson",52
PH,"Cueva",52
PH,"Caasi",52
PH,"Sto Domingo",52
PH,"Cardona",52
PH,"Samillano",52
PH,"Madamba",52
PH,"Montebon",52
PH,"Sigua",52
PH,"Batalla",52
PH,"Adrian",51
PH,"Rock",51
PH,"Josh",51
PH,"Michelle",51
PH,"Delantar",51
PH,"Malhi",51
PH,"Lina",51
PH,"Iii",51
PH,"Manaois",51
PH,"Calo",51
PH,"Andes",51
PH,"Delatorre",51
PH,"Escala",51
PH,"Melo",51
PH,"Belo",51
PH,"Cezar",51
PH,"Penaranda",51
PH,"Azodnem",51
PH,"Say",51
PH,"Daza",51
PH,"Bacay",51
PH,"Vee",51
PH,"Golez",51
PH,"Marino",51
PH,"Polo",51
PH,"Palomar",51
PH,"Taguba",51
PH,"Villamin",51
PH,"Nunag",51
PH,"Lansang",51
PH,"Peñaflor",51
PH,"Zerep",51
PH,"Suba",51
PH,"Principe",51
PH,"Amper",51
PH,"Aldea",51
PH,"Villasis",51
PH,"Cuadra",51
PH,"Reynoso",51
PH,"Ramones",51
PH,"De Paz",51
PH,"Aviles",51
PH,"Razo",51
PH,"Roda",51
PH,"Acebedo",51
PH,"Mel",51
PH,"Le",51
PH,"Bago",51
PH,"Agoncillo",51
PH,"Pat",51
PH,"Juntilla",51
PH,"Pantoja",51
PH,"Ureta",51
PH,"Moya",51
PH,"Jeon",50
PH,"Ando",50
PH,"Pinlac",50
PH,"Diana",50
PH,"Leano",50
PH,"Libre",50
PH,"Xd",50
PH,"Alo",50
PH,"Guillen",50
PH,"Dano",50
PH,"Latorre",50
PH,"Obias",50
PH,"Madera",50
PH,"Kai",50
PH,"En",50
PH,"Alayon",50
PH,"Ona",50
PH,"Dacillo",50
PH,"Aicrag",50
PH,"Baldovino",50
PH,"Lagasca",50
PH,"Narvasa",50
PH,"Recio",50
PH,"Victorio",50
PH,"Bumanglag",50
PH,"Yoo",50
PH,"Macaspac",50
PH,"Arcillas",50
PH,"Cadiente",50
PH,"Mosquera",50
PH,"Canillo",50
PH,"Baylosis",50
PH,"Tero",50
PH,"Den",50
PH,"Barcenas",50
PH,"Laude",50
PH,"Cabanilla",50
PH,"Lasala",50
PH,"Gianan",50
PH,"Salik",50
PH,"Hu",50
PH,"Tio",50
PH,"Chico",50
PH,"Viñas",50
PH,"Dones",50
PH,"Bo",50
PH,"Candelario",50
PH,"Dagdag",50
PH,"Sazon",50
PH,"Sarah",49
PH,"Patrick",49
PH,"Kenneth",49
PH,"Amore",49
PH,"Line",49
PH,"Diola",49
PH,"Wayne",49
PH,"Limbaga",49
PH,"Jardin",49
PH,"Mallorca",49
PH,"Zacarias",49
PH,"Caranto",49
PH,"De",49
PH,"Arriesgado",49
PH,"Ramilo",49
PH,"Mejorada",49
PH,"Cabarles",49
PH,"Bartolo",49
PH,"Esplana",49
PH,"Balansag",49
PH,"Lazarte",49
PH,"Dioquino",49
PH,"Paderes",49
PH,"Albino",49
PH,"Enrile",49
PH,"Melgar",49
PH,"Caoile",49
PH,"Pardillo",49
PH,"Omega",49
PH,"Nery",49
PH,"Cabatingan",49
PH,"Dequito",49
PH,"Galon",49
PH,"Caraan",49
PH,"Damian",49
PH,"Guiao",49
PH,"Adan",49
PH,"Reid",49
PH,"Ganzon",49
PH,"Eguia",49
PH,"Pink",48
PH,"Henry",48
PH,"Berdin",48
PH,"Se",48
PH,"Diamond",48
PH,"Lastimoso",48
PH,"Gel",48
PH,"Vill",48
PH,"Ebreo",48
PH,"Barro",48
PH,"Es",48
PH,"Mohamad",48
PH,"Tampos",48
PH,"Opeña",48
PH,"Panopio",48
PH,"Oracion",48
PH,"Victoriano",48
PH,"Ni",48
PH,"Refuerzo",48
PH,"Factor",48
PH,"Jorge",48
PH,"Lardizabal",48
PH,"Rabe",48
PH,"Manalansan",48
PH,"Abdon",48
PH,"Topacio",48
PH,"Cartagena",48
PH,"Ros",48
PH,"Carbonell",48
PH,"Sala",48
PH,"Cabading",48
PH,"Prudente",48
PH,"Ringor",48
PH,"Durano",48
PH,"Dancel",48
PH,"Godinez",48
PH,"Rafanan",48
PH,"Sosa",48
PH,"Atendido",48
PH,"Pili",48
PH,"Quimpo",48
PH,"Matibag",48
PH,"Lomibao",48
PH,"Saab",47
PH,"Jhen",47
PH,"Lynn",47
PH,"Dong",47
PH,"Zel",47
PH,"Reddy",47
PH,"Bonita",47
PH,"Robert",47
PH,"Calamba",47
PH,"Rai",47
PH,"Tom",47
PH,"Jamero",47
PH,"Summer",47
PH,"Esperanza",47
PH,"Agnes",47
PH,"Ku",47
PH,"Baring",47
PH,"Ulep",47
PH,"Yanson",47
PH,"Macalintal",47
PH,"Saga",47
PH,"Pinto",47
PH,"Lorenzana",47
PH,"Do",47
PH,"Cometa",47
PH,"Mantilla",47
PH,"Jamora",47
PH,"Malubay",47
PH,"Abing",47
PH,"Canda",47
PH,"Thompson",47
PH,"Palmares",47
PH,"Magadia",47
PH,"Justo",47
PH,"Moto",47
PH,"Celiz",47
PH,"Bay",47
PH,"Arandia",47
PH,"Capati",47
PH,"Pante",47
PH,"Cuison",47
PH,"Maala",47
PH,"Santander",47
PH,"Bernas",47
PH,"Bernaldez",47
PH,"Andoy",47
PH,"Camus",47
PH,"Hussain",47
PH,"Par",47
PH,"Padernal",47
PH,"Escaño",47
PH,"Tabanao",47
PH,"Nieto",47
PH,"Lansangan",47
PH,"Rosel",47
PH,"Isla",47
PH,"Lua",47
PH,"Severino",47
PH,"Respicio",47
PH,"Galindo",47
PH,"Ison",47
PH,"Bangayan",47
PH,"Charles",46
PH,"Tina",46
PH,"Mee",46
PH,"Ny",46
PH,"Melendez",46
PH,"Lagumbay",46
PH,"Labor",46
PH,"Dioso",46
PH,"Tumbaga",46
PH,"Orias",46
PH,"Camposano",46
PH,"Gardose",46
PH,"Ceballos",46
PH,"Quilang",46
PH,"Valdes",46
PH,"Bolante",46
PH,"Batoon",46
PH,"Bagtas",46
PH,"Xie",46
PH,"Cabacungan",46
PH,"Dungo",46
PH,"Mayuga",46
PH,"Morris",46
PH,"Noval",46
PH,"Magboo",46
PH,"Ablaza",46
PH,"Morgan",46
PH,"Perlas",46
PH,"Caraig",46
PH,"Rich",46
PH,"Tabora",46
PH,"Buenaobra",46
PH,"Fortuna",46
PH,"Amparado",46
PH,"Mazo",46
PH,"Visaya",46
PH,"Palacios",46
PH,"Ry",46
PH,"Laureta",46
PH,"Chou",46
PH,"Crisologo",46
PH,"Climaco",46
PH,"Manalac",46
PH,"Cimafranca",46
PH,"Mañalac",46
PH,"Bala",46
PH,"Palaganas",46
PH,"Palanca",46
PH,"Joel",45
PH,"Edward",45
PH,"Long",45
PH,"Parado",45
PH,"Jacobe",45
PH,"Fortes",45
PH,"Sarip",45
PH,"Wright",45
PH,"Caspe",45
PH,"Max",45
PH,"Nilo",45
PH,"Van",45
PH,"Cabiles",45
PH,"Samar",45
PH,"Ming",45
PH,"Balderama",45
PH,"Paguia",45
PH,"Vidad",45
PH,"Pendon",45
PH,"Orense",45
PH,"Basilan",45
PH,"Bulawan",45
PH,"Yo",45
PH,"Roberts",45
PH,"Bugayong",45
PR,"Rivera",5265
PR,"Rodriguez",3929
PR,"Torres",2492
PR,"Gonzalez",2182
PR,"Ortiz",2057
PR,"Santiago",1980
PR,"Perez",1837
PR,"Cruz",1732
PR,"Lopez",1669
PR,"Martinez",1528
PR,"Diaz",1370
PR,"Hernandez",1361
PR,"Ramos",1334
PR,"Morales",1313
PR,"Garcia",1241
PR,"Colon",1221
PR,"Figueroa",1033
PR,"Vazquez",1005
PR,"Sanchez",926
PR,"Reyes",820
PR,"Maldonado",817
PR,"Rosario",816
PR,"Nieves",778
PR,"Soto",747
PR,"Velez",732
PR,"Vega",713
PR,"Rosado",702
PR,"Melendez",642
PR,"Rodríguez",626
PR,"Ruiz",622
PR,"Medina",567
PR,"Roman",565
PR,"Santos",564
PR,"Marrero",522
PR,"Rios",512
PR,"Mercado",489
PR,"Pagan",488
PR,"Vargas",480
PR,"Acevedo",478
PR,"De Jesus",460
PR,"Delgado",458
PR,"Flores",456
PR,"Ramirez",450
PR,"Velazquez",449
PR,"Santana",440
PR,"Alvarez",440
PR,"Serrano",439
PR,"Rosa",434
PR,"Negron",415
PR,"Castro",410
PR,"Mendez",399
PR,"Lugo",389
PR,"Aponte",384
PR,"Jimenez",381
PR,"Arroyo",377
PR,"Burgos",377
PR,"Ayala",376
PR,"Feliciano",376
PR,"Matos",367
PR,"Baez",365
PR,"Guzman",364
PR,"González",353
PR,"Marie",315
PR,"Gomez",312
PR,"Quiñones",310
PR,"Miranda",309
PR,"Fernandez",307
PR,"Irizarry",304
PR,"Otero",303
PR,"Colón",297
PR,"Robles",295
PR,"Alicea",294
PR,"Berrios",291
PR,"Valentin",287
PR,"Pérez",283
PR,"Collazo",283
PR,"Hernández",278
PR,"Carrasquillo",274
PR,"Ocasio",272
PR,"Padilla",272
PR,"Cintron",270
PR,"López",270
PR,"Alvarado",260
PR,"Correa",259
PR,"Davila",257
PR,"Crespo",252
PR,"Fuentes",248
PR,"Caraballo",242
PR,"Camacho",241
PR,"Cotto",241
PR,"Cordero",240
PR,"Bonilla",239
PR,"Acosta",236
PR,"Molina",233
PR,"Cardona",213
PR,"Cortes",206
PR,"Cabrera",202
PR,"Castillo",199
PR,"Lebron",194
PR,"Rojas",186
PR,"Agosto",185
PR,"Díaz",184
PR,"Suarez",184
PR,"Quinones",183
PR,"Tirado",181
PR,"Sierra",180
PR,"Romero",177
PR,"Pacheco",174
PR,"Martínez",171
PR,"Montalvo",170
PR,"Aviles",170
PR,"Ortega",168
PR,"Vázquez",158
PR,"Marquez",158
PR,"Calderon",157
PR,"Zayas",153
PR,"Pizarro",151
PR,"Benitez",150
PR,"Betancourt",149
PR,"Del Valle",149
PR,"Silva",147
PR,"Oquendo",146
PR,"Concepcion",146
PR,"Lozada",146
PR,"Nazario",144
PR,"Peña",144
PR,"Leon",143
PR,"Quiles",143
PR,"Cartagena",139
PR,"Navarro",138
PR,"Echevarria",136
PR,"García",133
PR,"Andino",133
PR,"Villanueva",130
PR,"Cuevas",129
PR,"Claudio",128
PR,"Sánchez",126
PR,"Rolon",125
PR,"Mojica",124
PR,"Adorno",122
PR,"Mendoza",122
PR,"Muñoz",122
PR,"Cosme",121
PR,"Bermudez",120
PR,"De Leon",118
PR,"Carrion",117
PR,"Gutierrez",117
PR,"Gonzales",116
PR,"Merced",116
PR,"Osorio",116
PR,"Ferrer",115
PR,"Estrada",114
PR,"Pabon",113
PR,"Fontanez",112
PR,"Centeno",110
PR,"Trinidad",110
PR,"De Jesús",108
PR,"Quintana",108
PR,"Meléndez",108
PR,"Montañez",106
PR,"Batista",106
PR,"Nuñez",105
PR,"Barreto",103
PR,"Caban",102
PR,"Rivas",102
PR,"Resto",101
PR,"Rodz",101
PR,"Sepulveda",100
PR,"Muñiz",100
PR,"Luis",99
PR,"Huertas",99
PR,"Marcano",98
PR,"Luna",96
PR,"Javier",95
PR,"Arce",95
PR,"Galarza",95
PR,"Laboy",95
PR,"Moreno",94
PR,"Villegas",93
PR,"Manuel",91
PR,"Sosa",91
PR,"Oliveras",91
PR,"Sanabria",90
PR,"Aquino",90
PR,"Alejandro",90
PR,"Roldan",90
PR,"Román",88
PR,"Cancel",88
PR,"Montes",87
PR,"Toledo",87
PR,"Matias",86
PR,"Carmona",86
PR,"Herrera",86
PR,"Velázquez",85
PR,"Franco",84
PR,"Salgado",84
PR,"De La Cruz",84
PR,"Valle",84
PR,"Toro",82
PR,"Ojeda",82
PR,"Viera",82
PR,"Mejias",81
PR,"Fonseca",81
PR,"Muniz",81
PR,"Vera",81
PR,"David",78
PR,"Nunez",78
PR,"Vélez",77
PR,"Oyola",76
PR,"Almodovar",75
PR,"Pagán",74
PR,"Canales",74
PR,"Borrero",74
PR,"Alamo",73
PR,"Abreu",73
PR,"Montanez",73
PR,"Dominguez",72
PR,"Munoz",72
PR,"Candelaria",72
PR,"Dejesus",72
PR,"Malave",71
PR,"Nicole",70
PR,"Ramírez",70
PR,"Marin",69
PR,"Guadalupe",69
PR,"Felix",68
PR,"Pena",67
PR,"Beltran",67
PR,"Mateo",66
PR,"Laureano",66
PR,"Maysonet",65
PR,"Millan",65
PR,"Lorenzo",63
PR,"Arocho",63
PR,"Fernández",63
PR,"Roque",63
PR,"Saez",62
PR,"Candelario",62
PR,"Carrillo",62
PR,"Duran",62
PR,"Seda",62
PR,"Jose",61
PR,"Guzmán",61
PR,"Encarnacion",61
PR,"Montero",61
PR,"Narvaez",61
PR,"Michelle",60
PR,"Bruno",60
PR,"Omar",59
PR,"Carlos",59
PR,"Negrón",59
PR,"Pastrana",59
PR,"Luciano",59
PR,"Salas",58
PR,"Falcon",58
PR,"Soler",58
PR,"Cuadrado",57
PR,"Casillas",57
PR,"Miguel",56
PR,"Polanco",56
PR,"Mulero",56
PR,"Gabriel",55
PR,"Esquilin",55
PR,"Andujar",55
PR,"Class",54
PR,"Olivo",54
PR,"Caballero",53
PR,"Vasquez",53
PR,"Ponce",53
PR,"Vidal",53
PR,"Escobar",53
PR,"Amaro",52
PR,"Segarra",52
PR,"Carrero",52
PR,"Natal",50
PR,"Escalera",50
PR,"Avila",50
PR,"Casiano",50
PR,"Estrella",49
PR,"Casanova",49
PR,"Joel",48
PR,"Angel",48
PR,"Jiménez",48
PR,"Cordova",48
PR,"Mora",48
PR,"Sotomayor",48
PR,"Báez",47
PR,"Cintrón",46
PR,"Vicente",46
PR,"Brito",46
PR,"Plaza",46
PR,"Maisonet",46
PR,"Cepeda",46
PR,"Pereira",46
PR,"Mejia",45
PR,"Borges",44
PR,"Quintero",44
PR,"Rivera Rivera",44
PR,"Barbosa",44
PR,"Llanos",44
PR,"De La Rosa",44
PR,"Cortés",43
PR,"Guerrero",43
PR,"Gerena",43
PR,"Méndez",43
PR,"Chaparro",43
PR,"Lee",42
PR,"Algarin",42
PR,"Sandoval",42
PR,"Badillo",42
PR,"Mangual",41
PR,"Pellot",41
PR,"Febus",41
PR,"Pantoja",41
PR,"Oneill",41
PR,"Contreras",41
PR,"Conde",40
PR,"Blanco",40
PR,"Valdes",40
PR,"Garay",40
PR,"Hidalgo",40
PR,"Rodriguez Rivera",40
PR,"Orta",40
PR,"Antonio",39
PR,"Enid",39
PR,"Martin",39
PR,"Gómez",39
PR,"Parrilla",39
PR,"Albino",39
PR,"Solis",39
PR,"Cedeño",39
PR,"Espinosa",39
PR,"Rentas",38
PR,"Campos",38
PR,"Varela",38
PR,"Jorge",38
PR,"Madera",37
PR,"Orengo",37
PR,"Álvarez",37
PR,"Dones",37
PR,"Avilés",37
PR,"Hiraldo",37
PR,"Smith",37
PR,"Maria",36
PR,"Nevarez",36
PR,"Alonso",36
PR,"León",36
PR,"Rodrigues",36
PR,"Rosas",36
PR,"Stgo",36
PR,"Olmo",36
PR,"Valentín",36
PR,"Espada",36
PR,"Mariie",35
PR,"Aleman",35
PR,"Calderón",35
PR,"Castellano",35
PR,"Santa",35
PR,"Pedraza",35
PR,"Concepción",35
PR,"Aguayo",35
PR,"Solivan",34
PR,"Pimentel",34
PR,"Tapia",34
PR,"Machado",34
PR,"Bonet",33
PR,"Tavarez",33
PR,"Valdez",33
PR,"Amador",33
PR,"Rondon",33
PR,"Gracia",33
PR,"Ventura",32
PR,"Zapata",32
PR,"Justiniano",32
PR,"Ríos",32
PR,"Cirino",32
PR,"Olmeda",32
PR,"Clemente",32
PR,"Andres",31
PR,"Carrasco",31
PR,"Guevara",31
PR,"Marte",31
PR,"Ortiz Rivera",31
PR,"Torre",31
PR,"Villafañe",31
PR,"Monserrate",31
PR,"Mary",30
PR,"Alberto",30
PR,"Cora",30
PR,"Arias",30
PR,"Trujillo",30
PR,"Dávila",30
PR,"Iglesias",30
PR,"Troche",30
PR,"Rohena",30
PR,"Echevarría",30
PR,"Enrique",29
PR,"Heredia",29
PR,"Martir",29
PR,"Lozano",29
PR,"Zambrana",29
PR,"Santini",29
PR,"Guerra",29
PR,"Pomales",29
PR,"Torres Rivera",29
PR,"Gotay",29
PR,"Daniel",28
PR,"Liz",28
PR,"Aguilar",28
PR,"Mena",28
PR,"Mercedes",28
PR,"Pinero",28
PR,"Bravo",28
PR,"Jusino",28
PR,"Jesus",27
PR,"Juan",27
PR,"Peralta",27
PR,"Latorre",27
PR,"Suárez",27
PR,"Padro",27
PR,"Benítez",27
PR,"Medero",27
PR,"Paredes",26
PR,"Monge",26
PR,"Corchado",26
PR,"Caro",26
PR,"Bernard",26
PR,"Rodriquez",26
PR,"De León",26
PR,"Rivera Torres",26
PR,"Alers",26
PR,"Padua",26
PR,"Matta",26
PR,"Del Rio",25
PR,"Febres",25
PR,"Francisco",25
PR,"Rivera Perez",25
PR,"Beauchamp",25
PR,"Vizcarrondo",25
PR,"Izquierdo",25
PR,"Moya",25
PR,"Linares",25
PR,"Flecha",25
PR,"Paulino",25
PR,"Rivera Rodriguez",25
PR,"Carlo",25
PR,"Ivette",24
PR,"Alexander",24
PR,"Morell",24
PR,"Piñero",24
PR,"Muriel",24
PR,"Tejada",24
PR,"Lebrón",24
PR,"Laracuente",24
PR,"Green",24
PR,"Navedo",24
PR,"Arzuaga",24
PR,"Olivencia",24
PR,"Prieto",24
PR,"Portalatin",24
PR,"Gil",24
PR,"Alfonso",24
PR,"Villafane",24
PR,"Domenech",24
PR,"Monroig",24
PR,"Allende",24
PR,"Ii",23
PR,"Estremera",23
PR,"Adames",23
PR,"Galindez",23
PR,"Almonte",23
PR,"Caceres",23
PR,"Rey",23
PR,"Vale",23
PR,"Feliz",23
PR,"Núñez",23
PR,"Paz",23
PR,"Santiago Rivera",23
PR,"Febles",23
PR,"Vergara",23
PR,"Astacio",23
PR,"Febo",23
PR,"Lara",23
PR,"Barber",22
PR,"Nails",22
PR,"Zoe",22
PR,"Kuilan",22
PR,"Curet",22
PR,"Bracero",22
PR,"Márquez",22
PR,"Casado",22
PR,"Moran",22
PR,"Alverio",22
PR,"Rivera Colon",22
PR,"Bello",22
PR,"Pinto",22
PR,"Sostre",22
PR,"Calo",22
PR,"Berdecia",22
PR,"Lizardi",22
PR,"Ivelisse",21
PR,"Jaime",21
PR,"Olivera",21
PR,"Espinal",21
PR,"Albaladejo",21
PR,"Urbina",21
PR,"Delvalle",21
PR,"Rubio",21
PR,"Martell",21
PR,"Oliver",21
PR,"Martines",21
PR,"Cortijo",21
PR,"Menendez",21
PR,"Juarbe",21
PR,"Xavier",20
PR,"Paola",20
PR,"Collado",20
PR,"Dieppa",20
PR,"Cedeno",20
PR,"Catala",20
PR,"Tolentino",20
PR,"Piñeiro",20
PR,"Rivera Ortiz",20
PR,"Bautista",20
PR,"Boria",20
PR,"Veguilla",20
PR,"Brown",20
PR,"Pineiro",20
PR,"Rodriguez Torres",20
PR,"Aldarondo",20
PR,"Ortiz Ortiz",20
PR,"Villa",20
PR,"Virella",20
PR,"Del Toro",20
PR,"Berríos",20
PR,"Rovira",20
PR,"Carrión",20
PR,"Rafael",19
PR,"Iris",19
PR,"Alvelo",19
PR,"Manzano",19
PR,"Galan",19
PR,"Peres",19
PR,"Deliz",19
PR,"Torres Rodriguez",19
PR,"Birriel",19
PR,"Rodrigez",19
PR,"Padin",19
PR,"Torres Torres",19
PR,"Cruz Rivera",19
PR,"Rivera Lopez",19
PR,"Taveras",19
PR,"Pratts",19
PR,"Rivera Santiago",19
PR,"Roche",19
PR,"Villalobos",19
PR,"Carreras",19
PR,"Olivero",19
PR,"Salinas",19
PR,"Alomar",19
PR,"Encarnación",19
PR,"Cuebas",19
PR,"Alexis",18
PR,"Emanuel",18
PR,"Ann",18
PR,"Rod",18
PR,"Caldero",18
PR,"Sanjurjo",18
PR,"Franqui",18
PR,"Arevir",18
PR,"Pujols",18
PR,"Santaella",18
PR,"Rivera Morales",18
PR,"Nogueras",18
PR,"Gonzalez Rivera",18
PR,"Noriega",18
PR,"Viruet",18
PR,"Roig",18
PR,"Rivera Gonzalez",18
PR,"Talavera",18
PR,"Jordan",18
PR,"José",17
PR,"Rose",17
PR,"James",17
PR,"Ferreira",17
PR,"Williams",17
PR,"Font",17
PR,"Mattei",17
PR,"Ayuso",17
PR,"Quijano",17
PR,"Galloza",17
PR,"Arbelo",17
PR,"Esteves",17
PR,"Jurado",17
PR,"Verdejo",17
PR,"Babilonia",17
PR,"Chinea",17
PR,"Ortiz Rodriguez",17
PR,"Vila",17
PR,"Fraticelli",17
PR,"Alfaro",17
PR,"Capeles",17
PR,"Johnson",17
PR,"Marti",17
PR,"Tejeda",17
PR,"Morales Rivera",17
PR,"Barrios",17
PR,"Cristina",17
PR,"Salcedo",17
PR,"Salazar",17
PR,"Cruzado",17
PR,"Beniquez",17
PR,"Santiago Torres",17
PR,"Perdomo",17
PR,"Orlando",16
PR,"Mar",16
PR,"Anthony",16
PR,"Rodriguez Rodriguez",16
PR,"Victoria",16
PR,"Deleon",16
PR,"Walker",16
PR,"Sanches",16
PR,"Melecio",16
PR,"Rivera Ramos",16
PR,"Erazo",16
PR,"Cruz Cruz",16
PR,"Gonsalez",16
PR,"Roldán",16
PR,"Nater",16
PR,"Lopez Rivera",16
PR,"Torres Santiago",16
PR,"Bonano",16
PR,"Andrades",16
PR,"Elias",16
PR,"Rolón",16
PR,"Neris",16
PR,"Cortez",16
PR,"Alsina",16
PR,"Montijo",16
PR,"Cajigas",16
PR,"Coriano",16
PR,"Cubero",16
PR,"King",15
PR,"Del Mar",15
PR,"Caez",15
PR,"Falero",15
PR,"Rullan",15
PR,"Reveron",15
PR,"Bauza",15
PR,"Sepúlveda",15
PR,"Dias",15
PR,"Love",15
PR,"Garcias",15
PR,"Chevere",15
PR,"Laguna",15
PR,"Grajales",15
PR,"Freytes",15
PR,"Valcarcel",15
PR,"Paris",15
PR,"Bermúdez",15
PR,"Machuca",15
PR,"Rivera Martinez",15
PR,"Bou",15
PR,"Gutiérrez",15
PR,"Asencio",15
PR,"Arriaga",15
PR,"Pietri",15
PR,"Santoni",15
PR,"Yadiel",14
PR,"Alexandra",14
PR,"Cruz Rodriguez",14
PR,"Luz",14
PR,"Salva",14
PR,"Atiles",14
PR,"Marín",14
PR,"Isabel",14
PR,"Perez Rodriguez",14
PR,"Chico",14
PR,"Pichardo",14
PR,"Riivera",14
PR,"Ramos Rodriguez",14
PR,"Orama",14
PR,"Olivieri",14
PR,"Malavé",14
PR,"Carolina",14
PR,"Calcaño",14
PR,"Sola",14
PR,"Nadal",14
PR,"Haddock",14
PR,"Rijos",14
PR,"Curbelo",14
PR,"Texidor",14
PR,"Albert",14
PR,"Diaz Rivera",14
PR,"Perez Gonzalez",14
PR,"Rodriguez Diaz",14
PR,"Frias",14
PR,"Cano",14
PR,"Tosado",14
PR,"Coss",14
PR,"Landrau",14
PR,"Robert",14
PR,"Zamora",14
PR,"Castellanos",14
PR,"Estela",14
PR,"Domínguez",14
PR,"Falu",14
PR,"Bella",13
PR,"Abdiel",13
PR,"Ramon",13
PR,"Gonzalez Rodriguez",13
PR,"Armando",13
PR,"Torres Cruz",13
PR,"Declet",13
PR,"Cruz Santiago",13
PR,"Orellana",13
PR,"Maymi",13
PR,"Ivan",13
PR,"Raul",13
PR,"Mota",13
PR,"Alemán",13
PR,"Ballester",13
PR,"Ortiz Cruz",13
PR,"Escudero",13
PR,"Carbonell",13
PR,"Marzan",13
PR,"Zorrilla",13
PR,"Reynoso",13
PR,"Fortis",13
PR,"Franceschi",13
PR,"Perales",13
PR,"Nieto",13
PR,"Lucena",13
PR,"Gautier",13
PR,"Cabezudo",13
PR,"Olavarria",13
PR,"Camilo",13
PR,"Rivera Vazquez",13
PR,"Palacios",13
PR,"Lasanta",13
PR,"Lamboy",13
PR,"Amezquita",13
PR,"Henriquez",13
PR,"Pabón",13
PR,"Solano",13
PR,"Robledo",13
PR,"Orozco",13
PR,"Colom",13
PR,"Malpica",13
PR,"Nolasco",13
PR,"Duarte",13
PR,"Josue",12
PR,"Yamil",12
PR,"Carattini",12
PR,"Carmen",12
PR,"Renta",12
PR,"Esparra",12
PR,"Edwin",12
PR,"Ramos Rivera",12
PR,"Isaac",12
PR,"Saldaña",12
PR,"Galvez",12
PR,"Rivera Diaz",12
PR,"Aguirre",12
PR,"Soriano",12
PR,"Aguila",12
PR,"Carballo",12
PR,"Puig",12
PR,"Vallejo",12
PR,"Alvares",12
PR,"Melo",12
PR,"De La Torre",12
PR,"Yambo",12
PR,"Baerga",12
PR,"Gierbolini",12
PR,"Archilla",12
PR,"Vicenty",12
PR,"Lafontaine",12
PR,"Semidey",12
PR,"Saavedra",12
PR,"Paniagua",12
PR,"Perez Rivera",12
PR,"Lassalle",12
PR,"Albizu",12
PR,"Santiago Ortiz",12
PR,"Rabell",12
PR,"Bosques",12
PR,"Barroso",12
PR,"Torrens",12
PR,"Batiz",12
PR,"Garced",12
PR,"Villalongo",12
PR,"Mundo",12
PR,"Landron",12
PR,"Calvo",12
PR,"Gines",12
PR,"Loyola",12
PR,"Corcino",11
PR,"Mari",11
PR,"Towing",11
PR,"Alejandra",11
PR,"Negro",11
PR,"Marcos",11
PR,"Valerio",11
PR,"María",11
PR,"Gabriela",11
PR,"Prado",11
PR,"Gaston",11
PR,"Costas",11
PR,"Rico",11
PR,"Valencia",11
PR,"Umpierre",11
PR,"Colon Rivera",11
PR,"Perez Perez",11
PR,"Frontera",11
PR,"Marcial",11
PR,"Arzola",11
PR,"Rivera Figueroa",11
PR,"Rexach",11
PR,"Fred",11
PR,"Vendrell",11
PR,"Jones",11
PR,"Real",11
PR,"Costa",11
PR,"Afanador",11
PR,"Charriez",11
PR,"Sevilla",11
PR,"Custodio",11
PR,"De Los Santos",11
PR,"Rosaly",11
PR,"Hernadez",11
PR,"Duprey",11
PR,"Toribio",11
PR,"Abraham",11
PR,"Quezada",11
PR,"Manso",11
PR,"Puertorico",11
PR,"Pinet",11
PR,"Quirindongo",11
PR,"Mediavilla",11
PR,"Bernier",11
PR,"Rivero",11
PR,"Fret",11
PR,"Rosario Rivera",11
PR,"Chiclana",11
PR,"Anaya",11
PR,"Serrot",11
PR,"Lago",11
PR,"Lasalle",11
PR,"Rivera Rosado",11
PR,"Lao",11
PR,"Rivera Soto",11
PR,"Cabassa",11
PR,"Lora",11
PR,"Lazu",11
PR,"Rijo",11
PR,"Fontánez",11
PR,"Ortiz Morales",11
PR,"Sein",11
PR,"Zavala",11
PR,"Gallardo",11
PR,"Pol",11
PR,"Junior",10
PR,"Esther",10
PR,"Roberto",10
PR,"Krystal",10
PR,"Mariee",10
PR,"Sofía",10
PR,"Teresa",10
PR,"Camareno",10
PR,"Couvertier",10
PR,"Martino",10
PR,"Peguero",10
PR,"Urrutia",10
PR,"Martes",10
PR,"Abadia",10
PR,"Narváez",10
PR,"Torres Ramos",10
PR,"Torres Ortiz",10
PR,"Rivera Sanchez",10
PR,"Gonzalez Gonzalez",10
PR,"Bryan",10
PR,"Bueno",10
PR,"Suazo",10
PR,"Sustache",10
PR,"Santo",10
PR,"Montilla",10
PR,"Ruperto",10
PR,"Dalmau",10
PR,"Rossy",10
PR,"Pastor",10
PR,"Pardo",10
PR,"Diaz Torres",10
PR,"Somar",10
PR,"Roa",10
PR,"Montesino",10
PR,"Lisboa",10
PR,"Valladares",10
PR,"Torres Soto",10
PR,"Rivera Maldonado",10
PR,"Girona",10
PR,"Mont",10
PR,"Palau",10
PR,"Quiñonez",10
PR,"Rivera Cruz",10
PR,"Donato",10
PR,"Pascual",10
PR,"Diaz Diaz",10
PR,"Ostolaza",10
PR,"Araujo",10
PR,"De Jesus Rivera",10
PR,"Ortiz Diaz",10
PR,"Lacen",10
PR,"Del Rosario",10
PR,"Delacruz",10
PR,"Lopes",10
PR,"Cameron",10
PR,"Navas",10
PR,"Alcantara",10
PR,"Millán",10
PR,"Lopez Rodriguez",10
PR,"Saldana",10
PR,"Maldo",10
PR,"Fraguada",10
PR,"Carrucini",10
PR,"Murphy",10
PR,"Ilarraza",10
PR,"Ayende",10
PR,"Suriel",10
PR,"Porrata",10
PR,"Fargas",10
PR,"Ofarrill",10
PR,"Falcón",10
PR,"Disla",10
PR,"Millet",10
PR,"Agront",10
PR,"De Hoyos",10
PR,"Milagros",9
PR,"Zoé",9
PR,"Joan",9
PR,"Fernando",9
PR,"Barreiro",9
PR,"Gonzalez Ortiz",9
PR,"Quiros",9
PR,"Torrez",9
PR,"Droz",9
PR,"Ortiz Lopez",9
PR,"Cristal",9
PR,"Almanzar",9
PR,"Infante",9
PR,"Peréz",9
PR,"Orsini",9
PR,"Santiago Perez",9
PR,"Miller",9
PR,"Hernandez Colon",9
PR,"Colon Diaz",9
PR,"Amadeo",9
PR,"Vilella",9
PR,"Beltrán",9
PR,"Adams",9
PR,"Rivers",9
PR,"Pineda",9
PR,"San",9
PR,"Alemany",9
PR,"Corujo",9
PR,"Bones",9
PR,"Arrieta",9
PR,"Mesa",9
PR,"Pagan Rivera",9
PR,"Rivera Vega",9
PR,"Amparo",9
PR,"Pedro",9
PR,"Rosa Rivera",9
PR,"Pedroza",9
PR,"Leonardo",9
PR,"Perez Cruz",9
PR,"Valles",9
PR,"Vazquez Rivera",9
PR,"Pesante",9
PR,"Hornedo",9
PR,"Pere",9
PR,"Abad",9
PR,"De La Paz",9
PR,"Serra",9
PR,"Portela",9
PR,"Ortiz Santiago",9
PR,"Estevez",9
PR,"Sáez",9
PR,"Ortis",9
PR,"Skerrett",9
PR,"Cedano",9
PR,"Chaves",9
PR,"Lamberty",9
PR,"Chavez",9
PR,"Rivera Ruiz",9
PR,"Capo",9
PR,"Rivera Collazo",9
PR,"Maestre",9
PR,"Paoli",9
PR,"Cruz Diaz",9
PR,"Corsino",9
PR,"Nieves Rivera",9
PR,"Rodriguez Santiago",9
PR,"Rodriguez Morales",9
PR,"Comas",9
PR,"Torres Gonzalez",9
PR,"Vásquez",9
PR,"Matías",9
PR,"Andreu",9
PR,"Morales Rodriguez",9
PR,"Frank",9
PR,"Félix",9
PR,"Garcia Rivera",9
PR,"Massa",9
PR,"Andújar",9
PR,"Martinez Santiago",9
PR,"Alvira",9
PR,"Wu",9
PR,"Marcucci",9
PR,"Bernal",9
PR,"Gonzalez Torres",9
PR,"Santiago Rodriguez",9
PR,"Agostini",9
PR,"Ibarra",9
PR,"Ledee",9
PR,"Yordan",9
PR,"Rivera Rios",8
PR,"Rodriges",8
PR,"Sofia",8
PR,"Psn",8
PR,"Samuel",8
PR,"Michael",8
PR,"Valenzuela",8
PR,"Luyando",8
PR,"Hernandez Torres",8
PR,"Guillen",8
PR,"Del Pueblo",8
PR,"Bosch",8
PR,"Julio",8
PR,"Torrado",8
PR,"Agron",8
PR,"Colon Rodriguez",8
PR,"Osoria",8
PR,"Sastre",8
PR,"Pino",8
PR,"Jaquez",8
PR,"Gr",8
PR,"River",8
PR,"Esteban",8
PR,"Dominicci",8
PR,"Cuello",8
PR,"Belen",8
PR,"Zitro",8
PR,"Calero",8
PR,"Severino",8
PR,"Mejías",8
PR,"Mass",8
PR,"Surita",8
PR,"Morales Ortiz",8
PR,"Fox",8
PR,"Garcia Lopez",8
PR,"Clavell",8
PR,"Vazques",8
PR,"Ro",8
PR,"Zenitram",8
PR,"Reyes Rivera",8
PR,"Salaman",8
PR,"Olmedo",8
PR,"Vazque",8
PR,"Picon",8
PR,"Perez Santiago",8
PR,"Cruz Torres",8
PR,"Gomes",8
PR,"Bayon",8
PR,"Zeugirdor",8
PR,"Escribano",8
PR,"Gimenez",8
PR,"Ricardo",8
PR,"Payano",8
PR,"Pauta",8
PR,"Gueits",8
PR,"Cabán",8
PR,"Faria",8
PR,"Fantauzzi",8
PR,"Ortiz Martinez",8
PR,"Rivera Negron",8
PR,"Ceballos",8
PR,"Rivera Rodríguez",8
PR,"Alameda",8
PR,"Bergollo",8
PR,"Cr",8
PR,"Traverso",8
PR,"Solá",8
PR,"Cruz Figueroa",8
PR,"Kelly",8
PR,"Colon Gonzalez",8
PR,"Guilbe",8
PR,"Leandry",8
PR,"Rodrz",8
PR,"Dumeng",8
PR,"Aponte Rivera",8
PR,"Garriga",8
PR,"Arvelo",8
PR,"Fuster",8
PR,"Marty",8
PR,"Vigo",8
PR,"Ambert",8
PR,"Martorell",8
PR,"Pica",8
PR,"Grullon",8
PR,"Glez",8
PR,"Pou",8
PR,"Goyco",8
PR,"Goytia",8
PR,"Devarie",8
PR,"Alcaide",8
PR,"Bosque",8
PR,"Fajardo",8
PR,"Miró",8
PR,"Diana",8
PR,"Tellado",8
PR,"Rivera Nieves",8
PR,"Mitchell",8
PR,"Betances",8
PR,"Thomas",8
PR,"Jackson",8
PR,"Espinell",8
PR,"Maya",8
PR,"Blondet",8
PR,"San Miguel",8
PR,"Piña",8
PR,"Segui",8
PR,"Coreano",8
PR,"Bula",8
PR,"Brenes",8
PR,"Perez Martinez",8
PR,"Latimer",8
PR,"Rodrigue",8
PR,"Escalante",8
PR,"Nelson",8
PR,"Villamil",8
PR,"George",7
PR,"Stephanie",7
PR,"Benabe",7
PR,"Motta",7
PR,"Beatriz",7
PR,"Calzada",7
PR,"Berlingeri",7
PR,"Franceschini",7
PR,"Pablo",7
PR,"Jomar",7
PR,"Gusman",7
PR,"Emmanuel",7
PR,"Zaid",7
PR,"Elizabeth",7
PR,"Rodriguez Ortiz",7
PR,"Hernandes",7
PR,"Montana",7
PR,"Diaz Rodriguez",7
PR,"Cariño",7
PR,"Indio",7
PR,"Prz",7
PR,"Beltre",7
PR,"Casellas",7
PR,"Davis",7
PR,"Raices",7
PR,"Velasquez",7
PR,"Córdova",7
PR,"Cumba",7
PR,"Bauzo",7
PR,"Fontan",7
PR,"Mujica",7
PR,"Maldonado Rivera",7
PR,"Filomeno",7
PR,"Ithier",7
PR,"Lopez Ramos",7
PR,"Lopéz",7
PR,"Carazo",7
PR,"Noel",7
PR,"Rodriguez Lopez",7
PR,"Loubriel",7
PR,"Noloc",7
PR,"Ortiz Maldonado",7
PR,"Grau",7
PR,"Llavona",7
PR,"Cantres",7
PR,"Emmanuelli",7
PR,"Loperena",7
PR,"Cheverez",7
PR,"Ortiz Figueroa",7
PR,"Suero",7
PR,"Quinonez",7
PR,"Covas",7
PR,"Disdier",7
PR,"Linda",7
PR,"Gonz",7
PR,"Bertran",7
PR,"Pintado",7
PR,"Alayon",7
PR,"Quesada",7
PR,"Rodriguez Rios",7
PR,"Oscar",7
PR,"Santiago Martinez",7
PR,"Torres Nieves",7
PR,"William",7
PR,"Melendes",7
PR,"Moret",7
PR,"Vilanova",7
PR,"Moreta",7
PR,"Olan",7
PR,"González Rivera",7
PR,"Diaz Colon",7
PR,"Vales",7
PR,"Rabelo",7
PR,"Flores Rivera",7
PR,"Garcia Ortiz",7
PR,"Molina Rivera",7
PR,"Perea",7
PR,"Jimenes",7
PR,"Luquis",7
PR,"Ingles",7
PR,"Sullivan",7
PR,"Lopez Lopez",7
PR,"Rivera Camacho",7
PR,"Reyes Cruz",7
PR,"Rivera Burgos",7
PR,"Malavet",7
PR,"Mirabal",7
PR,"Bernabe",7
PR,"Abril",7
PR,"Pina",7
PR,"Ubiles",7
PR,"Crz",7
PR,"Martinez Rodriguez",7
PR,"Rm",7
PR,"Hernaiz",7
PR,"Morel",7
PR,"Torruella",7
PR,"Martinez Martinez",7
PR,"Westerband",7
PR,"Ortiz Hernandez",7
PR,"Figueroa Rivera",7
PR,"Garcia Cruz",7
PR,"Vincenty",7
PR,"Serpa",7
PR,"Mas",7
PR,"Santos Rodriguez",7
PR,"Cestero",7
PR,"Santiago Diaz",7
PR,"Rivera Reyes",7
PR,"Roca",7
PR,"Colondres",7
PR,"Rivera Rosario",7
PR,"Torres Diaz",7
PR,"Muller",7
PR,"Lucas",7
PR,"Galvan",7
PR,"Ares",7
PR,"Moctezuma",7
PR,"Ogando",7
PR,"Gonzalez Morales",7
PR,"Gauthier",7
PR,"Santiago Garcia",7
PR,"Ledesma",7
PR,"Corporan",7
PR,"Andrade",7
PR,"Velasco",7
PR,"Laporte",7
PR,"Pla",7
PR,"Guevarez",7
PR,"Noble",7
PR,"Reyes Lopez",7
PR,"Aulet",7
PR,"Moscoso",7
PR,"Rivera Melendez",7
PR,"Colon Lopez",7
PR,"Bigio",7
PR,"Corretjer",7
PR,"Diez",7
PR,"Guerrido",7
PR,"Gaud",7
PR,"Vives",7
PR,"Paez",7
PR,"Ribot",7
PR,"Monet",7
PR,"Bartolomei",7
PR,"Marchand",7
PR,"Medina Rivera",7
PR,"Cadiz",7
PR,"Gorritz",6
PR,"Santigo",6
PR,"Judith",6
PR,"Man",6
PR,"Seguinot",6
PR,"Morillo",6
PR,"Felipe",6
PR,"Polo",6
PR,"Galindo",6
PR,"Santi",6
PR,"Albelo",6
PR,"Pink",6
PR,"Lion",6
PR,"Angely",6
PR,"Velez Rodriguez",6
PR,"Blasini",6
PR,"Rdz",6
PR,"Menéndez",6
PR,"Ramos Rosario",6
PR,"Pesquera",6
PR,"Wilson",6
PR,"Lajara",6
PR,"Seyer",6
PR,"Arana",6
PR,"Aguiar",6
PR,"Laguer",6
PR,"Hernandez Rodriguez",6
PR,"Ofarril",6
PR,"Yolanda",6
PR,"Llopiz",6
PR,"Ortiiz",6
PR,"Aguilera",6
PR,"Alfredo",6
PR,"Andrés",6
PR,"Fabian",6
PR,"Cebollero",6
PR,"Deya",6
PR,"Ortiz Torres",6
PR,"Rodriguez Maldonado",6
PR,"Ana",6
PR,"Alicea Rivera",6
PR,"Rodriguez Velez",6
PR,"Diaz Acevedo",6
PR,"Mantilla",6
PR,"Sanchez Perez",6
PR,"Ortiz Vazquez",6
PR,"Gonzalez Santiago",6
PR,"Panell",6
PR,"Fiol",6
PR,"Aponte Rodriguez",6
PR,"Chevres",6
PR,"Torres Vargas",6
PR,"Irizarri",6
PR,"Morales Santiago",6
PR,"Domena",6
PR,"Hernandez Perez",6
PR,"Legarreta",6
PR,"Cox",6
PR,"Vargas Rodriguez",6
PR,"Matienzo",6
PR,"Rotger",6
PR,"Ramos Colon",6
PR,"Sierra Gonzalez",6
PR,"Rodriguez Velazquez",6
PR,"Torres Reyes",6
PR,"De Dios",6
PR,"Rubert",6
PR,"Torres Perez",6
PR,"Bibiloni",6
PR,"Cubano",6
PR,"Almeida",6
PR,"Ramos Torres",6
PR,"Diaz Ortiz",6
PR,"Espino",6
PR,"Tricoche",6
PR,"Berberena",6
PR,"Cirilo",6
PR,"Longo",6
PR,"Ramos Ortiz",6
PR,"Parra",6
PR,"Antongiorgi",6
PR,"Jaimes",6
PR,"Guardiola",6
PR,"Melendez Rodriguez",6
PR,"Gonzale",6
PR,"Rodriguez Ramirez",6
PR,"Lopez Santiago",6
PR,"Esquerdo",6
PR,"Figuereo",6
PR,"Vellon",6
PR,"Albarran",6
PR,"Vizcaino",6
PR,"Chirino",6
PR,"Carde",6
PR,"Rios Torres",6
PR,"Valera",6
PR,"Rodriguez Gonzalez",6
PR,"Reina",6
PR,"Sanche",6
PR,"Black",6
PR,"San Juan",6
PR,"Gordon",6
PR,"Rivera Castro",6
PR,"Benjamin",6
PR,"Figueroa Rodriguez",6
PR,"Tous",6
PR,"Soto Perez",6
PR,"Guillermo",6
PR,"Durán",6
PR,"Valderrama",6
PR,"Reyes Rodriguez",6
PR,"Hoyos",6
PR,"Fontanet",6
PR,"Planas",6
PR,"Bultron",6
PR,"Fourquet",6
PR,"Chacon",6
PR,"Santell",6
PR,"Hernàndez",6
PR,"Dorado",6
PR,"Vega Ortiz",6
PR,"Veras",6
PR,"Reyes Torres",6
PR,"Collet",6
PR,"Feliu",6
PR,"Degro",6
PR,"Gandia",6
PR,"John",6
PR,"Lopez Cruz",6
PR,"Marrero Negron",6
PR,"Ofray",6
PR,"Torres Lopez",6
PR,"Ross",6
PR,"Rivera Vargas",6
PR,"Lopez Gonzalez",6
PR,"Miro",6
PR,"Tores",6
PR,"Victor",6
PR,"Santiago Gonzalez",6
PR,"Moyeno",6
PR,"Zabala",6
PR,"Rodriguez Pagan",6
PR,"Soltero",6
PR,"Rivera Hernandez",6
PR,"Frances",6
PR,"Dorta",6
PR,"Amaya",6
PR,"Garcia Torres",6
PR,"Corp",6
PR,"Rivera Pacheco",6
PR,"Santiago Cruz",6
PR,"Cruz Ortiz",6
PR,"Montenegro",6
PR,"Cruz Sanchez",6
PR,"Samot",6
PR,"Lourido",6
PR,"Fermin",6
PR,"Caquias",6
PR,"Torres Rosado",6
PR,"Canino",6
PR,"Palermo",6
PR,"Couret",6
PR,"Colberg",6
PR,"Capellan",6
PR,"Arcelay",6
PR,"Fuente",6
PR,"Hdz",6
PR,"Nova",6
PR,"Rodriguez Perez",6
PR,"Torres Colon",6
PR,"Calderin",6
PR,"Ginorio",6
PR,"Denis",6
PR,"Rodriguez Soto",6
PR,"Santos Rivera",6
PR,"Lopez Garcia",6
PR,"Barrientos",6
PR,"Riollano",6
PR,"Sorrentini",6
PR,"Aldea",6
PR,"Cales",6
PR,"Lastra",6
PR,"Gaetan",6
PR,"Solero",6
PR,"Cesareo",6
PR,"Oropeza",6
PR,"Rosales",6
PR,"Silvestre",6
PR,"Perez Ramos",6
PR,"Aybar",6
PR,"Ortiz Medina",6
PR,"Alberty",6
PR,"Terrero",6
PR,"Lopez Ruiz",6
PR,"Rivera Agosto",6
PR,"Rodriguez Colon",6
PR,"Urena",6
PR,"Martinez Rivera",6
PR,"Ortiz Garcia",6
PR,"Villodas",6
PR,"Pedrosa",6
PR,"Siaca",6
PR,"Maldonado Ortiz",6
PR,"Cabrero",6
PR,"Reguero",6
PR,"Chardon",6
PR,"Del Pilar",6
PR,"Jove",6
PR,"Mayo",6
PR,"Cruz Colon",6
PR,"Massanet",6
PR,"Cacho",6
PR,"Rio",5
PR,"Fradera",5
PR,"Daly",5
PR,"Flow",5
PR,"Ruiz Torres",5
PR,"Rosa Lopez",5
PR,"Irene",5
PR,"Henry",5
PR,"Cruz Vazquez",5
PR,"Rosello",5
PR,"Soto Gonzalez",5
PR,"Vanessa",5
PR,"Vallellanes",5
PR,"Paul",5
PR,"Ruben",5
PR,"Baez Rivera",5
PR,"Cátala",5
PR,"Denisse",5
PR,"Iván",5
PR,"Cáceres",5
PR,"Rivera Pérez",5
PR,"Tek",5
PR,"Chula",5
PR,"Mo",5
PR,"Lopez Hernandez",5
PR,"Eduardo",5
PR,"Edgardo",5
PR,"Ortiz Vega",5
PR,"Lorenzana",5
PR,"Chris",5
PR,"Ortolaza",5
PR,"Singh",5
PR,"Sweets",5
PR,"Rivera Santana",5
PR,"Graulau",5
PR,"Yomar",5
PR,"Prez",5
PR,"Tavera",5
PR,"Rodriguex",5
PR,"Lanzo",5
PR,"Yo",5
PR,"Rodriguez Martinez",5
PR,"Negron Rodriguez",5
PR,"Ma",5
PR,"Bidot",5
PR,"Harrison",5
PR,"Cruz Perez",5
PR,"Sambolin",5
PR,"Cruz Hernandez",5
PR,"Bernardi",5
PR,"Rivera Alvarez",5
PR,"Panda",5
PR,"Sonera",5
PR,"Pantojas",5
PR,"Berroa",5
PR,"Noa",5
PR,"Rodriguez Sanchez",5
PR,"Colon Vazquez",5
PR,"Colon Torres",5
PR,"Rivera Lugo",5
PR,"Rodriguez Reyes",5
PR,"Rivera Matos",5
PR,"Rivera Medina",5
PR,"Orona",5
PR,"Joseph",5
PR,"Santiago Ramos",5
PR,"Gonzalez Figueroa",5
PR,"Torres Flores",5
PR,"Karina",5
PR,"Zamot",5
PR,"Torres Garcia",5
PR,"Joglar",5
PR,"Sebastian",5
PR,"Almodóvar",5
PR,"Monte",5
PR,"Arrufat",5
PR,"Amado",5
PR,"Alequin",5
PR,"Aristud",5
PR,"Annette",5
PR,"Garcia Rodriguez",5
PR,"Viana",5
PR,"Felicie",5
PR,"Tubens",5
PR,"Placeres",5
PR,"Cruz Matos",5
PR,"Aparicio",5
PR,"Fabre",5
PR,"Roja",5
PR,"Aicrag",5
PR,"Lp",5
PR,"Salicrup",5
PR,"Tineo",5
PR,"Nigaglioni",5
PR,"Gascot",5
PR,"Rodriguz",5
PR,"Alonzo",5
PR,"Tacoronte",5
PR,"Ag",5
PR,"Gonzalez Soto",5
PR,"Carire",5
PR,"Salvaje",5
PR,"Cruz Rios",5
PR,"Mattos",5
PR,"Garrastegui",5
PR,"Figaro",5
PR,"Eusebio",5
PR,"Rodriguez Flores",5
PR,"Negroni",5
PR,"Cruz Morales",5
PR,"Steven",5
PR,"Rivera Serrano",5
PR,"Miranda Ortiz",5
PR,"Vializ",5
PR,"La Santa",5
PR,"Odeveca",5
PR,"Cruz Nieves",5
PR,"Novoa",5
PR,"Nieve",5
PR,"Costoso",5
PR,"Semprit",5
PR,"Mauras",5
PR,"Rivera Fernandez",5
PR,"Rodriguez Hernandez",5
PR,"Bonnet",5
PR,"Echeverría",5
PR,"Garayua",5
PR,"Ramos Diaz",5
PR,"Cobian",5
PR,"Moralez",5
PR,"Santiago Morales",5
PR,"Rodríguez Rivera",5
PR,"Molinary",5
PR,"Rivera González",5
PR,"Torres Martinez",5
PR,"Dolores",5
PR,"Torres Hernandez",5
PR,"Sanes",5
PR,"Ochoa",5
PR,"Selles",5
PR,"Seijo",5
PR,"Coira",5
PR,"Torres Ruiz",5
PR,"Questell",5
PR,"Torres Maldonado",5
PR,"Cana",5
PR,"Moreira",5
PR,"Pumarejo",5
PR,"Rodriguez Melendez",5
PR,"Llorens",5
PR,"Towers",5
PR,"Cruz Garcia",5
PR,"Cardenales",5
PR,"Altiery",5
PR,"Torres Baez",5
PR,"Altreche",5
PR,"Stuart",5
PR,"Canabal",5
PR,"Rivera Velez",5
PR,"Carasquillo",5
PR,"Gonzalez Cruz",5
PR,"Collazo Rivera",5
PR,"Amill",5
PR,"Llera",5
PR,"Torres Zayas",5
PR,"Carambot",5
PR,"Abrams",5
PR,"Garces",5
PR,"Venegas",5
PR,"Geigel",5
PR,"Ginel",5
PR,"Martinez Colon",5
PR,"Perez Colon",5
PR,"Morán",5
PR,"De La Vega",5
PR,"Muños",5
PR,"Ovalle",5
PR,"Desiderio",5
PR,"Vazquez Rosario",5
PR,"Marina",5
PR,"Díaz Rivera",5
PR,"Perez Figueroa",5
PR,"Perez Garcia",5
PR,"Vazquez Rodriguez",5
PR,"Perez Diaz",5
PR,"Vazquez Perez",5
PR,"Emanuelli",5
PR,"Escobales",5
PR,"Barrera",5
PR,"Casas",5
PR,"Rodriguez Vega",5
PR,"Riera",5
PR,"Colón Rivera",5
PR,"Zelaznog",5
PR,"Rubero",5
PR,"Monclova",5
PR,"Enriquez",5
PR,"Cay",5
PR,"Zeno",5
PR,"Velazquez Rodriguez",5
PR,"Hilario",5
PR,"Algarín",5
PR,"Vega Rodriguez",5
PR,"Villarrubia",5
PR,"Colorado",5
PR,"Perez Rosa",5
PR,"Vegas",5
PR,"Villavicencio",5
PR,"Otero Rivera",5
PR,"Matos Hernandez",5
PR,"Zepol",5
PR,"Perez Torres",5
PR,"Reyes Ramos",5
PR,"Dela Cruz",5
PR,"Marques",5
PR,"Perez Molina",5
PR,"Ramos Gonzalez",5
PR,"Lopez Diaz",5
PR,"De Santiago",5
PR,"Gregory",5
PR,"Rosado Rosado",5
PR,"Orraca",5
PR,"Ayala Rivera",5
PR,"Ocacio",5
PR,"Rosado Rivera",5
PR,"Mel",5
PR,"Solares",5
PR,"Aymat",5
PR,"Kercado",5
PR,"Melendez Santiago",5
PR,"Ramos Hernandez",5
PR,"Lagares",5
PR,"Puente",5
PR,"Espinel",5
PR,"Rodriguez Ramos",5
PR,"Ramos Velez",5
PR,"Hermina",5
PR,"Sabater",5
PR,"Diaz Lopez",5
PR,"Figueroa Santiago",5
PR,"Frau",5
PR,"Soto Rivera",5
PR,"Tanco",5
PR,"Soto Santiago",5
PR,"Oms",5
PR,"Valcárcel",5
PR,"Sauri",5
PR,"Soto Rodriguez",5
PR,"Diaz Vazquez",5
PR,"Freire",5
PR,"Cabral",5
PR,"Bernardo",5
PR,"Rivera Pagan",5
PR,"Rivera Baez",5
PR,"Rivera Ayala",5
PR,"Parker",5
PR,"Lopez Torres",5
PR,"Rodriguez Cruz",5
PR,"Rivera Santos",5
PR,"Almestica",5
PR,"Gordils",5
PR,"Gordian",5
PR,"Ulloa",5
PR,"Cuba",5
PR,"Diaz Santiago",5
PR,"Anderson",5
PR,"Faccio",5
PR,"Lampon",5
PR,"Lopex",5
PR,"Ortiz Gonzalez",5
PR,"Piazza",5
PR,"Vicens",5
PR,"Colon Ortiz",5
PR,"Dacosta",5
PR,"Mestre",5
PR,"De Armas",5
PR,"Angulo",5
PR,"Mayol",5
PR,"Vilorio",5
PR,"Monsanto",5
PR,"Figuroa",5
PR,"Zeuqzav",4
PR,"Ocaña",4
PR,"Gonzalez Diaz",4
PR,"Ruiz Gonzalez",4
PR,"Arnaldo",4
PR,"Chevalier",4
PR,"Torres Rosario",4
PR,"Martis",4
PR,"Genao",4
PR,"Crispin",4
PR,"Melendez Rivera",4
PR,"Goss",4
PR,"Alexie",4
PR,"Dueño",4
PR,"Ca",4
PR,"Rodriiguez",4
PR,"Valiente",4
PR,"Carromero",4
PR,"Olivares",4
PR,"Ruiz Rivera",4
PR,"Nicol",4
PR,"Battistini",4
PR,"Hernandez Gonzalez",4
PR,"Torres Vega",4
PR,"Mandes",4
PR,"Norat",4
PR,"Castaneda",4
PR,"Flores Ramos",4
PR,"Reinaldo",4
PR,"Cakes",4
PR,"Lanza",4
PR,"Rt",4
PR,"Sophia",4
PR,"Leduc",4
PR,"Margarita",4
PR,"Colón Ortiz",4
PR,"Ojeda Rivera",4
PR,"Marero",4
PR,"Sifonte",4
PR,"Aristy",4
PR,"Montano",4
PR,"Barnes",4
PR,"Ramo",4
PR,"Borgos",4
PR,"Hernandez Cruz",4
PR,"Diane",4
PR,"Roman Torres",4
PR,"De Aza",4
PR,"Sierra Ortiz",4
PR,"Orbe",4
PR,"Capote",4
PR,"Rodríguez Santiago",4
PR,"Alburquerque",4
PR,"Mojica Perez",4
PR,"Capó",4
PR,"Angueira",4
PR,"Gonzalez Ruiz",4
PR,"Bebo",4
PR,"Santiago Santiago",4
PR,"Martinez Perez",4
PR,"Lind",4
PR,"Elena",4
PR,"Rivera Acosta",4
PR,"Malo",4
PR,"Negron Rivera",4
PR,"Salado",4
PR,"Figueroa Gonzalez",4
PR,"Gaztambide",4
PR,"Raquel",4
PR,"Stewart",4
PR,"Coral",4
PR,"Ángel",4
PR,"Martinez Ortiz",4
PR,"Velez Vargas",4
PR,"Rivera Aponte",4
PR,"Rivera Arroyo",4
PR,"Sales",4
PR,"Rivera Padilla",4
PR,"Cruz Soto",4
PR,"Martinez Ruiz",4
PR,"Machicote",4
PR,"Figeroa",4
PR,"Alondra",4
PR,"Ciprian",4
PR,"Janice",4
PR,"Pinchos",4
PR,"Diazz",4
PR,"Papo",4
PR,"Hector",4
PR,"Gavillan",4
PR,"Clausell",4
PR,"Velez Rivera",4
PR,"Monsegur",4
PR,"Caminero",4
PR,"Bm",4
PR,"Rodriguez Garcia",4
PR,"Elisa",4
PR,"Riveras",4
PR,"Naranjo",4
PR,"Yandel",4
PR,"Caballer",4
PR,"Yari",4
PR,"Yariel",4
PR,"San Antonio",4
PR,"Lopategui",4
PR,"Hernan",4
PR,"Puello",4
PR,"Cabret",4
PR,"Ortiz Sanchez",4
PR,"Altagracia",4
PR,"Blasco",4
PR,"Cardenas",4
PR,"Christian",4
PR,"López Rivera",4
PR,"Guilloty",4
PR,"Blanca",4
PR,"Johan",4
PR,"Maritza",4
PR,"Monegro",4
PR,"Kristal",4
PR,"Vazquez Vazquez",4
PR,"Wolf",4
PR,"Vega Torres",4
PR,"Soba",4
PR,"Morales Cruz",4
PR,"Villar",4
PR,"Ortiz Berrios",4
PR,"Vega Vega",4
PR,"Vivas",4
PR,"Areizaga",4
PR,"Otero Torres",4
PR,"Ramires",4
PR,"Andrea",4
PR,"Graciani",4
PR,"Torres Feliciano",4
PR,"Ernesto",4
PR,"Accesories",4
PR,"German",4
PR,"Hernandez Vargas",4
PR,"Ribera",4
PR,"Rondón",4
PR,"Latoni",4
PR,"Peterson",4
PR,"Verde",4
PR,"Lazo",4
PR,"Forteza",4
PR,"Jon",4
PR,"Rodrigiez",4
PR,"Villarini",4
PR,"Andrews",4
PR,"Soldevila",4
PR,"Angeles",4
PR,"Lucy",4
PR,"Lugardo",4
PR,"Gibson",4
PR,"Nieves Santiago",4
PR,"Torred",4
PR,"Silverio",4
PR,"Silver",4
PR,"Cervera",4
PR,"Cortorreal",4
PR,"Lourdes",4
PR,"André",4
PR,"Fragoso",4
PR,"Burgos Rivera",4
PR,"Ramire",4
PR,"Garcia Hernandez",4
PR,"Butler",4
PR,"Rdgz",4
PR,"Camps",4
PR,"Noemi",4
PR,"Balaguer",4
PR,"Angelo",4
PR,"Mart",4
PR,"Ram",4
PR,"Coll",4
PR,"Cotte",4
PR,"Evelyn",4
PR,"Adrian",4
PR,"Menor",4
PR,"Gonzalez Rios",4
PR,"Guivas",4
PR,"Agramonte",4
PR,"Fermaint",4
PR,"Ortiz Colon",4
PR,"Michell",4
PR,"Guindin",4
PR,"Colon Perez",4
PR,"Pollock",4
PR,"Schettini",4
PR,"Colon Cruz",4
PR,"Colon Hernandez",4
PR,"Redondo",4
PR,"Lanausse",4
PR,"Lamourt",4
PR,"Poueriet",4
PR,"Reillo",4
PR,"Lai",4
PR,"Latalladi",4
PR,"García Rodríguez",4
PR,"Cg",4
PR,"Chan",4
PR,"Ace",4
PR,"Chamorro",4
PR,"Ortiz Vargas",4
PR,"Galiano",4
PR,"Coco",4
PR,"Colombani",4
PR,"Rodriguez Montalvo",4
PR,"Rodriguez Mendez",4
PR,"Rodriguez Medina",4
PR,"Ortíz",4
PR,"Rodriguez De Jesus",4
PR,"Ortiz Perez",4
PR,"Ortiz Ramos",4
PR,"Rodriguez Colón",4
PR,"Serrano Santiago",4
PR,"Pons",4
