country,name,count
AO,"Manuel",4881
AO,"Silva",4445
AO,"Santos",3912
AO,"Pedro",3625
AO,"Francisco",3009
AO,"Costa",2806
AO,"Gomes",2678
AO,"Dos Santos",2636
AO,"Miguel",2590
AO,"Fernandes",2385
AO,"Domingos",2376
AO,"Da Silva",2102
AO,"Paulo",2085
AO,"Lopes",1963
AO,"Neto",1932
AO,"Ferreira",1811
AO,"Antonio",1694
AO,"António",1652
AO,"Almeida",1615
AO,"Rodrigues",1600
AO,"José",1525
AO,"Oliveira",1494
AO,"Carvalho",1464
AO,"Mateus",1425
AO,"Diallo",1417
AO,"Sousa",1350
AO,"João",1337
AO,"Pereira",1308
AO,"Mendes",1302
AO,"Gonçalves",1279
AO,"Dias",1278
AO,"Carlos",1238
AO,"Martins",1236
AO,"Fernando",1195
AO,"Jorge",1174
AO,"Pinto",1163
AO,"Afonso",1158
AO,"Daniel",1106
AO,"Cardoso",1090
AO,"Da Costa",1088
AO,"Alberto",1080
AO,"Baptista",1027
AO,"Correia",1014
AO,"Jose",1013
AO,"Monteiro",994
AO,"Maria",993
AO,"Gaspar",977
AO,"Bernardo",934
AO,"Filipe",906
AO,"Teixeira",902
AO,"Alexandre",896
AO,"Sebastião",894
AO,"Garcia",845
AO,"Soares",840
AO,"Tavares",839
AO,"Morais",825
AO,"Joao",823
AO,"Barros",822
AO,"André",811
AO,"Pascoal",805
AO,"Ribeiro",800
AO,"Junior",797
AO,"Eduardo",796
AO,"Augusto",786
AO,"Luis",769
AO,"Cruz",752
AO,"Marques",750
AO,"Joaquim",749
AO,"Lourenço",711
AO,"Agostinho",706
AO,"Diogo",692
AO,"Simão",662
AO,"Júnior",661
AO,"Miranda",658
AO,"Vicente",639
AO,"Nunes",636
AO,"Vieira",633
AO,"Alves",629
AO,"Andre",622
AO,"Rosa",616
AO,"Gabriel",615
AO,"Andrade",609
AO,"Fonseca",604
AO,"Lima",593
AO,"Ramos",593
AO,"Lemos",591
AO,"Lucas",586
AO,"David",580
AO,"Alfredo",578
AO,"Barry",569
AO,"Jesus",563
AO,"Campos",553
AO,"Dala",544
AO,"Cunha",534
AO,"Samuel",532
AO,"Machado",525
AO,"Neves",523
AO,"Nascimento",514
AO,"Bah",512
AO,"Bento",512
AO,"Castro",510
AO,"Matias",496
AO,"Salvador",496
AO,"Tomás",463
AO,"Reis",463
AO,"De Jesus",460
AO,"Sebastiao",458
AO,"Victor",446
AO,"Pires",430
AO,"Isabel",428
AO,"Freitas",427
AO,"Ricardo",426
AO,"Luís",414
AO,"Borges",412
AO,"De Carvalho",409
AO,"Panzo",404
AO,"Xavier",404
AO,"Ernesto",401
AO,"Ventura",400
AO,"Armando",395
AO,"Rocha",395
AO,"Henriques",393
AO,"De Sousa",392
AO,"Rafael",389
AO,"Paulino",389
AO,"Santana",388
AO,"Adriano",384
AO,"Bumba",376
AO,"De Oliveira",370
AO,"Ana",368
AO,"Coelho",365
AO,"Jamba",364
AO,"Amaral",363
AO,"Faria",361
AO,"Linda",359
AO,"Paula",353
AO,"Morena",349
AO,"Caetano",345
AO,"Figueiredo",344
AO,"Simao",336
AO,"Tomas",336
AO,"Kiala",336
AO,"Cabral",333
AO,"Moreno",330
AO,"Matos",329
AO,"Prata",329
AO,"Mario",326
AO,"Bravo",325
AO,"Bartolomeu",320
AO,"Marcos",319
AO,"De Almeida",306
AO,"Da Cruz",304
AO,"Fortunato",301
AO,"Jaime",300
AO,"Duarte",299
AO,"Ngola",298
AO,"Azevedo",295
AO,"Patricia",294
AO,"Gourgel",293
AO,"Teresa",292
AO,"Jacinto",290
AO,"Brito",290
AO,"Conde",283
AO,"Nicolau",282
AO,"Moreira",282
AO,"Sow",277
AO,"Bastos",277
AO,"Angola",276
AO,"Smith",275
AO,"Casimiro",275
AO,"Barbosa",275
AO,"Viegas",274
AO,"Felix",273
AO,"Dos Anjos",272
AO,"Gouveia",272
AO,"Gonga",271
AO,"Adão",271
AO,"Conceição",270
AO,"Sampaio",270
AO,"Alex",269
AO,"Melo",269
AO,"Tati",263
AO,"Dinis",261
AO,"Guilherme",258
AO,"Pinheiro",258
AO,"Matondo",258
AO,"Emanuel",255
AO,"Quintas",255
AO,"Camara",253
AO,"Lisboa",251
AO,"Valente",249
AO,"Chaves",249
AO,"Menezes",248
AO,"Nelson",246
AO,"Raimundo",246
AO,"Zau",246
AO,"Mário",244
AO,"Ii",242
AO,"Zua",241
AO,"Mendonça",241
AO,"Manuela",240
AO,"Elias",240
AO,"Luciano",240
AO,"Fernanda",238
AO,"Bruno",237
AO,"Capita",237
AO,"Faustino",236
AO,"Tiago",233
AO,"Gama",233
AO,"Graça",233
AO,"Amado",231
AO,"Ferraz",231
AO,"Cassoma",229
AO,"Tony",225
AO,"Mota",225
AO,"Cristóvão",223
AO,"Goncalves",222
AO,"Bunga",220
AO,"Branco",220
AO,"Vunge",219
AO,"Julio",218
AO,"Cassule",218
AO,"King",216
AO,"Inácio",216
AO,"Antunes",216
AO,"Magalhães",215
AO,"Lino",214
AO,"Leo",214
AO,"Leite",213
AO,"Tito",212
AO,"Cristina",211
AO,"Sapalo",210
AO,"Silvestre",208
AO,"Panda",206
AO,"Paiva",206
AO,"Baltazar",206
AO,"Isa",205
AO,"Muhongo",205
AO,"César",205
AO,"Avelino",204
AO,"Torres",204
AO,"Abel",203
AO,"Pacheco",203
AO,"Osvaldo",202
AO,"Vaz",202
AO,"Albino",199
AO,"Narciso",199
AO,"Wilson",198
AO,"Inacio",198
AO,"Abreu",198
AO,"Vasco",196
AO,"Balde",194
AO,"Nelo",193
AO,"Feliciano",193
AO,"Cris",191
AO,"Piedade",191
AO,"Amaro",191
AO,"Félix",190
AO,"Mbala",190
AO,"Luemba",190
AO,"Vasconcelos",190
AO,"Araújo",190
AO,"Artur",188
AO,"Araujo",188
AO,"Clemente",187
AO,"Isaac",186
AO,"Cordeiro",186
AO,"Franco",185
AO,"Camilo",184
AO,"Guimarães",184
AO,"Moniz",183
AO,"Pimentel",183
AO,"Gil",182
AO,"Ginga",182
AO,"Mauro",181
AO,"Ndala",181
AO,"Carla",180
AO,"Jeremias",180
AO,"Semedo",178
AO,"Vemba",177
AO,"Simba",176
AO,"Contreiras",176
AO,"Zola",175
AO,"Figueira",174
AO,"Nogueira",173
AO,"Guerra",172
AO,"Guedes",171
AO,"Pitra",171
AO,"Celestino",169
AO,"Nzinga",169
AO,"Esteves",168
AO,"Nunda",168
AO,"Beto",167
AO,"Telma",167
AO,"Helena",167
AO,"Santiago",167
AO,"Coimbra",167
AO,"Vidal",166
AO,"Madalena",165
AO,"Simões",165
AO,"John",164
AO,"Sumbo",164
AO,"Teca",164
AO,"Paixão",164
AO,"Evaristo",163
AO,"Pina",163
AO,"Samba",163
AO,"Sandra",162
AO,"Moises",162
AO,"Martinho",162
AO,"Lu",161
AO,"Mariano",161
AO,"Paim",161
AO,"Fortes",161
AO,"Kaba",160
AO,"Epalanga",160
AO,"Van-Dúnem",160
AO,"Cisse",158
AO,"Lelo",158
AO,"Sambo",158
AO,"Adelino",157
AO,"Albano",157
AO,"Júlio",157
AO,"Valentim",157
AO,"Delgado",157
AO,"Ngoma",156
AO,"Ganga",156
AO,"Macedo",156
AO,"Da Conceição",155
AO,"Mauricio",154
AO,"Leonardo",153
AO,"Fragoso",153
AO,"Deus",152
AO,"Meury",151
AO,"Muanza",151
AO,"Luanda",151
AO,"Cadete",151
AO,"Patrícia",150
AO,"Alexandra",150
AO,"Lda",150
AO,"Luisa",149
AO,"Cassinda",149
AO,"Mabiala",149
AO,"Furtado",149
AO,"Gamboa",149
AO,"Fofana",148
AO,"Keita",148
AO,"Raul",147
AO,"Trindade",147
AO,"Marisa",146
AO,"Mila",146
AO,"Mavinga",146
AO,"Claudio",145
AO,"Quissanga",144
AO,"Frederico",144
AO,"Cesar",143
AO,"Benjamim",143
AO,"Assis",142
AO,"Nando",141
AO,"Filho",141
AO,"Moisés",141
AO,"Anjos",141
AO,"Adilson",140
AO,"Drame",140
AO,"Rosario",140
AO,"Marta",139
AO,"Ngunza",139
AO,"Jack",138
AO,"Saraiva",138
AO,"De Castro",138
AO,"Varela",138
AO,"Mohamed",137
AO,"De Deus",137
AO,"Adao",136
AO,"Muanda",136
AO,"Hossi",136
AO,"Castelo",136
AO,"Geraldo",135
AO,"Calei",135
AO,"Brown",134
AO,"Cristovao",134
AO,"Aguiar",134
AO,"Marcelo",133
AO,"Joana",133
AO,"Sabino",133
AO,"Zacarias",133
AO,"Daniela",132
AO,"Ju",132
AO,"William",132
AO,"Constantino",131
AO,"Nhanga",131
AO,"Fina",130
AO,"Gime",130
AO,"Rosário",130
AO,"Joel",129
AO,"Sequeira",129
AO,"Henrique",128
AO,"Damião",128
AO,"Luzolo",128
AO,"Juliana",127
AO,"Bengui",127
AO,"Cipriano",127
AO,"Lourenco",127
AO,"Chimuco",126
AO,"Tomé",126
AO,"Lando",126
AO,"Nsimba",126
AO,"Braga",126
AO,"Magalhaes",126
AO,"Fatima",125
AO,"Macaia",125
AO,"Carneiro",125
AO,"Rita",124
AO,"Catumbela",124
AO,"Solange",123
AO,"Mimi",123
AO,"Sofia",123
AO,"Calunga",123
AO,"Malungo",123
AO,"Traore",122
AO,"Chico",122
AO,"Viana",122
AO,"Soma",122
AO,"Santo",122
AO,"Serafim",122
AO,"Claudia",121
AO,"Queta",121
AO,"Sardinha",121
AO,"Da Cunha",121
AO,"Alice",120
AO,"Marcelino",120
AO,"Marcia",119
AO,"Lito",118
AO,"Sergio",118
AO,"Magrela",118
AO,"Hebo",118
AO,"Roberto",117
AO,"Gui",117
AO,"Caculo",117
AO,"Lucamba",117
AO,"Pontes",117
AO,"Roque",117
AO,"Tina",116
AO,"Dasilva",116
AO,"Ambrósio",116
AO,"Justino",115
AO,"Paca",115
AO,"Taty",115
AO,"Fula",114
AO,"Canga",114
AO,"Moura",114
AO,"Julia",113
AO,"Germano",113
AO,"Mara",113
AO,"Lau",113
AO,"Adolfo",113
AO,"Edson",112
AO,"Lú",112
AO,"Orlando",112
AO,"Candido",112
AO,"Firmino",112
AO,"Dias Dos Santos",112
AO,"Rui",111
AO,"Dumbo",111
AO,"Marcolino",111
AO,"Flora",110
AO,"Sylla",110
AO,"Sozinho",110
AO,"Jonas",110
AO,"Barroso",110
AO,"Pena",110
AO,"Fortuna",110
AO,"Neusa",108
AO,"Fredy",108
AO,"Lina",108
AO,"Canda",108
AO,"Veloso",108
AO,"Pembele",108
AO,"Bessa",108
AO,"Mesquita",108
AO,"Bandeira",108
AO,"Max",107
AO,"Leandro",107
AO,"Major",107
AO,"Batalha",107
AO,"Diaby",106
AO,"Rodas",105
AO,"Elisa",105
AO,"Ndongala",105
AO,"Nzuzi",105
AO,"Paz",105
AO,"Leal",105
AO,"Maura",104
AO,"Edy",104
AO,"Celma",103
AO,"Calado",103
AO,"Beth",102
AO,"Jc",102
AO,"Da Pausa",102
AO,"Mira",102
AO,"Jm",102
AO,"Praia",102
AO,"Abrantes",102
AO,"Zeca",101
AO,"Domingas",101
AO,"Patricio",101
AO,"Laurindo",101
AO,"Mingas",101
AO,"Venâncio",101
AO,"Arcanjo",100
AO,"Van-Dunem",100
AO,"Barata",100
AO,"Brandão",100
AO,"Flow",99
AO,"Benedito",99
AO,"Congo",99
AO,"Estevão",99
AO,"Maia",99
AO,"Mimosa",98
AO,"Walter",98
AO,"Landu",98
AO,"Rangel",98
AO,"Mariana",97
AO,"Ruth",97
AO,"Francisca",97
AO,"Cândido",97
AO,"Saldanha",97
AO,"Inglês",97
AO,"Diawara",96
AO,"Michel",96
AO,"Cristo",96
AO,"Rufino",96
AO,"Pemba",96
AO,"Bango",96
AO,"Pombal",96
AO,"Laura",95
AO,"Lena",95
AO,"Jackson",95
AO,"Fox",95
AO,"Jacob",95
AO,"Jb",95
AO,"Toure",95
AO,"Simoes",95
AO,"Ambriz",95
AO,"Benguela",95
AO,"Papy",94
AO,"Anderson",94
AO,"Paulina",94
AO,"Suzana",94
AO,"Cambinda",94
AO,"Skill",93
AO,"Zeferino",93
AO,"Ambrosio",93
AO,"Januario",93
AO,"Custódio",93
AO,"Cortez",93
AO,"Clara",92
AO,"Edna",92
AO,"Beatriz",92
AO,"Brás",92
AO,"Guerreiro",92
AO,"Prazeres",92
AO,"Madeira",92
AO,"Lopez",92
AO,"Gabriela",91
AO,"Vanda",91
AO,"Cosme",91
AO,"Leitão",91
AO,"Sidibe",90
AO,"Kim",90
AO,"Americano",90
AO,"Fátima",90
AO,"Victorino",90
AO,"Chris",90
AO,"Jerónimo",90
AO,"Maurício",90
AO,"Nelito",89
AO,"Francis",89
AO,"Salomão",89
AO,"Ag",89
AO,"Gunza",89
AO,"Boa",89
AO,"Carina",88
AO,"Jandira",88
AO,"Jota",88
AO,"Catarina",88
AO,"Sanda",88
AO,"Pimenta",88
AO,"Mavungo",87
AO,"Armindo",87
AO,"Dany",87
AO,"Jeronimo",87
AO,"Chivela",87
AO,"Maya",87
AO,"Estrela",87
AO,"Batista",87
AO,"Botelho",87
AO,"Nela",86
AO,"Bia",86
AO,"Ac",86
AO,"Rossana",86
AO,"Magrelo",86
AO,"Vivi",86
AO,"Belo",86
AO,"Js",86
AO,"Sita",86
AO,"Hd",85
AO,"Edgar",85
AO,"Massamba",85
AO,"Conceicao",85
AO,"Paquete",84
AO,"Carmo",84
AO,"Miala",84
AO,"Antônio",84
AO,"Vado",83
AO,"Elsa",83
AO,"Ls",83
AO,"Kanga",83
AO,"Mawete",83
AO,"Da Fonseca",83
AO,"Romão",83
AO,"Pacavira",83
AO,"Veiga",83
AO,"Kelly",83
AO,"Gomez",83
AO,"Gildo",82
AO,"Yola",82
AO,"Leonel",82
AO,"Kitoko",82
AO,"Huambo",82
AO,"Januário",82
AO,"Capitango",82
AO,"Toy",81
AO,"Raquel",81
AO,"Jp",81
AO,"Guimaraes",81
AO,"Winner",81
AO,"Nzau",81
AO,"Ebo",81
AO,"Coutinho",81
AO,"Sérgio",80
AO,"Kiss",80
AO,"Baião",80
AO,"Silveira",80
AO,"Mena",80
AO,"Chilala",80
AO,"Patrick",79
AO,"Jessica",79
AO,"Dc",79
AO,"Cristovão",79
AO,"Da Graça",79
AO,"Toni",78
AO,"Boss",78
AO,"Tounkara",78
AO,"Graciano",78
AO,"Africano",78
AO,"Sobrinho",78
AO,"Mayala",78
AO,"Lukoki",78
AO,"Mande",78
AO,"Milton",77
AO,"Victoria",77
AO,"Cm",77
AO,"Real",77
AO,"Vunda",77
AO,"Estevao",77
AO,"Mata",77
AO,"Makiesse",77
AO,"Feijó",77
AO,"Pausado",76
AO,"Jú",76
AO,"Esmeralda",76
AO,"Eva",76
AO,"Bonito",76
AO,"Bala",76
AO,"Victoriano",76
AO,"Marlene",75
AO,"Tatiana",75
AO,"Cláudio",75
AO,"Sonia",75
AO,"Mp",75
AO,"Dm",75
AO,"Preta",75
AO,"Gloria",75
AO,"Alvaro",75
AO,"Romeu",75
AO,"Coxe",75
AO,"Flor",75
AO,"França",75
AO,"Paixao",75
AO,"Manico",75
AO,"Tembo",75
AO,"Vanessa",74
AO,"Yuri",74
AO,"Magui",74
AO,"Raúl",74
AO,"Diakite",74
AO,"Vita",74
AO,"Bamba",74
AO,"Mambo",74
AO,"Assunção",74
AO,"De Brito",74
AO,"Lucia",73
AO,"Helder",73
AO,"Bc",73
AO,"Jo",73
AO,"Sangare",73
AO,"Diarra",73
AO,"Mendez",73
AO,"Eli",73
AO,"Teodoro",73
AO,"Quaresma",73
AO,"Puati",73
AO,"Dacosta",73
AO,"Makiese",73
AO,"Ali",72
AO,"Zé",72
AO,"Beu",72
AO,"Wonder",72
AO,"Amoroso",72
AO,"Gilberto",72
AO,"Cabinda",72
AO,"Madureira",72
AO,"Luyeye",72
AO,"Pegado",72
AO,"Bongue",72
AO,"Mafuta",72
AO,"Janeth",71
AO,"Mary",71
AO,"Yano",71
AO,"Sara",71
AO,"Preciosa",71
AO,"Rei",71
AO,"Maravilha",71
AO,"Luamba",71
AO,"Zage",71
AO,"Mbongo",71
AO,"Severino",71
AO,"Angelo",70
AO,"Irene",70
AO,"Sany",70
AO,"Samy",70
AO,"Israel",70
AO,"Macosso",70
AO,"Mb",70
AO,"Venancio",70
AO,"Bungo",70
AO,"Abilio",70
AO,"Sango",70
AO,"Falcão",70
AO,"Catia",69
AO,"Tania",69
AO,"Cristiano",69
AO,"Mima",69
AO,"Frank",69
AO,"Custodio",69
AO,"Massanga",69
AO,"Álvaro",69
AO,"Alegria",69
AO,"Mbumba",69
AO,"Manzambi",69
AO,"Malonda",69
AO,"Nadia",68
AO,"Silvia",68
AO,"Zinha",68
AO,"Kito",68
AO,"Jay",68
AO,"Nana",68
AO,"Morgado",68
AO,"Braz",68
AO,"Manucho",67
AO,"Gina",67
AO,"Mamadou",67
AO,"Tino",67
AO,"Rodrigo",67
AO,"Justo",67
AO,"Lutumba",67
AO,"Py",67
AO,"Fidel",67
AO,"Matamba",67
AO,"Arnaldo",67
AO,"Ngombo",67
AO,"Canganjo",67
AO,"Fontes",67
AO,"Airosa",67
AO,"Teles",67
AO,"Gm",66
AO,"Fabio",66
AO,"Shine",66
AO,"Ze",66
AO,"Bongo",66
AO,"Da Rosa",66
AO,"Ngonga",66
AO,"Muginga",66
AO,"Dos Reis",66
AO,"Diniz",66
AO,"Tumba",66
AO,"Scott",65
AO,"Sb",65
AO,"Eugenio",65
AO,"Ibrahim",65
AO,"Ab",65
AO,"Dallas",65
AO,"Tete",65
AO,"Manu",65
AO,"Nguyen",65
AO,"Ary",65
AO,"Kanda",65
AO,"Junqueira",65
AO,"Portugal",65
AO,"Dani",65
AO,"Sa",65
AO,"Tandala",65
AO,"Maninho",64
AO,"Gelson",64
AO,"Lili",64
AO,"Chivinda",64
AO,"Mango",64
AO,"Dalas",64
AO,"Jones",64
AO,"Boaventura",64
AO,"Passos",64
AO,"Cativa",64
AO,"Londa",64
AO,"Dinho",63
AO,"Marina",63
AO,"Mariza",63
AO,"Dina",63
AO,"Job",63
AO,"Octávio",63
AO,"Octavio",63
AO,"Franque",63
AO,"Umba",63
AO,"Galiano",63
AO,"Vieira Dias",63
AO,"Elizabeth",62
AO,"Son",62
AO,"Loy",62
AO,"Angela",62
AO,"Filomena",62
AO,"Bm",62
AO,"Canhanga",62
AO,"Freire",62
AO,"Yara",61
AO,"Patrício",61
AO,"Calenga",61
AO,"Eurico",61
AO,"Lara",61
AO,"Kinanga",61
AO,"Bernado",61
AO,"Ndombasi",61
AO,"General",60
AO,"Coulibaly",60
AO,"Dollar",60
AO,"De Fátima",60
AO,"Jf",60
AO,"Edu",60
AO,"Moma",60
AO,"Preto",60
AO,"Bv",60
AO,"Pessela",60
AO,"Weza",60
AO,"Amorim",60
AO,"Caldeira",60
AO,"Puna",60
AO,"Sobral",60
AO,"Massiala",60
AO,"Antonia",59
AO,"Dino",59
AO,"Eliseu",59
AO,"Stela",59
AO,"Sacko",59
AO,"Ngueve",59
AO,"Ngongo",59
AO,"Nanga",59
AO,"Lukombo",59
AO,"Ds",59
AO,"Bras",59
AO,"Futi",59
AO,"Buta",59
AO,"Beny",59
AO,"Bondo",59
AO,"Cassange",59
AO,"Da Rocha",59
AO,"Palma",59
AO,"Miro",58
AO,"Mimada",58
AO,"Marcio",58
AO,"Bula",58
AO,"Ady",58
AO,"Nobre",58
AO,"Ely",58
AO,"Marinho",58
AO,"Ilunga",58
AO,"Lumbo",58
AO,"Konde",58
AO,"Loureiro",58
AO,"Rodriguez",58
AO,"Aleixo",58
AO,"Duda",58
AO,"Joy",57
AO,"Pablo",57
AO,"Na",57
AO,"Capemba",57
AO,"Li",57
AO,"Felisberto",57
AO,"Anjo",57
AO,"Muteca",57
AO,"Bayo",57
AO,"Gonçalo",57
AO,"Leitao",57
AO,"Sabalo",57
AO,"Timóteo",57
AO,"Mayamba",57
AO,"Milagre",57
AO,"Albuquerque",57
AO,"Fançony",57
AO,"Sunda",57
AO,"Ny",57
AO,"Jany",56
AO,"Nanda",56
AO,"Adriana",56
AO,"Modelo",56
AO,"Doucoure",56
AO,"Leny",56
AO,"Renato",56
AO,"Isaias",56
AO,"Lm",56
AO,"Dg",56
AO,"Ndombele",56
AO,"Mbemba",56
AO,"Quiala",56
AO,"De Lemos",56
AO,"Dembo",56
AO,"Feijo",56
AO,"Clássico",55
AO,"Luzia",55
AO,"Bel",55
AO,"Diego",55
AO,"Rabuda",55
AO,"Leão",55
AO,"Negra",55
AO,"Wesley",55
AO,"Makengo",55
AO,"Thomas",55
AO,"Resende",55
AO,"Cassua",55
AO,"Arsénio",55
AO,"Ed",55
AO,"Nazaré",55
AO,"De Sá",55
AO,"Seba",54
AO,"Tadeu",54
AO,"Amada",54
AO,"Anselmo",54
AO,"Mj",54
AO,"Caputo",54
AO,"Ezequiel",54
AO,"Barreto",54
AO,"Gaby",54
AO,"Massango",54
AO,"Arsenio",54
AO,"Mar",54
AO,"Lobo",54
AO,"De Melo",54
AO,"Gonsalves",54
AO,"Dos Santo",54
AO,"Suares",54
AO,"Betinho",53
AO,"Cláudia",53
AO,"Hugo",53
AO,"Alpha",53
AO,"Peter",53
AO,"Jó",53
AO,"Emilia",53
AO,"Guida",53
AO,"Vd",53
AO,"Ester",53
AO,"Prince",53
AO,"Binda",53
AO,"Ml",53
AO,"Hilario",53
AO,"Pambo",53
AO,"Pessoa",53
AO,"Lázaro",53
AO,"Gabi",53
AO,"Toko",53
AO,"Paciência",53
AO,"Gregório",53
AO,"Fernandez",53
AO,"Janota",53
AO,"Músico",52
AO,"Celeste",52
AO,"Andreia",52
AO,"Vania",52
AO,"Gang",52
AO,"Regina",52
AO,"Albertina",52
AO,"Inês",52
AO,"Famoso",52
AO,"Ângelo",52
AO,"Carolina",52
AO,"Soba",52
AO,"Diana",52
AO,"Segunda",52
AO,"Ross",52
AO,"Dadiva",52
AO,"Glória",52
AO,"Damiao",52
AO,"Basilio",52
AO,"Aires",52
AO,"Policarpo",52
AO,"Ad",52
AO,"Cabaça",52
AO,"Quessongo",52
AO,"Paxe",52
AO,"Sala",52
AO,"Malengue",52
AO,"Queiroz",52
AO,"Makaya",52
AO,"Quim",51
AO,"Nina",51
AO,"محمد",51
AO,"Odeth",51
AO,"Monica",51
AO,"Natalia",51
AO,"Cassanga",51
AO,"Margarida",51
AO,"Sol",51
AO,"Angelina",51
AO,"Sp",51
AO,"Gola",51
AO,"Kinkela",51
AO,"Ramiro",51
AO,"Bambi",51
AO,"Noé",51
AO,"Bibi",51
AO,"Quintino",51
AO,"Quiteque",51
AO,"Lay",51
AO,"Graca",51
AO,"Peres",51
AO,"Raposo",51
AO,"Yana",50
AO,"Pedrito",50
AO,"Suzy",50
AO,"Guy",50
AO,"Rafaela",50
AO,"Montana",50
AO,"Judith",50
AO,"Moussa",50
AO,"Amelia",50
AO,"Mami",50
AO,"Paty",50
AO,"Alfa",50
AO,"Matumona",50
AO,"Baiao",50
AO,"Chagas",50
AO,"Cambundo",50
AO,"Sales",50
AO,"Lutete",50
AO,"Paka",50
AO,"Finda",50
AO,"Panzu",50
AO,"Cabanga",50
AO,"Godinho",50
AO,"Pataca",50
AO,"Ba",49
AO,"Naty",49
AO,"Olga",49
AO,"Iii",49
AO,"Pretinho",49
AO,"Ng",49
AO,"Da Paz",49
AO,"Gando",49
AO,"Maneco",49
AO,"Caxala",49
AO,"Rafa",49
AO,"Filo",49
AO,"Jordão",49
AO,"Quental",49
AO,"Garrido",49
AO,"Ribas",49
AO,"Henda",49
AO,"Nice",49
AO,"De Andrade",49
AO,"Da Gama",49
AO,"Mangueira",49
AO,"Pastor",48
AO,"Zito",48
AO,"Lidia",48
AO,"Esperanca",48
AO,"Mamy",48
AO,"Fred",48
AO,"Silas",48
AO,"Laton",48
AO,"Mbuta",48
AO,"Magnata",48
AO,"Branca",48
AO,"Miller",48
AO,"Catraio",48
AO,"Mari",48
AO,"Mbambi",48
AO,"Man",48
AO,"Salomao",48
AO,"Capenda",48
AO,"Pausa",48
AO,"Mussungo",48
AO,"Ngimbi",48
AO,"Ingles",48
AO,"De Cristo",48
AO,"Dambi",48
AO,"Sicato",48
AO,"Nzola",48
AO,"Sassa",48
AO,"Maiato",48
AO,"Micolo",48
AO,"Gonzaga",48
AO,"Senga",48
AO,"Prado",48
AO,"Serra",48
AO,"Vandunem",48
AO,"Titi",48
AO,"Any",47
AO,"Sandro",47
AO,"Bf",47
AO,"Ahmed",47
AO,"Zinho",47
AO,"Fábio",47
AO,"James",47
AO,"Michael",47
AO,"Josefina",47
AO,"Rogerio",47
AO,"Af",47
AO,"Goma",47
AO,"Aurélio",47
AO,"Dongala",47
AO,"Muaca",47
AO,"Songo",47
AO,"De Freitas",47
AO,"Lema",47
AO,"Will",47
AO,"Ferrão",47
AO,"Hilário",47
AO,"Texeira",47
AO,"Yolanda",46
AO,"Rosy",46
AO,"Dalton",46
AO,"Euclides",46
AO,"Jojo",46
AO,"Lurdes",46
AO,"Negro",46
AO,"Antónia",46
AO,"El",46
AO,"Fifi",46
AO,"Muenho",46
AO,"Bruna",46
AO,"Joyce",46
AO,"Nambalo",46
AO,"Jallow",46
AO,"Virgilio",46
AO,"Berry",46
AO,"Camati",46
AO,"Boavida",46
AO,"Nkosi",46
AO,"Fialho",46
AO,"Mputu",46
AO,"Felipe",46
AO,"Ly",46
AO,"Lemba",46
AO,"De Fatima",45
AO,"Eugenia",45
AO,"Sidi",45
AO,"Sn",45
AO,"Pro",45
AO,"Queen",45
AO,"Latino",45
AO,"Franck",45
AO,"Micha",45
AO,"Paul",45
AO,"Vau",45
AO,"Tc",45
AO,"Ruben",45
AO,"Pequeno",45
AO,"Ema",45
AO,"Anacleto",45
AO,"Julião",45
AO,"Pancha",44
AO,"Clever",44
AO,"Nuria",44
AO,"Gilson",44
AO,"Ismael",44
AO,"Fg",44
AO,"Djamila",44
AO,"Rebeca",44
AO,"Lorena",44
AO,"Jalloh",44
AO,"Zita",44
AO,"Nganga",44
AO,"Miezi",44
AO,"Aurelio",44
AO,"Marley",44
AO,"Baba",44
AO,"Sg",44
AO,"Rapper",44
AO,"Isaías",44
AO,"Mucanda",44
AO,"Ntyamba",44
AO,"Vumbi",44
AO,"Silvano",44
AO,"Panguila",44
AO,"Gaieta",44
AO,"Lobito",44
AO,"Yaya",44
AO,"Ra",44
AO,"Muabi",44
AO,"Buanga",44
AO,"Dulce",43
AO,"Marinela",43
AO,"Jacira",43
AO,"Kilson",43
AO,"Jd",43
AO,"Mimoso",43
AO,"Fausto",43
AO,"Jane",43
AO,"Mado",43
AO,"Eddy",43
AO,"Ivo",43
AO,"Bk",43
AO,"Ines",43
AO,"Nataniel",43
AO,"Chana",43
AO,"Charles",43
AO,"Das Neves",43
AO,"Taylor",43
AO,"Tj",43
AO,"Eugénio",43
AO,"Segundo",43
AO,"Ntumba",43
AO,"Benza",43
AO,"Kiteculo",43
AO,"Calandula",43
AO,"Ma",43
AO,"Sanches",43
AO,"Da Piedade",43
AO,"Lukeny",43
AO,"Zumba",43
AO,"Denise",42
AO,"Negrinho",42
AO,"Musico",42
AO,"Nayara",42
AO,"Luciana",42
AO,"Mingo",42
AO,"Nuno",42
AO,"Dito",42
AO,"Gizela",42
AO,"São",42
AO,"Angolano",42
AO,"Leticia",42
AO,"Lf",42
AO,"Karina",42
AO,"Gs",42
AO,"As",42
AO,"Danny",42
AO,"Joia",42
AO,"Messi",42
AO,"Peliganga",42
AO,"Gimbi",42
AO,"Cambuta",42
AO,"Matari",42
AO,"Gustavo",42
AO,"Ao",42
AO,"Tf",42
AO,"Moutinho",42
AO,"Mabanza",42
AO,"Aragão",42
AO,"Lukau",42
AO,"Velasco",42
AO,"Luz",42
AO,"Caiombo",42
AO,"Felizardo",42
AO,"La",42
AO,"Medina",42
AO,"De Matos",42
AO,"Bettencourt",42
AO,"Balanga",42
AO,"Massala",42
AO,"Da Paixão",42
AO,"Russo",41
AO,"Júlia",41
AO,"Edmilson",41
AO,"Gp",41
AO,"Bonifacio",41
AO,"Kone",41
AO,"Tuga",41
AO,"Gugu",41
AO,"Ap",41
AO,"Horacio",41
AO,"Celina",41
AO,"Timoteo",41
AO,"Benga",41
AO,"Delfina",41
AO,"Calombe",41
AO,"Geny",41
AO,"Ld",41
AO,"Ulica",41
AO,"Muxito",41
AO,"Angel",41
AO,"Khalifa",41
AO,"Novais",41
AO,"Muanha",41
AO,"Jw",41
AO,"Lola",41
AO,"Caramelo",41
AO,"Brandao",41
AO,"Viriato",41
AO,"Da",41
AO,"Makanda",41
AO,"Videira",41
AO,"Sessa",41
AO,"Beleza",41
AO,"Zamba",41
AO,"Nilton",40
AO,"Felicia",40
AO,"Silvio",40
AO,"Aurora",40
AO,"Gucci",40
AO,"Dialo",40
AO,"Irina",40
AO,"Lg",40
AO,"Muondo",40
AO,"Lenda",40
AO,"Lee",40
AO,"Sf",40
AO,"Joice",40
AO,"Dela",40
AO,"Perry",40
AO,"Mbunga",40
AO,"Rogério",40
AO,"Sapalalo",40
AO,"Scout",40
AO,"Malaquias",40
AO,"Vany",40
AO,"Hamuyela",40
AO,"Ceita",40
AO,"Kasongo",40
AO,"Fontoura",40
AO,"Pindi",40
AO,"Cerqueira",40
AO,"Suraya",39
AO,"West",39
AO,"Dario",39
AO,"Pretinha",39
AO,"Meuri",39
AO,"Amadou",39
AO,"Leila",39
AO,"Anita",39
AO,"Neide",39
AO,"Benvindo",39
AO,"Aninha",39
AO,"Ronaldo",39
AO,"Young",39
AO,"Nair",39
AO,"Alsina",39
AO,"Ps",39
AO,"Tita",39
AO,"Mungongo",39
AO,"Bande",39
AO,"Kiaku",39
AO,"Sami",39
AO,"Catimba",39
AO,"Kassanga",39
AO,"Kiesse",39
AO,"Paciencia",39
AO,"Amadeu",39
AO,"De",39
AO,"Da Luz",39
AO,"Gregorio",39
AO,"Capela",39
AO,"Medeiros",39
AO,"Feliz",39
AO,"Mateta",39
AO,"Dk",38
AO,"Lourdes",38
AO,"Nica",38
AO,"Tchissola",38
AO,"Tamara",38
AO,"Ilda",38
AO,"Mt",38
AO,"Berta",38
AO,"Tucha",38
AO,"Magrello",38
AO,"Ndiaye",38
AO,"Vitorino",38
AO,"Madaleno",38
AO,"Av",38
AO,"Enoque",38
AO,"Malamba",38
AO,"Tresor",38
AO,"Dp",38
AO,"Mulato",38
AO,"Flávio",38
AO,"Cali",38
AO,"Capingala",38
AO,"Futa",38
AO,"Lp",38
AO,"Kanza",38
AO,"Gongo",38
AO,"Canivete",38
AO,"Vilinga",38
AO,"Lombo",38
AO,"Lua",38
AO,"Grande",38
AO,"Nzita",38
AO,"Palhares",38
AO,"Pilartes",38
AO,"Seixas",38
AO,"Ade",38
AO,"Capoco",37
AO,"Larissa",37
AO,"Dudu",37
AO,"Paloma",37
AO,"Konate",37
AO,"Feliciana",37
AO,"Pucuta",37
AO,"Nzumba",37
AO,"Vava",37
AO,"St",37
AO,"Kitumba",37
AO,"Abdoulaye",37
AO,"Lo",37
AO,"Oscar",37
AO,"Sá",37
AO,"Chissingui",37
AO,"Kissanga",37
AO,"Josué",37
AO,"Mboma",37
AO,"Florindo",37
AO,"Lucala",37
AO,"Luna",37
AO,"Drammeh",37
AO,"Lussati",37
AO,"Mutombo",37
AO,"Diane",37
AO,"Mananga",37
AO,"Lv",37
AO,"Menga",37
AO,"Souza",37
AO,"Gracia",37
AO,"Masamba",37
AO,"Napoleão",37
AO,"Loth",37
AO,"Eunice",36
AO,"Tininha",36
AO,"Katia",36
AO,"Veronica",36
AO,"Augusta",36
AO,"Rara",36
AO,"Wague",36
AO,"Pc",36
AO,"Trafulha",36
AO,"Emiliano",36
AO,"Jelson",36
AO,"Geni",36
AO,"Messias",36
AO,"Nb",36
AO,"Aj",36
AO,"Nito",36
AO,"Sillah",36
AO,"Nsumbu",36
AO,"Belchior",36
AO,"Cf",36
AO,"Chiteculo",36
AO,"Lk",36
AO,"Chissola",36
AO,"Wanga",36
AO,"Kassoma",36
AO,"Quitumba",36
AO,"Manuell",36
AO,"Nlandu",36
AO,"Pascual",36
AO,"Sangueve",36
AO,"Vani",36
AO,"Candeia",36
AO,"Baza",36
AO,"Dada",36
AO,"Nsingi",36
AO,"Nani",36
AO,"Couto",36
AO,"Oumar",35
AO,"Sortudo",35
AO,"Filipa",35
AO,"Bill",35
AO,"Seven",35
AO,"Sam",35
AO,"Best",35
AO,"Dora",35
AO,"Tunkara",35
AO,"July",35
AO,"Kouyate",35
AO,"Palanca",35
AO,"Por Deus",35
AO,"Abraão",35
AO,"Camacho",35
AO,"Mampuya",35
AO,"Ngando",35
AO,"Sd",35
AO,"Jungo",35
AO,"Cabingano",35
AO,"Dabo",35
AO,"Guia",35
AO,"Mambu",35
AO,"Evangelista",35
AO,"Horácio",35
AO,"Yoba",35
AO,"Chitumba",35
AO,"Melaço",35
AO,"Sumbula",35
AO,"Mercedes",35
AO,"Vieira Lopes",35
AO,"Serrote",35
AO,"Pequenino",35
AO,"Kativa",35
AO,"Vale",35
AO,"Bonifácio",35
AO,"Natal",35
AO,"Matoso",35
AO,"Mbiyavanga",35
AO,"Eduarda",34
AO,"Miloy",34
AO,"Marcelina",34
AO,"Dadinho",34
AO,"Delcio",34
AO,"Nelasta",34
AO,"Palmira",34
AO,"To",34
AO,"Sissoko",34
AO,"Márcia",34
AO,"Danilo",34
AO,"Numa",34
AO,"Esmael",34
AO,"Sassoma",34
AO,"Hp",34
AO,"Josemar",34
AO,"Mandela",34
AO,"Pepe",34
AO,"Adi",34
AO,"Fino",34
AO,"Leonor",34
AO,"Kalunga",34
AO,"China",34
AO,"Herculano",34
AO,"Polo",34
AO,"Celestina",34
AO,"Américo",34
AO,"Rose",34
AO,"Lúcia",34
AO,"Tavira",34
AO,"Cambolo",34
AO,"Caxito",34
AO,"Dia",34
AO,"Naval",34
AO,"Buca",34
AO,"Bizerra",34
AO,"Estêvão",34
AO,"Cangombe",34
AO,"Anibal",34
AO,"Pinho",34
AO,"Mouzinho",34
AO,"Mello",34
AO,"Mateia",34
AO,"Viera",34
AO,"Dudas",33
AO,"Blindada",33
AO,"Victória",33
AO,"Carlito",33
AO,"Emmanuel",33
AO,"Stanna",33
AO,"Bela",33
AO,"Dance",33
AO,"Ck",33
AO,"Bg",33
AO,"Hm",33
AO,"Dádiva",33
AO,"Pierre",33
AO,"Ferro",33
AO,"Quimuanga",33
AO,"Rm",33
AO,"Djalo",33
AO,"Floriano",33
AO,"Americo",33
AO,"Bell",33
AO,"Formosa",33
AO,"Ulombe",33
AO,"Sk",33
AO,"Pongo",33
AO,"Mayele",33
AO,"Kalala",33
AO,"Katimba",33
AO,"Toco",33
AO,"Angelino",33
AO,"Leu",33
AO,"Mel",33
AO,"Contreira",33
AO,"Muteba",33
AO,"Pio",33
AO,"Mavungu",33
AO,"Espirito Santo",33
AO,"Bi",33
AO,"Luyindula",33
AO,"Keta",33
AO,"Vangu",33
AO,"Grilo",33
AO,"Serrano",33
AO,"Maio",33
AO,"Lubaki",33
AO,"Rebelo",33
AO,"Vela",33
AO,"Beni",33
AO,"Kialanda",33
AO,"Poba",33
AO,"Sungo",33
AO,"Lamba",32
AO,"Matilde",32
AO,"Africana",32
AO,"Paiza",32
AO,"Paizinho",32
AO,"Kumar",32
AO,"Picasso",32
AO,"Pambaleiro",32
AO,"Jacques",32
AO,"Toya",32
AO,"George",32
AO,"Chinha",32
AO,"Willy",32
AO,"Marcela",32
AO,"Adelaide",32
AO,"Glx",32
AO,"Ivan",32
AO,"Tango",32
AO,"Joseph",32
AO,"Fila",32
AO,"Miúdo",32
AO,"Josimar",32
AO,"Kikas",32
AO,"Dores",32
AO,"Norberto",32
AO,"Catenda",32
AO,"Cirilo",32
AO,"Chiquete",32
AO,"Catanha",32
AO,"Lubango",32
AO,"Dos Prazeres",32
AO,"Varanda",32
AO,"Gb",32
AO,"Mbuyi",32
AO,"Tome",32
AO,"Kabeya",32
AO,"Sacramento",32
AO,"Basílio",32
AO,"Dungula",32
AO,"Nsuka",32
AO,"Chipilica",32
AO,"Bengue",32
AO,"Chinhama",32
AO,"Zango",32
AO,"Domingues",32
AO,"Montenegro",32
AO,"Felicidade",32
AO,"Hamilton",31
AO,"Priscila",31
AO,"Luana",31
AO,"Nany",31
AO,"Mona",31
AO,"Pg",31
AO,"Fd",31
AO,"Vampa",31
AO,"Matheus",31
AO,"Cheezy",31
AO,"Bp",31
AO,"Carter",31
AO,"Benz",31
AO,"Tabita",31
AO,"Kalei",31
AO,"Lewis",31
AO,"Lolo",31
AO,"Mayer",31
AO,"Tunguno",31
AO,"Java",31
AO,"Ekuikui",31
AO,"Mendonca",31
AO,"Valério",31
AO,"Valdemar",31
AO,"Kamati",31
AO,"Aniceto",31
AO,"Binga",31
AO,"Chiwale",31
AO,"Gaio",31
AO,"Muaka",31
AO,"Da Mata",31
AO,"Mbiya",31
AO,"Mukoko",31
AO,"Issenguel",31
AO,"Josias",31
AO,"Ney",31
AO,"Perez",31
AO,"Soumare",31
AO,"Lacerda",31
AO,"Comba",31
AO,"Barradas",31
AO,"Imperial",31
AO,"Castelo Branco",31
AO,"Bonga",31
AO,"Yala",31
AO,"Bernardino",31
AO,"Ca",31
AO,"Hernandez",31
AO,"Vina",30
AO,"Santa",30
AO,"Flavio",30
AO,"Jony",30
AO,"Natália",30
AO,"Rico",30
AO,"Strong",30
AO,"Avozinha",30
AO,"Nandinho",30
AO,"Pj",30
AO,"Sy",30
AO,"Negrinha",30
AO,"Adelina",30
AO,"Bob",30
AO,"Florinda",30
AO,"Paulinho",30
AO,"Neymar",30
AO,"Cia",30
AO,"Bleck",30
AO,"Rc",30
AO,"Jl",30
AO,"Cp",30
AO,"Rd",30
AO,"Arlindo",30
AO,"Kambinda",30
AO,"Keny",30
AO,"Chivinga",30
AO,"Capusso",30
AO,"Lembe",30
AO,"Dulo",30
AO,"Kamba",30
AO,"Sola",30
AO,"Malundo",30
AO,"Al",30
AO,"Figueredo",30
AO,"Ndombe",30
AO,"Léo",30
AO,"Liberal",30
AO,"Ngunga",30
AO,"Gonzalez",30
AO,"Nangolo",30
AO,"Suami",30
AO,"Fuca",30
AO,"Beiby",30
AO,"Kina",30
AO,"Nick",30
AO,"Ousmane",29
AO,"Zidane",29
AO,"Camila",29
AO,"Carlitos",29
AO,"Iracelma",29
AO,"Josefa",29
AO,"Amélia",29
AO,"Italiano",29
AO,"Chantal",29
AO,"Vera",29
AO,"Joaquina",29
AO,"Magrella",29
AO,"Belinha",29
AO,"Beatz",29
AO,"Roger",29
AO,"Tg",29
AO,"Hb",29
AO,"Pm",29
AO,"Neidy",29
AO,"Leni",29
AO,"Vick",29
AO,"Ângela",29
AO,"Malone",29
AO,"Tunga",29
AO,"Gamba",29
AO,"Manel",29
AO,"Lucio",29
AO,"Lc",29
AO,"Ndombaxi",29
AO,"Sebastian",29
AO,"Wang",29
AO,"Pita",29
AO,"Divina",29
AO,"Cossengue",29
AO,"Kourouma",29
AO,"Amador",29
AO,"Mbenza",29
AO,"Buiti",29
AO,"Escorcio",29
AO,"Demba",29
AO,"Grace",29
AO,"Castelbranco",29
AO,"Mukendi",29
AO,"Sabonete",29
AO,"Virgílio",29
AO,"Flores",29
AO,"Chingui",29
AO,"Mujinga",29
AO,"Luiz",29
AO,"Beca",29
AO,"Bundo",29
AO,"Peixoto",29
AO,"Kalenga",29
AO,"Carmelino",29
AO,"Fastudo",29
AO,"Trigo",29
AO,"Seke",29
AO,"Falcao",29
AO,"Chicapa",29
AO,"Vilar",29
AO,"Yamba",29
AO,"Elavoco",29
AO,"Pedrosa",29
AO,"Valdez",29
AO,"Chipenda",29
AO,"Scobar",28
AO,"Abençoada",28
AO,"Kelson",28
AO,"Wayne",28
AO,"Vanuza",28
AO,"Yanick",28
AO,"Lendário",28
AO,"Nahary",28
AO,"Mestre",28
AO,"Nguyễn",28
AO,"Samassa",28
AO,"Mina",28
AO,"Aldair",28
AO,"Ngombe",28
AO,"Rosi",28
AO,"Laurinda",28
AO,"Platina",28
AO,"Stone",28
AO,"Cabeia",28
AO,"Dionisio",28
AO,"Carlota",28
AO,"Rj",28
AO,"Lazaro",28
AO,"Chilombo",28
AO,"Chipa",28
AO,"Toto",28
AO,"Teu",28
AO,"Pl",28
AO,"Verissimo",28
AO,"Fineza",28
AO,"Ale",28
AO,"Nk",28
AO,"Troco",28
AO,"Malanga",28
AO,"Arão",28
AO,"Kalu",28
AO,"Quissua",28
AO,"Jj",28
AO,"Dumba",28
AO,"Kembo",28
AO,"Paris",28
AO,"Mpaka",28
AO,"Mutunda",28
AO,"Direito",28
AO,"Balsa",28
AO,"Muila",28
AO,"Norton",28
AO,"Sandala",28
AO,"Dede",28
AO,"Sc",28
AO,"Ariel",28
AO,"Oliver",28
AO,"Mv",28
AO,"Zangui",28
AO,"Leopoldo",28
AO,"Aragao",28
AO,"Portela",28
AO,"Chicomo",28
AO,"Mbungu",28
AO,"Ntemo",28
AO,"Vital",28
AO,"Seabra",28
AO,"Mn",28
AO,"Bragança",28
AO,"Ta",28
AO,"Carol",27
AO,"Richard",27
AO,"Tonilson",27
AO,"Denilson",27
AO,"Manucha",27
AO,"Suzeth",27
AO,"Cb",27
AO,"Gracieth",27
AO,"Wilma",27
AO,"Kwanza",27
AO,"Tânia",27
AO,"Angelica",27
AO,"Rosaria",27
AO,"Suzi",27
AO,"Chiquinho",27
AO,"Salgueiro",27
AO,"Cazola",27
AO,"Miriam",27
AO,"Cherif",27
AO,"Calala",27
AO,"Mavakala",27
AO,"Malu",27
AO,"Darame",27
AO,"Noe",27
AO,"Cambambe",27
AO,"Alonso",27
AO,"Brinco",27
AO,"Deny",27
AO,"Ro",27
AO,"Nelma",27
AO,"Modesto",27
AO,"Chitunda",27
AO,"Mandume",27
AO,"Dady",27
AO,"Osório",27
AO,"Marçal",27
AO,"Nzambi",27
AO,"Art",27
AO,"Catito",27
AO,"Kebe",27
AO,"Benge",27
AO,"Chilembo",27
AO,"Buela",27
AO,"Lobato",27
AO,"Nimaga",27
AO,"Mor",27
AO,"Nzongo",27
AO,"Sachilombo",27
AO,"Tezudo",27
AO,"Bila",27
AO,"Mvemba",27
AO,"Moyo",27
AO,"Mambote",27
AO,"Mucuta",27
AO,"Penelas",27
AO,"Do Carmo",27
AO,"Teka",27
AO,"Banza",27
AO,"Catombela",27
AO,"Lunga",27
AO,"Dalla",27
AO,"Leiria",27
AO,"My",27
AO,"Coxi",27
AO,"Moke",27
AO,"Lengo",27
AO,"Cuca",27
AO,"Valeriano",27
AO,"Feca",27
AO,"Celso",26
AO,"Dorivaldo",26
AO,"Manilson",26
AO,"Gugas",26
AO,"Natacha",26
AO,"Igor",26
AO,"Nucho",26
AO,"Poeta",26
AO,"Lb",26
AO,"Gf",26
AO,"Príncipe",26
AO,"Cecilia",26
AO,"Beat",26
AO,"Ngalula",26
AO,"Pd",26
AO,"Vilma",26
AO,"Betilson",26
AO,"Viagem",26
AO,"Rb",26
AO,"Flay",26
AO,"Aguinaldo",26
AO,"Mize",26
AO,"Maquina",26
AO,"Diop",26
AO,"Denis",26
AO,"Donga",26
AO,"Manso",26
AO,"Benjamin",26
AO,"Kennedy",26
AO,"Cavita",26
AO,"Ngandu",26
AO,"Figura",26
AO,"Miudo",26
AO,"Terra",26
AO,"Muamba",26
AO,"Fk",26
AO,"Sonhi",26
AO,"Simon",26
IS,"Jónsson",421
IS,"Jónsdóttir",384
IS,"Guðmundsson",363
IS,"Sigurðsson",329
IS,"Sigurðardóttir",321
IS,"Guðmundsdóttir",311
IS,"Gunnarsson",304
IS,"Ólafsson",237
IS,"Ólafsdóttir",232
IS,"Einarsson",226
IS,"Gunnarsdóttir",215
IS,"Magnússon",192
IS,"Magnúsdóttir",192
IS,"Einarsdóttir",171
IS,"Kristjánsson",164
IS,"Björnsson",152
IS,"Helgason",152
IS,"Kristjánsdóttir",150
IS,"Stefánsson",140
IS,"Bjarnason",138
IS,"Björnsdóttir",134
IS,"Árnason",128
IS,"Jóhannsson",127
IS,"Jóhannsdóttir",126
IS,"Halldórsson",122
IS,"Gíslason",119
IS,"Pálsson",118
IS,"Sveinsson",118
IS,"Stefánsdóttir",112
IS,"Helgadóttir",111
IS,"Halldórsdóttir",110
IS,"Bjarnadóttir",108
IS,"Þorsteinsson",104
IS,"Kristinsson",100
IS,"Kristinsdóttir",100
IS,"Pétursson",100
IS,"Ragnarsson",97
IS,"Guðjónsdóttir",96
IS,"Árnadóttir",96
IS,"Pálsdóttir",95
IS,"Guðjónsson",94
IS,"Pétursdóttir",92
IS,"Birgisson",91
IS,"Þorsteinsdóttir",90
IS,"Gísladóttir",87
IS,"Haraldsson",85
IS,"Jóhannesson",85
IS,"Sveinsdóttir",84
IS,"Jonsson",82
IS,"Hauksson",78
IS,"Karlsson",75
IS,"Sigurjónsson",74
IS,"Ragnarsdóttir",74
IS,"Ásgeirsdóttir",72
IS,"Gudmundsson",71
IS,"Jónasson",71
IS,"Harðardóttir",69
IS,"Baldursson",67
IS,"Óskarsson",67
IS,"Jóhannesdóttir",67
IS,"Óskarsdóttir",66
IS,"Harðarson",65
IS,"Þórðardóttir",65
IS,"Sigurðarson",64
IS,"Haraldsdóttir",64
IS,"Arnarson",63
IS,"Birgisdóttir",63
IS,"Ásgeirsson",62
IS,"Sverrisson",61
IS,"Arnardóttir",61
IS,"Þórðarson",60
IS,"Ágústsson",60
IS,"Hilmarsson",60
IS,"Sigurdsson",60
IS,"Sigurjónsdóttir",58
IS,"Kjartansson",56
IS,"Sigurdardottir",56
IS,"Hauksdóttir",54
IS,"Jónasdóttir",53
IS,"Jonsdottir",53
IS,"Reynisson",50
IS,"Rúnarsson",49
IS,"Eiríksson",49
IS,"Friðriksson",49
IS,"Friðriksdóttir",49
IS,"Karlsdóttir",49
IS,"Gunnlaugsson",48
IS,"Þórisdóttir",47
IS,"Kjartansdóttir",47
IS,"Gylfason",46
IS,"Ágústsdóttir",46
IS,"Skúladóttir",46
IS,"Gudmundsdottir",45
IS,"Valdimarsson",45
IS,"Eiríksdóttir",45
IS,"Björgvinsson",44
IS,"Egilsson",44
IS,"Ingvarsson",43
IS,"Benediktsson",43
IS,"Arnarsson",43
IS,"Þórisson",42
IS,"Sævarsson",42
IS,"Sverrisdóttir",42
IS,"Guðnadóttir",42
IS,"Olafsson",42
IS,"Baldursdóttir",41
IS,"Hilmarsdóttir",41
IS,"Tryggvadóttir",41
IS,"Þórarinsdóttir",40
IS,"Reynisdóttir",39
IS,"Hafsteinsson",39
IS,"Ingason",39
IS,"Magnusson",39
IS,"Skúlason",39
IS,"Sævarsdóttir",39
IS,"Tryggvason",38
IS,"Ómarsson",38
IS,"Ingólfsdóttir",38
IS,"Björgvinsdóttir",38
IS,"Benediktsdóttir",38
IS,"Hermannsson",37
IS,"Ingólfsson",37
IS,"Valsson",37
IS,"Snorrason",37
IS,"Rúnarsdóttir",37
IS,"Kristjansson",37
IS,"Hannesson",36
IS,"Aðalsteinsson",36
IS,"Garðarsdóttir",36
IS,"Grétarsson",35
IS,"Hallgrímsson",35
IS,"Stefansson",35
IS,"Hermannsdóttir",35
IS,"Ingvarsdóttir",35
IS,"Garðarsson",34
IS,"Bragadóttir",34
IS,"Olafsdottir",34
IS,"Júlíusson",34
IS,"Björk",34
IS,"Ómarsdóttir",34
IS,"Blöndal",34
IS,"Sigurbjörnsson",33
IS,"Gylfadóttir",33
IS,"Tómasdóttir",33
IS,"Guðnason",33
IS,"Ósk",33
IS,"Bragason",32
IS,"Þorvaldsson",32
IS,"Rafnsson",32
IS,"Viðarsson",32
IS,"Guðlaugsson",32
IS,"Grétarsdóttir",32
IS,"Hjaltason",31
IS,"Þórarinsson",31
IS,"Sigurgeirsson",31
IS,"Gunnlaugsdóttir",31
IS,"Kárason",31
IS,"Vilhjálmsdóttir",30
IS,"Hjartarson",30
IS,"Erlingsdóttir",30
IS,"Vilhjálmsson",29
IS,"Tómasson",29
IS,"Leifsson",29
IS,"Hallgrímsdóttir",29
IS,"Eggertsson",29
IS,"Hafsteinsdóttir",29
IS,"Þór",28
IS,"Jakobsson",28
IS,"Viðarsdóttir",28
IS,"Svavarsson",28
IS,"Erlingsson",28
IS,"Ólason",28
IS,"Lárusdóttir",28
IS,"Þórsson",28
IS,"Valdimarsdóttir",28
IS,"Elíasson",27
IS,"Baldvinsson",27
IS,"Axelsson",27
IS,"Bjornsson",27
IS,"Lárusson",27
IS,"Andrésdóttir",27
IS,"Gunnarsdottir",27
IS,"Hreinsson",27
IS,"Guðlaugsdóttir",27
IS,"Hjartardóttir",26
IS,"Andrésson",26
IS,"Eyjólfsdóttir",26
IS,"Gestsson",26
IS,"Júlíusdóttir",26
IS,"Aðalsteinsdóttir",26
IS,"Þorgeirsdóttir",25
IS,"Erlendsson",25
IS,"Snorradóttir",25
IS,"Magnusdottir",25
IS,"Geirsson",24
IS,"Þorkelsdóttir",24
IS,"Steinarsson",24
IS,"Einarsdottir",24
IS,"Hannesdóttir",24
IS,"Kristjansdottir",24
IS,"Örn",24
IS,"Geirsdóttir",24
IS,"Steingrímsdóttir",23
IS,"Gudjonsson",23
IS,"Sigfússon",23
IS,"Arnarsdóttir",23
IS,"Þorvaldsdóttir",23
IS,"Thoroddsen",23
IS,"Briem",23
IS,"Ingimarsson",22
IS,"Arnason",22
IS,"Þrastarson",22
IS,"Atlason",22
IS,"Þórsdóttir",22
IS,"Sigurgeirsdóttir",22
IS,"Sæmundsson",22
IS,"Brynjarsson",22
IS,"Davíðsson",22
IS,"Thorarensen",22
IS,"Bergmann",22
IS,"Eyjólfsson",21
IS,"Svavarsdóttir",21
IS,"Sigurbjörnsdóttir",21
IS,"Jensson",21
IS,"Svansson",21
IS,"Halldorsson",21
IS,"Davíðsdóttir",21
IS,"Johannsson",21
IS,"Steinþórsson",21
IS,"Agnarsson",21
IS,"Ásmundsson",21
IS,"Albertsson",20
IS,"Sigfúsdóttir",20
IS,"Björg",20
IS,"Þrastardóttir",20
IS,"Aradóttir",20
IS,"Smith",20
IS,"Hansen",20
IS,"Pálmason",19
IS,"Torfadóttir",19
IS,"Sveinbjörnsson",19
IS,"Hjaltadóttir",19
IS,"Steingrímsson",19
IS,"Eggertsdóttir",19
IS,"Stefansdottir",19
IS,"Steinþórsdóttir",19
IS,"Jakobsdóttir",19
IS,"Thorsteinsson",19
IS,"Bjarnadottir",19
IS,"Leifsdóttir",19
IS,"Möller",19
IS,"Þorkelsson",18
IS,"Hrafnsson",18
IS,"Steinsson",18
IS,"Oddsson",18
IS,"Rögnvaldsdóttir",18
IS,"Hinriksson",18
IS,"Andersen",18
IS,"Palsson",18
IS,"Arason",18
IS,"Finnsdóttir",18
IS,"Petersen",18
IS,"Guðbjörnsson",17
IS,"Erlendsdóttir",17
IS,"Freyr",17
IS,"Finnsson",17
IS,"Pálmadóttir",17
IS,"Ingi",17
IS,"Brynjólfsson",17
IS,"Sveinbjörnsdóttir",17
IS,"Þórhallsdóttir",17
IS,"Traustason",17
IS,"Gestsdóttir",17
IS,"Ingimarsdóttir",17
IS,"Brynjarsdóttir",17
IS,"Heimisdóttir",17
IS,"Elíasdóttir",17
IS,"Ingadóttir",17
IS,"Egilsdóttir",17
IS,"Jensen",17
IS,"Másson",16
IS,"Ingimundarson",16
IS,"Steinarsdóttir",16
IS,"Ægisson",16
IS,"Þorgeirsson",16
IS,"Finnbogadóttir",16
IS,"Sæmundsdóttir",16
IS,"Ívarsson",16
IS,"Thor",16
IS,"Rós",16
IS,"Rögnvaldsson",16
IS,"Oskarsson",16
IS,"Asgeirsson",16
IS,"María",16
IS,"Hjaltested",16
IS,"Waage",16
IS,"Ásmundsdóttir",15
IS,"Þorleifsson",15
IS,"Kolbeinsson",15
IS,"Emilsson",15
IS,"Valgeirsson",15
IS,"Gislason",15
IS,"Arnórsson",15
IS,"Már",15
IS,"Marteinsdóttir",15
IS,"Anna",15
IS,"Theodórsson",15
IS,"Finnbogason",15
IS,"Brynjólfsdóttir",15
IS,"Georgsson",15
IS,"Smárason",15
IS,"Matthíasson",15
IS,"Thordarson",15
IS,"Oddsdóttir",15
IS,"Baldvinsdóttir",15
IS,"Axelsdóttir",15
IS,"Atladóttir",15
IS,"Þráinsdóttir",15
IS,"Hólm",15
IS,"Iceland",15
IS,"Káradóttir",15
IS,"Hreinsdóttir",15
IS,"Sig",15
IS,"Sigmarsson",14
IS,"Petursson",14
IS,"Ragnarsdottir",14
IS,"Helgadottir",14
IS,"Heimisson",14
IS,"Bjornsdottir",14
IS,"Óladóttir",14
IS,"Hjálmarsdóttir",14
IS,"Ingvadóttir",14
IS,"Jensdóttir",14
IS,"Traustadóttir",14
IS,"Torfason",14
IS,"Antonsdóttir",14
IS,"Daníelsson",14
IS,"Olsen",14
IS,"Arnadottir",14
IS,"Þráinsson",14
IS,"Nielsen",14
IS,"Heiðarsson",13
IS,"Hákonarson",13
IS,"Vignisson",13
IS,"Bergsson",13
IS,"Sigmundsson",13
IS,"Albertsdóttir",13
IS,"Auðunsdóttir",13
IS,"Gisladottir",13
IS,"Kolbeinsdóttir",13
IS,"Þorleifsdóttir",13
IS,"Marteinsson",13
IS,"Thorisson",13
IS,"Unnarsson",13
IS,"Petursdottir",13
IS,"Auðunsson",13
IS,"Sigþórsson",13
IS,"Höskuldsdóttir",13
IS,"Lind",13
IS,"Scheving",13
IS,"Jóns",13
IS,"Guðbjartsdóttir",12
IS,"Hjálmarsson",12
IS,"Hafliðadóttir",12
IS,"Daníelsdóttir",12
IS,"Gústafsdóttir",12
IS,"Hafliðason",12
IS,"Róbertsson",12
IS,"Ásbjörnsson",12
IS,"Alfreðsson",12
IS,"Bergþórsdóttir",12
IS,"Margeirsson",12
IS,"Johannesson",12
IS,"Hjörleifsson",12
IS,"Eyþórsdóttir",12
IS,"Böðvarsdóttir",12
IS,"Másdóttir",12
IS,"Ármannsson",12
IS,"Þórhallsson",12
IS,"Matthíasdóttir",12
IS,"Vigfússon",12
IS,"Agnarsdóttir",12
IS,"Valgeirsdóttir",12
IS,"Ríkharðsdóttir",12
IS,"Ívarsdóttir",12
IS,"Róbertsdóttir",12
IS,"Kristinsdottir",12
IS,"Konráðsdóttir",12
IS,"Svansdóttir",12
IS,"Rodriguez",12
IS,"Bergsdóttir",12
IS,"Guðbrandsson",12
IS,"Steingrimsson",12
IS,"Helga",12
IS,"Fjeldsted",12
IS,"Maria",12
IS,"Berndsen",12
IS,"Richter",12
IS,"Friðjónsson",11
IS,"Hafþórsson",11
IS,"Hafþórsdóttir",11
IS,"Loftsson",11
IS,"Smári",11
IS,"Skarphéðinsdóttir",11
IS,"Arngrímsson",11
IS,"Grímsson",11
IS,"Sigmundsdóttir",11
IS,"Ingvason",11
IS,"Vilbergsson",11
IS,"Sturluson",11
IS,"Hardardottir",11
IS,"Indriðason",11
IS,"Valsdóttir",11
IS,"Hansson",11
IS,"Sigurjonsson",11
IS,"Rafnsdóttir",11
IS,"Halldorsdottir",11
IS,"Heiðarsdóttir",11
IS,"Snæbjörnsson",11
IS,"Vigfúsdóttir",11
IS,"Ingolfsson",11
IS,"Johannsdottir",11
IS,"Helgi",11
IS,"Rut",11
IS,"Þorbjörnsson",11
IS,"Ottesen",11
IS,"Clausen",11
IS,"Hauksdottir",11
IS,"Bender",11
IS,"Lúðvíksson",10
IS,"Guðbrandsdóttir",10
IS,"Guðbjörnsdóttir",10
IS,"Eyþórsson",10
IS,"Eva",10
IS,"Karlsdottir",10
IS,"Rún",10
IS,"Ármannsdóttir",10
IS,"Hansdóttir",10
IS,"Eiriksson",10
IS,"Ehf",10
IS,"Smáradóttir",10
IS,"Kristmundsdóttir",10
IS,"Sigmarsdóttir",10
IS,"Sif",10
IS,"Ævarsson",10
IS,"Yngvason",10
IS,"Ársælsdóttir",10
IS,"Dögg",10
IS,"Agustsdottir",10
IS,"Úlfarsdóttir",10
IS,"Tomasson",10
IS,"Palsdottir",10
IS,"Indriðadóttir",10
IS,"Hreiðarsdóttir",10
IS,"Georgsdóttir",10
IS,"Oliveira",10
IS,"Silva",10
IS,"Gunnars",10
IS,"Viktorsdóttir",10
IS,"Margrét",10
IS,"Stephensen",10
IS,"Markússon",9
IS,"Höskuldsson",9
IS,"Sigvaldadóttir",9
IS,"Hreiðarsson",9
IS,"Sól",9
IS,"Emilsdóttir",9
IS,"Valgarðsson",9
IS,"Böðvarsson",9
IS,"Alexandersson",9
IS,"Konráðsson",9
IS,"Bjarkason",9
IS,"Agustsson",9
IS,"Lúðvíksdóttir",9
IS,"Hinriksdóttir",9
IS,"Runarsson",9
IS,"Hallsdóttir",9
IS,"Gústafsson",9
IS,"Steindórsson",9
IS,"Grímsdóttir",9
IS,"Þorvarðardóttir",9
IS,"Sigurgeirsdottir",9
IS,"Sigtryggsson",9
IS,"Diego",9
IS,"Bjarkadóttir",9
IS,"Friðgeirsson",9
IS,"Eysteinsdóttir",9
IS,"Guðrún",9
IS,"Kemp",9
IS,"Ottósson",9
IS,"Ingibergsdóttir",9
IS,"Thorsteinsdottir",9
IS,"Teitsdóttir",9
IS,"Marinósdóttir",9
IS,"Sverrisdottir",9
IS,"Jósefsdóttir",9
IS,"Eiriksdottir",9
IS,"Ellertsson",9
IS,"Sighvatsson",8
IS,"Birgisdottir",8
IS,"Eiðsson",8
IS,"Gissurarson",8
IS,"Högnadóttir",8
IS,"Vignisdóttir",8
IS,"Guðfinnsson",8
IS,"Alfreðsdóttir",8
IS,"Hjörleifsdóttir",8
IS,"Jósepsdóttir",8
IS,"Lára",8
IS,"Víðisdóttir",8
IS,"Hlynsson",8
IS,"Sölvason",8
IS,"Hrafnsdóttir",8
IS,"Fridriksson",8
IS,"Ægisdóttir",8
IS,"Líf",8
IS,"Gardarsdottir",8
IS,"Hannesdottir",8
IS,"Logason",8
IS,"Elvarsdóttir",8
IS,"Birna",8
IS,"Samúelsson",8
IS,"Schram",8
IS,"Kvaran",8
IS,"Hlynsdóttir",8
IS,"Unnsteinsdóttir",8
IS,"Þórólfsson",8
IS,"Thorarinsson",8
IS,"Steinsdóttir",8
IS,"Steindórsdóttir",8
IS,"Nowak",8
IS,"Símonarson",8
IS,"Gretarsson",8
IS,"Óðinsson",8
IS,"Ríkharðsson",8
IS,"Guðrúnardóttir",8
IS,"Þóra",8
IS,"Ben",8
IS,"Dungal",8
IS,"Wiium",8
IS,"Hall",8
IS,"Berg",8
IS,"Hallgrimsson",7
IS,"Hallsson",7
IS,"Hardarson",7
IS,"Níelsson",7
IS,"Ævarsdóttir",7
IS,"Elvarsson",7
IS,"Friðjónsdóttir",7
IS,"Frímannsdóttir",7
IS,"Úlfarsson",7
IS,"Guðbjartsson",7
IS,"Snær",7
IS,"Sigtryggsdóttir",7
IS,"Guðfinnsdóttir",7
IS,"Óðinsdóttir",7
IS,"Benediktsdottir",7
IS,"Ísleifsson",7
IS,"Runólfsson",7
IS,"Tulinius",7
IS,"Knútsson",7
IS,"Bárðarson",7
IS,"Kristmundsson",7
IS,"Orri",7
IS,"Arnar",7
IS,"Markúsdóttir",7
IS,"Theodórsdóttir",7
IS,"Björn",7
IS,"Eiðsdóttir",7
IS,"Ingimundardóttir",7
IS,"Hrafnkelsdóttir",7
IS,"Hákonardóttir",7
IS,"Vilhjalmsson",7
IS,"Norðfjörð",7
IS,"Adalsteinsson",7
IS,"Ögmundsdóttir",7
IS,"Örlygsson",7
IS,"Rafn",7
IS,"Friðgeirsdóttir",7
IS,"Þorláksson",7
IS,"Orrason",7
IS,"Þorbjörnsdóttir",7
IS,"Wójcik",7
IS,"Jonasdottir",7
IS,"Johnsen",7
IS,"Wium",7
IS,"Hafstein",7
IS,"Thorvaldsson",7
IS,"Kristjáns",7
IS,"Ásbjörnsdóttir",7
IS,"Haraldsdottir",7
IS,"Davidsson",7
IS,"Sigþórsdóttir",7
IS,"Bachmann",7
IS,"Sigurjonsdottir",7
IS,"Pedersen",7
IS,"Ösp",7
IS,"Þórólfsdóttir",7
IS,"Jonasson",7
IS,"Dís",7
IS,"Ström",7
IS,"Santos",7
IS,"Martin",7
IS,"Barkarson",6
IS,"Omarsson",6
IS,"Marinósson",6
IS,"Sigvaldason",6
IS,"Hlöðversdóttir",6
IS,"Sigurþórsson",6
IS,"Herbertsdóttir",6
IS,"Elísdóttir",6
IS,"Hlöðversson",6
IS,"Eysteinsson",6
IS,"Eðvarðsdóttir",6
IS,"Bogason",6
IS,"Mjöll",6
IS,"Gudjonsdottir",6
IS,"Lilja",6
IS,"Gudmundsdóttir",6
IS,"Ingibergsson",6
IS,"Daðason",6
IS,"Jósepsson",6
IS,"Johansen",6
IS,"Johannesdottir",6
IS,"Guðmundsdottir",6
IS,"Gurung",6
IS,"Sigurbergsson",6
IS,"Sigurbergsdóttir",6
IS,"Kristleifsson",6
IS,"Pétur",6
IS,"Bergþórsson",6
IS,"Unnsteinsson",6
IS,"Skarphéðinsson",6
IS,"Sveinbjornsdottir",6
IS,"Valsdottir",6
IS,"Yngvadóttir",6
IS,"Skulason",6
IS,"Antonsson",6
IS,"Andrason",6
IS,"Aradottir",6
IS,"Ársælsson",6
IS,"Óttarsdóttir",6
IS,"Viggósson",6
IS,"Vésteinsdóttir",6
IS,"Aðalgeirsdóttir",6
IS,"Nguyen",6
IS,"Mogensen",6
IS,"Gudnason",6
IS,"Sveins",6
IS,"Beck",6
IS,"Gissurardóttir",6
IS,"Vidarsson",6
IS,"Kristbjörnsdóttir",6
IS,"Daðadóttir",6
IS,"Ámundadóttir",6
IS,"Árdal",6
IS,"Magg",6
IS,"Hjaltalín",6
IS,"Valtýsdóttir",6
IS,"Thorlacius",6
IS,"Thorhallsdottir",6
IS,"Thordardottir",6
IS,"Sandholt",6
IS,"Flosadóttir",6
IS,"Ferreira",6
IS,"Erna",6
IS,"Steinar",6
IS,"Benjamínsson",6
IS,"Bogadóttir",6
IS,"Þorgrímsdóttir",6
IS,"Asmundsson",6
IS,"Thors",6
IS,"Larsen",6
IS,"Ellertsdóttir",6
IS,"Fernandes",6
IS,"Jörgensen",6
IS,"Vestmann",6
IS,"Reykjavik",6
IS,"Reynis",6
IS,"Norðdahl",5
IS,"Nikulásson",5
IS,"Þorbergsson",5
IS,"Símonardóttir",5
IS,"Matthiasson",5
IS,"Víkingsson",5
IS,"Gunnsteinsdóttir",5
IS,"Gunnþórsson",5
IS,"Guttormsdóttir",5
IS,"Edvardsson",5
IS,"Ýr",5
IS,"Oddsdottir",5
IS,"Bernharðsson",5
IS,"Arnþórsdóttir",5
IS,"Pereira",5
IS,"Þorgilsson",5
IS,"Þorvarðarson",5
IS,"Agnarsdottir",5
IS,"Ottósdóttir",5
IS,"Oskarsdottir",5
IS,"Geirmundsson",5
IS,"Eðvaldsson",5
IS,"Singh",5
IS,"Heimisdottir",5
IS,"Jón",5
IS,"Valtýsson",5
IS,"Valur",5
IS,"Jensdottir",5
IS,"Dagbjartsson",5
IS,"Ingvarsdottir",5
IS,"Viktorsson",5
IS,"Högnason",5
IS,"Hólmarsson",5
IS,"Hálfdánarson",5
IS,"Hrólfsson",5
IS,"Vilmundarson",5
IS,"Hreggviðsdóttir",5
IS,"Hrafnkelsson",5
IS,"Víðisson",5
IS,"Víglundsson",5
IS,"Jónatansson",5
IS,"Arnardottir",5
IS,"Magnús",5
IS,"Magnason",5
IS,"Saevarsson",5
IS,"Loftsdóttir",5
IS,"Larusson",5
IS,"Ari",5
IS,"Karl",5
IS,"Karen",5
IS,"Skuladottir",5
IS,"Sigursteinsdóttir",5
IS,"Sigursveinsson",5
IS,"Sigurþórsdóttir",5
IS,"Sigurvinsson",5
IS,"Elísson",5
IS,"Sigurdardóttir",5
IS,"Sighvatsdóttir",5
IS,"Sindrason",5
IS,"Gústavsdóttir",5
IS,"Jons",5
IS,"Cruz",5
IS,"Ásgrímsdóttir",5
IS,"Snædal",5
IS,"Hjálmtýsdóttir",5
IS,"Gardarsson",5
IS,"Óli",5
IS,"Long",5
IS,"Imsland",5
IS,"Bergsveinsdóttir",5
IS,"Johnson",5
IS,"Kúld",5
IS,"Koca",5
IS,"Frostadóttir",5
IS,"Ellingsen",5
IS,"Karls",5
IS,"Katrín",5
IS,"Heiðdal",5
IS,"Thorsteinsdóttir",5
IS,"Valgarðsdóttir",5
IS,"Bragadottir",5
IS,"Blomsterberg",5
IS,"Hjartar",5
IS,"Þorfinnsdóttir",5
IS,"Olgeirsdóttir",5
IS,"Sverris",5
IS,"Hjalmarsson",5
IS,"Olason",5
IS,"Jack",5
IS,"Gustafsdottir",5
IS,"Backman",5
IS,"Arndal",5
IS,"Martinez",5
IS,"Martins",5
IS,"Theodorsson",5
IS,"Emilsdottir",5
IS,"Malmquist",5
IS,"Thomsen",5
IS,"Hrund",5
IS,"Gunnlaugsdottir",5
IS,"Sigfusson",4
IS,"Andresson",4
IS,"Sölvadóttir",4
IS,"Sigfusdottir",4
IS,"Blondal",4
IS,"Sigbjörnsson",4
IS,"Ingþórsson",4
IS,"Sofia",4
IS,"Teitsson",4
IS,"Bollason",4
IS,"Hjaltalin",4
IS,"Jacobsen",4
IS,"Mihai",4
IS,"Baldursdottir",4
IS,"Anderson",4
IS,"Palmason",4
IS,"Olgeirsson",4
IS,"Sæberg",4
IS,"Gestsdottir",4
IS,"Bjorgvinsson",4
IS,"Bjartmarz",4
IS,"Gautason",4
IS,"Arnþórsson",4
IS,"Arnórsdóttir",4
IS,"Oddgeirsson",4
IS,"Marzec",4
IS,"Sæþórsson",4
IS,"Ingolfsdottir",4
IS,"Nordquist",4
IS,"Osk",4
IS,"Njálsson",4
IS,"Herbertsson",4
IS,"Dagur",4
IS,"Valdemarsdóttir",4
IS,"Valdemarsson",4
IS,"Kowalski",4
IS,"Sigurpálsson",4
IS,"Hallfreðsson",4
IS,"Markusson",4
IS,"Thorvardarson",4
IS,"Jóhann",4
IS,"Danielsson",4
IS,"Kristín",4
IS,"Kristófersson",4
IS,"Juliusson",4
IS,"Torres",4
IS,"Bárðardóttir",4
IS,"Jörundsson",4
IS,"Elmarsdóttir",4
IS,"Ketilsdóttir",4
IS,"Ketilsson",4
IS,"Zoega",4
IS,"Valbergsson",4
IS,"Klemensson",4
IS,"Haralds",4
IS,"Knútsdóttir",4
IS,"Ámundason",4
IS,"Sigurdarson",4
IS,"Ásgrímsson",4
IS,"Leifsdottir",4
IS,"Henrysson",4
IS,"Majewska",4
IS,"Sigurðardottir",4
IS,"Óttarsson",4
IS,"Andri",4
IS,"Margeirsdóttir",4
IS,"Margrétardóttir",4
IS,"Önundarson",4
IS,"Guðbergsson",4
IS,"Gústavsson",4
IS,"Ófeigsson",4
IS,"Leósdóttir",4
IS,"Snæbjörnsdóttir",4
IS,"Sigurvaldason",4
IS,"Ástþórsson",4
IS,"Thorkelsson",4
IS,"Logi",4
IS,"Sigurvinsdóttir",4
IS,"Breiðfjörð",4
IS,"Birkisson",4
IS,"Иванов",4
IS,"Hrolfsson",4
IS,"Hrönn",4
IS,"Sturludóttir",4
IS,"Atli",4
IS,"Pálmarsson",4
IS,"Héðinsdóttir",4
IS,"Freysson",4
IS,"Fridriksdottir",4
IS,"Wang",4
IS,"Friðfinnsdóttir",4
IS,"Vilbergsdóttir",4
IS,"Eyjolfsdottir",4
IS,"Eyjolfsson",4
IS,"Eyland",4
IS,"Eymundsson",4
IS,"Hoffmann",4
IS,"Eðvarðsson",4
IS,"Fannar",4
IS,"Runólfsdóttir",4
IS,"Svanbergsson",4
IS,"Friðþjófsdóttir",4
IS,"Þorgrímsson",4
IS,"Hilmisson",4
IS,"Ericsson",4
IS,"Garðars",4
IS,"Fenger",4
IS,"Hammer",4
IS,"Guðjohnsen",4
IS,"Ísland",4
IS,"Sveinbjornsson",4
IS,"Páls",4
IS,"Pudo",4
IS,"Morthens",4
IS,"Meyer",4
IS,"Sörensen",4
IS,"Mýrdal",4
IS,"Skaftason",4
IS,"Skagfjörð",4
IS,"Snaebjornsdottir",4
IS,"Rán",4
IS,"Mazur",4
IS,"Jósefsson",4
IS,"Knudsen",4
IS,"Kolbeins",4
IS,"Jessen",4
IS,"Líndal",4
IS,"Thorsdottir",4
IS,"Barðdal",4
IS,"Castillo",4
IS,"Edda",4
IS,"Dóra",4
IS,"Davidsdottir",4
IS,"Aspelund",4
IS,"Cabrera",4
IS,"Andrea",4
IS,"Bergsteinsson",4
IS,"Demian",4
IS,"Egils",3
IS,"Lewandowski",3
IS,"Brynjolfsson",3
IS,"Frímannsson",3
IS,"Leósson",3
IS,"Lilliendahl",3
IS,"Ástþórsdóttir",3
IS,"Axelsdottir",3
IS,"Jones",3
IS,"Ísfeld",3
IS,"Gylfadottir",3
IS,"Lee",3
IS,"Hrefnudóttir",3
IS,"Frostason",3
IS,"Laxdal",3
IS,"Áskelsdóttir",3
IS,"Áskelsson",3
IS,"Alex",3
IS,"Hafsteinsdottir",3
IS,"Steinn",3
IS,"Ruth",3
IS,"Thorsson",3
IS,"Lena",3
IS,"Hafberg",3
IS,"Sveinbjarnardóttir",3
IS,"Brynjúlfsdóttir",3
IS,"Guðvarðardóttir",3
IS,"Hreidarsdottir",3
IS,"Þrándardóttir",3
IS,"Albert",3
IS,"Valtysson",3
IS,"Ristic",3
IS,"Viðars",3
IS,"Guðmarsdóttir",3
IS,"Guðmannsson",3
IS,"Magnadóttir",3
IS,"Sigurđsson",3
IS,"Guðleifsson",3
IS,"Brandsson",3
IS,"Sigurðar",3
IS,"Mahmic",3
IS,"Bjarki",3
IS,"Bergsveinsson",3
IS,"Josefsson",3
IS,"Thorisdottir",3
IS,"Lopez",3
IS,"Guðrúnarson",3
IS,"Sigurbjornsson",3
IS,"Lund",3
IS,"Thorhallsson",3
IS,"Robertsson",3
IS,"Helgudóttir",3
IS,"Bridde",3
IS,"Barðadóttir",3
IS,"Albertsdottir",3
IS,"Lúthersdóttir",3
IS,"Halfdanardottir",3
IS,"Aðalgeirsson",3
IS,"King",3
IS,"Sigurkarlsson",3
IS,"Jósafatsson",3
IS,"Valberg",3
IS,"Stefán",3
IS,"Klara",3
IS,"Valbjörnsdóttir",3
IS,"Khan",3
IS,"Davíð",3
IS,"Birta",3
IS,"Paul",3
IS,"Aðalbjörnsson",3
IS,"Kiernan",3
IS,"Carlsson",3
IS,"Haukur",3
IS,"Zalewska",3
IS,"Urbancic",3
IS,"Jörundsdóttir",3
IS,"Kara",3
IS,"Almar",3
IS,"Jörgensson",3
IS,"Sigurjónsd",3
IS,"Barkardóttir",3
IS,"Jökulsson",3
IS,"Jökulsdóttir",3
IS,"Yu",3
IS,"Katrínardóttir",3
IS,"Erludóttir",3
IS,"Til Sölu",3
IS,"Valgerðardóttir",3
IS,"Heiðberg",3
IS,"Alexandru",3
IS,"Kristmannsson",3
IS,"Ríkarðsdóttir",3
IS,"Kristófersdóttir",3
IS,"Cybulska",3
IS,"Alexandersdóttir",3
IS,"Hera",3
IS,"Bæringsdóttir",3
IS,"Alfredsson",3
IS,"Hannibalsdóttir",3
IS,"Imbrea",3
IS,"Benjamínsdóttir",3
IS,"Jónatansdóttir",3
IS,"Rósenkranz",3
IS,"Árni",3
IS,"Kowalewska",3
IS,"Holt",3
IS,"Simonarson",3
IS,"Benónýsson",3
IS,"Didriksen",3
IS,"Silja",3
IS,"Waltersdóttir",3
IS,"Grétar",3
IS,"Grettisson",3
IS,"Erla",3
IS,"Viborg",3
IS,"Gretarsdottir",3
IS,"Hussain",3
IS,"Sturlaugsson",3
IS,"Ibrahim",3
IS,"Styrmisson",3
IS,"Ingvaldsson",3
IS,"Blandon",3
IS,"White",3
IS,"Hilmisdóttir",3
IS,"Nowakowska",3
IS,"Ivarsson",3
IS,"Gudlaugsson",3
IS,"Ivanova",3
IS,"Úlfsson",3
IS,"Isleifsson",3
IS,"Gudbrandsson",3
IS,"Gudbjornsson",3
IS,"Máni",3
IS,"Arngrímsdóttir",3
IS,"Braga",3
IS,"Ingþórsdóttir",3
IS,"Bessason",3
IS,"Strange",3
IS,"Rafnarsson",3
IS,"Nowakowski",3
IS,"Inga",3
IS,"Sy",3
IS,"Acosta",3
IS,"Hólmgeirsson",3
IS,"Þorfinnsson",3
IS,"Asgeirsdottir",3
IS,"Olszewska",3
IS,"Bjorgvinsdottir",3
IS,"Dubiel",3
IS,"Omar",3
IS,"Omarsdottir",3
IS,"Sunna",3
IS,"Sebastian",3
IS,"Orradóttir",3
IS,"Selma",3
IS,"Hálfdánardóttir",3
IS,"Poulsen",3
IS,"Nyman",3
IS,"Níelsdóttir",3
IS,"Wernersson",3
IS,"Þórlindsdóttir",3
IS,"Þórleifsson",3
IS,"Pálmarsdóttir",3
IS,"Shamsudin",3
IS,"Aron",3
IS,"Friðleifsson",3
IS,"Constantin",3
IS,"Vigfusson",3
IS,"Ingibjörnsdóttir",3
IS,"Bjarnhéðinsdóttir",3
IS,"Arthursson",3
IS,"Dagbjört",3
IS,"Molina",3
IS,"Guttormsson",3
IS,"Erlingsdottir",3
IS,"Arnbjörnsson",3
IS,"Hermannsdottir",3
IS,"Gutierrez",3
IS,"Marquez",3
IS,"Jarrah",3
IS,"Jarah",3
IS,"Diðriksdóttir",3
IS,"Jankowski",3
IS,"Þóroddsson",3
IS,"Birgis",3
IS,"Finnbjörnsson",3
IS,"Chen",3
IS,"Richardsson",3
IS,"Man",3
IS,"Mani",3
IS,"Birkisdóttir",3
IS,"Guðgeirsdóttir",3
IS,"Marelsson",3
IS,"Wasilewski",3
IS,"Sigmundsdottir",3
IS,"Sobczak",3
IS,"Önnudóttir",3
IS,"Waldorff",3
IS,"Jankowska",3
IS,"Mikaelsdóttir",3
IS,"Adolfsdóttir",3
IS,"Hróbjartsson",3
IS,"Williams",3
IS,"Micovic",3
IS,"Bolladóttir",3
IS,"Hrólfsdóttir",3
IS,"Ramos",3
IS,"Mikaelsson",3
IS,"Örnólfsson",3
IS,"Matthiasdottir",3
IS,"Þorsteinsdottir",3
IS,"Siggeirsdóttir",3
IS,"Theodorsdottir",3
IS,"Helguson",2
IS,"Herrera",2
IS,"Hergeirsdóttir",2
IS,"Hemmingsen",2
IS,"Henttinen",2
IS,"Hayes",2
IS,"Hlodversson",2
IS,"อัครเจริญพัฐ",2
IS,"Heidarsdottir",2
IS,"Eldon",2
IS,"Węzka",2
IS,"Walter",2
IS,"Hilmarsdottir",2
IS,"Elfarsdóttir",2
IS,"Henrysdóttir",2
IS,"Henriksen",2
IS,"Heidar",2
IS,"Hill",2
IS,"Hildur",2
IS,"Heida",2
IS,"Wiśniewski",2
IS,"Young",2
IS,"Eldjárn",2
IS,"Yaghi",2
IS,"Hilmar",2
IS,"Hjörvarsson",2
IS,"Wyrzykowski",2
IS,"Wirkus",2
IS,"Wasilczuk",2
IS,"El",2
IS,"Wolfram",2
IS,"Heiðar",2
IS,"Elfarsson",2
IS,"Hjartardottir",2
IS,"Elefsen",2
IS,"Xu",2
IS,"Helena",2
IS,"Weisshappel",2
IS,"Hernandez",2
IS,"Yngvadottir",2
IS,"Świderski",2
IS,"Hjaltadottir",2
IS,"Elisson",2
IS,"Żukowska",2
IS,"Henningsson",2
IS,"Escobar",2
IS,"Zalewski",2
IS,"Özkan",2
IS,"Gilsdóttir",2
IS,"Gilbertsson",2
IS,"George",2
IS,"Geirdal",2
IS,"Gawrońska",2
IS,"Eriksson",2
IS,"Gauti",2
IS,"Erlends",2
IS,"Þorgilsdóttir",2
IS,"Garðar",2
IS,"Gala",2
IS,"Gabriel",2
IS,"Frostadottir",2
IS,"Frost",2
IS,"Froment",2
IS,"Gizurarson",2
IS,"Grimsson",2
IS,"Gudlaugsdottir",2
IS,"Gudjohnsen",2
IS,"Gudbjornsdottir",2
IS,"Gudbjartsson",2
IS,"Grönvold",2
IS,"Gröndal",2
IS,"Þor",2
IS,"Þorarinsdottir",2
IS,"Þorbergsdóttir",2
IS,"Þorbjarnardóttir",2
IS,"Gretarsdóttir",2
IS,"Ericson",2
IS,"Greipsdóttir",2
IS,"Green",2
IS,"Grant",2
IS,"Gonzalez",2
IS,"Gomez",2
IS,"Emmanuel",2
IS,"Engilbertsdóttir",2
IS,"Gomes",2
IS,"Engilbertsson",2
IS,"Glad",2
IS,"Gjoklaj",2
IS,"Frolovs",2
IS,"Friðþjófsson",2
IS,"Fahmi",2
IS,"Finnbjörnsdóttir",2
IS,"Figlarska",2
IS,"Ferro",2
IS,"Fernandez Gomez",2
IS,"Fejzulahi",2
IS,"Fannberg",2
IS,"Fannarsdóttir",2
IS,"Þrastardottir",2
IS,"Eze",2
IS,"Erluson",2
IS,"Eyvindsson",2
IS,"Eythorsdottir",2
IS,"Þrif",2
IS,"Ermanis",2
IS,"Eyfjord",2
IS,"Finnsdottir",2
IS,"Franklín",2
IS,"Þorláksdóttir",2
IS,"Friðfinnsson",2
IS,"Friðbertsson",2
IS,"Þormar",2
IS,"Þormarsson",2
IS,"Freir",2
IS,"Franzson",2
IS,"Franzdóttir",2
IS,"Fossdal",2
IS,"Flosason",2
IS,"Fjölnisdóttir",2
IS,"Fjóla",2
IS,"Þormóðsson",2
IS,"Fjalar",2
IS,"Fischer",2
IS,"Finsen",2
IS,"Úlfsdóttir",2
IS,"Gudnadottir",2
IS,"Hanna",2
IS,"Hama",2
IS,"Ása",2
IS,"Ásbjarnarson",2
IS,"Hallgrimsdóttir",2
IS,"Hallgrimsdottir",2
IS,"Ásdís",2
IS,"Ásdísardóttir",2
IS,"Halldórs",2
IS,"Halldorson",2
IS,"Halla",2
IS,"Þórðar",2
IS,"Halfdanarson",2
IS,"Łazarek",2
IS,"Árnadottir",2
IS,"Zielinska",2
IS,"Zaman",2
IS,"Zamuele",2
IS,"Haukdal",2
IS,"Hassan",2
IS,"Zarioh",2
IS,"Zawadzka",2
IS,"Zdrojewski",2
IS,"Zembrowski",2
IS,"Harðardottir",2
IS,"Harrison",2
IS,"Zhang",2
IS,"Hardar",2
IS,"Ármann",2
IS,"Zimsen",2
IS,"Elmarsson",2
IS,"Zogaj",2
IS,"Zoëga",2
IS,"Świderska",2
IS,"Zwierzchowski",2
IS,"Hanson",2
IS,"Ákadóttir",2
IS,"Ásta",2
IS,"Guseynova",2
IS,"Guðjonsson",2
IS,"Elísabet",2
IS,"Þórudóttir",2
IS,"Önundardóttir",2
IS,"Gutowska",2
IS,"Gustafsson",2
IS,"Guseva",2
IS,"Óskar",2
IS,"Örlygsdóttir",2
IS,"Gunnþórsdóttir",2
IS,"Gunnsteinsson",2
IS,"Þóroddsdóttir",2
IS,"Gunnhildardóttir",2
IS,"Örnólfsdóttir",2
IS,"Örvarsdóttir",2
IS,"Örvarsson",2
IS,"Guerrero H",2
IS,"Elínardóttir",2
IS,"Ástráðsson",2
IS,"Ástvaldsdóttir",2
IS,"Gísli",2
IS,"Ísaksdóttir",2
IS,"Ísberg",2
IS,"Ísfjörð",2
IS,"Guðvarðsson",2
IS,"Guðsteinsdóttir",2
IS,"Guðný",2
IS,"Elín",2
IS,"Ófeigsdóttir",2
IS,"Ólafs",2
IS,"Guðmunds",2
IS,"Guðmundardóttir",2
IS,"Þórunnarson",2
IS,"Guðmann",2
IS,"Þórunn",2
IS,"Elídóttir",2
IS,"Hlynsdottir",2
IS,"Palmadottir",2
IS,"Ozolina",2
IS,"Ozols",2
IS,"Pacas",2
IS,"Pakalne",2
IS,"Palada",2
IS,"Palla",2
IS,"Palomares",2
IS,"Vígmundsson",2
IS,"Pals",2
IS,"Sveinbjarnardottir",2
IS,"Panic",2
IS,"Parzych",2
IS,"Passaro",2
IS,"Paun",2
IS,"Ozola",2
IS,"Oulad Idriss",2
IS,"Ortiz",2
IS,"Ortega",2
IS,"Orn",2
IS,"Ormslev",2
IS,"Orkwiszewska",2
IS,"Svendsen",2
IS,"Olszewski",2
IS,"Olguin",2
IS,"Pawlik",2
IS,"Pawłowska",2
IS,"Pekala",2
IS,"Podlech",2
IS,"Péturs",2
IS,"Stypulkowski",2
IS,"Sumarliðadóttir",2
IS,"Pálma",2
IS,"Páll",2
IS,"Ptak",2
IS,"Prince",2
IS,"Poroshtica",2
IS,"Ploder",2
IS,"Perez",2
IS,"Pitt",2
IS,"Piotrowska",2
IS,"Piotr",2
IS,"Piecha",2
IS,"Suska",2
IS,"Petra",2
IS,"Petersson",2
IS,"Svan",2
IS,"Svansdottir",2
IS,"Peters",2
IS,"Svanur",2
IS,"Peta",2
IS,"Olender",2
IS,"Szulc",2
IS,"Moller",2
IS,"Mánadóttir",2
IS,"Muñoz",2
IS,"Muller",2
IS,"Mróz",2
IS,"Mozolewski",2
IS,"Mousa",2
IS,"Moubarak",2
IS,"Morgan",2
IS,"Moreno",2
IS,"Moradi",2
IS,"Moon",2
IS,"Mohamed",2
IS,"Mitchell",2
IS,"Mist",2
IS,"Miranda",2
IS,"Miljevic",2
IS,"Mikael",2
IS,"Michalowska",2
IS,"Mensah",2
IS,"Melsted",2
IS,"Melax",2
IS,"Mekkin",2
IS,"Meekosha",2
IS,"Taudul",2
IS,"Szymanski",2
IS,"Njálsdóttir",2
IS,"Sæbjörnsson",2
IS,"Sæland",2
IS,"Olafs",2
IS,"Sæmundsen",2
IS,"Ola",2
IS,"Oddsson Brynjólfsdóttir",2
IS,"Nótt",2
IS,"Nóadóttir",2
IS,"Numason",2
IS,"Nowicka",2
IS,"Nouman",2
IS,"Nogueira",2
IS,"Nikulasson",2
IS,"Nielsdottir",2
IS,"Newman",2
IS,"Nesvarbu",2
IS,"Nasri",2
IS,"Narfason",2
IS,"Nardini",2
IS,"Nana",2
IS,"Najda",2
IS,"Nails",2
IS,"Sólmundsdóttir",2
IS,"Söebech",2
IS,"Sturlaugsdóttir",2
IS,"Radu",2
IS,"Sosbee",2
IS,"Snæhólm",2
IS,"Snævarsdóttir",2
IS,"Sigrún",2
IS,"Sigríðarson",2
IS,"Snæþórsson",2
IS,"Soares",2
IS,"Sigjónsdóttir",2
IS,"Soffía",2
IS,"Sigga",2
IS,"Solomon",2
IS,"Sienkiewicz",2
IS,"Sigurbjörg",2
IS,"Siemsen",2
IS,"Shramko",2
IS,"Serwatka",2
IS,"Sepulveda",2
IS,"Segura",2
IS,"Scott",2
IS,"Sousa",2
IS,"Schiöth",2
IS,"Stef",2
IS,"Schelvis",2
IS,"Savickas",2
IS,"Sara",2
IS,"Sigurbjarnarson",2
IS,"Snorradottir",2
IS,"Sankovic",2
IS,"Sigursteinsson",2
IS,"Sischka",2
IS,"Sikora",2
IS,"Skaftadóttir",2
IS,"Skaidra",2
IS,"Skarphedinsson",2
IS,"Sigurðard",2
IS,"Sigurthorsson",2
IS,"Sigurpálsdóttir",2
IS,"Sigurmundsson",2
IS,"Sigurmundsdóttir",2
IS,"Sigurmundason",2
IS,"Smereczyński",2
IS,"Sigurhjartarson",2
IS,"Sigurfinnsdóttir",2
IS,"Snaebjornsson",2
IS,"Snjólfsson",2
IS,"Santo",2
IS,"Sandra",2
IS,"Reykjalín",2
IS,"Runolfsson",2
IS,"Rumba",2
IS,"Rosa",2
IS,"Rojkjaer",2
IS,"Rogoś",2
IS,"Roberts",2
IS,"Rizon",2
IS,"Rikardsson",2
IS,"Steinsen",2
IS,"Steinunnarson",2
IS,"Reynisdottir",2
IS,"Reynir",2
IS,"Reykdal",2
IS,"Reyes",2
IS,"Rexhepi",2
IS,"Reis",2
IS,"Reimarsson",2
IS,"Raquelíta",2
IS,"Ramirez",2
IS,"Ragnheiður",2
IS,"Stepanova",2
IS,"Sterkaj",2
IS,"Ragnars",2
IS,"Ragnar",2
IS,"Ragg",2
IS,"Stingaciu",2
IS,"Rusak",2
IS,"Rutkowska",2
IS,"Stefnisson",2
IS,"Stefan",2
IS,"Samúelsdóttir",2
IS,"Samsonardóttir",2
IS,"Salómonsson",2
IS,"Salómonsdóttir",2
IS,"Salvarsson",2
IS,"Salvador",2
IS,"Salickas",2
IS,"Said",2
IS,"Saemundsson",2
IS,"Rútsson",2
IS,"Rútsdóttir",2
IS,"Rúnuson",2
IS,"Stefáns",2
IS,"Ryan",2
IS,"Rúnar",2
IS,"Steinarrsson",2
IS,"Rögn",2
IS,"Rósarsdóttir",2
IS,"Rósa",2
IS,"Steinarsdottir",2
IS,"Róbertsdóttir Biglio",2
IS,"Rzepnicki",2
IS,"Mcshane",2
IS,"Kaldal",2
IS,"Unnþórsson",2
IS,"Jörgensdóttir",2
IS,"Vagnsson",2
IS,"Valadbigi",2
IS,"Vald",2
IS,"Valdemarsdottir",2
IS,"Valdimarsdottir",2
IS,"Jónasar",2
IS,"Jóna",2
IS,"Valencia",2
IS,"Valladares",2
IS,"Kalnins",2
IS,"Valle",2
IS,"Jóhanna",2
IS,"Jóelsson",2
IS,"Jóakimsson",2
IS,"Jóakimsdóttir",2
IS,"Junior",2
IS,"Juklewicz",2
IS,"Jukaj",2
IS,"Joð",2
IS,"Josefsdottir",2
IS,"Valmundsson",2
IS,"Jonsd",2
IS,"Kalenikova",2
IS,"Kamińska",2
IS,"Kjartansdottir",2
IS,"Kol",2
IS,"Kocko",2
IS,"Kochańska",2
IS,"Tristan",2
IS,"Knutsson",2
IS,"Klimov",2
IS,"Kjærnested",2
IS,"Trzaska",2
IS,"Tölgyes",2
IS,"Uggason",2
IS,"Kjartans",2
IS,"Kane",2
IS,"Kempiński",2
IS,"Kelley",2
IS,"Sineavschi",2
IS,"Katrin",2
IS,"Kaspersen",2
IS,"Unnarsdóttir",2
IS,"Karelsson",2
IS,"Kareiva",2
IS,"Karadottir",2
IS,"Kapanke",2
IS,"Jonatansson",2
IS,"Hvannberg",2
IS,"Viggósdóttir",2
IS,"Vignir",2
IS,"Ingadottir",2
IS,"Vikingur",2
IS,"Illugason",2
IS,"Illugadóttir",2
IS,"Idun",2
IS,"Vilberg",2
IS,"Vilhelmsdóttir",2
IS,"Hólmgeirsdóttir",2
IS,"Vilhelmsson",2
IS,"Vilhjalmsd",2
IS,"Huldudóttir",2
IS,"Ingimars",2
IS,"Huld",2
IS,"Huijbens",2
IS,"Hubicka",2
IS,"Hringsson",2
IS,"Vill",2
IS,"Viðar",2
IS,"Hreinsdottir",2
IS,"Hreggviðsson",2
IS,"Vokes",2
IS,"Vésteinsson",2
IS,"Hrafn",2
IS,"Víglundsdóttir",2
IS,"Hlífarsson",2
IS,"Veigarsson",2
IS,"Valtýs",2
IS,"Joe",2
IS,"Jo",2
IS,"Jimma",2
IS,"Van Erven",2
IS,"Vasquez",2
IS,"Jasinska",2
IS,"Jarl",2
IS,"Janssen",2
IS,"Veide",2
IS,"Jakobsdottir",2
IS,"Vigdís",2
IS,"Jagusiak",2
IS,"Jafetsdóttir",2
IS,"Jacob",2
IS,"Jackson",2
IS,"Isl",2
IS,"Irena",2
IS,"Verheul",2
IS,"Victorsson",2
IS,"Vidarsdottir",2
IS,"Ingvars",2
IS,"Vieira",2
IS,"Mateev",2
IS,"Lýðsson",2
IS,"Majewski",2
IS,"Magnúsardóttir",2
IS,"Thorberg",2
IS,"Thorbjornsson",2
IS,"Magnea",2
IS,"Maggi",2
IS,"Maciej",2
IS,"Macaitis",2
IS,"Maack",2
IS,"Ma",2
IS,"Makowska",2
IS,"Lúðvígsson",2
IS,"Thorgeirsson",2
IS,"Lukas",2
IS,"Ludviksson",2
IS,"Ludviksdottir",2
IS,"Love",2
IS,"Louzir",2
IS,"Loh",2
IS,"Malatesta Lopez",2
IS,"Lofts",2
IS,"Markowska",2
IS,"Maríudóttir",2
IS,"Marvin",2
IS,"Marteinsdottir",2
IS,"Marszalek",2
IS,"Marques",2
IS,"Maronsson",2
IS,"Markovic",2
IS,"Malesa",2
IS,"Marko",2
IS,"Mario",2
IS,"Thomasdóttir",2
IS,"Marinó",2
IS,"Marino",2
IS,"Marin",2
IS,"Thompson",2
IS,"Margrétarson",2
IS,"Marcinkowska",2
IS,"Marcin",2
IS,"Mar",2
IS,"Manolescu",2
IS,"Malinowska",2
IS,"Loftsdottir",2
IS,"Llorens",2
IS,"Kolbrúnarson",2
IS,"Kristin",2
IS,"Kristínarson",2
IS,"Thorstensen",2
IS,"Kristmannsdóttir",2
IS,"Thorvardardottir",2
IS,"Thrainsson",2
IS,"Tiger",2
IS,"Kristjansdóttir",2
IS,"Tod",2
IS,"Tom",2
IS,"Tomasdottir",2
IS,"Torfadottir",2
IS,"Kristins",2
IS,"Kristbjörnsson",2
IS,"Ksepko",2
IS,"Krawczyk",2
IS,"Kr",2
IS,"Kozioł",2
IS,"Kowalska",2
IS,"Kowalczuk",2
IS,"Kowal",2
IS,"Kouatli",2
IS,"Kospenda",2
IS,"Kos",2
IS,"Kopczewska",2
IS,"Traustadottir",2
IS,"Konradsdottir",2
IS,"Kondzior",2
IS,"Kröyer",2
IS,"Kumar",2
IS,"Lisowska",2
IS,"Leo",2
IS,"Lis",2
IS,"Linnet",2
IS,"Linduson",2
IS,"Lindudóttir",2
IS,"Lindal",2
IS,"Thorlaksson",2
IS,"Thorleifsdottir",2
IS,"Lewis",2
IS,"Leví",2
IS,"Levy",2
IS,"Levin",2
IS,"Leszczynski",2
IS,"Lesma",2
IS,"Leifs",2
IS,"Lecka",2
IS,"Leanca",2
IS,"Le",2
IS,"Laufdal",2
IS,"Laskowska",2
IS,"Las",2
IS,"Lakhal",2
IS,"Labyad",2
IS,"Köhler",2
IS,"Kærnested",2
IS,"Kári",2
IS,"Alfredsdottir",2
IS,"Adhikari",2
IS,"Bogi",2
IS,"Alexdóttir",2
IS,"Addi",2
IS,"Edwald",2
IS,"Adamsson",2
IS,"Barðason",2
IS,"Dedler",2
IS,"Bernharðsdóttir",2
IS,"Benson",2
IS,"Adam",2
IS,"Dziubinska",2
IS,"Barwiak",2
IS,"Catalin",2
IS,"Bartolozzi",2
IS,"Adrichem",2
IS,"Clark",2
IS,"Adólfsdóttir",2
IS,"Castro",2
IS,"Alexander",2
IS,"Clarke",2
IS,"Aegisson",2
IS,"Aevarsdottir",2
IS,"Braz",2
IS,"Adalsteinsdottir",2
IS,"Caca",2
IS,"Bakowska",2
IS,"Alina",2
IS,"Brand",2
IS,"Bakowski",2
IS,"Eggertsdottir",2
IS,"Damian",2
IS,"Abramek",2
IS,"Bald",2
IS,"Berglindarson",2
IS,"Arngrimsson",2
IS,"Abella",2
IS,"Cernica",2
IS,"Egilsdottir",2
IS,"Bragi",2
IS,"Ali",2
IS,"Del Negro",2
IS,"Black",2
IS,"Daniel",2
IS,"Berglind",2
IS,"Dröfn",2
IS,"Ciećka",2
IS,"Drífa",2
IS,"Björt",2
IS,"Bates",2
IS,"Ciobanu",2
IS,"Bjargmundsdóttir",2
IS,"Edwards",2
IS,"Alfonsson",2
IS,"Deep",2
IS,"Afonso",2
IS,"Arthúrsson",2
IS,"Biering",2
IS,"Davison",2
IS,"Daviðsson",2
IS,"Barbara",2
IS,"Capin",2
IS,"Altabbaa",2
IS,"Díaz",2
IS,"Arango",2
IS,"Cardew",2
IS,"Bjork",2
IS,"Cardoso",2
IS,"Bjornsdóttir",2
IS,"Bek",2
IS,"Bjarni",2
IS,"Bichard",2
IS,"Ajayi",2
IS,"Akhtar",2
IS,"Arthur",2
IS,"Al-Zamil",2
IS,"Bang",2
IS,"Akra",2
IS,"Bangoura",2
IS,"Bjartur",2
IS,"Bjartmarsson",2
IS,"Bjarnþórsdóttir",2
IS,"Daði",2
IS,"Alda",2
IS,"Arnorsdottir",2
IS,"Astthorsson",2
IS,"Arnljotsdottir",2
IS,"Alzurqan",2
IS,"Baldvinsdottir",2
IS,"Agnars",2
IS,"Dora",2
IS,"Bára",2
IS,"Calvi",2
IS,"Berzins",2
IS,"Best",2
IS,"Arnorsson",2
IS,"Darradóttir",2
IS,"Carrasco",2
IS,"Butkus",2
IS,"Butkuviene",2
IS,"Bjarna",2
IS,"Antonio",2
IS,"Barker",2
IS,"Asgrimsson",2
IS,"Bjarnarson",2
IS,"Ahmad",2
IS,"Darius",2
IS,"Björgúlfsdóttir",2
IS,"Breki",2
IS,"Darko",2
IS,"Andruszkiewicz",2
IS,"Baral",2
IS,"Borgþórsson",2
IS,"Bukuroshe",2
IS,"Babic",2
IS,"Blær",2
IS,"Azzouz",2
IS,"Almeida",2
IS,"Dumitru",2
IS,"Andor",2
IS,"Ba",2
IS,"Dimitrova",2
IS,"Borgþórsdóttir",2
IS,"Abazi",2
IS,"Dimiņš",2
IS,"Andradóttir",2
IS,"Almarsdóttir",2
IS,"Buason",2
IS,"Brzozowski",2
IS,"Búason",2
IS,"Chojnowska",2
IS,"Botha",2
IS,"Dupree",2
IS,"Anbari",2
IS,"Bernardsson",2
IS,"Eir",2
IS,"Birkir",2
IS,"Andresdottir",2
IS,"Birgir",2
IS,"Arnbjörnsdóttir",2
IS,"Dagný",2
IS,"Bernburg",2
IS,"Dagfinnsdóttir",2
IS,"Einarsdóttir Alvarez",2
IS,"Andrijauskiene",2
IS,"Dagmar",2
IS,"Borg",2
IS,"Egonsson",2
IS,"Eiríks",2
IS,"Christiansen",2
IS,"Einisson",2
IS,"Bergsteinsdóttir",2
IS,"Dagbjartardóttir",2
IS,"Einar",2
IS,"Dadason",2
IS,"Dambitis",2
IS,"Aðalbjörnsdóttir",2
IS,"Búadóttir",2
IS,"Chelbat",2
LU,"Silva",1712
LU,"Santos",1331
LU,"Ferreira",1271
LU,"Pereira",1142
LU,"Rodrigues",1137
LU,"Gomes",980
LU,"Martins",961
LU,"Fernandes",936
LU,"Costa",916
LU,"Lopes",882
LU,"Marques",792
LU,"Oliveira",768
LU,"Sousa",753
LU,"Ribeiro",637
LU,"Da Silva",635
LU,"Mendes",616
LU,"Alves",594
LU,"Schmit",573
LU,"Pinto",571
LU,"Monteiro",565
LU,"Teixeira",559
LU,"Almeida",550
LU,"Carvalho",535
LU,"Dias",527
LU,"Weber",470
LU,"Hoffmann",455
LU,"Dos Santos",444
LU,"Soares",443
LU,"Wagner",411
LU,"Muller",394
LU,"Gonçalves",392
LU,"Moreira",377
LU,"Cardoso",345
LU,"Duarte",337
LU,"Goncalves",330
LU,"Correia",327
LU,"Vieira",318
LU,"Rocha",313
LU,"Tavares",303
LU,"Lima",299
LU,"Neves",279
LU,"Thill",278
LU,"Nunes",272
LU,"Klein",267
LU,"Da Costa",265
LU,"Machado",264
LU,"Ramos",263
LU,"Lux",261
LU,"Maria",241
LU,"Becker",241
LU,"Barbosa",237
LU,"Schmitz",236
LU,"Simoes",235
LU,"Manuel",231
LU,"Schroeder",226
LU,"Antunes",220
LU,"Schneider",220
LU,"Fonseca",213
LU,"Pires",212
LU,"Cruz",210
LU,"Cunha",204
LU,"Andrade",202
LU,"Matos",200
LU,"Simon",198
LU,"Reuter",196
LU,"Meyer",192
LU,"Borges",190
LU,"Kieffer",186
LU,"Miguel",185
LU,"Delgado",182
LU,"Reis",181
LU,"David",174
LU,"Freitas",174
LU,"Antonio",172
LU,"Martin",168
LU,"Jose",162
LU,"Weis",162
LU,"Paulo",157
LU,"Faber",157
LU,"Daniel",151
LU,"Kremer",151
LU,"Batista",151
LU,"Carlos",150
LU,"Mota",149
LU,"Welter",149
LU,"Hansen",148
LU,"Adrovic",147
LU,"Schiltz",147
LU,"Steffen",147
LU,"Gaspar",146
LU,"Araujo",146
LU,"Braun",146
LU,"Ries",146
LU,"Miranda",145
LU,"Morais",144
LU,"Majerus",143
LU,"Pedro",140
LU,"Krier",138
LU,"Schmitt",138
LU,"Mike",137
LU,"Barros",137
LU,"Coelho",136
LU,"Müller",136
LU,"Patrick",134
LU,"Castro",134
LU,"Filipe",133
LU,"Jorge",133
LU,"Meyers",133
LU,"De Sousa",130
LU,"Steve",126
LU,"Varela",123
LU,"Marc",122
LU,"Afonso",122
LU,"Fortes",122
LU,"Garcia",122
LU,"Nogueira",121
LU,"Semedo",121
LU,"Rosa",120
LU,"Brito",120
LU,"Figueiredo",120
LU,"Reding",117
LU,"Kevin",115
LU,"Michel",115
LU,"Pinheiro",115
LU,"Sabotic",113
LU,"Kirsch",112
LU,"Azevedo",112
LU,"Wagener",111
LU,"Jesus",110
LU,"Diederich",109
LU,"Skrijelj",107
LU,"Luis",106
LU,"Loureiro",106
LU,"Henriques",102
LU,"Scholtes",102
LU,"Fischer",101
LU,"Theis",99
LU,"Melo",99
LU,"Zimmer",99
LU,"Da Cruz",97
LU,"Flammang",97
LU,"Bastos",96
LU,"Fernando",94
LU,"Alexandre",94
LU,"Theisen",94
LU,"Sandra",93
LU,"Schumacher",93
LU,"Magalhaes",92
LU,"Diallo",92
LU,"Peiffer",92
LU,"Macedo",91
LU,"Faria",91
LU,"Kayser",91
LU,"Abreu",91
LU,"Back",91
LU,"Jung",91
LU,"Claude",90
LU,"Marinho",88
LU,"Rastoder",88
LU,"Campos",88
LU,"Christian",87
LU,"Lucas",87
LU,"Bernard",87
LU,"Li",87
LU,"Marco",86
LU,"Wolff",85
LU,"Frank",85
LU,"Valente",85
LU,"Cabral",85
LU,"Peters",84
LU,"Joao",83
LU,"Esteves",83
LU,"Andre",81
LU,"Laurent",81
LU,"Smith",81
LU,"Wang",81
LU,"Jacoby",81
LU,"Goedert",81
LU,"Dinis",80
LU,"Maia",80
LU,"Lentz",80
LU,"Huberty",79
LU,"Molitor",79
LU,"Francisco",78
LU,"Haas",78
LU,"Georges",78
LU,"Michels",78
LU,"Clement",78
LU,"Pierre",77
LU,"Goergen",77
LU,"Paul",76
LU,"Leite",76
LU,"De Oliveira",75
LU,"Rodriguez",75
LU,"Marx",75
LU,"Tom",74
LU,"Hermes",74
LU,"Muratovic",74
LU,"Thomas",74
LU,"Robert",73
LU,"Olinger",73
LU,"Bruno",72
LU,"André",71
LU,"Schmidt",71
LU,"Licina",70
LU,"Furtado",70
LU,"Koch",70
LU,"Barroso",70
LU,"Heinen",70
LU,"Moura",69
LU,"Chen",69
LU,"Wirtz",69
LU,"Nilles",69
LU,"Mersch",69
LU,"Pina",68
LU,"Mathieu",68
LU,"Lopez",68
LU,"Sofia",67
LU,"Alex",67
LU,"Christophe",67
LU,"Vaz",67
LU,"Dupont",67
LU,"Decker",67
LU,"Amorim",66
LU,"Torres",66
LU,"Beck",66
LU,"Guedes",66
LU,"Lanners",66
LU,"Schwartz",66
LU,"Isabel",65
LU,"Diogo",65
LU,"Berg",65
LU,"Coimbra",65
LU,"Dostert",65
LU,"Adam",65
LU,"Matias",65
LU,"Agovic",64
LU,"Lee",64
LU,"Leal",64
LU,"Lourenco",64
LU,"Ma",63
LU,"Paiva",63
LU,"Lourenço",63
LU,"Weiler",63
LU,"Engel",63
LU,"Zhang",63
LU,"Linden",63
LU,"Ney",63
LU,"Ricardo",62
LU,"Lang",62
LU,"Da Luz",62
LU,"Gengler",62
LU,"Pauly",62
LU,"Bertemes",61
LU,"Ventura",61
LU,"Carneiro",61
LU,"Nascimento",61
LU,"Baptista",61
LU,"Kim",61
LU,"Neto",61
LU,"Arendt",61
LU,"Rausch",61
LU,"Raach",60
LU,"Rossi",60
LU,"Bento",60
LU,"Kohl",60
LU,"Feller",60
LU,"Schintgen",60
LU,"Patricia",59
LU,"Nathalie",59
LU,"Balde",59
LU,"Louis",59
LU,"Alain",58
LU,"Lambert",58
LU,"Philippe",58
LU,"Biver",58
LU,"Gouveia",58
LU,"Liu",58
LU,"Amaral",58
LU,"Seyler",58
LU,"De Almeida",58
LU,"Filipa",57
LU,"Luc",57
LU,"Felten",57
LU,"Gillen",57
LU,"Sa",57
LU,"Domingues",57
LU,"Nico",56
LU,"Muric",56
LU,"Antony",56
LU,"Fischbach",56
LU,"Cristina",55
LU,"Paula",55
LU,"Pedrosa",55
LU,"Reinert",55
LU,"Erpelding",55
LU,"Jean",54
LU,"Nicolas",54
LU,"Simões",54
LU,"Wolter",54
LU,"Thoma",54
LU,"Sampaio",54
LU,"Ds",54
LU,"Marie",53
LU,"Medina",53
LU,"Cordeiro",53
LU,"Bausch",53
LU,"Mangen",53
LU,"Tiago",52
LU,"Ben",52
LU,"Muhovic",52
LU,"Neu",52
LU,"De Jesus",52
LU,"Toussaint",52
LU,"Joe",51
LU,"Luxembourg",51
LU,"Kaiser",51
LU,"Wolf",51
LU,"Schaack",51
LU,"Schreiner",51
LU,"Santana",51
LU,"Grethen",51
LU,"Victor",50
LU,"Pascal",50
LU,"Gilles",50
LU,"Scheer",50
LU,"Weyland",50
LU,"Sanches",50
LU,"Souza",50
LU,"Steinmetz",50
LU,"Backes",50
LU,"Guy",49
LU,"Yves",49
LU,"Branco",49
LU,"Fernandez",49
LU,"Dahm",49
LU,"Domingos",49
LU,"Wampach",49
LU,"Putz",49
LU,"Dos Reis",49
LU,"Risch",49
LU,"Lamesch",49
LU,"Heck",49
LU,"Ali",48
LU,"Rebelo",48
LU,"Thein",48
LU,"Paulus",48
LU,"Veiga",48
LU,"Junior",47
LU,"Nuno",47
LU,"Moreno",47
LU,"Osmanovic",47
LU,"Zeimet",47
LU,"Pinho",47
LU,"Peixoto",47
LU,"Arend",47
LU,"José",46
LU,"Sam",46
LU,"Rui",46
LU,"Kocan",46
LU,"Martinez",46
LU,"Kneip",46
LU,"Nguyen",46
LU,"Rollinger",46
LU,"Lorang",46
LU,"Jeff",45
LU,"Francois",45
LU,"Guillaume",45
LU,"Grün",45
LU,"Schartz",45
LU,"Fatima",44
LU,"Ana",44
LU,"Andy",44
LU,"Alexandra",44
LU,"Chris",44
LU,"Veloso",44
LU,"May",44
LU,"Pütz",44
LU,"Schuster",44
LU,"Reichling",44
LU,"Hilbert",44
LU,"Ruppert",44
LU,"Sven",43
LU,"Skenderovic",43
LU,"Roland",43
LU,"Gerard",43
LU,"Jacques",43
LU,"Dany",43
LU,"Ramdedovic",43
LU,"Durakovic",43
LU,"Richard",43
LU,"Schaus",43
LU,"Schanen",43
LU,"Sequeira",43
LU,"Berchem",43
LU,"Roth",43
LU,"Frisch",43
LU,"Schuller",43
LU,"Abrantes",43
LU,"Joaquim",42
LU,"Rafael",42
LU,"John",42
LU,"Mesquita",42
LU,"Lemos",42
LU,"Ferraz",42
LU,"Lu",42
LU,"Kauffmann",42
LU,"Colling",42
LU,"Mousel",42
LU,"Mario",41
LU,"Alberto",41
LU,"Lobo",41
LU,"Saraiva",41
LU,"Miller",41
LU,"Hodzic",41
LU,"Baum",41
LU,"Kraus",41
LU,"Jones",41
LU,"Mertens",41
LU,"Couto",41
LU,"Pacheco",41
LU,"Guerreiro",41
LU,"Weydert",41
LU,"Thull",41
LU,"Nickels",41
LU,"Kohn",41
LU,"Bauer",41
LU,"Vitor",40
LU,"Romain",40
LU,"Serge",40
LU,"Gabriel",40
LU,"Mehovic",40
LU,"Jost",40
LU,"Felix",40
LU,"Scheffen",40
LU,"Reuland",40
LU,"Magalhães",40
LU,"Frantz",40
LU,"Bras",40
LU,"Gonzalez",40
LU,"Wies",40
LU,"Max",39
LU,"Luca",39
LU,"Peter",39
LU,"Mateus",39
LU,"Fonck",39
LU,"Thommes",39
LU,"Meireles",39
LU,"Pleimling",39
LU,"Hubert",39
LU,"Steichen",39
LU,"Noel",39
LU,"Conter",39
LU,"Jessica",38
LU,"Antoine",38
LU,"Hilger",38
LU,"Rippinger",38
LU,"Sauber",38
LU,"Kugener",38
LU,"Trindade",38
LU,"Pais",38
LU,"Gilson",38
LU,"Schleich",38
LU,"Winandy",38
LU,"Kemp",38
LU,"Santiago",38
LU,"Rita",37
LU,"Catarina",37
LU,"Sergio",37
LU,"Roberto",37
LU,"Dan",37
LU,"Wilmes",37
LU,"Franck",37
LU,"Heiderscheid",37
LU,"Franco",37
LU,"Da Cunha",37
LU,"Ramalho",37
LU,"Heintz",37
LU,"Caetano",37
LU,"Sylvie",36
LU,"Carlo",36
LU,"Madeira",36
LU,"Perez",36
LU,"Jo",36
LU,"Reiter",36
LU,"Carreira",36
LU,"Hames",36
LU,"Jaeger",36
LU,"Seil",36
LU,"Ba",36
LU,"Moes",36
LU,"Laura",35
LU,"Dylan",35
LU,"Claudia",35
LU,"Baustert",35
LU,"Thielen",35
LU,"Yang",35
LU,"Stoltz",35
LU,"Barthel",35
LU,"Jans",35
LU,"Martinho",35
LU,"Leroy",35
LU,"Araújo",35
LU,"Feltgen",35
LU,"Christiane",34
LU,"Henri",34
LU,"Eric",34
LU,"Diana",34
LU,"Dondelinger",34
LU,"Figueira",34
LU,"Bertrand",34
LU,"Kohnen",34
LU,"Ewen",34
LU,"Elsen",34
LU,"Petit",34
LU,"Reiser",34
LU,"Halsdorf",34
LU,"Glesener",34
LU,"Schlesser",34
LU,"Hengen",34
LU,"Lauer",34
LU,"Legrand",34
LU,"Petry",34
LU,"Joel",33
LU,"Angelo",33
LU,"Nadine",33
LU,"Ahmed",33
LU,"Bock",33
LU,"Bintz",33
LU,"Thiry",33
LU,"Willems",33
LU,"Bach",33
LU,"Eischen",33
LU,"Mergen",33
LU,"Schummer",33
LU,"Lutgen",33
LU,"Latic",33
LU,"Cerqueira",33
LU,"Salgado",33
LU,"Braga",33
LU,"Even",33
LU,"Vicente",33
LU,"Sanchez",33
LU,"Koenig",33
LU,"Lemaire",33
LU,"Bob",32
LU,"Marcel",32
LU,"Na",32
LU,"Jerome",32
LU,"Rose",32
LU,"Delvaux",32
LU,"Kozar",32
LU,"Kuc",32
LU,"Remy",32
LU,"Godinho",32
LU,"Glod",32
LU,"Serra",32
LU,"Ludwig",32
LU,"Conrardy",32
LU,"Bettendorff",32
LU,"Mayer",32
LU,"Tholl",32
LU,"Oberweis",32
LU,"Feiereisen",32
LU,"Schwarz",32
LU,"Bah",31
LU,"Strasser",31
LU,"Fettes",31
LU,"Graf",31
LU,"Brandenburger",31
LU,"Zeimes",31
LU,"Schaeffer",31
LU,"Gomez",31
LU,"Weyrich",31
LU,"Glodt",31
LU,"Jeannot",30
LU,"Raymond",30
LU,"Vanessa",30
LU,"Kelly",30
LU,"Brandao",30
LU,"Thilmany",30
LU,"Schweitzer",30
LU,"Zhu",30
LU,"Jacob",30
LU,"Lin",30
LU,"Schuler",30
LU,"Rommes",30
LU,"Schons",30
LU,"Vitali",30
LU,"Jensen",30
LU,"La",30
LU,"Henry",30
LU,"Zhan",30
LU,"Clees",30
LU,"Didier",30
LU,"Marchal",30
LU,"Schaul",30
LU,"Stein",30
LU,"Manuela",29
LU,"Carla",29
LU,"Singh",29
LU,"Avdic",29
LU,"Maus",29
LU,"Brown",29
LU,"Fisch",29
LU,"Sand",29
LU,"Biwer",29
LU,"Chaves",29
LU,"Leclerc",29
LU,"Schreiber",29
LU,"Schweich",29
LU,"Karger",29
LU,"Pimenta",29
LU,"Clemens",29
LU,"Biever",29
LU,"Besch",29
LU,"Haag",29
LU,"Metz",29
LU,"Mo",29
LU,"Evora",29
LU,"Dumont",29
LU,"Fernanda",28
LU,"Nicole",28
LU,"Sonia",28
LU,"Cindy",28
LU,"Agostinho",28
LU,"Daniela",28
LU,"Roger",28
LU,"Denis",28
LU,"Wiltgen",28
LU,"Korac",28
LU,"Gales",28
LU,"Neumann",28
LU,"Morgado",28
LU,"Gloden",28
LU,"James",28
LU,"Tinoco",28
LU,"Entringer",28
LU,"Viana",28
LU,"Hahn",28
LU,"Wilhelm",28
LU,"Ni",28
LU,"Weyer",28
LU,"Jacobs",28
LU,"Ackermann",28
LU,"Poos",28
LU,"Quintus",28
LU,"Tony",27
LU,"Isabelle",27
LU,"Augusto",27
LU,"Huss",27
LU,"Kerger",27
LU,"Freire",27
LU,"Wohl",27
LU,"Da Graça",27
LU,"Zenner",27
LU,"Linster",27
LU,"Thiel",27
LU,"Weiland",27
LU,"Scholer",27
LU,"Da Rocha",27
LU,"Mossong",27
LU,"Manderscheid",27
LU,"Trierweiler",27
LU,"Junker",27
LU,"Marnach",27
LU,"Maes",27
LU,"Gelhausen",27
LU,"Wirth",27
LU,"Da",27
LU,"Stemper",27
LU,"Demuth",27
LU,"Fabio",26
LU,"Sandy",26
LU,"Yannick",26
LU,"Martine",26
LU,"Leo",26
LU,"Laera",26
LU,"Blum",26
LU,"Ra",26
LU,"Guerra",26
LU,"Bemtgen",26
LU,"Gil",26
LU,"Xavier",26
LU,"Xu",26
LU,"François",26
LU,"Popescu",26
LU,"Luz",26
LU,"Do Rosario",26
LU,"Rosas",26
LU,"Origer",26
LU,"Hopp",26
LU,"Stocklausen",26
LU,"Gonner",26
LU,"Sinner",26
LU,"Allard",26
LU,"Hein",26
LU,"Reckinger",26
LU,"Wu",26
LU,"Dc",26
LU,"Scherer",26
LU,"Ley",26
LU,"Spencer",26
LU,"Bernardy",26
LU,"Dauphin",26
LU,"Kasel",26
LU,"Chantal",25
LU,"Linda",25
LU,"Thierry",25
LU,"Carole",25
LU,"Elle",25
LU,"Biren",25
LU,"Dasilva",25
LU,"Kalac",25
LU,"Lippert",25
LU,"Heinz",25
LU,"Spinelli",25
LU,"Omerovic",25
LU,"Stoffel",25
LU,"Ka",25
LU,"Meis",25
LU,"Bisenius",25
LU,"Kaufmann",25
LU,"Seiler",25
LU,"Mack",25
LU,"Godart",25
LU,"Pimentel",25
LU,"Belchior",25
LU,"Schon",25
LU,"Michaux",25
LU,"Feyder",25
LU,"Funck",25
LU,"Kalmes",25
LU,"Coutinho",25
LU,"Meunier",25
LU,"Scheuer",25
LU,"Hugo",24
LU,"Sonja",24
LU,"Anne",24
LU,"Sara",24
LU,"Kovacevic",24
LU,"Kirchen",24
LU,"Hardt",24
LU,"Gashi",24
LU,"Herrmann",24
LU,"Marinelli",24
LU,"Camara",24
LU,"Dubois",24
LU,"Charles",24
LU,"Medinger",24
LU,"Thies",24
LU,"Frieden",24
LU,"Nothum",24
LU,"Kass",24
LU,"Charpentier",24
LU,"Greisch",24
LU,"Hemmer",24
LU,"Leyder",24
LU,"Meier",24
LU,"Frising",24
LU,"Pierret",24
LU,"Novais",24
LU,"Hermann",24
LU,"Herman",24
LU,"Theissen",24
LU,"Roque",24
LU,"Hary",24
LU,"Grisius",24
LU,"Reiffers",24
LU,"Sabrina",23
LU,"Samuel",23
LU,"Anna",23
LU,"Myriam",23
LU,"Mancini",23
LU,"João",23
LU,"Danielle",23
LU,"Tinelli",23
LU,"Kuhn",23
LU,"Leon",23
LU,"Vincent",23
LU,"Federspiel",23
LU,"Schaefer",23
LU,"Gilbert",23
LU,"Bingen",23
LU,"Mich",23
LU,"Burg",23
LU,"Melchior",23
LU,"Wahl",23
LU,"Bernardo",23
LU,"Bruck",23
LU,"Sun",23
LU,"Vasconcelos",23
LU,"Kiefer",23
LU,"Rosario",23
LU,"Bremer",23
LU,"Beffort",23
LU,"Estrela",23
LU,"Schloesser",23
LU,"Losch",23
LU,"Mannes",23
LU,"Metzler",23
LU,"Jin",23
LU,"Bauler",23
LU,"Oestreicher",23
LU,"Graas",23
LU,"Moris",23
LU,"Staudt",23
LU,"Andersen",23
LU,"Zwank",23
LU,"Wengler",23
LU,"Viegas",23
LU,"Ferrari",23
LU,"Streff",23
LU,"Cloos",23
LU,"Gilbertz",23
LU,"Alice",22
LU,"Rene",22
LU,"Dani",22
LU,"Tania",22
LU,"Lurdes",22
LU,"Fernand",22
LU,"Tina",22
LU,"Barreira",22
LU,"Ramcilovic",22
LU,"Frantzen",22
LU,"Berisha",22
LU,"Mendonça",22
LU,"Michael",22
LU,"Ibrahim",22
LU,"Stelmes",22
LU,"Vale",22
LU,"Jemming",22
LU,"Moutinho",22
LU,"Vidal",22
LU,"Leonard",22
LU,"Pletschette",22
LU,"Pfeiffer",22
LU,"Serrano",22
LU,"Weibel",22
LU,"Konsbruck",22
LU,"Schlim",22
LU,"Kerschen",22
LU,"Dourado",22
LU,"Humbert",22
LU,"Duhr",22
LU,"Conrad",22
LU,"Schank",22
LU,"Mores",22
LU,"Micucci",22
LU,"Hurt",22
LU,"Daubenfeld",22
LU,"Ludovicy",22
LU,"Louro",22
LU,"Breda",22
LU,"Richartz",22
LU,"Fandel",22
LU,"De Matos",22
LU,"Gillet",22
LU,"Mathias",22
LU,"Noesen",22
LU,"Elena",21
LU,"Lina",21
LU,"Bryan",21
LU,"Toni",21
LU,"Lucia",21
LU,"Charel",21
LU,"Russo",21
LU,"Sharma",21
LU,"Pol",21
LU,"Koster",21
LU,"Bissen",21
LU,"Albert",21
LU,"Crespo",21
LU,"Braz",21
LU,"Peffer",21
LU,"Graça",21
LU,"Ajdarpasic",21
LU,"Altmann",21
LU,"Queiros",21
LU,"Streitz",21
LU,"Waldbillig",21
LU,"Meisch",21
LU,"Poncelet",21
LU,"Guo",21
LU,"Lou",21
LU,"De Michele",21
LU,"Lehnen",21
LU,"Conceicao",21
LU,"Yu",21
LU,"Salvador",21
LU,"Bessa",21
LU,"Winkel",21
LU,"Binsfeld",21
LU,"Luisi",21
LU,"Nielsen",21
LU,"Berger",21
LU,"Perl",21
LU,"Berens",21
LU,"Barry",21
LU,"Steil",21
LU,"Thapa",21
LU,"Durand",21
LU,"Gérard",21
LU,"Bourg",21
LU,"Ko",21
LU,"Helena",20
LU,"Beatriz",20
LU,"Nelson",20
LU,"Margarida",20
LU,"Mandy",20
LU,"Servais",20
LU,"Joana",20
LU,"Man",20
LU,"Shala",20
LU,"Aires",20
LU,"Martino",20
LU,"Haupert",20
LU,"Rs",20
LU,"Nosbusch",20
LU,"Leandro",20
LU,"Kirch",20
LU,"Ndiaye",20
LU,"Klopp",20
LU,"Cabete",20
LU,"Rech",20
LU,"Johanns",20
LU,"Thiltgen",20
LU,"Friederich",20
LU,"Goeres",20
LU,"Roeder",20
LU,"Fuchs",20
LU,"Schockmel",20
LU,"Dantas",20
LU,"Heuertz",20
LU,"Bidinger",20
LU,"Siebenaler",20
LU,"Resende",20
LU,"Probst",20
LU,"Koob",20
LU,"Reiff",20
LU,"Novalic",20
LU,"Rehlinger",20
LU,"Bianco",20
LU,"Goerens",20
LU,"Goebel",20
LU,"Stefan",20
LU,"Boussong",20
LU,"Osmani",20
LU,"Schommer",20
LU,"Faustino",20
LU,"Medernach",20
LU,"Petrovic",20
LU,"Mertz",20
LU,"Feltus",20
LU,"Flor",20
LU,"Collard",20
LU,"Flener",20
LU,"Feltes",20
LU,"Ernster",20
LU,"Laux",20
LU,"Scholtus",20
LU,"Fritsch",20
LU,"Grilo",20
LU,"Strotz",20
LU,"Daleiden",20
LU,"Tomas",20
LU,"Bintener",20
LU,"Brück",20
LU,"Fontes",20
LU,"Hirtz",20
LU,"Sales",20
LU,"Loutsch",20
LU,"Mendez",20
LU,"Lena",19
LU,"Teresa",19
LU,"Carmen",19
LU,"Mireille",19
LU,"Lino",19
LU,"Lepage",19
LU,"Rugova",19
LU,"Bourgeois",19
LU,"Marta",19
LU,"Mujanovic",19
LU,"Silvia",19
LU,"Vera",19
LU,"Weimerskirch",19
LU,"Unsen",19
LU,"Sijaric",19
LU,"Jason",19
LU,"Heusbourg",19
LU,"Jonas",19
LU,"Mascarenhas",19
LU,"Soisson",19
LU,"Picco",19
LU,"Chaussy",19
LU,"Duval",19
LU,"Fox",19
LU,"Scheuren",19
LU,"Dax",19
LU,"Thinnes",19
LU,"Nobre",19
LU,"Hentges",19
LU,"Oswald",19
LU,"Andreia",19
LU,"Khan",19
LU,"Robinet",19
LU,"Spautz",19
LU,"Silveira",19
LU,"Diop",19
LU,"Simao",19
LU,"Romao",19
LU,"Verissimo",19
LU,"Maurer",19
LU,"Steinbach",19
LU,"Morales",19
LU,"Passos",19
LU,"Sh",19
LU,"Baldé",19
LU,"Nepper",19
LU,"Geisen",19
LU,"Junk",19
LU,"Azenha",19
LU,"Post",19
LU,"Koener",19
LU,"Gros",19
LU,"Ro",19
LU,"Boever",19
LU,"Folschette",19
LU,"Fontaine",19
LU,"Wilwert",19
LU,"Mi",19
LU,"Le",19
LU,"Evrard",19
LU,"Bamberg",19
LU,"Stojkovic",19
LU,"Ourth",19
LU,"Bettendorf",19
LU,"Susana",18
LU,"Helder",18
LU,"Ronny",18
LU,"Lili",18
LU,"Jerry",18
LU,"Olivier",18
LU,"Julien",18
LU,"Joseph",18
LU,"Jos",18
LU,"Claudio",18
LU,"Mara",18
LU,"Loos",18
LU,"Johnson",18
LU,"Greiveldinger",18
LU,"Botelho",18
LU,"Weirich",18
LU,"Lages",18
LU,"Lara",18
LU,"Stephany",18
LU,"Malheiro",18
LU,"Arantes",18
LU,"Kettmann",18
LU,"Cravo",18
LU,"Sinanovic",18
LU,"Krack",18
LU,"Sow",18
LU,"De",18
LU,"Ledinic",18
LU,"Wilson",18
LU,"Gama",18
LU,"Zeyen",18
LU,"Babacic",18
LU,"Blaise",18
LU,"Palumbo",18
LU,"Hasani",18
LU,"Welsch",18
LU,"Diniz",18
LU,"Pepin",18
LU,"Diaz",18
LU,"Fries",18
LU,"Zimmermann",18
LU,"Metzger",18
LU,"Turpel",18
LU,"Salgueiro",18
LU,"Sonntag",18
LU,"Brucher",18
LU,"Bredimus",18
LU,"Polfer",18
LU,"Guimaraes",18
LU,"Weisgerber",18
LU,"Jentgen",18
LU,"Rock",18
LU,"De Carvalho",18
LU,"Battista",18
LU,"Blau",18
LU,"Kries",18
LU,"Trausch",18
LU,"Breyer",18
LU,"Esch",18
LU,"Schenten",18
LU,"Hernandez",18
LU,"Chan",18
LU,"Sauer",18
LU,"Hellers",18
LU,"Bianchi",18
LU,"Lemmer",18
LU,"Bosseler",18
LU,"Sy",18
LU,"Bisdorff",18
LU,"Weicker",18
LU,"Maas",18
LU,"Elvinger",18
LU,"Jean-Claude",17
LU,"Cristiano",17
LU,"Roller",17
LU,"Claudine",17
LU,"Paixao",17
LU,"Liliane",17
LU,"Lynn",17
LU,"Santo",17
LU,"Nau",17
LU,"Gameiro",17
LU,"Rego",17
LU,"Monique",17
LU,"Ye",17
LU,"Raposo",17
LU,"San",17
LU,"Joachim",17
LU,"Lefebvre",17
LU,"Castanheira",17
LU,"Elcheroth",17
LU,"Paquet",17
LU,"Mira",17
LU,"Rousseau",17
LU,"Ly",17
LU,"Ceman",17
LU,"Rischard",17
LU,"Mohr",17
LU,"Ensch",17
LU,"Da Fonseca",17
LU,"Venancio",17
LU,"Spina",17
LU,"Roderes",17
LU,"Chantre",17
LU,"Fajardo",17
LU,"Rizzo",17
LU,"Goldschmit",17
LU,"Zoller",17
LU,"Merkes",17
LU,"Zheng",17
LU,"Clemente",17
LU,"Tomasini",17
LU,"Taveira",17
LU,"Pirsch",17
LU,"Bartz",17
LU,"Beckius",17
LU,"Jeitz",17
LU,"Lahr",17
LU,"Barthels",17
LU,"Gindt",17
LU,"Block",17
LU,"Wester",17
LU,"Konz",17
LU,"Thimmesch",17
LU,"Kraemer",17
LU,"Muno",17
LU,"Marcelino",17
LU,"Conte",17
LU,"Zhou",17
LU,"Mehlen",17
LU,"Anjos",17
LU,"Schaaf",17
LU,"Witry",17
LU,"Nurkovic",17
LU,"Lam",17
LU,"Di",17
LU,"Lallemand",17
LU,"Clesen",17
LU,"Bernardes",17
LU,"Funk",17
LU,"Spanier",17
LU,"Wiseler",17
LU,"Agnes",17
LU,"Schoos",17
LU,"Braquet",17
LU,"Ewert",17
LU,"Ines",16
LU,"Mika",16
LU,"Armand",16
LU,"Angela",16
LU,"George",16
LU,"Lulu",16
LU,"Picard",16
LU,"Noah",16
LU,"Mimi",16
LU,"Moos",16
LU,"Barreto",16
LU,"Leider",16
LU,"Breuer",16
LU,"White",16
LU,"Werner",16
LU,"Ahmad",16
LU,"Kettel",16
LU,"Simone",16
LU,"Strainchamps",16
LU,"Madureira",16
LU,"Marina",16
LU,"Selimovic",16
LU,"Laterza",16
LU,"Sapkota",16
LU,"Piron",16
LU,"Grüneisen",16
LU,"Stella",16
LU,"Bee",16
LU,"Ricci",16
LU,"Schammel",16
LU,"Dominique",16
LU,"Tintinger",16
LU,"Bello",16
LU,"Baulesch",16
LU,"Ecker",16
LU,"Nicolay",16
LU,"Neiertz",16
LU,"Seabra",16
LU,"Lallemang",16
LU,"Adams",16
LU,"Gaspard",16
LU,"Silvestre",16
LU,"Inacio",16
LU,"Palma",16
LU,"Blanco",16
LU,"Goetzinger",16
LU,"Offermann",16
LU,"Ca",16
LU,"Richter",16
LU,"Ersfeld",16
LU,"Steffes",16
LU,"Conzemius",16
LU,"Schoder",16
LU,"Albuquerque",16
LU,"Lejeune",16
LU,"Luxemburgo",16
LU,"Bichel",16
LU,"Franz",16
LU,"Wealer",16
LU,"Georg",16
LU,"Leone",16
LU,"Feltz",16
LU,"Kartheiser",16
LU,"Jungers",16
LU,"Pestana",16
LU,"Weisen",16
LU,"Josiane",15
LU,"Viviane",15
LU,"Mohamed",15
LU,"António",15
LU,"Francesco",15
LU,"Sarah",15
LU,"Salvatore",15
LU,"Sandro",15
LU,"Pit",15
LU,"Mariana",15
LU,"Christine",15
LU,"Benoit",15
LU,"Mariani",15
LU,"Tim",15
LU,"Cavaleiro",15
LU,"Ivan",15
LU,"Lie",15
LU,"Raquel",15
LU,"Manu",15
LU,"Da Graca",15
LU,"Vito",15
LU,"Sk",15
LU,"Tomaz",15
LU,"Bour",15
LU,"Fidalgo",15
LU,"Schott",15
LU,"De Castro",15
LU,"Fall",15
LU,"Evans",15
LU,"Penning",15
LU,"Mirkes",15
LU,"Schwall",15
LU,"Brites",15
LU,"Pontes",15
LU,"Graffe",15
LU,"Maquet",15
LU,"Prim",15
LU,"Kinnen",15
LU,"Collé",15
LU,"Huremovic",15
LU,"Guth",15
LU,"Perreira",15
LU,"Urbany",15
LU,"Patricio",15
LU,"Ne",15
LU,"Fiedler",15
LU,"Ji",15
LU,"Ny",15
LU,"De Pina",15
LU,"Jashari",15
LU,"Pan",15
LU,"Goerend",15
LU,"Bichler",15
LU,"Jacquemin",15
LU,"Luna",15
LU,"Sassel",15
LU,"Colbach",15
LU,"Amaro",15
LU,"Bossi",15
LU,"Lorentz",15
LU,"Jimenez",15
LU,"Steines",15
LU,"Nagy",15
LU,"Flick",15
LU,"Feyereisen",15
LU,"Marley",15
LU,"Lenz",15
LU,"Quaresma",15
LU,"Gentile",15
LU,"Valerio",15
LU,"Kutzner",15
LU,"Pascoal",15
LU,"Camacho",15
LU,"Neuman",15
LU,"Reiland",15
LU,"Graff",15
LU,"Lameiras",15
LU,"Roulling",15
LU,"Conceição",15
LU,"Fautsch",15
LU,"Marin",15
LU,"Schilling",15
LU,"Jiang",15
LU,"Atten",15
LU,"Blasen",15
LU,"Zens",15
LU,"Félix",15
LU,"Thoss",15
LU,"Williams",15
LU,"Stirn",15
LU,"Langers",15
LU,"Rama",15
LU,"Ernzer",15
LU,"Djalo",15
LU,"Eicher",15
LU,"Treinen",15
LU,"Courtois",15
LU,"Parisot",15
LU,"Bo",15
LU,"Lucius",15
LU,"Rassel",15
LU,"Pesch",15
LU,"Mischo",15
LU,"Bastian",15
LU,"Schortgen",15
LU,"Lamberty",15
LU,"Watgen",15
LU,"Raphael",14
LU,"Sarl",14
LU,"Melanie",14
LU,"Elisabeth",14
LU,"Jacqueline",14
LU,"Anabela",14
LU,"Tatiana",14
LU,"Mina",14
LU,"Maggy",14
LU,"Chiara",14
LU,"Joelle",14
LU,"Domenico",14
LU,"René",14
LU,"Krasniqi",14
LU,"Emanuel",14
LU,"Sd",14
LU,"Serafim",14
LU,"Camille",14
LU,"Verkaafen",14
LU,"De Brito",14
LU,"Dedeic",14
LU,"Lucie",14
LU,"Francis",14
LU,"Dichter",14
LU,"Michele",14
LU,"Wanderscheid",14
LU,"Bastin",14
LU,"Silverio",14
LU,"Stammet",14
LU,"Friden",14
LU,"Hut",14
LU,"Greco",14
LU,"Pastore",14
LU,"Eiffes",14
LU,"Pierrot",14
LU,"Barboni",14
LU,"Kirtz",14
LU,"Da Mota",14
LU,"Winter",14
LU,"Jankovic",14
LU,"Weidert",14
LU,"An",14
LU,"Knepper",14
LU,"Bohler",14
LU,"Lage",14
LU,"Damy",14
LU,"Barone",14
LU,"Welfring",14
LU,"Karier",14
LU,"Hostert",14
LU,"Berscheid",14
LU,"Walker",14
LU,"Lefèvre",14
LU,"Hirsch",14
LU,"El",14
LU,"Millim",14
LU,"Du",14
LU,"Klees",14
LU,"Cisse",14
LU,"Fritz",14
LU,"De Jong",14
LU,"Rodesch",14
LU,"Hengel",14
LU,"Bormann",14
LU,"Krecké",14
LU,"Keller",14
LU,"Lamborelle",14
LU,"Meiers",14
LU,"Asselborn",14
LU,"Greis",14
LU,"Gaasch",14
LU,"Vilela",14
LU,"Mackel",14
LU,"Schuh",14
LU,"Differding",14
LU,"Enders",14
LU,"Deltgen",14
LU,"Art",14
LU,"Galvao",14
LU,"Damas",14
LU,"Huber",14
LU,"Arens",14
LU,"Friedrich",14
LU,"Mujkic",14
LU,"Mauricio",14
LU,"Angel",14
LU,"Turmes",14
LU,"Jasmin",14
LU,"Bley",14
LU,"Pundel",14
LU,"Fantini",14
LU,"Roob",14
LU,"Ho",14
LU,"Romeo",14
LU,"Heynen",14
LU,"Tang",14
LU,"Bonifas",14
LU,"Lenertz",14
LU,"Dg",14
LU,"Re",14
LU,"Mathay",14
LU,"Be",14
LU,"Beissel",14
LU,"List",14
LU,"Crochet",14
LU,"Lefevre",14
LU,"Thiltges",14
LU,"Ya",14
LU,"Pick",14
LU,"Black",14
LU,"Jackson",14
LU,"Nails",13
LU,"Brigitte",13
LU,"Ruben",13
LU,"Giuseppe",13
LU,"Marisa",13
LU,"Nadia",13
LU,"Liliana",13
LU,"Natascha",13
LU,"Jean Paul",13
LU,"Caroline",13
LU,"Artur",13
LU,"Stephanie",13
LU,"Baumann",13
LU,"Bruch",13
LU,"Luxemburg",13
LU,"King",13
LU,"Samir",13
LU,"Reinard",13
LU,"Rodrigo",13
LU,"Thillen",13
LU,"Bevilacqua",13
LU,"Levy",13
LU,"Cm",13
LU,"Husovic",13
LU,"Sebastiani",13
LU,"Braas",13
LU,"Klauner",13
LU,"Ml",13
LU,"Romanazzi",13
LU,"Grund",13
LU,"Reiners",13
LU,"Mond",13
LU,"Straus",13
LU,"Closter",13
LU,"Gross",13
LU,"Bei",13
LU,"Schutz",13
LU,"Streveler",13
LU,"Rio",13
LU,"Hoscheid",13
LU,"Mertes",13
LU,"Laubach",13
LU,"Haan",13
LU,"Colin",13
LU,"Agostini",13
LU,"Thilgen",13
LU,"Rocchio",13
LU,"Hagen",13
LU,"Portela",13
LU,"Lecomte",13
LU,"Halilovic",13
LU,"Hamen",13
LU,"Honsic",13
LU,"Birchen",13
LU,"Claus",13
LU,"Rinaldi",13
LU,"Mondot",13
LU,"Vilar",13
LU,"Brosius",13
LU,"Behm",13
LU,"Ryan",13
LU,"Nowak",13
LU,"Khatri",13
LU,"Paulino",13
LU,"Mauer",13
LU,"Cordella",13
LU,"Mourato",13
LU,"Serres",13
LU,"Clara",13
LU,"Massard",13
LU,"Useldinger",13
LU,"Huang",13
LU,"Hoss",13
LU,"Lommer",13
LU,"Ramada",13
LU,"Frost",13
LU,"Di Pinto",13
LU,"Toth",13
LU,"Coco",13
LU,"Ch",13
LU,"Keiser",13
LU,"Olsem",13
LU,"De Freitas",13
LU,"Duren",13
LU,"Mc",13
LU,"Oliver",13
LU,"Feidt",13
LU,"Feipel",13
LU,"Kaboth",13
LU,"Green",13
LU,"Parrotta",13
LU,"Karpen",13
LU,"Brandão",13
LU,"Al",13
LU,"Wiesen",13
LU,"Emeringer",13
LU,"Rinnen",13
LU,"Milbert",13
LU,"Da Veiga",13
LU,"Collette",13
LU,"Menezes",13
LU,"Kuffer",13
LU,"Murphy",13
LU,"Kummer",13
LU,"Poncin",13
LU,"Mar",13
LU,"Krings",13
LU,"Leick",13
LU,"De Barros",13
LU,"Dine",13
LU,"Castellani",13
LU,"Miny",13
LU,"Walter",13
LU,"Thomé",13
LU,"Neyen",13
LU,"Peller",13
LU,"Nies",13
LU,"Ki",13
LU,"Ja",13
LU,"Viola",13
LU,"Spies",13
LU,"Go",13
LU,"Biewer",13
LU,"Mp",13
LU,"Eduardo",12
LU,"Hassan",12
LU,"Claire",12
LU,"Embalo",12
LU,"Sacha",12
LU,"Jose Manuel",12
LU,"Julio",12
LU,"Henriette",12
LU,"Josy",12
LU,"Aline",12
LU,"Milano",12
LU,"Anita",12
LU,"Carina",12
LU,"Jakoby",12
LU,"Joy",12
LU,"Portugal",12
LU,"Natalia",12
LU,"محمد",12
LU,"Trubljanin",12
LU,"Nick",12
LU,"Notarnicola",12
LU,"Gaul",12
LU,"Hastert",12
LU,"Huet",12
LU,"Keiffer",12
LU,"Libert",12
LU,"Heinisch",12
LU,"Schock",12
LU,"Andrea",12
LU,"Graffé",12
LU,"Das Neves",12
LU,"Kappler",12
LU,"De Matteis",12
LU,"Schrank",12
LU,"Avdiu",12
LU,"Teles",12
LU,"Bofferding",12
LU,"Meira",12
LU,"Longo",12
LU,"Line",12
LU,"Lukic",12
LU,"Mailliet",12
LU,"Englaro",12
LU,"Hess",12
LU,"Wantz",12
LU,"Hollerich",12
LU,"Cris",12
LU,"Franzen",12
LU,"Sf",12
LU,"Pirrotte",12
LU,"Kreins",12
LU,"Rm",12
LU,"Abbes",12
LU,"Dondlinger",12
LU,"Mihai",12
LU,"Leonardo",12
LU,"Jordao",12
LU,"Lutz",12
LU,"Schütz",12
LU,"Power",12
LU,"Jojo",12
LU,"Castellano",12
LU,"Schanck",12
LU,"Troes",12
LU,"Caldas",12
LU,"Raschella",12
LU,"Couceiro",12
LU,"Fratini",12
LU,"Panetta",12
LU,"Guimarães",12
LU,"Schulz",12
LU,"Sp",12
LU,"Dimmer",12
LU,"Joly",12
LU,"Hukic",12
LU,"Urbing",12
LU,"Paciotti",12
LU,"Cl",12
LU,"Betti",12
LU,"Da Fonte",12
LU,"Amado",12
LU,"Winckel",12
LU,"Scalise",12
LU,"Moretti",12
LU,"Geiben",12
LU,"Jacinto",12
LU,"Bella",12
LU,"Lombardi",12
LU,"Harles",12
LU,"Koeune",12
LU,"Taylor",12
LU,"Ferron",12
LU,"Elias",12
LU,"Roilgen",12
LU,"Babic",12
LU,"Eydt",12
LU,"Breden",12
LU,"Schomer",12
LU,"Herber",12
LU,"Kastrati",12
LU,"Liegeois",12
LU,"Minelli",12
LU,"Faye",12
LU,"Faltz",12
LU,"Kesseler",12
LU,"Weiss",12
LU,"Moldovan",12
LU,"Gleis",12
LU,"Krecke",12
LU,"Peeters",12
LU,"Rito",12
LU,"Collin",12
LU,"Alonso",12
LU,"Donven",12
LU,"Brescia",12
LU,"Mt",12
LU,"Calla",12
LU,"Calmes",12
LU,"Boultgen",12
LU,"Pop",12
LU,"Mestre",12
LU,"Weirig",12
LU,"Da Silva Ferreira",12
LU,"Mh",12
LU,"Bintner",12
LU,"Ramirez",12
LU,"Cabrita",12
LU,"Caldeira",12
LU,"Wildanger",12
LU,"Geimer",12
LU,"Jungels",12
LU,"Collins",12
LU,"Barthelemy",12
LU,"Daniele",12
LU,"Custodio",12
LU,"Kariger",12
LU,"Ronck",12
LU,"Felgen",12
LU,"Hippert",12
LU,"Thines",12
LU,"Hardy",12
LU,"Friederici",12
LU,"Sabanovic",12
LU,"Thorn",12
LU,"Boulanger",12
LU,"Neuens",12
LU,"Hausemer",12
LU,"Moreau",12
LU,"Stefanetti",12
LU,"Plier",12
LU,"Wong",12
LU,"Renard",12
LU,"Larsen",12
LU,"Schlechter",12
LU,"Gerson",12
LU,"Park",12
LU,"Engels",12
LU,"Muacho",12
LU,"Samantha",11
LU,"Rick",11
LU,"Josee",11
LU,"Ivanova",11
LU,"Karin",11
LU,"Carlos Manuel",11
LU,"Carine",11
LU,"Wurth",11
LU,"Emilia",11
LU,"Alessio",11
LU,"Loco",11
LU,"Henrique",11
LU,"Marianne",11
LU,"Doris",11
LU,"Cesar",11
LU,"Americo",11
LU,"Petz",11
LU,"Jean-Paul",11
LU,"Tanja",11
LU,"Gaston",11
LU,"Schmid",11
LU,"Tammy",11
LU,"Leyers",11
LU,"Mary",11
LU,"Freichel",11
LU,"Bhutia",11
LU,"Nando",11
LU,"Ahmadi",11
LU,"Detaille",11
LU,"Mollinger",11
LU,"Reicher",11
LU,"Fohl",11
LU,"No",11
LU,"Almada",11
LU,"Fabrizio",11
LU,"Micael",11
LU,"Stumpf",11
LU,"Everard",11
LU,"Don",11
LU,"Intini",11
LU,"Jay",11
LU,"Ferreira Da Silva",11
LU,"Bianchini",11
LU,"Kurek",11
LU,"Ruivo",11
LU,"Beidler",11
LU,"Lisboa",11
LU,"Lion",11
LU,"Resch",11
LU,"Nicola",11
LU,"Feliciano",11
LU,"Pettinger",11
LU,"Eberhard",11
LU,"Malget",11
LU,"Schwickert",11
LU,"Gregorius",11
LU,"Prentic",11
LU,"Plein",11
LU,"Boes",11
LU,"Giuliani",11
LU,"Dragolovcanin",11
LU,"Din",11
LU,"Totaro",11
LU,"Hornick",11
LU,"Bordignon",11
LU,"Rainho",11
LU,"Cosic",11
LU,"Giannini",11
LU,"Lebrun",11
LU,"Ela",11
LU,"Mendy",11
LU,"Isa",11
LU,"Dickes",11
LU,"Bourkel",11
LU,"Gallion",11
LU,"Bar",11
LU,"Urhausen",11
LU,"Thiery",11
LU,"Aguiar",11
LU,"Wintersdorff",11
LU,"Massaro",11
LU,"Mulic",11
LU,"Ortiz",11
LU,"Zago",11
LU,"Bruzzese",11
LU,"Herz",11
LU,"Zaccaria",11
LU,"Stankovic",11
LU,"Schmartz",11
LU,"Alie",11
LU,"Lim",11
LU,"Peltier",11
LU,"Melicio",11
LU,"Staar",11
LU,"Boden",11
LU,"Heyard",11
LU,"Bastien",11
LU,"Groben",11
LU,"Graca",11
LU,"Cook",11
LU,"Alija",11
LU,"Heinrich",11
LU,"Mustafic",11
LU,"Hemmen",11
LU,"Petesch",11
LU,"Leitao",11
LU,"Molling",11
LU,"Flora",11
LU,"Wenner",11
LU,"Hutmacher",11
LU,"Recht",11
LU,"Collignon",11
LU,"Garnier",11
LU,"Garrido",11
LU,"Meneses",11
LU,"Kočan",11
LU,"Schiavone",11
LU,"Sunnen",11
LU,"Wietor",11
LU,"Zhao",11
LU,"Brausch",11
LU,"Coulibaly",11
LU,"Sehic",11
LU,"Bous",11
LU,"Venâncio",11
LU,"Siebenaller",11
LU,"Evangelista",11
LU,"Leoci",11
LU,"Young",11
LU,"Hendel",11
LU,"Antic",11
LU,"Fraga",11
LU,"De Lima",11
LU,"Melanda",11
LU,"Philipps",11
LU,"Milani",11
LU,"Spaus",11
LU,"Riehl",11
LU,"Hommel",11
LU,"Medeiros",11
LU,"Romero",11
LU,"Tan",11
LU,"Costantini",11
LU,"Kay",11
LU,"Curado",11
LU,"Herzog",11
LU,"Anen",11
LU,"Scheid",11
LU,"Stone",11
LU,"Maricato",11
LU,"Moro",11
LU,"Agostino",11
LU,"Thilges",11
LU,"Harpes",11
LU,"Kinsch",11
LU,"Neuberg",11
LU,"Kirpach",11
LU,"Mane",11
LU,"Lupo",11
LU,"Ti",11
LU,"Reyes",11
LU,"Jacquet",11
LU,"Bertholet",11
LU,"Schumann",11
LU,"Kaulmann",11
LU,"Si",11
LU,"Pelletier",11
LU,"Nockels",11
LU,"Netti",11
LU,"Ury",11
LU,"Patz",11
LU,"Marchand",11
LU,"Schimberg",11
LU,"Zwick",11
LU,"Charlier",11
LU,"Rizzi",11
LU,"Mockel",11
LU,"Folscheid",11
LU,"Di Bari",11
LU,"Song",11
LU,"Macri",11
LU,"Gobert",11
LU,"Devillet",11
LU,"Raus",11
LU,"Portilho",11
LU,"Tock",11
LU,"Calabrese",11
LU,"Dia",11
LU,"Bouché",11
LU,"Streng",11
LU,"Goelff",11
LU,"Munhowen",11
LU,"Watry",11
LU,"Jemp",10
LU,"Rina",10
LU,"Cikotic",10
LU,"Dino",10
LU,"Arthur",10
LU,"Jérôme",10
LU,"Steven",10
LU,"Jean-Marie",10
LU,"Lisa",10
LU,"Johny",10
LU,"Jack",10
LU,"Morina",10
LU,"Pellegrini",10
LU,"Tuga",10
LU,"Adelino",10
LU,"Kolic",10
LU,"Lucien",10
LU,"Blom",10
LU,"Nancy",10
LU,"Giovanni",10
LU,"Gina",10
LU,"Davide",10
LU,"Raoul",10
LU,"Fabienne",10
LU,"Aly",10
LU,"Renato",10
LU,"Cr",10
LU,"Gretsch",10
LU,"Vasco",10
LU,"Barnich",10
LU,"Roby",10
LU,"Elvis",10
LU,"Ken",10
LU,"Palmisano",10
LU,"Mia",10
LU,"Dy",10
LU,"Hartz",10
LU,"Christ",10
LU,"Claes",10
LU,"Durovic",10
LU,"As",10
LU,"Lammar",10
LU,"Besenius",10
LU,"Tun",10
LU,"Dina",10
LU,"Youssef",10
LU,"Schengen",10
LU,"Santioni",10
LU,"Irene",10
LU,"Lanser",10
LU,"Mahmutovic",10
LU,"Ls",10
LU,"Yan",10
LU,"Beideler",10
LU,"Stephane",10
LU,"Manaia",10
LU,"Pa",10
LU,"Gallo",10
MT,"Borg",2829
MT,"Camilleri",2355
MT,"Vella",2323
MT,"Farrugia",2069
MT,"Zammit",1785
MT,"Micallef",1681
MT,"Grech",1609
MT,"Galea",1572
MT,"Attard",1357
MT,"Spiteri",1347
MT,"Azzopardi",1321
MT,"Cassar",1303
MT,"Mifsud",1238
MT,"Caruana",1192
MT,"Muscat",1119
MT,"Agius",1064
MT,"Schembri",965
MT,"Abela",909
MT,"Pace",905
MT,"Fenech",872
MT,"Bugeja",778
MT,"Gauci",767
MT,"Sammut",722
MT,"Gatt",722
MT,"Falzon",662
MT,"Debono",658
MT,"Cutajar",657
MT,"Calleja",644
MT,"Grima",633
MT,"Vassallo",633
MT,"Aquilina",630
MT,"Bonnici",562
MT,"Mallia",555
MT,"Sciberras",546
MT,"Saliba",543
MT,"Scicluna",533
MT,"Portelli",521
MT,"Mizzi",519
MT,"Xuereb",514
MT,"Bartolo",454
MT,"Tabone",453
MT,"Cauchi",449
MT,"Bonello",441
MT,"Scerri",434
MT,"Buttigieg",434
MT,"Busuttil",417
MT,"Mercieca",416
MT,"Zahra",413
MT,"Cachia",408
MT,"Buhagiar",405
MT,"Ellul",385
MT,"Briffa",369
MT,"Formosa",366
MT,"Baldacchino",354
MT,"Bezzina",354
MT,"Sultana",351
MT,"Mangion",344
MT,"Brincat",312
MT,"Dimech",303
MT,"Ciantar",282
MT,"Pisani",282
MT,"Magro",279
MT,"Psaila",264
MT,"Darmanin",263
MT,"Chetcuti",259
MT,"Tanti",252
MT,"Cilia",246
MT,"Barbara",242
MT,"Said",236
MT,"Cini",235
MT,"Debattista",226
MT,"Zerafa",221
MT,"Tonna",216
MT,"Malta",214
MT,"Zarb",212
MT,"Dalli",211
MT,"Grixti",210
MT,"Curmi",204
MT,"Magri",196
MT,"Mamo",194
MT,"Abdilla",188
MT,"Chircop",188
MT,"Deguara",185
MT,"Ali",184
MT,"Cuschieri",184
MT,"Frendo",183
MT,"Sant",181
MT,"Xerri",177
MT,"Catania",169
MT,"Hili",161
MT,"Balzan",160
MT,"Cardona",158
MT,"Desira",157
MT,"Smith",151
MT,"Bajada",144
MT,"Cremona",132
MT,"Callus",132
MT,"Degiorgio",129
MT,"Theuma",129
MT,"Ahmed",119
MT,"Camenzuli",114
MT,"Delia",113
MT,"Cortis",112
MT,"Carabott",111
MT,"Damato",111
MT,"Casha",109
MT,"Coleiro",107
MT,"Ebejer",107
MT,"Sacco",106
MT,"Mohamed",103
MT,"Pullicino",103
MT,"Axisa",100
MT,"Piscopo",99
MT,"Bonavia",99
MT,"Polidano",99
MT,"Pulis",94
MT,"Refalo",93
MT,"Lia",91
MT,"Demanuele",90
MT,"Stivala",89
MT,"Fava",89
MT,"Parnis",89
MT,"Demicoli",87
MT,"Gafa",85
MT,"Montebello",85
MT,"Gerada",83
MT,"Ciappara",82
MT,"Meli",82
MT,"Cordina",79
MT,"Dingli",79
MT,"Apap",78
MT,"Jones",78
MT,"Degabriele",77
MT,"Spagnol",75
MT,"Cefai",75
MT,"Rizzo",74
MT,"Seychell",74
MT,"Bonanno",73
MT,"Lee",71
MT,"Bianco",71
MT,"Bondin",69
MT,"Mintoff",69
MT,"Meilak",67
MT,"Felice",66
MT,"Naudi",64
MT,"Hassan",63
MT,"Taliana",63
MT,"Anastasi",63
MT,"Axiaq",62
MT,"Martin",61
MT,"Genovese",58
MT,"Ibrahim",57
MT,"محمد",57
MT,"Aguis",57
MT,"Rapa",56
MT,"Paris",56
MT,"King",55
MT,"Seguna",54
MT,"Debrincat",53
MT,"Omar",52
MT,"Pirotta",52
MT,"Mohammed",51
MT,"Sullivan",51
MT,"Brown",50
MT,"Testa",49
MT,"Gambin",48
MT,"Bonett",48
MT,"Kim",47
MT,"James",47
MT,"Stellini",47
MT,"Gouder",47
MT,"Galdes",47
MT,"Mula",45
MT,"Edwards",45
MT,"Friggieri",44
MT,"Stafrace",44
MT,"Lanzon",44
MT,"Johnson",44
MT,"Cumbo",43
MT,"Pavia",42
MT,"Axiak",42
MT,"Fabri",42
MT,"Soler",42
MT,"White",42
MT,"Cali",41
MT,"Haber",41
MT,"Fiteni",41
MT,"John",40
MT,"Diacono",40
MT,"Navarro",40
MT,"Bianchi",40
MT,"Cacciattolo",40
MT,"Duca",40
MT,"Marmara",38
MT,"Borda",37
MT,"Incorvaja",37
MT,"Garcia",37
MT,"Adam",36
MT,"Ghigo",36
MT,"Bellizzi",36
MT,"Conti",36
MT,"Ivanov",35
MT,"Giordmaina",35
MT,"Traore",34
MT,"Maria",34
MT,"Mckay",34
MT,"Williams",34
MT,"Rossi",34
MT,"Maxamed",33
MT,"Sapiano",33
MT,"Decelis",33
MT,"Khan",32
MT,"Wilson",32
MT,"Vidal",31
MT,"Costa",31
MT,"Schiavone",31
MT,"Valletta",31
MT,"Stojanovic",31
MT,"Delceppo",30
MT,"Castillo",30
MT,"Thomas",30
MT,"Gialanze",30
MT,"Love",29
MT,"Lautier",29
MT,"Shaw",29
MT,"Wood",29
MT,"Sciortino",29
MT,"De Bono",29
MT,"Delicata",29
MT,"Ivanova",28
MT,"Abdi",28
MT,"Sghendo",28
MT,"Marshall",28
MT,"Massa",28
MT,"Turner",28
MT,"Teuma",28
MT,"Delmar",28
MT,"Bongailas",28
MT,"Keita",27
MT,"Jovanovic",27
MT,"Cesare",27
MT,"Coppini",27
MT,"Flores",27
MT,"Paul",26
MT,"Silvio",26
MT,"Liu",26
MT,"Piccinino",26
MT,"West",26
MT,"Zhang",26
MT,"Davies",26
MT,"Gregory",26
MT,"Li",26
MT,"Wang",25
MT,"Collins",25
MT,"Laferla",25
MT,"Cucciardi",25
MT,"Salerno",25
MT,"Sciriha",25
MT,"Pizzuto",25
MT,"Gusman",25
MT,"Bray",25
MT,"Taylor",25
MT,"Manicolo",25
MT,"Xiberras",25
MT,"Demajo",25
MT,"Diarra",24
MT,"Nikolic",24
MT,"Salem",24
MT,"Park",24
MT,"Triganza",24
MT,"Green",24
MT,"Chen",24
MT,"Young",24
MT,"Giordimaina",24
MT,"احمد",23
MT,"Djordjevic",23
MT,"Bellia",23
MT,"Seisun",23
MT,"Aloisio",23
MT,"Rogers",23
MT,"Gravina",23
MT,"Bartoli",23
MT,"Lewis",23
MT,"Man",22
MT,"Joseph",22
MT,"David",22
MT,"Gili",22
MT,"Roberts",22
MT,"Sam",22
MT,"Drago",22
MT,"Cristina",22
MT,"Rapinett",22
MT,"Enriquez",22
MT,"Asciak",22
MT,"Bugelli",22
MT,"Licari",22
MT,"Osman",21
MT,"Hasan",21
MT,"Nappa",21
MT,"Walker",21
MT,"Fsadni",21
MT,"Petrovic",21
MT,"George",21
MT,"Palmier",21
MT,"Inguanez",21
MT,"Oliva",21
MT,"Lopez",21
MT,"Depasquale",21
MT,"Moore",21
MT,"Scott",21
MT,"Colombo",21
MT,"Cascun",21
MT,"Wismayer",21
MT,"Kone",20
MT,"Rose",20
MT,"Mendoza",20
MT,"Bruno",20
MT,"Ilic",20
MT,"Carbonaro",20
MT,"Difesa",20
MT,"Carter",20
MT,"Bilocca",20
MT,"Arrigo",20
MT,"Garzia",20
MT,"Mackay",20
MT,"Francica",20
MT,"Kelly",20
MT,"Hall",20
MT,"Engerer",20
MT,"Camara",19
MT,"Libya",19
MT,"Anthony",19
MT,"Khaled",19
MT,"Laus",19
MT,"Giusti",19
MT,"Borg Bonaci",19
MT,"Amato",19
MT,"Gera",19
MT,"Meilaq",19
MT,"Portanier",19
MT,"Privitera",19
MT,"Miceli",19
MT,"Lapira",19
MT,"Murphy",19
MT,"Padovani",19
MT,"Peter",18
MT,"Hussein",18
MT,"Livori",18
MT,"Stankovic",18
MT,"Xasan",18
MT,"Mark",18
MT,"Musu",18
MT,"Clark",18
MT,"Brownrigg",18
MT,"Borg Cardona",18
MT,"Stevens",18
MT,"Hammett",18
MT,"Tedesco",18
MT,"Perez",18
MT,"Belli",18
MT,"Barun",18
MT,"Barry",18
MT,"Martinez",18
MT,"Schranz",18
MT,"Bonaci",18
MT,"Harrison",18
MT,"Giorgio",18
MT,"Joe",17
MT,"Yare",17
MT,"Marie",17
MT,"Hill",17
MT,"Gabriel",17
MT,"Dagostino",17
MT,"Satariano",17
MT,"Milosevic",17
MT,"Romano",17
MT,"Ferriggi",17
MT,"Savona",17
MT,"Campbell",17
MT,"Giordano",17
MT,"Coppola",17
MT,"Peplow",17
MT,"De Giorgio",17
MT,"Montanaro",17
MT,"Ciangura",17
MT,"Mccarthy",17
MT,"Atkins",17
MT,"Rotin",17
MT,"Harmsworth",17
MT,"Bah",16
MT,"محمود",16
MT,"Sidibe",16
MT,"علي",16
MT,"Compagno",16
MT,"Khalifa",16
MT,"Gellel",16
MT,"Francalanza",16
MT,"Stewart",16
MT,"Urry",16
MT,"Cioffi",16
MT,"Clarke",16
MT,"Issa",16
MT,"Ramos",16
MT,"Filletti",16
MT,"Fiorini",16
MT,"Gruppetta",16
MT,"Thornton",16
MT,"Ganado",16
MT,"Dowling",16
MT,"Law",16
MT,"Griscti",16
MT,"Hatherly",16
MT,"Holland",16
MT,"Salomone",16
MT,"Jankovic",16
MT,"Ben",15
MT,"Dimitrov",15
MT,"Kasem",15
MT,"Abdalla",15
MT,"Georgieva",15
MT,"Hamed",15
MT,"Ahmad",15
MT,"Tekle",15
MT,"Avellino",15
MT,"Messina",15
MT,"Daniel",15
MT,"Jenkins",15
MT,"Sladden",15
MT,"Preca",15
MT,"Cross",15
MT,"Stone",15
MT,"Rubio",15
MT,"Adams",15
MT,"Danastasi",15
MT,"Peresso",15
MT,"Urpani",15
MT,"Manicaro",15
MT,"Cam",15
MT,"Penza",15
MT,"Ross",15
MT,"Duncan",15
MT,"Jackson",15
MT,"Ellis",15
MT,"Hughes",15
MT,"Grioli",15
MT,"Blundell",15
MT,"Suda",15
MT,"Pillow",15
MT,"Harvey",15
MT,"Markovic",15
MT,"Miller",15
MT,"Phillips",15
MT,"Touray",14
MT,"Silva",14
MT,"Abdo",14
MT,"Diallo",14
MT,"Axmed",14
MT,"Cole",14
MT,"Pantalleresco",14
MT,"Harris",14
MT,"Charles",14
MT,"Zivkovic",14
MT,"Ismail",14
MT,"Alamango",14
MT,"Pulo",14
MT,"Ruggier",14
MT,"Armeni",14
MT,"Simiana",14
MT,"De Marco",14
MT,"Simic",14
MT,"Brooks",14
MT,"Lowell",14
MT,"Garrett",14
MT,"Evans",14
MT,"Ghirxi",14
MT,"Fatty",13
MT,"Samake",13
MT,"Alex",13
MT,"Stephen",13
MT,"Jama",13
MT,"Nuur",13
MT,"Ancilleri",13
MT,"Brhane",13
MT,"Thompson",13
MT,"German",13
MT,"Sillato",13
MT,"Grasso",13
MT,"Blake",13
MT,"La Rosa",13
MT,"Saydon",13
MT,"Richard",13
MT,"Santos",13
MT,"Barthet",13
MT,"Mar",13
MT,"Greco",13
MT,"Goodlip",13
MT,"Mahmoud",13
MT,"Esposito",13
MT,"Brincau",13
MT,"Burke",13
MT,"Fernandez",13
MT,"Oneill",13
MT,"Monreal",13
MT,"Carbone",13
MT,"Samuel",13
MT,"Peregin",13
MT,"Faure",13
MT,"Griffiths",13
MT,"Mansueto",13
MT,"Calamatta",13
MT,"Brimmer",13
MT,"Doublet",13
MT,"Watson",13
MT,"Stagno",13
MT,"Pesic",13
MT,"Georgiev",12
MT,"Baba",12
MT,"Rita",12
MT,"حسن",12
MT,"Awad",12
MT,"Garage",12
MT,"Best",12
MT,"Kumar",12
MT,"Dimitrova",12
MT,"Lombardo",12
MT,"Ann",12
MT,"Bone",12
MT,"Moussa",12
MT,"Lucas",12
MT,"Wright",12
MT,"Ray",12
MT,"Von Brockdorff",12
MT,"Trapani",12
MT,"Guillaumier",12
MT,"Graham",12
MT,"Manduca",12
MT,"Kidane",12
MT,"Moon",12
MT,"Abraham",12
MT,"Martinelli",12
MT,"Montesin",12
MT,"Gray",12
MT,"Domenici",12
MT,"Ghio",12
MT,"Stevanovic",12
MT,"Maggi",12
MT,"Masini",12
MT,"Pule",12
MT,"Ma",12
MT,"Ab",12
MT,"Gaffiero",12
MT,"De Battista",12
MT,"Simpson",12
MT,"Tesi",12
MT,"Tsegay",12
MT,"Jo",12
MT,"Kiss",12
MT,"Stefanovic",12
MT,"Puglisevich",12
MT,"Ciancio",12
MT,"Russo",12
MT,"Cocks",12
MT,"Parker",12
MT,"Milovanovic",12
MT,"Decesare",12
MT,"Riolo",12
MT,"Casingena",12
MT,"Gingell",12
MT,"Sanchez",12
MT,"Doumbia",11
MT,"May",11
MT,"Petrova",11
MT,"Iliev",11
MT,"Coulibaly",11
MT,"Prince",11
MT,"Hamza",11
MT,"Anderson",11
MT,"Black",11
MT,"Dawson",11
MT,"Gilford",11
MT,"Mic",11
MT,"Dela Cruz",11
MT,"Ryan",11
MT,"De Martino",11
MT,"Mifsud Bonnici",11
MT,"Parascandalo",11
MT,"Reed",11
MT,"Critien",11
MT,"Ungaro",11
MT,"Camileri",11
MT,"Jack",11
MT,"Bell",11
MT,"An",11
MT,"Libreri",11
MT,"Kitcher",11
MT,"Lagana",11
MT,"Faenza",11
MT,"Mayo",11
MT,"Borg Costanzi",11
MT,"Jaccarini",11
MT,"Mejlak",11
MT,"Laketic",11
MT,"Runza",11
MT,"Chappell",11
MT,"Yu",11
MT,"Cortez",11
MT,"Amer",11
MT,"Persiano",11
MT,"Freeman",11
MT,"Cacciottolo",11
MT,"Bencini",11
MT,"Fleri Soler",11
MT,"Pearson",11
MT,"Tirchett",11
MT,"Ward",11
MT,"Gonzalez",11
MT,"Zaffarese",11
MT,"Balani",11
MT,"Demarco",11
MT,"Reyes",11
MT,"Ana",10
MT,"Haile",10
MT,"Toure",10
MT,"Nikolova",10
MT,"Cade",10
MT,"Mario",10
MT,"Max",10
MT,"Yusuf",10
MT,"Dembele",10
MT,"Fofana",10
MT,"Farah",10
MT,"Salah",10
MT,"Mitrovic",10
MT,"Joy",10
MT,"Cabdi",10
MT,"Marino",10
MT,"Mo",10
MT,"Farr",10
MT,"Mills",10
MT,"Nagy",10
MT,"Craus",10
MT,"Miggiani",10
MT,"Ritchie",10
MT,"Caligari",10
MT,"Omer",10
MT,"Lentini",10
MT,"Karlsson",10
MT,"Charlie",10
MT,"Hu",10
MT,"Singh",10
MT,"Chris",10
MT,"Baker",10
MT,"Zarb Cousin",10
MT,"Randich",10
MT,"Cousin",10
MT,"Gauci Borda",10
MT,"Gilson",10
MT,"Zampa",10
MT,"Cappello",10
MT,"Davis",10
MT,"Sh",10
MT,"Stagno Navarra",10
MT,"Berhe",10
MT,"Kerr",10
MT,"Tong",10
MT,"Block",10
MT,"Quintano",10
MT,"Gove",10
MT,"Mary",10
MT,"De Gabriele",10
MT,"Medati",10
MT,"Quattromani",10
MT,"Pollacco",10
MT,"Montfort",10
MT,"Webster",10
MT,"Calafato",10
MT,"Gaffarena",10
MT,"Pandolfino",10
MT,"Mulvaney",10
MT,"Lombardi",10
MT,"Ristic",10
MT,"Cohen",10
MT,"Robinson",10
MT,"Moran",10
MT,"Giglio",10
MT,"Allison",10
MT,"Lepre",10
MT,"Mohnani",10
MT,"Tortell",10
MT,"Warrington",10
MT,"Adami",10
MT,"Mahamed",9
MT,"Aadan",9
MT,"Zidan",9
MT,"Chelsea",9
MT,"Queen",9
MT,"Victor",9
MT,"Petrov",9
MT,"Peric",9
MT,"Elena",9
MT,"Ceesay",9
MT,"Muse",9
MT,"Maniscalco",9
MT,"Power",9
MT,"Manche",9
MT,"Petkovic",9
MT,"Bowell",9
MT,"Arpa",9
MT,"Meachen",9
MT,"عبدالله",9
MT,"Petkova",9
MT,"Bella",9
MT,"Magrin",9
MT,"Vukovic",9
MT,"Lovegrove",9
MT,"Stanyer",9
MT,"Hamilton",9
MT,"Ivan",9
MT,"Celeste",9
MT,"Coreschi",9
MT,"Attard Montalto",9
MT,"Terribile",9
MT,"Luca",9
MT,"Saleh",9
MT,"Carr",9
MT,"Tan",9
MT,"Giardina",9
MT,"Ba",9
MT,"Sy",9
MT,"Mugliett",9
MT,"Fox",9
MT,"Johnston",9
MT,"Stamenkovic",9
MT,"Cruz",9
MT,"Ko",9
MT,"Montalto",9
MT,"Barber",9
MT,"Cristiano",9
MT,"Morales",9
MT,"Bird",9
MT,"Zammit Cordina",9
MT,"Gomez",9
MT,"Pellegrini",9
MT,"Far",9
MT,"Simon",9
MT,"Abdullah",9
MT,"Diaz",9
MT,"Bouvett",9
MT,"Bright",9
MT,"Arnaud",9
MT,"Herrera",9
MT,"Amaira",9
MT,"Bongalais",9
MT,"Marsh",9
MT,"Aquino",9
MT,"Bond",9
MT,"Hudson",9
MT,"Fino",9
MT,"Kostic",9
MT,"Giuliano",9
MT,"Baron",9
MT,"Alessandro",9
MT,"Piccione",9
MT,"Djuric",9
MT,"Lanfranco",9
MT,"Marco",9
MT,"Craig",9
MT,"Andersson",9
MT,"Laudi",9
MT,"Atanasov",8
MT,"Madi",8
MT,"Yassine",8
MT,"Bilal",8
MT,"Na",8
MT,"Tlas",8
MT,"صويلح",8
MT,"Hagos",8
MT,"Bello",8
MT,"Godwin",8
MT,"Mehari",8
MT,"Sami",8
MT,"Angelov",8
MT,"Salih",8
MT,"Hristova",8
MT,"Abdulkader",8
MT,"Shlash",8
MT,"Corso",8
MT,"Michael",8
MT,"Goitom",8
MT,"عليوي",8
MT,"Aziz",8
MT,"Robert",8
MT,"Zhou",8
MT,"Overend",8
MT,"Monseigneur",8
MT,"Alexander",8
MT,"Choi",8
MT,"Ferris",8
MT,"Lucky",8
MT,"Lawrence",8
MT,"Mejlaq",8
MT,"Atanasova",8
MT,"Milosavljevic",8
MT,"Gheiti",8
MT,"Shin",8
MT,"Morris",8
MT,"St John",8
MT,"Bonici",8
MT,"Mansour",8
MT,"Abdullahi",8
MT,"Gold",8
MT,"Nikolov",8
MT,"Al",8
MT,"Dan",8
MT,"Muuse",8
MT,"Roe",8
MT,"Malik",8
MT,"Abdul",8
MT,"De Giovanni",8
MT,"Karim",8
MT,"Gonzi",8
MT,"Damico",8
MT,"Murad",8
MT,"Bennett",8
MT,"Simler",8
MT,"Grey",8
MT,"Rivera",8
MT,"Villanueva",8
MT,"Gallo",8
MT,"Grogan",8
MT,"Cocker",8
MT,"Goodwin",8
MT,"Marston",8
MT,"Bon",8
MT,"Castagna",8
MT,"Morgan",8
MT,"Shields",8
MT,"Pavlovic",8
MT,"Caruso",8
MT,"Gatt Baldacchino",8
MT,"Carachi",8
MT,"Facciol",8
MT,"Torres",8
MT,"Radu",8
MT,"Bason",8
MT,"Home",8
MT,"Eric",8
MT,"Doublesin",8
MT,"Wilkinson",8
MT,"Bellotti",8
MT,"Medina",8
MT,"Milic",8
MT,"Shead",8
MT,"Mihailovic",8
MT,"Schmidt",8
MT,"Miljkovic",8
MT,"Varga",8
MT,"Gravino",8
MT,"Pace Bonello",8
MT,"Olivari",8
MT,"Munro",8
MT,"Wingfield",8
MT,"Bileci",8
MT,"Zhao",8
MT,"Farruga",8
MT,"Burton",8
MT,"Azzoppardi",8
MT,"La",8
MT,"Farrell",8
MT,"Harrington",8
MT,"Pellicano",8
MT,"Mckeon",8
MT,"Gabriele",8
MT,"Manfre",8
MT,"Panzavecchia",8
MT,"Mahoney",8
MT,"Degiovanni",8
MT,"Joslin",8
MT,"Knezevic",8
MT,"Dalton",8
MT,"Eriksson",8
MT,"Rashid",7
MT,"Kevin",7
MT,"Buontempo",7
MT,"Njie",7
MT,"Alexandru",7
MT,"Carlos",7
MT,"Félicité",7
MT,"Ya",7
MT,"Marian",7
MT,"Stoyanova",7
MT,"Najm",7
MT,"Cristian",7
MT,"Jaiteh",7
MT,"Josef",7
MT,"Bulgaru",7
MT,"Lazarevic",7
MT,"Anna",7
MT,"Bob",7
MT,"Mike",7
MT,"Simona",7
MT,"Stefan",7
MT,"Abdulahi",7
MT,"Yousef",7
MT,"Savic",7
MT,"Khatib",7
MT,"Jane",7
MT,"Johansson",7
MT,"Stanisavljevic",7
MT,"Khalil",7
MT,"Raymond",7
MT,"العلي",7
MT,"Grillo",7
MT,"Adel",7
MT,"Svensson",7
MT,"Habte",7
MT,"Haig",7
MT,"Lamb",7
MT,"Berhane",7
MT,"Dugo",7
MT,"Salam",7
MT,"Antonelli",7
MT,"Christie",7
MT,"Marquette",7
MT,"Vanhear",7
MT,"Hamad",7
MT,"Villa",7
MT,"Pepe",7
MT,"Turcu",7
MT,"Arebi",7
MT,"Lou",7
MT,"Akl",7
MT,"Hansen",7
MT,"Castro",7
MT,"Albani",7
MT,"Car",7
MT,"Callejja",7
MT,"Tewelde",7
MT,"Sansone",7
MT,"Radovanovic",7
MT,"Mohamud",7
MT,"Fisher",7
MT,"Frank",7
MT,"Guzman",7
MT,"Lungu",7
MT,"Sherif",7
MT,"Lupi",7
MT,"Napoli",7
MT,"Vasic",7
MT,"Jamal",7
MT,"Verzin",7
MT,"Milivojevic",7
MT,"Leon",7
MT,"Nicastro",7
MT,"Oliveira",7
MT,"Nicolas",7
MT,"Nasser",7
MT,"Ca",7
MT,"Eminyan",7
MT,"Sare",7
MT,"Mladenovic",7
MT,"Kitney",7
MT,"Lamlum",7
MT,"Vincenti",7
MT,"Gibson",7
MT,"Blanco",7
MT,"Cassano",7
MT,"Castaldi",7
MT,"الشام",7
MT,"Rossignaud",7
MT,"Rodo",7
MT,"Hernandez",7
MT,"Han",7
MT,"Genuis",7
MT,"Rodriguez",7
MT,"Parisi",7
MT,"Fiorentino",7
MT,"Mangani",7
MT,"Ale",7
MT,"Stoner",7
MT,"Richardson",7
MT,"Lomax",7
MT,"Henry",7
MT,"Sun",7
MT,"Degaetano",7
MT,"Riley",7
MT,"Ta",7
MT,"Andrews",7
MT,"Mb",7
MT,"Stanic",7
MT,"Whitelaw",7
MT,"Sant Fournier",7
MT,"Cunningham",7
MT,"Cluett",7
MT,"De Carlo",7
MT,"Mercer",7
MT,"Loporto",7
MT,"Greenaway",7
MT,"Christian",6
MT,"Yuusuf",6
MT,"On",6
MT,"Milan",6
MT,"Ghiller",6
MT,"Il King",6
MT,"Mitic",6
MT,"Alosta",6
MT,"Ilieva",6
MT,"Suleman",6
MT,"Long",6
MT,"Sa",6
MT,"Diakite",6
MT,"Leone",6
MT,"Ivanovic",6
MT,"Idris",6
MT,"Lucia",6
MT,"Anne",6
MT,"Clinch",6
MT,"Carmenemara",6
MT,"Balde",6
MT,"Moha",6
MT,"Zedan",6
MT,"Hamid",6
MT,"Felix",6
MT,"Sissoko",6
MT,"Michelle",6
MT,"Junior",6
MT,"Kolev",6
MT,"خليف",6
MT,"Adrian",6
MT,"Kassar",6
MT,"Juve",6
MT,"Bernard",6
MT,"Dawit",6
MT,"Elkhuja",6
MT,"Konate",6
MT,"Qaali",6
MT,"Mussa",6
MT,"Popova",6
MT,"Popov",6
MT,"Gambina",6
MT,"Pavlov",6
MT,"Adem",6
MT,"Mihaela",6
MT,"Vigeto",6
MT,"عبود",6
MT,"Kostadinov",6
MT,"Bee",6
MT,"Pavlova",6
MT,"Escaro",6
MT,"Drake",6
MT,"Romero",6
MT,"Vasileva",6
MT,"Nur",6
MT,"Abdu",6
MT,"Philip",6
MT,"Rina",6
MT,"Boss",6
MT,"De Guzman",6
MT,"Pedersen",6
MT,"Kanaan",6
MT,"Kane",6
MT,"Solo",6
MT,"Maxamuud",6
MT,"Mulligan",6
MT,"Quicklets",6
MT,"Francis",6
MT,"Kofi",6
MT,"Xaaji",6
MT,"Benjeddi",6
MT,"Montefort",6
MT,"Casapinta",6
MT,"Todorovic",6
MT,"Yemane",6
MT,"Wu",6
MT,"Nelson",6
MT,"Kovács",6
MT,"Randon",6
MT,"Mihajlovic",6
MT,"Leone Ganado",6
MT,"Bakoush",6
MT,"Scifo",6
MT,"Brignone",6
MT,"Briguglio",6
MT,"Valenzia",6
MT,"Tagliaferro",6
MT,"Ciarlo",6
MT,"Barnes",6
MT,"Brancaleone",6
MT,"Yassin",6
MT,"Milenkovic",6
MT,"Bonsfield",6
MT,"Previ",6
MT,"Tiger",6
MT,"Gill",6
MT,"Moreno",6
MT,"El",6
MT,"Nilsson",6
MT,"Gheorghe",6
MT,"Miruzzi",6
MT,"Kind",6
MT,"Berry",6
MT,"Wallace",6
MT,"Nopsomboon",6
MT,"Whitehead",6
MT,"Sarah",6
MT,"Warr",6
MT,"Trabelsi",6
MT,"Sargent",6
MT,"Tekeste",6
MT,"Teklay",6
MT,"Ceci",6
MT,"Popescu",6
MT,"Bundal",6
MT,"Willoughby",6
MT,"Sessa",6
MT,"Arena",6
MT,"Cassar Torreggiani",6
MT,"Moh",6
MT,"Farhat",6
MT,"Salaad",6
MT,"Calvagna",6
MT,"Plumpton",6
MT,"Mousu",6
MT,"England",6
MT,"Ef",6
MT,"Manuel",6
MT,"Stilon",6
MT,"Healey",6
MT,"Ferrando",6
MT,"Rossitto",6
MT,"Swain",6
MT,"Petroni",6
MT,"Lo",6
MT,"Albano",6
MT,"Gaerty",6
MT,"Hogg",6
MT,"Hayman",6
MT,"Ambrogio",6
MT,"Szabo",6
MT,"Pellegrini Petit",6
MT,"Fernandes",6
MT,"Ibraahim",6
MT,"Ford",6
MT,"Rodrigues",6
MT,"Lin",6
MT,"Mallan",6
MT,"Hunter",6
MT,"Lughermo",6
MT,"Spasic",6
MT,"Perini",6
MT,"Finch",6
MT,"Lu",6
MT,"Spadaro",6
MT,"Fleri",6
MT,"Connell",6
MT,"Florian",6
MT,"Rausi",6
MT,"Perry",6
MT,"Davison",6
MT,"Lukic",6
MT,"Pickard",6
MT,"Ricci",6
MT,"Migneco",6
MT,"Stanmore",6
MT,"Afewerki",6
MT,"De Leonardo",6
MT,"Andersen",6
MT,"Mahari",6
MT,"Ronayne",6
MT,"Stan",6
MT,"French",6
MT,"Matthew",6
MT,"Tóth",6
MT,"Muller",6
MT,"Crockford",6
MT,"Maxamad",6
MT,"Huber",6
MT,"Babic",6
MT,"Howes",6
MT,"Bailey",6
MT,"Spearing",6
MT,"Dougall",6
MT,"Da Silva",6
MT,"Camille",6
MT,"Belonio",6
MT,"Bigeni",6
MT,"More",6
MT,"Xaashi",6
MT,"Mcnamara",6
MT,"Haidon",6
MT,"Meylaq",6
MT,"Day",6
MT,"Fardell",6
MT,"Chan",6
MT,"Ashton",6
MT,"Mari",6
MT,"Dean",6
MT,"Germani",6
MT,"Naser",6
MT,"Didyk",6
MT,"Hampton",6
MT,"Randjelovic",6
MT,"Allen",6
MT,"Gebre",6
MT,"Bonello Ghio",6
MT,"Angel",6
MT,"Saetta",6
MT,"Di Mauro",6
MT,"Bowman",6
MT,"Lalic",6
MT,"Abel",6
MT,"Rusu",6
MT,"Oprea",6
MT,"Byrne",6
MT,"Va",6
MT,"Causon",6
MT,"Denaro",6
MT,"Ripard",6
MT,"Bons",6
MT,"Nani",6
MT,"Wells",6
MT,"Ferranti",5
MT,"Bilhaj",5
MT,"سالم",5
MT,"Zakaria",5
MT,"Ashur",5
MT,"Dimitrijevic",5
MT,"Portanier Mifsud",5
MT,"Billy",5
MT,"Drame",5
MT,"Aden",5
MT,"Templeman",5
MT,"زيدان",5
MT,"Mia",5
MT,"Benz",5
MT,"Atanasio",5
MT,"Musah",5
MT,"Dali",5
MT,"Musa",5
MT,"Isaac",5
MT,"Gebrhiwet",5
MT,"Distefano",5
MT,"Orlando",5
MT,"Dalmas",5
MT,"Farag",5
MT,"Salama",5
MT,"Dimova",5
MT,"Mayho",5
MT,"Osama",5
MT,"Frantz",5
MT,"Conteh",5
MT,"Peeters",5
MT,"Tully",5
MT,"Ebrahim",5
MT,"Abdilahi",5
MT,"Abdirahman",5
MT,"Chu",5
MT,"Christina",5
MT,"Cisse",5
MT,"Nas",5
MT,"Nicholas",5
MT,"Dibba",5
MT,"Appiah",5
MT,"Manneh",5
MT,"Fathi",5
MT,"Andebrhan",5
MT,"يوسف",5
MT,"Petralia",5
MT,"Ciise",5
MT,"Edris",5
MT,"Varrazzo",5
MT,"Sea",5
MT,"Kamal",5
MT,"Vasile",5
MT,"Kamel",5
MT,"Kang",5
MT,"Kanteh",5
MT,"Borisova",5
MT,"Andreea",5
MT,"Brian",5
MT,"Solomon",5
MT,"Markov",5
MT,"Bishop",5
MT,"Zereslasie",5
MT,"Cherry",5
MT,"Gh",5
MT,"Othman",5
MT,"Kenny",5
MT,"Kesete",5
MT,"Powell",5
MT,"Chef",5
MT,"Saad",5
MT,"Noel",5
MT,"Lauri",5
MT,"Asante",5
MT,"Nader",5
MT,"Amin",5
MT,"Grace",5
MT,"Owusu",5
MT,"Fenech Adami",5
MT,"Arafa",5
MT,"Kay",5
MT,"Amber",5
MT,"Semere",5
MT,"Sylla",5
MT,"عمر",5
MT,"Boga",5
MT,"Hassen",5
MT,"Amanuel",5
MT,"Milojevic",5
MT,"Kelvin",5
MT,"Russell",5
MT,"Obeng",5
MT,"الليبي",5
MT,"Sangare",5
MT,"Glanville",5
MT,"Barker",5
MT,"Mt",5
MT,"Bal",5
MT,"Emmanuel",5
MT,"Akil",5
MT,"المحمد",5
MT,"Cantar",5
MT,"Steiner",5
MT,"Battaglia",5
MT,"الشيخ",5
MT,"Alhassan",5
MT,"Kwasi",5
MT,"Toledo",5
MT,"Evangelista",5
MT,"ابراهيم",5
MT,"السخني",5
MT,"Mcgahern",5
MT,"Thewma",5
MT,"Formston",5
MT,"Shire",5
MT,"Cann",5
MT,"Mabrouk",5
MT,"Smart",5
MT,"Todorov",5
MT,"Olivier",5
MT,"Alfred",5
MT,"Jabbi",5
MT,"Xu",5
MT,"Mladenov",5
MT,"Shengelia",5
MT,"Coqqos",5
MT,"Florin",5
MT,"Ben Ramadan",5
MT,"Krstic",5
MT,"Guy",5
MT,"Hirst",5
MT,"Pappalardo",5
MT,"Alexandra",5
MT,"Cadeey",5
MT,"Sarmiento",5
MT,"Dada",5
MT,"الاحمد",5
MT,"Flattley",5
MT,"Gao",5
MT,"Gilmore",5
MT,"Mongao",5
MT,"Harding",5
MT,"Murray",5
MT,"Yan",5
MT,"Baldwin",5
MT,"Croucher",5
MT,"Sch",5
MT,"Crossley",5
MT,"Gatt Rydhed",5
MT,"Stojkovic",5
MT,"San",5
MT,"Rocco",5
MT,"Mahmud",5
MT,"Blihi",5
MT,"Roma",5
MT,"Major",5
MT,"Yonas",5
MT,"Shah",5
MT,"Demir",5
MT,"Sky",5
MT,"Buckle",5
MT,"Kaya",5
MT,"Cosaitis",5
MT,"Upton",5
MT,"Grimaud",5
MT,"Fitzpatrick",5
MT,"Frau",5
MT,"Strickland",5
MT,"Gillard",5
MT,"Maxwell",5
MT,"Boffa",5
MT,"Jessica",5
MT,"Vidolich",5
MT,"Ribeiro",5
MT,"Sperandeo",5
MT,"Manalo",5
MT,"Maistre",5
MT,"Casa",5
MT,"Robertson",5
MT,"Giles",5
MT,"Hashi",5
MT,"Bayliss",5
MT,"Stephenson",5
MT,"Cus",5
MT,"Hewitt",5
MT,"Butler",5
MT,"Mustafa",5
MT,"Mattocks",5
MT,"Weldu",5
MT,"Holmes",5
MT,"Toth",5
MT,"Joanne",5
MT,"Ho",5
MT,"Torreggiani",5
MT,"Ellul Bonici",5
MT,"Forte",5
MT,"Beach",5
MT,"Muhammad",5
MT,"Vucic",5
MT,"Go",5
MT,"Jalal",5
MT,"Jon",5
MT,"Jallow",5
MT,"Wadge",5
MT,"Donovan",5
MT,"Basile",5
MT,"Muliett",5
MT,"Troisi",5
MT,"Kert",5
MT,"Vitale",5
MT,"Myatt",5
MT,"Bartolo Parnis",5
MT,"Higgans",5
MT,"Birmingham",5
MT,"Guo",5
MT,"Scalpello",5
MT,"Pop",5
MT,"Cuomo",5
MT,"Pons",5
MT,"Poulton",5
MT,"Reitano",5
MT,"Worley",5
MT,"Inglott",5
MT,"Gee",5
MT,"Borg Barthet",5
MT,"Zara",5
MT,"Sissons",5
MT,"Civelli",5
MT,"Vella Haber",5
MT,"Ni",5
MT,"Zlatev",5
MT,"Rickard",5
MT,"Griffin",5
MT,"Borg Caruana",5
MT,"Lofreda",5
MT,"Diao",5
MT,"Zammit Tabona",5
MT,"Kahsay",5
MT,"Privitelli",5
MT,"Salcedo",5
MT,"Kamara",5
MT,"Christopher",5
MT,"Booth",5
MT,"Condorato",5
MT,"Fares",5
MT,"Imbroll",5
MT,"Miao",5
MT,"Zeray",5
MT,"Silajdzija",5
MT,"Armani",5
MT,"Newbould",5
MT,"Iles",5
MT,"Clews",5
MT,"Seifert",5
MT,"Saif",5
MT,"Markham",5
MT,"Lima",5
MT,"Zisa",5
MT,"He",5
MT,"Dimitri",5
MT,"Asefa",5
MT,"Zivanovic",5
MT,"Ferrante",5
MT,"Ramirez",5
MT,"Risiott",5
MT,"Lino",5
MT,"Art",5
MT,"Borg Grech",5
MT,"Farrugia Roberts",5
MT,"Ayling",5
MT,"Suleiman",5
MT,"Lorefice",5
MT,"Mk",5
MT,"Deb",5
MT,"Salim",5
MT,"Vergara",5
MT,"Giacchino",5
MT,"Özcan",5
MT,"Zaid",5
MT,"Cassia",5
MT,"Di Stefano",5
MT,"Louis",5
MT,"Ruiz",5
MT,"Ha",5
MT,"Perotti",5
MT,"Jung",5
MT,"Hansson",5
MT,"Leuellen",5
MT,"Zam",5
MT,"Ventura",5
MT,"Nicosia",5
MT,"Napier",5
MT,"Dizon",5
MT,"Mika",5
MT,"Browne",5
MT,"Mannino",5
MT,"Avallone",5
MT,"Ransley",5
MT,"Leonard",5
MT,"Cook",5
MT,"Venuto",4
MT,"Jamac",4
MT,"Elamin",4
MT,"Greengrass",4
MT,"Todorova",4
MT,"Vargas",4
MT,"Kuznetsova",4
MT,"Sillah",4
MT,"Arab",4
MT,"Sankoh",4
MT,"Nails",4
MT,"Leadon",4
MT,"Hamada",4
MT,"Camillieri",4
MT,"Bogdanovic",4
MT,"Tom",4
MT,"Same",4
MT,"Work",4
MT,"Shawish",4
MT,"Sanneh",4
MT,"Bonell",4
MT,"Woods",4
MT,"Brydon",4
MT,"Bar",4
MT,"Karan",4
MT,"Don",4
MT,"Sagun",4
MT,"Sammy",4
MT,"Shibani",4
MT,"Kechagias",4
MT,"Vella Delicata",4
MT,"Nguyen",4
MT,"Nastasi",4
MT,"Tadese",4
MT,"Valenti",4
MT,"Kristina",4
MT,"Ngm",4
MT,"Karajanneh",4
MT,"Valentino",4
MT,"Barakat",4
MT,"Church",4
MT,"Annati",4
MT,"Taki",4
MT,"Canthar",4
MT,"Krasteva",4
MT,"Sci",4
MT,"Yaw",4
MT,"Moraru",4
MT,"Valentine",4
MT,"Il-King",4
MT,"Vasilev",4
MT,"Taci",4
MT,"Gypsum",4
MT,"Scuderi",4
MT,"Seidu",4
MT,"Scolaro",4
MT,"Bari",4
MT,"Nasr",4
MT,"Gio",4
MT,"Yacoub",4
MT,"Pablo",4
MT,"Jovic",4
MT,"Bhatti",4
MT,"Jimenez",4
MT,"Kingswell",4
MT,"Betro",4
MT,"Du",4
MT,"Nour",4
MT,"Wakaa",4
MT,"Muhamed",4
MT,"Orsini",4
MT,"Teame",4
MT,"Kuisma",4
MT,"Torrilla",4
MT,"Mirkovic",4
MT,"Ortiz",4
MT,"Larsen",4
MT,"Topper",4
MT,"Khutri",4
MT,"Raggio",4
MT,"Bigpoint",4
MT,"Kiernan",4
MT,"Omran",4
MT,"Kifle",4
MT,"Bekbak",4
MT,"Bianca",4
MT,"Portughes",4
MT,"Sawyer",4
MT,"Taylor-East",4
MT,"Yılmaz",4
MT,"Jovanović",4
MT,"Teklu",4
MT,"Isaksson",4
MT,"Muktar Ibnu Husein",4
MT,"Austin",4
MT,"Elwefati",4
MT,"Sasi",4
MT,"Bennetti",4
MT,"Drammeh",4
MT,"Zaki",4
MT,"Faith",4
MT,"Tozzolino",4
MT,"Elwalda",4
MT,"Axelsson",4
MT,"Ghirlando",4
MT,"Ayari",4
MT,"Salm",4
MT,"Hag",4
MT,"Cabdilahi",4
MT,"Cale",4
MT,"Jensen",4
MT,"Calascione",4
MT,"Lang",4
MT,"Diop",4
MT,"Cabrera",4
MT,"Fall",4
MT,"Jay",4
MT,"Zarha",4
MT,"Muskat",4
MT,"Aslan",4
MT,"Bunce",4
MT,"Testaferrata Denoto",4
MT,"Jordan",4
MT,"Elhouderi",4
MT,"Bland",4
MT,"Blanche",4
MT,"Mousa",4
MT,"Burlo",4
MT,"Mouldi",4
MT,"Mohammad",4
MT,"Erdogan",4
MT,"Le",4
MT,"Keith",4
MT,"Guntrip",4
MT,"Sharon",4
MT,"Pratt",4
MT,"Boakye",4
MT,"Ubi",4
MT,"Eph",4
MT,"Wirth",4
MT,"Lazic",4
MT,"Ouattara",4
MT,"Oo",4
MT,"Qviria",4
MT,"Haj",4
MT,"Ascione",4
MT,"Tarhoni",4
MT,"Tesfazgi",4
MT,"Tony",4
MT,"Obi",4
MT,"Zayed",4
MT,"Tesfamichael",4
MT,"Konjo",4
MT,"Tua",4
MT,"Ragab",4
MT,"Oshea",4
MT,"Zarkova",4
MT,"Douglas",4
MT,"Bitar",4
MT,"Arths",4
MT,"Ostojic",4
MT,"Chaya",4
MT,"You",4
MT,"Eyob",4
MT,"Khadar",4
MT,"Asad",4
MT,"Khalaf",4
MT,"Sharif",4
MT,"Eze",4
MT,"Asare",4
MT,"Tarek",4
MT,"Wild",4
MT,"Aghil",4
MT,"Coleman",4
MT,"Soliman",4
MT,"Littlejohn",4
MT,"Иванова",4
MT,"Lise",4
MT,"Dangelo",4
MT,"Honda",4
MT,"Micalef",4
MT,"Micallef Attard",4
MT,"Fernández",4
MT,"Stevenson",4
MT,"Ferreira",4
MT,"Rasta",4
MT,"Db",4
MT,"Maloul",4
MT,"Albanese",4
MT,"نصر",4
MT,"Ferry",4
MT,"Abdulaahi",4
MT,"Stock",4
MT,"Soud",4
MT,"Ian",4
MT,"Daniela",4
MT,"Panes",4
MT,"Sonko",4
MT,"Dgheem",4
MT,"Abbas",4
MT,"Fouad",4
MT,"Matt",4
MT,"Mare",4
MT,"Marinova",4
MT,"Adow",4
MT,"Amar",4
MT,"Stella",4
MT,"Hazzouri",4
MT,"Rashed",4
MT,"Marko",4
MT,"العرفي",4
MT,"Marchett",4
MT,"Abdallah",4
MT,"Frimpong",4
MT,"Compton",4
MT,"Flower",4
MT,"الخطيب",4
MT,"Hassn",4
MT,"ابو محمد",4
MT,"على",4
MT,"مالطا",4
MT,"Hunt",4
MT,"Sultan",4
MT,"Hoxha",4
MT,"Almatrud",4
MT,"Hyzler",4
MT,"Abrahem",4
MT,"Marwan",4
MT,"Copperstone",4
MT,"Corito",4
MT,"Manché",4
MT,"Abid",4
MT,"Aliwi",4
MT,"Debatista",4
MT,"Debarro",4
MT,"Galia",4
MT,"فرج",4
MT,"Pierre",4
MT,"Alla",4
MT,"Martins",4
MT,"Cool",4
MT,"Field",4
MT,"Aleksic",4
MT,"Gatto",4
MT,"Horvath",4
MT,"Abukar",4
MT,"Messi",4
MT,"Alden",4
MT,"Sunshine",4
MT,"Metodiev",4
MT,"Stojiljkovic",4
MT,"Alessi",4
MT,"House",4
MT,"Abshir",4
MT,"Richards",4
MT,"Sowe",4
MT,"Petrovska",4
MT,"Lukacs",4
MT,"Darboe",4
MT,"Mas",4
MT,"Abubaker",4
MT,"Hardy",4
MT,"Fulton",4
MT,"Marinov",4
MT,"Saed",4
MT,"Harun",4
MT,"حريث",4
MT,"Rankovic",4
MT,"Mariano",4
MT,"Daly",4
MT,"Ande",4
MT,"Philips",4
MT,"Franco",4
MT,"Francesca",4
MT,"Abalos",4
MT,"Haybe",4
MT,"Marinkovic",4
MT,"Il Belti",4
MT,"Aguila",4
MT,"Miguel",4
MT,"Stanojevic",4
MT,"Andrew",4
MT,"Dheere",4
MT,"Hijazi",4
MT,"Petkov",4
MT,"Trigona",4
MT,"Butterworth",4
MT,"Song",4
MT,"Van",4
MT,"Dalessandro",4
MT,"Jimmy",4
MT,"Van Beek",4
MT,"Porter",4
MT,"Duffy",4
MT,"Bravo",4
MT,"Dear",4
MT,"Nicole",4
MT,"Bundy",4
MT,"Njoku",4
MT,"Hegarty",4
MT,"Spalding",4
MT,"Nielsen",4
MT,"Spencer",4
MT,"Henderson",4
MT,"Urso",4
MT,"Spa",4
MT,"Petticrew",4
MT,"Dancona",4
MT,"Briggs",4
MT,"Hersey",4
MT,"Sevasta",4
MT,"Burgess",4
MT,"Persico",4
MT,"Briscoe",4
MT,"Ka",4
MT,"Dani",4
MT,"Ishmael",4
MT,"Connor",4
MT,"Orland",4
MT,"Hussain",4
MT,"Ortoleva",4
MT,"Iacono",4
MT,"Osas",4
MT,"Ion",4
MT,"Des",4
MT,"Cassola",4
MT,"Su",4
MT,"Suarez",4
MT,"Costantino",4
MT,"Castelletti",4
MT,"Habib",4
MT,"Hallett",4
MT,"Pace Balzan",4
MT,"Pio",4
MT,"Ciric",4
MT,"Silver",4
MT,"Pace Gasan",4
MT,"Tas",4
MT,"Chiarenza",4
MT,"Clifford",4
MT,"Chetcuti Bonavita",4
MT,"Payne",4
MT,"Topic",4
MT,"Popovic",4
MT,"Pawney",4
MT,"Porcaro",4
MT,"Sharma",4
MT,"Obrien",4
MT,"Holmberg",4
MT,"Stephens",4
MT,"Trajkovski",4
MT,"Caffari",4
MT,"Pecorella",4
MT,"Cacciatore",4
MT,"Pearce",4
MT,"Doris",4
MT,"Ja",4
MT,"Thornley",4
MT,"Okoh",4
MT,"Delezio",4
MT,"Patrick",4
MT,"Jan",4
MT,"Dorianne",4
MT,"Campanella",4
MT,"Cumar",4
MT,"Tine",4
MT,"Tito",4
MT,"Zammit Montebello",4
MT,"Mcharg",4
MT,"Garroni",4
MT,"Atzori",4
MT,"Mckenna",4
MT,"Larsson",4
MT,"Macelli",4
MT,"Zain",4
MT,"Eteer",4
MT,"Mon",4
MT,"Yao",4
MT,"Mompalao",4
MT,"Samut",4
MT,"Yang",4
MT,"Balbi",4
MT,"Radmilli",4
MT,"Salt",4
MT,"Magna",4
MT,"Yildiz",4
MT,"Yohannes",4
MT,"Mohamoud",4
MT,"La Guardia",4
MT,"Mohamad",4
MT,"Ryu",4
MT,"Amato Gauci",4
MT,"Fiott",4
MT,"Ruth",4
MT,"Lucic",4
MT,"Longden",4
MT,"Milad",4
MT,"Farugia",4
MT,"Miladinovic",4
MT,"Leguesse",4
MT,"Milanovic",4
MT,"Antic",4
MT,"Aqulina",4
MT,"Archer",4
MT,"Zito",4
MT,"Amri",4
MT,"Mif",4
MT,"Liang",4
MT,"Żammit",4
MT,"Midolo",4
MT,"Angelo",4
MT,"Mihajlović",4
MT,"Mehdawi",4
MT,"Roy",4
MT,"Geradze",4
MT,"Ellafi",4
MT,"Bk",4
MT,"Nava",4
MT,"Borg Olivier",4
MT,"Wait",4
MT,"Fucile",4
MT,"Rodgers",4
MT,"Ndao",4
MT,"Gomez Blanco",4
MT,"Gomes",4
MT,"وادي",4
MT,"Booker",4
MT,"Grange",4
MT,"Purvis",4
MT,"Rex",4
MT,"Maurin",4
MT,"Wiltshire",4
MT,"Sebastian",4
MT,"Mariani",4
MT,"Bannister",4
MT,"Barreiro",4
MT,"Sanjic",4
MT,"Kravchenko",4
MT,"Neil",4
MT,"Erosido",4
MT,"Marconi",4
MT,"Quattrocchi",4
MT,"Warsame",4
MT,"Wareing",4
MT,"Bergman",4
MT,"Rojas",4
MT,"Freni",4
MT,"Bedingfield",4
MT,"Welsby",4
MT,"Wellman",4
MT,"Mulè Stagno",3
MT,"Balla",3
MT,"Bensaad",3
MT,"Cartan",3
MT,"Cricchiola",3
MT,"Carter Olivari",3
MT,"Ballici",3
MT,"البركي",3
MT,"Mascena",3
MT,"Jee",3
MT,"Villiyam",3
MT,"Ken",3
MT,"Balan",3
MT,"Blue",3
MT,"Monsigneur",3
MT,"البدر",3
MT,"Crisafulli",3
MT,"Abufares",3
MT,"Pokhlebin",3
MT,"Abu",3
MT,"Monica",3
MT,"Ola",3
MT,"Yakubu",3
MT,"Stanciu",3
MT,"Gauci Grech",3
MT,"Abubakar",3
MT,"Waka",3
MT,"Caroline",3
MT,"Sasa",3
