country,name,count
CY,"Georgiou",1511
CY,"Ioannou",1128
CY,"Charalambous",976
CY,"Constantinou",907
CY,"Christodoulou",811
CY,"Michael",786
CY,"Andreou",745
CY,"Antoniou",723
CY,"Demetriou",707
CY,"Nicolaou",682
CY,"Singh",581
CY,"Stylianou",535
CY,"Savva",511
CY,"Christou",462
CY,"Panayiotou",371
CY,"Petrou",342
CY,"Kyriakou",337
CY,"Christoforou",335
CY,"Nikolaou",330
CY,"Kyriacou",328
CY,"Theodorou",327
CY,"Loizou",326
CY,"Christofi",319
CY,"Kaur",297
CY,"Anastasiou",256
CY,"Pavlou",245
CY,"Stavrou",244
CY,"Michaelides",241
CY,"Papadopoulos",240
CY,"Kyprianou",239
CY,"Alexandrou",226
CY,"Neophytou",225
CY,"Vasiliou",218
CY,"Panayi",208
CY,"Chrysostomou",207
CY,"Konstantinou",191
CY,"Philippou",182
CY,"Eleftheriou",180
CY,"Dimitriou",176
CY,"Cyprus",170
CY,"Efstathiou",169
CY,"Papadopoulou",162
CY,"Ioannides",162
CY,"Gregoriou",162
CY,"Chrysanthou",162
CY,"Elia",154
CY,"Ali",152
CY,"Constantinides",150
CY,"Kyriakides",143
CY,"Savvides",142
CY,"Demosthenous",140
CY,"Georgiades",138
CY,"Panteli",138
CY,"Evangelou",136
CY,"Lambrou",134
CY,"Charalampous",133
CY,"Vassiliou",133
CY,"Nicolaides",132
CY,"Spyrou",131
CY,"Maria",130
CY,"Gill",128
CY,"Soteriou",127
CY,"Aristidou",127
CY,"Achilleos",124
CY,"Michaelidou",123
CY,"Iacovou",122
CY,"Louca",120
CY,"Theodosiou",118
CY,"Avraam",118
CY,"Athanasiou",118
CY,"Socratous",118
CY,"Smith",117
CY,"Sharma",116
CY,"Evripidou",112
CY,"Hadjigeorgiou",109
CY,"Solomou",108
CY,"Ahmed",106
CY,"Papageorgiou",106
CY,"Paraskeva",105
CY,"Theodoulou",105
CY,"Ioannidou",104
CY,"Kumar",103
CY,"Sandhu",103
CY,"Leonidou",102
CY,"Louka",101
CY,"Adamou",100
CY,"Antreou",98
CY,"Lazarou",98
CY,"Mina",98
CY,"Argyrou",98
CY,"Christodoulides",97
CY,"Kleanthous",94
CY,"Sofokleous",94
CY,"Georgiadou",93
CY,"Costa",92
CY,"Panagi",92
CY,"Demetriades",90
CY,"Savvidou",89
CY,"Elena",89
CY,"Christofides",86
CY,"Antoniades",86
CY,"Aristodemou",84
CY,"Yiangou",84
CY,"Menelaou",83
CY,"Sherpa",82
CY,"Constantinidou",81
CY,"Petrides",81
CY,"Neocleous",81
CY,"Photiou",80
CY,"Polycarpou",80
CY,"Sidhu",78
CY,"Theocharous",77
CY,"Ivanova",76
CY,"Antoniadou",76
CY,"Γεωργίου",76
CY,"Markou",76
CY,"Neofytou",75
CY,"Prodromou",75
CY,"Economides",74
CY,"Sofroniou",74
CY,"Charalambides",72
CY,"Pieri",72
CY,"Filippou",72
CY,"Economou",72
CY,"Thoma",72
CY,"Panagiotou",71
CY,"Xenofontos",70
CY,"Efthymiou",69
CY,"Loizides",68
CY,"Kyriakidou",67
CY,"Papaioannou",67
CY,"Theophanous",67
CY,"Aristotelous",67
CY,"Lama",65
CY,"Gavriel",65
CY,"Xenophontos",65
CY,"Kumari",64
CY,"Ahmad",64
CY,"Zachariou",64
CY,"Aresti",64
CY,"Perera",63
CY,"Nicolaidou",62
CY,"Brar",62
CY,"Andreas",62
CY,"Symeou",62
CY,"Zenonos",62
CY,"Sophocleous",62
CY,"Manoli",61
CY,"Erotokritou",61
CY,"Miltiadous",61
CY,"Damianou",60
CY,"Marcou",59
CY,"Michail",59
CY,"Odysseos",59
CY,"Pavlides",58
CY,"Gurung",58
CY,"Stefanou",58
CY,"Varnava",58
CY,"Khan",57
CY,"Agathangelou",57
CY,"Agapiou",56
CY,"Fotiou",56
CY,"Stephanou",56
CY,"Sergiou",55
CY,"Polydorou",55
CY,"Ivanov",54
CY,"Petridou",54
CY,"George",54
CY,"Polyviou",54
CY,"Anastasi",54
CY,"Agathokleous",54
CY,"Jones",54
CY,"Makris",53
CY,"Panayides",53
CY,"Eliades",53
CY,"Onisiforou",53
CY,"Sotiriou",53
CY,"Nearchou",53
CY,"Islam",52
CY,"Tamang",52
CY,"محمد",52
CY,"Daniel",52
CY,"Deep",52
CY,"Χαραλάμπους",52
CY,"Theofanous",51
CY,"Papa",51
CY,"Papamichael",51
CY,"Christodoulidou",50
CY,"Ellina",50
CY,"Themistokleous",50
CY,"Chris",50
CY,"Charilaou",50
CY,"Paschali",49
CY,"Avgousti",49
CY,"Herodotou",49
CY,"Dhillon",48
CY,"Thapa",48
CY,"Kokkinos",47
CY,"Ellinas",47
CY,"Κωνσταντίνου",47
CY,"Γεωργιου",47
CY,"Stavrinou",47
CY,"Miltiadou",47
CY,"Loizidou",46
CY,"Saab",46
CY,"Markides",46
CY,"Onoufriou",46
CY,"Ιωαννου",46
CY,"Prokopiou",46
CY,"Polykarpou",46
CY,"Agathocleous",46
CY,"Pericleous",46
CY,"Hossain",45
CY,"Mohamed",45
CY,"Kosta",45
CY,"Dhaliwal",45
CY,"Evagorou",45
CY,"Afxentiou",45
CY,"Heracleous",45
CY,"Ιωάννου",45
CY,"Themistocleous",45
CY,"Pantelides",44
CY,"Stylianides",44
CY,"Gewrgiou",44
CY,"Procopiou",44
CY,"Hadjimichael",44
CY,"Brown",44
CY,"Vasileiou",44
CY,"Toumazou",44
CY,"Sofocleous",44
CY,"Kiriakou",43
CY,"Iakovou",43
CY,"Fernando",42
CY,"Frangou",42
CY,"Thomas",42
CY,"Grigoriou",42
CY,"Angeli",42
CY,"Theodotou",42
CY,"Hadjioannou",42
CY,"Dimitrova",41
CY,"Rana",41
CY,"Mixail",41
CY,"Tryfonos",41
CY,"Χαραλαμπους",41
CY,"Artemiou",41
CY,"Νικολάου",41
CY,"Χριστοδούλου",41
CY,"Μιχαήλ",41
CY,"Mylonas",40
CY,"Perikleous",40
CY,"Williams",40
CY,"Martin",40
CY,"Papanicolaou",40
CY,"Saini",39
CY,"Zacharia",39
CY,"Ch",39
CY,"Papapetrou",39
CY,"Παναγιώτου",39
CY,"Kokkinou",38
CY,"Stavrinides",38
CY,"Erodotou",38
CY,"Mihai",37
CY,"Shrestha",37
CY,"Constantin",37
CY,"Gabriel",37
CY,"Dionysiou",37
CY,"Radu",37
CY,"Yiannakou",37
CY,"Petrova",36
CY,"Charalambidou",36
CY,"Economidou",36
CY,"Theocharides",36
CY,"Ibrahim",36
CY,"Leontiou",36
CY,"Lysandrou",36
CY,"Matheou",36
CY,"Neokleous",36
CY,"Thrasyvoulou",36
CY,"Ionut",35
CY,"Violari",35
CY,"Petrov",35
CY,"Orphanides",35
CY,"Karayiannis",35
CY,"Protopapas",35
CY,"Patsalides",35
CY,"Preet",35
CY,"Johnson",35
CY,"Modestou",35
CY,"Makrides",35
CY,"Georghiou",35
CY,"Αντωνίου",35
CY,"Iwannou",35
CY,"Zeniou",35
CY,"Mihaela",34
CY,"Panayidou",34
CY,"Pavlidou",34
CY,"Florin",34
CY,"Christofidou",34
CY,"Pittas",34
CY,"Papas",34
CY,"Mylona",34
CY,"Symeonides",34
CY,"Avraamides",34
CY,"Tsangarides",34
CY,"Angelides",34
CY,"Kalli",34
CY,"Green",34
CY,"Apostolou",34
CY,"Eracleous",34
CY,"Kalogirou",34
CY,"Mavrommatis",33
CY,"Κυριακου",33
CY,"King",33
CY,"Timotheou",33
CY,"Ioakim",33
CY,"Joseph",33
CY,"Hyolmo",32
CY,"Demetriadou",32
CY,"Marios",32
CY,"Xristou",32
CY,"Violaris",32
CY,"Δημητρίου",32
CY,"Vassiliades",32
CY,"Gheorghe",32
CY,"Κωνσταντινου",32
CY,"Kallis",32
CY,"Haralambous",32
CY,"Irakleous",32
CY,"Omirou",32
CY,"Papacharalambous",32
CY,"Protopapa",31
CY,"Randhawa",31
CY,"Pitsillides",31
CY,"Tsangari",31
CY,"Paphitis",31
CY,"Nguyen",31
CY,"Marinou",31
CY,"Charitou",31
CY,"Hadjikyriacou",31
CY,"Νικολαου",31
CY,"Iosif",31
CY,"Andronikou",31
CY,"Tsangaris",30
CY,"Iacovides",30
CY,"Pantelidou",30
CY,"Pitta",30
CY,"Pierides",30
CY,"Andrei",30
CY,"Loucaides",30
CY,"Xristodoulou",30
CY,"Iordanou",30
CY,"Hadjicharalambous",30
CY,"Georgieva",29
CY,"Anastasiades",29
CY,"Hadjiyiannis",29
CY,"Karayianni",29
CY,"Karaolis",29
CY,"Taylor",29
CY,"Pafitis",28
CY,"Maan",28
CY,"Gavrielides",28
CY,"David",28
CY,"Efthimiou",28
CY,"Zinonos",28
CY,"Nicola",28
CY,"Σάββα",28
CY,"Στυλιανού",28
CY,"Marius",27
CY,"Dimitrov",27
CY,"Spanos",27
CY,"Kontou",27
CY,"Shah",27
CY,"Papachristodoulou",27
CY,"Thakur",27
CY,"Παναγιωτου",27
CY,"Koumi",27
CY,"Hadjinicolaou",27
CY,"Cleanthous",27
CY,"Potamitis",26
CY,"Cristian",26
CY,"Marian",26
CY,"Spanou",26
CY,"Argyrides",26
CY,"Magar",26
CY,"Makri",26
CY,"Malik",26
CY,"Evans",26
CY,"Nathanael",26
CY,"Orphanou",26
CY,"Popa",26
CY,"Andronicou",26
CY,"Ανδρέου",26
CY,"احمد",25
CY,"Silva",25
CY,"Melas",25
CY,"Hussain",25
CY,"Hadjiyianni",25
CY,"Drakos",25
CY,"Zachariades",25
CY,"Philippides",25
CY,"Steliou",25
CY,"Sokratous",25
CY,"Christophorou",25
CY,"Aristeidou",25
CY,"Popov",24
CY,"Rahman",24
CY,"Rani",24
CY,"Anna",24
CY,"John",24
CY,"Efstratiou",24
CY,"Psara",24
CY,"Sarris",24
CY,"Lewis",24
CY,"Papaconstantinou",24
CY,"Chrisostomou",24
CY,"Flourentzou",24
CY,"Kesidou",23
CY,"Cheema",23
CY,"Ioana",23
CY,"Alexandru",23
CY,"Markidou",23
CY,"Kostantinou",23
CY,"Limbu",23
CY,"Stavrides",23
CY,"Hadjicosta",23
CY,"Papademetriou",23
CY,"Zenios",23
CY,"Mohammed",23
CY,"Papandreou",23
CY,"Δημητριου",23
CY,"Cooper",23
CY,"Eftychiou",23
CY,"Asprou",23
CY,"Κυριάκου",23
CY,"Constandinou",23
CY,"Wilson",23
CY,"Papantoniou",23
CY,"Giannakou",23
CY,"Moyseos",23
CY,"Kakoullis",22
CY,"Nikolova",22
CY,"Angelova",22
CY,"Anastasiadou",22
CY,"Abbas",22
CY,"Petsa",22
CY,"Assiotis",22
CY,"Alexandra",22
CY,"Eliadou",22
CY,"Marangos",22
CY,"Ilia",22
CY,"Apostolides",22
CY,"Paul",22
CY,"Popescu",22
CY,"Papasavva",22
CY,"Χρίστου",22
CY,"Rai",22
CY,"Mattheou",22
CY,"Petri",22
CY,"Papachristoforou",22
CY,"Cosma",22
CY,"Papakyriakou",22
CY,"Walker",22
CY,"Kesidis",21
CY,"Popova",21
CY,"علي",21
CY,"Zambas",21
CY,"Marina",21
CY,"Bhullar",21
CY,"Psaras",21
CY,"Χριστοφή",21
CY,"Habib",21
CY,"الشام",21
CY,"Αντωνιου",21
CY,"Christophi",21
CY,"Hussein",21
CY,"Yianni",21
CY,"Theofilou",21
CY,"Athinodorou",21
CY,"Meletiou",21
CY,"Agisilaou",21
CY,"Epiphaniou",21
CY,"Nikiforou",21
CY,"Roberts",21
CY,"Adamides",20
CY,"Nikolaidou",20
CY,"Gabriela",20
CY,"Papasavvas",20
CY,"Virk",20
CY,"Yiallouros",20
CY,"Stefan",20
CY,"Orphanidou",20
CY,"ابراهيم",20
CY,"Saleh",20
CY,"Phylactou",20
CY,"Bogdan",20
CY,"Xristoforou",20
CY,"Parpas",20
CY,"Μιχαηλ",20
CY,"Grewal",20
CY,"Vasile",20
CY,"Χριστοδουλου",20
CY,"James",20
CY,"Gerolemou",20
CY,"Costantinou",20
CY,"Matei",20
CY,"Wright",20
CY,"Hadjipetrou",20
CY,"Nicoleta",19
CY,"Metaxas",19
CY,"Kritikos",19
CY,"Alina",19
CY,"Pelekanos",19
CY,"Minas",19
CY,"Kasapis",19
CY,"Mary",19
CY,"Bajwa",19
CY,"Nikolaides",19
CY,"Patsalidou",19
CY,"Dimitris",19
CY,"Verma",19
CY,"Toumbas",19
CY,"Kazamias",19
CY,"Angel",19
CY,"Shiakallis",19
CY,"Kwnstantinou",19
CY,"Nestoros",19
CY,"Fellas",19
CY,"Neofitou",19
CY,"Panayiotides",19
CY,"Mavrou",19
CY,"Papakyriacou",19
CY,"Demou",19
CY,"Yerolemou",19
CY,"Joannou",19
CY,"Hadjidemetriou",19
CY,"Geo",19
CY,"Todorova",18
CY,"Georgiev",18
CY,"Giorgos",18
CY,"Adam",18
CY,"Paraskevas",18
CY,"Mustafa",18
CY,"Mikellides",18
CY,"Irodotou",18
CY,"Costas",18
CY,"Komodromos",18
CY,"Kazamia",18
CY,"Clerides",18
CY,"Mavri",18
CY,"Mann",18
CY,"Xeni",18
CY,"Aristodimou",18
CY,"Harris",18
CY,"Apostolidou",18
CY,"Edwards",18
CY,"Ignatiou",18
CY,"Βασιλείου",18
CY,"Papaloizou",18
CY,"Αντρεου",18
CY,"Ionescu",18
CY,"Constanti",18
CY,"Kakoulli",18
CY,"Theophilou",18
CY,"Theo",18
CY,"Davies",18
CY,"Paraskevopoulos",17
CY,"Cristina",17
CY,"Pitsillos",17
CY,"Jatt",17
CY,"Vasileva",17
CY,"Zachariadou",17
CY,"Stavrinidou",17
CY,"الاحمد",17
CY,"Rajapaksha",17
CY,"Shiakalli",17
CY,"Philippidou",17
CY,"Iacovidou",17
CY,"Gregoriades",17
CY,"Rossides",17
CY,"Alahmad",17
CY,"Georghiades",17
CY,"Tsangaridou",17
CY,"Kadis",17
CY,"Evgeniou",17
CY,"Roussou",17
CY,"Marangou",17
CY,"Pafiti",17
CY,"Hadjisavva",17
CY,"Christos",17
CY,"Πέτρου",17
CY,"Collins",17
CY,"Anaxagorou",17
CY,"Rusu",17
CY,"Vasou",17
CY,"Jacovides",17
CY,"Alexiou",17
CY,"Roxana",16
CY,"Deol",16
CY,"Sergides",16
CY,"Apollon",16
CY,"Makridou",16
CY,"Kasapi",16
CY,"Lazarides",16
CY,"Kountouris",16
CY,"Rousou",16
CY,"Mavris",16
CY,"Roussos",16
CY,"Mike",16
CY,"Hadjisavvas",16
CY,"Chahal",16
CY,"Issa",16
CY,"Manea",16
CY,"Stoica",16
CY,"Theocharidou",16
CY,"Stavri",16
CY,"Skordis",16
CY,"Omar",16
CY,"Solomonides",16
CY,"Antwniou",16
CY,"Price",16
CY,"Nicolas",16
CY,"Gerasimou",16
CY,"Evaggelou",16
CY,"Englezou",16
CY,"Kosma",16
CY,"Iona",16
CY,"Joannides",16
CY,"Scott",16
CY,"Venizelou",16
CY,"Hall",16
CY,"Baker",16
CY,"Lamprou",16
CY,"Voskou",16
CY,"Σαββα",16
CY,"Xaralampous",16
CY,"Artemi",16
CY,"Papanastasiou",16
CY,"Muhammad",15
CY,"Daniela",15
CY,"Kyprianidou",15
CY,"Stylianidou",15
CY,"Mariana",15
CY,"Florentina",15
CY,"Adrian",15
CY,"Kontos",15
CY,"Antonova",15
CY,"Michailidou",15
CY,"Karagiorgis",15
CY,"Catalin",15
CY,"Kythreotis",15
CY,"Papacosta",15
CY,"Ciobanu",15
CY,"Dimitriadis",15
CY,"Taliadoros",15
CY,"Χριστοφόρου",15
CY,"Abbara",15
CY,"Frantzis",15
CY,"Georgiadis",15
CY,"Potamitou",15
CY,"Mohamad",15
CY,"Tsolakis",15
CY,"Atanasova",15
CY,"Eleni",15
CY,"Theodorides",15
CY,"Savvas",15
CY,"Kanaris",15
CY,"Smirnova",15
CY,"Pipis",15
CY,"Young",15
CY,"Parker",15
CY,"Χριστου",15
CY,"Αναστασίου",15
CY,"Varnavides",15
CY,"Toma",15
CY,"Agrotis",15
CY,"Turner",15
CY,"Hadjivassiliou",15
CY,"Kelly",15
CY,"Garcia",15
CY,"Stefani",15
CY,"Hadjivasiliou",15
CY,"Costi",15
CY,"Klitou",15
CY,"Mavrides",15
CY,"Watson",15
CY,"Papaefstathiou",15
CY,"Hadjipanayi",15
CY,"Hadjisoteriou",15
CY,"Hadjichristodoulou",15
CY,"Orthodoxou",15
CY,"Solonos",15
CY,"Maratheftis",14
CY,"Kallenos",14
CY,"Konnaris",14
CY,"Andreea",14
CY,"Pilavaki",14
CY,"Stoyanov",14
CY,"Saridis",14
CY,"Chowdhury",14
CY,"Nikolov",14
CY,"Marnerou",14
CY,"Marneros",14
CY,"Stefanova",14
CY,"Jutt",14
CY,"Valentin",14
CY,"Angelov",14
CY,"Zamba",14
CY,"Florides",14
CY,"Awad",14
CY,"Alexander",14
CY,"Avraamidou",14
CY,"Karaoli",14
CY,"Georgiana",14
CY,"Sergidou",14
CY,"Papayiannis",14
CY,"Aspri",14
CY,"Rousos",14
CY,"Symeonidou",14
CY,"Mavrommati",14
CY,"Mavros",14
CY,"Eleftheriades",14
CY,"Mohammad",14
CY,"Angelidou",14
CY,"Gavrielidou",14
CY,"Syrimis",14
CY,"Sami",14
CY,"Pitsillidou",14
CY,"Serban",14
CY,"Khalil",14
CY,"Miller",14
CY,"Παναγή",14
CY,"Voniatis",14
CY,"Papanikolaou",14
CY,"Erakleous",14
CY,"Kleovoulou",14
CY,"Ανδρεου",14
CY,"Kyprianides",14
CY,"Drakou",14
CY,"Nikola",14
CY,"Komodromou",14
CY,"Konnari",14
CY,"Sandu",14
CY,"Aggeli",14
CY,"Hanna",14
CY,"Νεοφυτου",14
CY,"Στυλιανου",14
CY,"Christophides",14
CY,"Chambi",14
CY,"Lazar",14
CY,"Myrianthous",14
CY,"Xaralambous",14
CY,"Munteanu",14
CY,"Taki",14
CY,"Zavrou",14
CY,"Thompson",14
CY,"Hadjipavlou",14
CY,"Hughes",14
CY,"Hadjithoma",14
CY,"Diakou",14
CY,"Farah",14
CY,"Chari",14
CY,"Kyrou",14
CY,"Hadjiloizou",14
CY,"Haddad",14
CY,"Papaleontiou",14
CY,"Diogenous",14
CY,"Nikos",13
CY,"Galatis",13
CY,"Mesaritis",13
CY,"Kareklas",13
CY,"Mario",13
CY,"Попов",13
CY,"Photiades",13
CY,"Mitas",13
CY,"Tziortzis",13
CY,"Ioannidis",13
CY,"Hadjicostis",13
CY,"Vryonidou",13
CY,"Iliev",13
CY,"Adamidou",13
CY,"Lagos",13
CY,"Hadjicosti",13
CY,"Michalis",13
CY,"Mavromichalis",13
CY,"Dsouza",13
CY,"حسين",13
CY,"Kyprou",13
CY,"Nicolae",13
CY,"Strouthos",13
CY,"Yousef",13
CY,"Loucaidou",13
CY,"Petsas",13
CY,"Wood",13
CY,"Χριστοφη",13
CY,"Vasiliades",13
CY,"Spyrides",13
CY,"Ramos",13
CY,"Ivan",13
CY,"Vlachos",13
CY,"Vrahimi",13
CY,"Kamal",13
CY,"Kanari",13
CY,"Paschalides",13
CY,"Bains",13
CY,"Oprea",13
CY,"Kallinikou",13
CY,"Kakouris",13
CY,"Sran",13
CY,"Aman",13
CY,"Dimosthenous",13
CY,"Pelekanou",13
CY,"Moiseos",13
CY,"Rodosthenous",13
CY,"Ioanou",13
CY,"Gray",13
CY,"Liasi",13
CY,"Yiasoumi",13
CY,"Arora",13
CY,"Phillips",13
CY,"Aulakh",13
CY,"Bandara",13
CY,"Yiakoumi",13
CY,"Vladimirou",13
CY,"Drousiotis",13
CY,"Makariou",13
CY,"Papastavrou",13
CY,"Athanasiades",13
CY,"Droussiotis",13
CY,"Theologou",13
CY,"Pavlova",12
CY,"Kotanidis",12
CY,"الياسين",12
CY,"Frangos",12
CY,"Poyiadjis",12
CY,"Patsias",12
CY,"Saridou",12
CY,"Maya",12
CY,"Ierides",12
CY,"Michailidis",12
CY,"Hristov",12
CY,"Matar",12
CY,"Nick",12
CY,"Athanasiadou",12
CY,"Tsolaki",12
CY,"Alex",12
CY,"Rathnayaka",12
CY,"Vryonides",12
CY,"Antoniadis",12
CY,"Uddin",12
CY,"Kakouri",12
CY,"Solomonidou",12
CY,"الحسين",12
CY,"Leventis",12
CY,"Naziris",12
CY,"Patsia",12
CY,"Papadimitriou",12
CY,"Photiadou",12
CY,"Robert",12
CY,"Giannis",12
CY,"Rossidou",12
CY,"Asaad",12
CY,"Metaxa",12
CY,"Leandrou",12
CY,"Panagides",12
CY,"Assaf",12
CY,"Leventi",12
CY,"Abdo",12
CY,"Reynolds",12
CY,"Morris",12
CY,"Mouskou",12
CY,"Heart",12
CY,"Mela",12
CY,"Ungureanu",12
CY,"Murphy",12
CY,"Nicou",12
CY,"Lungu",12
CY,"Anastassiou",12
CY,"Mahmoud",12
CY,"Ilie",12
CY,"Lazari",12
CY,"Richardson",12
CY,"Bailey",12
CY,"White",12
CY,"Hadjichristou",12
CY,"Pap",12
CY,"Marin",12
CY,"Panaretou",12
CY,"Kara",12
CY,"Σταύρου",12
CY,"Karam",12
CY,"Koutsou",12
CY,"Kouppas",12
CY,"Kattou",12
CY,"Φιλίππου",12
CY,"Graham",12
CY,"Limassol",12
CY,"Stilianou",12
CY,"Neoptolemou",12
CY,"Charidemou",12
CY,"Samra",12
CY,"Mihail",12
CY,"Balan",12
CY,"Rose",12
CY,"Νεοφύτου",12
CY,"Staurou",12
CY,"Ermogenous",12
CY,"Yiannaki",12
CY,"Anderson",12
CY,"Liassides",12
CY,"Papastylianou",12
CY,"Argyridou",11
CY,"Borisova",11
CY,"Todorov",11
CY,"Eid",11
CY,"Gujjar",11
CY,"Stratis",11
CY,"العلي",11
CY,"Marathefti",11
CY,"Gregoriadou",11
CY,"Παπαδόπουλος",11
CY,"Xinaris",11
CY,"Moisidis",11
CY,"Mousikos",11
CY,"Hasan",11
CY,"Kamboj",11
CY,"Yordanov",11
CY,"Petkov",11
CY,"Papettas",11
CY,"Katsaris",11
CY,"Pattichis",11
CY,"Orphanos",11
CY,"Ilieva",11
CY,"Mendoza",11
CY,"Jatti",11
CY,"Vasiliadou",11
CY,"Pantazis",11
CY,"Papacostas",11
CY,"Demetris",11
CY,"الحسن",11
CY,"Ionela",11
CY,"Marinova",11
CY,"Mouzouris",11
CY,"Koumis",11
CY,"Xristofi",11
CY,"Ktorides",11
CY,"Hadjicostas",11
CY,"Telemachou",11
CY,"Glykis",11
CY,"Chimonides",11
CY,"Sotiris",11
CY,"Hadjipanayis",11
CY,"Violeta",11
CY,"House",11
CY,"Mansour",11
CY,"Vlachou",11
CY,"Papadakis",11
CY,"Πετρου",11
CY,"Polemitis",11
CY,"Elias",11
CY,"Tsikkou",11
CY,"Mouzouri",11
CY,"Bhatia",11
CY,"Hadji",11
CY,"الشامي",11
CY,"Masoura",11
CY,"Karki",11
CY,"Grigore",11
CY,"Lee",11
CY,"Dobre",11
CY,"Thrasivoulou",11
CY,"Bond",11
CY,"Pashias",11
CY,"Patsalou",11
CY,"Badea",11
CY,"Germanou",11
CY,"Kuriakou",11
CY,"Kumara",11
CY,"Zhang",11
CY,"Ktori",11
CY,"Kalogerou",11
CY,"Karagiorgi",11
CY,"Frangoudes",11
CY,"Khadka",11
CY,"Khoury",11
CY,"Βασιλειου",11
CY,"Jordan",11
CY,"Josephides",11
CY,"Russell",11
CY,"Carter",11
CY,"Neagu",11
CY,"Petre",11
CY,"Sunny",11
CY,"Sarkisian",11
CY,"Cy",11
CY,"Voicu",11
CY,"Panagiwtou",11
CY,"Davis",11
CY,"Soteriades",11
CY,"Dragomir",11
CY,"Genethliou",11
CY,"Hadjichristofi",11
CY,"Hadjikyriakou",11
CY,"Shaw",11
CY,"Papaiacovou",11
CY,"Larkou",11
CY,"Frangeskou",11
CY,"Perdiou",10
CY,"Tzionis",10
CY,"Cosmin",10
CY,"Иванова",10
CY,"Ashiotis",10
CY,"Xiourouppas",10
CY,"Kountouri",10
CY,"Pieris",10
CY,"Zantis",10
CY,"Psaltis",10
CY,"Vrahimis",10
CY,"Koliandris",10
CY,"Adriana",10
CY,"Kefala",10
CY,"Petkova",10
CY,"Nikolaidis",10
CY,"Choudhary",10
CY,"Stefanov",10
CY,"Evangelidou",10
CY,"Sokolova",10
CY,"Demetriade",10
CY,"Pantazi",10
CY,"Olympios",10
CY,"Englezos",10
CY,"Hadjiantoni",10
CY,"Tatiana",10
CY,"Roy",10
CY,"Taha",10
CY,"Aidinidis",10
CY,"Loukaidou",10
CY,"Moustakas",10
CY,"Bhatti",10
CY,"Paphiti",10
CY,"Mouzouros",10
CY,"Koutsoftas",10
CY,"Georgakis",10
CY,"Koureas",10
CY,"Diamantides",10
CY,"Tseriotis",10
CY,"Saad",10
CY,"Xydas",10
CY,"Tmg",10
CY,"Iuliana",10
CY,"Germanos",10
CY,"Kallenou",10
CY,"Droushiotis",10
CY,"Tsielepis",10
CY,"Christoudias",10
CY,"Nastase",10
CY,"Kiprianou",10
CY,"Youssef",10
CY,"Solea",10
CY,"Younes",10
CY,"Strouthou",10
CY,"Liasidou",10
CY,"Anastassiades",10
CY,"Amer",10
CY,"Koulermou",10
CY,"Christoudia",10
CY,"Paschalidou",10
CY,"Παπαγεωργίου",10
CY,"Dumitru",10
CY,"Martinez",10
CY,"Patsalis",10
CY,"Ror",10
CY,"Anton",10
CY,"Queen",10
CY,"Σωτηρίου",10
CY,"Kyrillou",10
CY,"Ix",10
CY,"Andrews",10
CY,"Simion",10
CY,"Messios",10
CY,"Alambritis",10
CY,"Παναγη",10
CY,"Φιλιππου",10
CY,"Karekla",10
CY,"Θεοδώρου",10
CY,"Kosti",10
CY,"Florea",10
CY,"Hundal",10
CY,"Giovanni",10
CY,"Jackson",10
CY,"Jamal",10
CY,"Αποστολου",10
CY,"Assioti",10
CY,"Nicol",10
CY,"Alhasan",10
CY,"Rotaru",10
CY,"Stanciu",10
CY,"Paphos",10
CY,"Spirou",10
CY,"Vrachas",10
CY,"Yiallourou",10
CY,"Xanthou",10
CY,"Wang",10
CY,"Σοφοκλέους",10
CY,"Roman",10
CY,"Kaizer",10
CY,"Ιακώβου",10
CY,"Kapoor",10
CY,"Preda",10
CY,"Tyrimou",10
CY,"Bell",10
CY,"Barrett",10
CY,"Tryphonos",10
CY,"Giagkou",10
CY,"Ioan",10
CY,"Glover",10
CY,"Fylaktou",10
CY,"Andrea",10
CY,"Euripidou",10
CY,"Zannettou",10
CY,"Mousa",10
CY,"Parperi",10
CY,"Parpa",10
CY,"Ellis",10
CY,"Richards",10
CY,"Kerr",10
CY,"Hadjizacharia",10
CY,"Hadjineophytou",10
CY,"Zisimou",10
CY,"Menicou",10
CY,"Abdallah",10
CY,"Damayanthi",9
CY,"Kythreotou",9
CY,"Olga",9
CY,"Peratikos",9
CY,"Novikova",9
CY,"Koumas",9
CY,"Koursarou",9
CY,"Frixou",9
CY,"Malekos",9
CY,"Monika",9
CY,"Kitsios",9
CY,"Lazaridou",9
CY,"Pathirana",9
CY,"المصري",9
CY,"المحمد",9
CY,"Andreeva",9
CY,"Liasides",9
CY,"Flouri",9
CY,"Konstantinidis",9
CY,"Zorpas",9
CY,"Mitsides",9
CY,"Epaminonda",9
CY,"Diana",9
CY,"Petros",9
CY,"Atanasov",9
CY,"Manolis",9
CY,"Zorpa",9
CY,"Kolokotronis",9
CY,"Devi",9
CY,"Kyriakos",9
CY,"Ktoris",9
CY,"Pieridou",9
CY,"Vakanas",9
CY,"Groutas",9
CY,"Christoforides",9
CY,"Ionel",9
CY,"Theodoridou",9
CY,"Antonis",9
CY,"Claudiu",9
CY,"Gupta",9
CY,"Gamage",9
CY,"Kattos",9
CY,"Karagianni",9
CY,"Παπαδοπουλος",9
CY,"Reyes",9
CY,"Poullis",9
CY,"Charalambos",9
CY,"Reddy",9
CY,"Valiantis",9
CY,"Tsiakka",9
CY,"Tsingis",9
CY,"Samaras",9
CY,"Iakovidou",9
CY,"Lemesos",9
CY,"Orfanidou",9
CY,"Carmen",9
CY,"Liliana",9
CY,"Abdullah",9
CY,"Filip",9
CY,"Rodrigues",9
CY,"Peratikou",9
CY,"Perez",9
CY,"Karseras",9
CY,"Karantonis",9
CY,"Kestas",9
CY,"Frantzi",9
CY,"Popovici",9
CY,"Mavrikiou",9
CY,"Ramirez",9
CY,"Pun",9
CY,"Georgallides",9
CY,"Hadjiminas",9
CY,"Shakallis",9
CY,"Voniati",9
CY,"Pantziaros",9
CY,"Skordi",9
CY,"Papavasiliou",9
CY,"Alam",9
CY,"Schiza",9
CY,"Sekhon",9
CY,"Anghel",9
CY,"Lucky",9
CY,"Kyriakoy",9
CY,"Αντρέου",9
CY,"Iordanous",9
CY,"Noor",9
CY,"Nikolas",9
CY,"Averkiou",9
CY,"Paulou",9
CY,"Rossi",9
CY,"Ross",9
CY,"Peter",9
CY,"Papathomas",9
CY,"Serghiou",9
CY,"Papapavlou",9
CY,"Samuel",9
CY,"Mikellidou",9
CY,"Rajput",9
CY,"Mitchell",9
CY,"Cojocaru",9
CY,"Menoikou",9
CY,"Tsiakkas",9
CY,"Moore",9
CY,"العمر",9
CY,"Constantinos",9
CY,"Saif",9
CY,"Said",9
CY,"Kadi",9
CY,"Ryan",9
CY,"Gardner",9
CY,"Apoelara",9
CY,"Theoklitou",9
CY,"Hadjiadamou",9
CY,"Agathaggelou",9
CY,"Hadjiantoniou",9
CY,"Hadjimarcou",9
CY,"مصطفى",9
CY,"Jassi",9
CY,"Ioannoy",9
CY,"Stewart",9
CY,"Giorgalli",9
CY,"Ierodiakonou",9
CY,"Olteanu",9
CY,"Osman",9
CY,"Αθανασίου",9
CY,"Nikita",9
CY,"Nikou",9
CY,"Othman",9
CY,"Kypri",9
CY,"Evdokimou",9
CY,"Pan",9
CY,"Andrew",9
CY,"Zamfir",9
CY,"Nedelcu",9
CY,"Dinu",9
CY,"Γρηγορίου",9
CY,"Cox",9
CY,"Pavli",9
CY,"Con",9
CY,"Papayianni",9
CY,"Khatri",9
CY,"Fox",9
CY,"Erotocritou",9
CY,"Christopher",9
CY,"Papaphilippou",9
CY,"Morton",9
CY,"Morgan",9
CY,"Othonos",9
CY,"Stoian",9
CY,"Tomazou",9
CY,"Robinson",9
CY,"Georgia",8
CY,"Samir",8
CY,"Papetta",8
CY,"Stephanidou",8
CY,"Paphitou",8
CY,"Georgaki",8
CY,"Patsalidis",8
CY,"Hoang",8
CY,"Borisov",8
CY,"Παπαδοπούλου",8
CY,"Grivas",8
CY,"Pamboris",8
CY,"Zavros",8
CY,"Koursaros",8
CY,"Angelidis",8
CY,"Strati",8
CY,"يوسف",8
CY,"Liveras",8
CY,"Papoui",8
CY,"Souroullas",8
CY,"Evangelides",8
CY,"Marie",8
CY,"Sorin",8
CY,"Yiallourides",8
CY,"Skarparis",8
CY,"Vassiliadou",8
CY,"Lanitis",8
CY,"Isaias",8
CY,"Iulian",8
CY,"Κωνσταντινίδης",8
CY,"Kuznetsova",8
CY,"Kalaitsidou",8
CY,"Kalaitsidis",8
CY,"Sarri",8
CY,"Alkiviades",8
CY,"Savvidis",8
CY,"Butt",8
CY,"Schizas",8
CY,"Ntamotsidis",8
CY,"الخالد",8
CY,"Aloneftis",8
CY,"Chhina",8
CY,"Vasilev",8
CY,"Patsalos",8
CY,"Argyropoulou",8
CY,"Kittou",8
CY,"Antonopoulos",8
CY,"Morozova",8
CY,"Θεοδωρου",8
CY,"Попова",8
CY,"Kostas",8
CY,"Kashiouris",8
CY,"Prastitis",8
CY,"Mouskos",8
CY,"Pozidis",8
CY,"Kotanidou",8
CY,"Katerina",8
CY,"Harba",8
CY,"Ciprian",8
CY,"Moustaka",8
CY,"Valanides",8
CY,"Pissides",8
CY,"Vrionides",8
CY,"Raja",8
CY,"Kolev",8
CY,"Kofteros",8
CY,"Kefalas",8
CY,"Kouloumis",8
CY,"Mavromatis",8
CY,"Awan",8
CY,"Ullah",8
CY,"Dolma",8
CY,"Pouros",8
CY,"Rotsidou",8
CY,"Televantos",8
CY,"Hassan",8
CY,"خالد",8
CY,"Kounnas",8
CY,"Antreas",8
CY,"Matsis",8
CY,"Masri",8
CY,"Mark",8
CY,"Hadjittofi",8
CY,"Marinos",8
CY,"Arkadiou",8
CY,"Χριστοφορου",8
CY,"Arsalides",8
CY,"Fella",8
CY,"Kourti",8
CY,"Γαβριήλ",8
CY,"Evdokiou",8
CY,"Kleopa",8
CY,"Kosmidou",8
CY,"Kyriacos",8
CY,"Ξενοφώντος",8
CY,"Liyanage",8
CY,"Harrison",8
CY,"Elisseou",8
CY,"Ghale",8
CY,"Ghimire",8
CY,"Isaia",8
CY,"Nicosia",8
CY,"Christoforidou",8
CY,"Castillo",8
CY,"Pattichi",8
CY,"Stephanides",8
CY,"Naser",8
CY,"Taliotis",8
CY,"Adhikari",8
CY,"Sanchez",8
CY,"Pastos",8
CY,"عبدالله",8
CY,"Chara",8
CY,"Rajpoot",8
CY,"Pogiatzi",8
CY,"Nader",8
CY,"Tofarides",8
CY,"Pittalis",8
CY,"Mitsingas",8
CY,"Bdewi",8
CY,"Punia",8
CY,"Meli",8
CY,"Vrontis",8
CY,"Drousioti",8
CY,"Clark",8
CY,"Toor",8
CY,"Murray",8
CY,"Rosca",8
CY,"Kalotheou",8
CY,"Chrysou",8
CY,"Reid",8
CY,"Tzioni",8
CY,"Hadjitheodosiou",8
CY,"Tanase",8
CY,"Bhatt",8
CY,"Hamilton",8
CY,"Aristou",8
CY,"Hadjialexandrou",8
CY,"Tofi",8
CY,"Hadjimatheou",8
CY,"Shevchenko",8
CY,"Virdi",8
CY,"Iancu",8
CY,"Olympiou",8
CY,"Oneill",8
CY,"Neupane",8
CY,"Nicholson",8
CY,"Andoniou",8
CY,"Nistor",8
CY,"Adams",8
CY,"Lagou",8
CY,"Efrem",8
CY,"Dima",8
CY,"Nagy",8
CY,"Maher",8
CY,"Loucas",8
CY,"Hadjiandreou",8
CY,"Poliviou",8
CY,"Wheeler",8
CY,"West",8
CY,"Petropoulos",8
CY,"Foti",8
CY,"Gregory",8
CY,"Coman",8
CY,"Day",8
CY,"Gibson",8
CY,"Ferguson",8
CY,"Chhetri",8
CY,"Emmanouel",8
CY,"Fili",8
CY,"Poullou",8
CY,"Nicholas",8
CY,"Terzian",8
CY,"Thomaides",8
CY,"Salim",8
CY,"Samara",8
CY,"Sampson",8
CY,"Vorka",8
CY,"Rodriguez",8
CY,"Kimonos",8
CY,"Kasparis",8
CY,"Hart",8
CY,"Hadjisolomou",8
CY,"Jaan",8
CY,"Herath",8
CY,"Iasonos",8
CY,"Baciu",8
CY,"Zaxariou",8
CY,"Toumazi",8
CY,"Efthyvoulou",8
CY,"Teo",8
CY,"Chrysochou",8
CY,"Sarrou",8
CY,"Matthews",8
CY,"Ashdjian",8
CY,"Mouratidis",7
CY,"Disanayaka",7
CY,"Irina",7
CY,"Haj",7
CY,"Osipidis",7
CY,"Malhi",7
CY,"Iosifidis",7
CY,"Lena",7
CY,"الجاسم",7
CY,"Malekkides",7
CY,"Mamas",7
CY,"Akritidou",7
CY,"Петрова",7
CY,"Mala",7
CY,"Yonjan",7
CY,"Diakos",7
CY,"Batth",7
CY,"Taxi",7
CY,"Hernandez",7
CY,"Valentina",7
CY,"Taher",7
CY,"Hristova",7
CY,"Μιχαηλίδου",7
CY,"Nisha",7
CY,"Toader",7
CY,"Mani",7
CY,"Mappouras",7
CY,"Mouzourou",7
CY,"Archontides",7
CY,"Olymbiou",7
CY,"Λοιζου",7
CY,"Stavrinos",7
CY,"Hadjistylli",7
CY,"Buttar",7
CY,"Bianca",7
CY,"Mitsinga",7
CY,"Nikolaeva",7
CY,"Eleftheriadou",7
CY,"Manti",7
CY,"Stella",7
CY,"Μιχαηλίδης",7
CY,"Vanezis",7
CY,"Pelagia",7
CY,"Xinari",7
CY,"Perdikos",7
CY,"Perdios",7
CY,"Filippidou",7
CY,"Master",7
CY,"Perou",7
CY,"Koudounas",7
CY,"حسن",7
CY,"Rehman",7
CY,"Raza",7
CY,"Rashid",7
CY,"Pekris",7
CY,"Kouma",7
CY,"Paroutis",7
CY,"Fasouliotis",7
CY,"Vrachimis",7
CY,"Zavou",7
CY,"Kourides",7
CY,"Karamani",7
CY,"Karamanos",7
CY,"Rossos",7
CY,"Koumides",7
CY,"Filatova",7
CY,"Phanis",7
CY,"Cook",7
CY,"الشمالي",7
CY,"Kokkinis",7
CY,"Alexopoulos",7
CY,"Kesov",7
CY,"Poursanidis",7
CY,"Mavrokordatos",7
CY,"Kilili",7
CY,"Pissaridou",7
CY,"Tsikkos",7
CY,"Chrysochos",7
CY,"Raluca",7
CY,"Mavroudis",7
CY,"Konstantinidou",7
CY,"الواصل",7
CY,"Katsantonis",7
CY,"Matsa",7
CY,"Avramidou",7
CY,"Fotiadou",7
CY,"Pilavakis",7
CY,"Kolokasides",7
CY,"Amin",7
CY,"Kazantzis",7
CY,"Sideras",7
CY,"Jayalath",7
CY,"Marinov",7
CY,"Chimonas",7
CY,"Hadjihannas",7
CY,"Seraphim",7
CY,"Arabova",7
CY,"Toumazis",7
CY,"Jack",7
CY,"Almasri",7
CY,"Marianna",7
CY,"Eugen",7
CY,"Simona",7
CY,"Papagiannis",7
CY,"Mallouppas",7
CY,"Dani",7
CY,"سليمان",7
CY,"السلوم",7
CY,"Markantonis",7
CY,"Sakkas",7
CY,"Kozlova",7
CY,"Messiou",7
CY,"Γεωργιαδου",7
CY,"Karagiannis",7
CY,"Dahal",7
CY,"Alali",7
CY,"Michaela",7
CY,"Yadav",7
CY,"Dana",7
CY,"Galati",7
CY,"Christina",7
CY,"Ael",7
CY,"Poyiatzi",7
CY,"Sahota",7
CY,"Alambriti",7
CY,"Rossou",7
CY,"Christophidou",7
CY,"Saleem",7
CY,"Katsioloudi",7
CY,"Karpasitis",7
CY,"Roussot",7
CY,"Kalou",7
CY,"Kamenou",7
CY,"Kassianides",7
CY,"Roti",7
CY,"Galides",7
CY,"Kavazis",7
CY,"Georgescu",7
CY,"Hadjizacharias",7
CY,"Benjamin",7
CY,"Hadjitofi",7
CY,"Baba",7
CY,"Jordanou",7
CY,"Παυλου",7
CY,"Hardy",7
CY,"Hadjihanna",7
CY,"Hadjianastasiou",7
CY,"Λοΐζου",7
CY,"ياسين",7
CY,"Chen",7
CY,"عمر",7
CY,"Jass",7
CY,"Simon",7
CY,"Jane",7
CY,"Brooks",7
CY,"Hu",7
CY,"Ajami",7
CY,"Arestis",7
CY,"Newton",7
CY,"Αλεξάνδρου",7
CY,"Livadiotis",7
CY,"Liu",7
CY,"Papadopoullou",7
CY,"Yassin",7
CY,"Palas",7
CY,"Lawrence",7
CY,"Panayiotidou",7
CY,"Lambrianides",7
CY,"Egglezou",7
CY,"Mikelli",7
CY,"Douglas",7
CY,"Mills",7
CY,"Doritis",7
CY,"Mita",7
CY,"Efstathiades",7
CY,"Mathaiou",7
CY,"Mclean",7
CY,"Meet",7
CY,"Χρυσοστόμου",7
CY,"Nana",7
CY,"Emiliou",7
CY,"Neophitou",7
CY,"Mahal",7
CY,"Moldovan",7
CY,"Moustafa",7
CY,"Ευσταθίου",7
CY,"Pogiatzis",7
CY,"Colocassides",7
CY,"Aspris",7
CY,"Koumidou",7
CY,"Constanta",7
CY,"Kounna",7
CY,"Ploutarchou",7
CY,"Koshi",7
CY,"Ζήνωνος",7
CY,"Pourgouri",7
CY,"Webster",7
CY,"Paraskevaides",7
CY,"Cristea",7
CY,"Paraschou",7
CY,"Cretu",7
CY,"Constantine",7
CY,"Diomidous",7
CY,"Duta",7
CY,"Christo",7
CY,"Chapman",7
CY,"Ghuman",7
CY,"Erwtokritou",7
CY,"Damian",7
CY,"Dan",7
CY,"Chirila",7
CY,"Fisher",7
CY,"Calin",7
CY,"Costea",7
CY,"Bratu",7
CY,"Dhindsa",7
CY,"Pavel",7
CY,"Phedonos",7
CY,"Papaonisiforou",7
CY,"Psalti",7
CY,"Psathas",7
CY,"Wolf",7
CY,"Piki",7
CY,"Papakonstantinou",7
CY,"Zaharia",7
CY,"Moraru",7
CY,"Yang",7
CY,"Pana",7
CY,"Ohanian",7
CY,"Orfanou",7
CY,"Owen",7
CY,"Sukh",7
CY,"Vali",7
CY,"St",7
CY,"Triantafyllou",7
CY,"Theodosi",7
CY,"Therapontos",7
CY,"Tymvios",7
CY,"Torres",7
CY,"Sonu",7
CY,"Sava",7
CY,"Simillides",7
CY,"Shergill",7
CY,"Katiri",7
CY,"Θεοφάνους",7
CY,"Hadjigavriel",7
CY,"Hadjistefanou",7
CY,"Lyssiotis",7
CY,"Mehmet",7
CY,"Marshall",7
CY,"Kotsonis",7
CY,"Lambis",7
CY,"Ktoridou",7
CY,"Armstrong",7
CY,"Yiasemi",7
CY,"Riley",7
CY,"Papatheodoulou",7
CY,"Papatheocharous",7
CY,"Jabbour",7
CY,"Rogers",7
CY,"Hill",7
CY,"Abed",7
CY,"Kouriefs",7
CY,"Alexi",7
CY,"Todorovic",7
CY,"Stamatiou",7
CY,"Stephani",7
CY,"Sima",7
CY,"Theophanides",7
CY,"Nicodemou",7
CY,"Pieridis",7
CY,"Arsiotis",6
CY,"Abdul",6
CY,"Hadjiantonis",6
CY,"Hadjiconstantis",6
CY,"Hadjikyriacos",6
CY,"Zervos",6
CY,"Παπαδοπουλου",6
CY,"Mariou",6
CY,"Maos",6
CY,"Hadjistyllis",6
CY,"Maouris",6
CY,"Hadjimitsis",6
CY,"Guseva",6
CY,"Mantis",6
CY,"Georgallidou",6
CY,"Kourris",6
CY,"Karamallakis",6
CY,"Kourea",6
CY,"Κυπριανού",6
CY,"Karatzias",6
CY,"Karaiskakis",6
CY,"Kafkalias",6
CY,"Apollwn",6
CY,"Kalanidis",6
CY,"Kang",6
CY,"Aspromalli",6
CY,"Georghiadou",6
CY,"Kritiotis",6
CY,"Kozakos",6
CY,"Kouzalis",6
CY,"Kouloundis",6
CY,"Karipidis",6
CY,"Kolios",6
CY,"Koleva",6
CY,"Kc",6
CY,"Kelasidou",6
CY,"Koulla",6
CY,"Kittos",6
CY,"Kitsiou",6
CY,"Kirilov",6
CY,"Kiourtzidou",6
CY,"Kiourtzidis",6
CY,"Galazis",6
CY,"Katsaras",6
CY,"Fotiadis",6
CY,"Gamal",6
CY,"Antonioy",6
CY,"Garry",6
CY,"Kostadinova",6
CY,"Kashyap",6
CY,"Kotsoni",6
CY,"Karmiou",6
CY,"Loredana",6
CY,"Lubana",6
CY,"Loutsios",6
CY,"Emmanuel",6
CY,"Gogaki",6
CY,"Lysiotis",6
CY,"Lytras",6
CY,"Madu",6
CY,"Madushani",6
CY,"Anastassiadou",6
CY,"Magos",6
CY,"Mahmud",6
CY,"Aristides",6
CY,"Anastasiadis",6
CY,"Eleutheriou",6
CY,"Halios",6
CY,"Liatsou",6
CY,"Li",6
CY,"Junior",6
CY,"Kyzas",6
CY,"Lappa",6
CY,"Imran",6
CY,"Larkos",6
CY,"Laur",6
CY,"Laurentiu",6
CY,"Ghita",6
CY,"Ghobrial",6
CY,"Iosifidou",6
CY,"Lemoniatis",6
CY,"Giasoumi",6
CY,"Ioanna",6
CY,"Kkailis",6
CY,"Moon",6
CY,"Svetlana",6
CY,"Vrachimi",6
CY,"Nina",6
CY,"Yiannis",6
CY,"ابو احمد",6
CY,"Pawar",6
CY,"Nicos",6
CY,"Yordanova",6
CY,"Pavlos",6
CY,"رمضان",6
CY,"Oana",6
CY,"Stasis",6
CY,"Alin",6
CY,"Salloum",6
CY,"Varnavas",6
CY,"Stelios",6
CY,"Akash",6
CY,"Tarzalaki",6
CY,"Teggeris",6
CY,"Pettemerides",6
CY,"Phidia",6
CY,"Valanidou",6
CY,"الشيخ",6
CY,"Bogdanova",6
CY,"خشان",6
CY,"Roumba",6
CY,"Petridis",6
CY,"Taliadorou",6
CY,"Dilrukshi",6
CY,"Petru",6
CY,"Yankova",6
CY,"Yasin",6
CY,"Skitsa",6
CY,"Allayiotis",6
CY,"Parouti",6
CY,"Siakallis",6
CY,"Alahmed",6
CY,"Chauhan",6
CY,"Chimonidou",6
CY,"Dalitis",6
CY,"Xyda",6
CY,"الخلف",6
CY,"Sardarni",6
CY,"Castro",6
CY,"Panagidou",6
CY,"الحلبي",6
CY,"Paschalis",6
CY,"Vasiliadis",6
CY,"Palala",6
CY,"Costel",6
CY,"Pastellas",6
CY,"Catalina",6
CY,"Vasilis",6
CY,"Sofianou",6
CY,"Poyiadji",6
CY,"Vayianos",6
CY,"Pannu",6
CY,"Sohal",6
CY,"Sonia",6
CY,"Sangha",6
CY,"Yiallouris",6
CY,"Vasilyeva",6
CY,"Nagra",6
CY,"Tosounidou",6
CY,"Raee",6
CY,"Zannetos",6
CY,"William",6
CY,"Michalopoulos",6
CY,"Tornaritis",6
CY,"Tony",6
CY,"Bashar",6
CY,"Dong",6
CY,"Mirela",6
CY,"Mironova",6
CY,"Pittali",6
CY,"Miteva",6
CY,"Raptopoulos",6
CY,"Michaeloudes",6
CY,"Maxhtec",6
CY,"Melekkis",6
CY,"Babu",6
CY,"Ward",6
CY,"Zanti",6
CY,"Tsokkou",6
CY,"Mavronikola",6
CY,"المصطفى",6
CY,"Priyadarshani",6
CY,"Tselepos",6
CY,"Weerasinghe",6
CY,"Clarke",6
CY,"Mettis",6
CY,"Zavos",6
CY,"Zavallis",6
CY,"Tsangaras",6
CY,"Beitis",6
CY,"Moussa",6
CY,"Moniati",6
CY,"Monica",6
CY,"Agapidis",6
CY,"Rigas",6
CY,"Mostafa",6
CY,"Piperidou",6
CY,"Mouzouras",6
CY,"Phokas",6
CY,"Vaki",6
CY,"Mytides",6
CY,"Riar",6
CY,"Tziakouri",6
CY,"بشار",6
CY,"Fokou",6
CY,"Bentley",6
CY,"Diola",6
CY,"Παύλου",6
CY,"Club",6
CY,"Dumitrescu",6
CY,"Cohen",6
CY,"Fragkou",6
CY,"Dodds",6
CY,"Basnet",6
CY,"Barker",6
CY,"Fysentzou",6
CY,"Giakoumi",6
CY,"Char",6
CY,"Fantis",6
CY,"Demetri",6
CY,"Darwish",6
CY,"Georgioy",6
CY,"علوش",6
CY,"Charalambus",6
CY,"Chouhan",6
CY,"Ene",6
CY,"Fletcher",6
CY,"Boom",6
CY,"Enache",6
CY,"Bondarenko",6
CY,"Σταυρου",6
CY,"Briggs",6
CY,"Gonzales",6
CY,"Bruce",6
CY,"Patroklou",6
CY,"Peppi",6
CY,"Pasenidi",6
CY,"Parson",6
CY,"Xu",6
CY,"Parellis",6
CY,"Poyiatzis",6
CY,"Psilogeni",6
CY,"Raftis",6
CY,"Wild",6
CY,"Polikarpou",6
CY,"Nabil",6
CY,"Neacsu",6
CY,"Zacharias",6
CY,"Morrison",6
CY,"Nedeljkovic",6
CY,"Nguyễn",6
CY,"Yiatrou",6
CY,"Milne",6
CY,"Zakou",6
CY,"Mixahl",6
CY,"Mocanu",6
CY,"Yiacoumi",6
CY,"Panou",6
CY,"Oprica",6
CY,"Mihaila",6
CY,"Vanezos",6
CY,"Vanezi",6
CY,"Stan",6
IR,"Ahmadi",11411
IR,"Mohammadi",9651
IR,"Karimi",7564
IR,"Sh",6958
IR,"محمدی",6544
IR,"Moradi",6324
IR,"Gh",6011
IR,"Jafari",5907
IR,"Rahimi",5392
IR,"Hosseini",5354
IR,"Mohamadi",5027
IR,"Amiri",5013
IR,"Sadeghi",4688
IR,"Rezaei",4624
IR,"Ebrahimi",4545
IR,"Kh",4387
IR,"Reza",4191
IR,"Ghasemi",4143
IR,"Nováková",4133
IR,"Novák",4124
IR,"Ali",4072
IR,"Salehi",3927
IR,"احمدی",3860
IR,"Akbari",3813
IR,"Asadi",3786
IR,"Zare",3769
IR,"Hashemi",3732
IR,"Abbasi",3621
IR,"حسینی",3620
IR,"Mousavi",3559
IR,"Heydari",3435
IR,"Amini",3417
IR,"Alizadeh",3370
IR,"Kazemi",3299
IR,"Bagheri",3215
IR,"Nazari",3206
IR,"Azizi",3178
IR,"Hoseini",3125
IR,"Svoboda",3018
IR,"Sharifi",2990
IR,"Soltani",2943
IR,"Gholami",2905
IR,"Novotná",2807
IR,"Taheri",2785
IR,"Rad",2755
IR,"Svobodová",2703
IR,"Rahmani",2671
IR,"Ghorbani",2585
IR,"Najafi",2567
IR,"Zarei",2470
IR,"Rostami",2465
IR,"Novotný",2445
IR,"Dvořáková",2419
IR,"Zamani",2357
IR,"Baloch",2345
IR,"Yousefi",2343
IR,"Karami",2333
IR,"Safari",2290
IR,"Mosavi",2285
IR,"Maleki",2233
IR,"Dvořák",2214
IR,"Bahrami",2181
IR,"Černá",2168
IR,"Khan",2099
IR,"Irani",2085
IR,"مرادی",2050
IR,"رضایی",2049
IR,"حیدری",2042
IR,"Sa",2011
IR,"موسوی",1920
IR,"Nasiri",1913
IR,"رحیمی",1904
IR,"Khosravi",1900
IR,"Černý",1875
IR,"Fathi",1847
IR,"Heidari",1803
IR,"Ansari",1786
IR,"Habibi",1765
IR,"امیری",1762
IR,"Afshar",1745
IR,"کریمی",1739
IR,"Dehghan",1730
IR,"Procházková",1725
IR,"Salimi",1683
IR,"Naseri",1673
IR,"Jalali",1667
IR,"Ranjbar",1663
IR,"Hasani",1659
IR,"Naderi",1659
IR,"Dehghani",1623
IR,"Abdi",1608
IR,"Kučerová",1606
IR,"Noori",1605
IR,"Khalili",1603
IR,"Rajabi",1592
IR,"Hamidi",1578
IR,"Mohammad",1575
IR,"Ramezani",1572
IR,"Azimi",1570
IR,"Ka",1563
IR,"محمد",1546
IR,"نظری",1541
IR,"Rashidi",1541
IR,"Novak",1536
IR,"Rezaee",1531
IR,"Kiani",1530
IR,"Kučera",1496
IR,"Procházka",1495
IR,"Moghadam",1492
IR,"Shams",1491
IR,"Parsa",1470
IR,"Mirzaei",1467
IR,"Jan",1454
IR,"Mahmoodi",1448
IR,"Alipour",1437
IR,"Lotfi",1430
IR,"Kamali",1426
IR,"Tavakoli",1413
IR,"Veselá",1405
IR,"Mahdavi",1403
IR,"Mohseni",1398
IR,"Abdollahi",1393
IR,"Marek",1391
IR,"Saeedi",1391
IR,"Askari",1365
IR,"Ghanbari",1345
IR,"Yazdani",1329
IR,"Hatami",1323
IR,"Tanha",1317
IR,"Alavi",1316
IR,"Jamali",1311
IR,"Ra",1307
IR,"نوری",1285
IR,"Jamshidi",1281
IR,"Mahmoudi",1261
IR,"Bayat",1253
IR,"Veselý",1248
IR,"Horáková",1248
IR,"جعفری",1246
IR,"Mo",1245
IR,"Babaei",1243
IR,"بلوچ",1238
IR,"Keshavarz",1217
IR,"Asgari",1214
IR,"Fallah",1210
IR,"Pokorná",1209
IR,"Farhadi",1204
IR,"Azad",1204
IR,"Králová",1201
IR,"Abedi",1195
IR,"Farahani",1192
IR,"Eskandari",1191
IR,"رحمانی",1184
IR,"Mokhtari",1184
IR,"Krejčí",1178
IR,"Faraji",1173
IR,"Tehrani",1170
IR,"Moosavi",1153
IR,"Němcová",1151
IR,"Petr",1141
IR,"Marková",1140
IR,"Salari",1136
IR,"Esmaeili",1136
IR,"هاشمی",1134
IR,"Javadi",1129
IR,"Horák",1117
IR,"Shabani",1116
IR,"Khani",1115
IR,"Soleymani",1114
IR,"Shirazi",1114
IR,"Amin",1109
IR,"Nemati",1102
IR,"Es",1099
IR,"Talebi",1097
IR,"Eslami",1091
IR,"Ch",1089
IR,"Amir",1084
IR,"Němec",1077
IR,"Ab",1076
IR,"Hájková",1070
IR,"Zeman",1068
IR,"تنها",1068
IR,"Rezai",1063
IR,"Tajik",1061
IR,"Razavi",1059
IR,"Ghaderi",1057
IR,"Shahbazi",1056
IR,"Panahi",1055
IR,"Abasi",1054
IR,"Benešová",1053
IR,"Fiala",1049
IR,"Pospíšilová",1048
IR,"Jelínková",1046
IR,"Esmaili",1031
IR,"Na",1028
IR,"Ebadi",1025
IR,"Beneš",1023
IR,"Alizade",1023
IR,"Pokorný",1019
IR,"Samadi",1015
IR,"Azadi",1009
IR,"شریفی",1008
IR,"Král",1007
IR,"Mansouri",1007
IR,"Sohrabi",1001
IR,"Růžičková",998
IR,"Hájek",998
IR,"Ma",998
IR,"ابراهیمی",993
IR,"Rezaie",992
IR,"Nouri",990
IR,"Novakova",985
IR,"Joon",984
IR,"Malá",979
IR,"عزیزی",971
IR,"Rahmati",966
IR,"Omidi",963
IR,"Emami",962
IR,"Goodarzi",959
IR,"Torabi",958
IR,"Asghari",951
IR,"Urban",949
IR,"Fialová",946
IR,"Soleimani",941
IR,"Pospíšil",940
IR,"Mir",935
IR,"قاسمی",934
IR,"Norouzi",929
IR,"علیزاده",928
IR,"یوسفی",927
IR,"اکبری",921
IR,"Cz",916
IR,"غلامی",910
IR,"Doležalová",904
IR,"Jelínek",903
IR,"صادقی",893
IR,"Man",892
IR,"Kolářová",889
IR,"Zahedi",885
IR,"Nová",883
IR,"Růžička",881
IR,"Čermáková",880
IR,"Sedláčková",877
IR,"As",870
IR,"Ahmad",863
IR,"Sedláček",852
IR,"Zemanová",852
IR,"علی",850
IR,"Imani",848
IR,"Bakhshi",847
IR,"Kolář",845
IR,"Hossein",838
IR,"Sam",838
IR,"Majidi",837
IR,"Momeni",835
IR,"Hoseyni",824
IR,"Arab",820
IR,"Jalili",819
IR,"Nguyen",816
IR,"Shojaei",815
IR,"Saberi",815
IR,"Urbanová",814
IR,"Hasanzadeh",814
IR,"عباسی",809
IR,"Rasouli",804
IR,"Mehdi",801
IR,"Fa",798
IR,"Doležal",797
IR,"Mohamad",797
IR,"سعیدی",796
IR,"Křížová",795
IR,"Čermák",792
IR,"Šimková",781
IR,"Az",780
IR,"Ha",779
IR,"حسنی",777
IR,"Vaňková",774
IR,"Miri",774
IR,"Izadi",773
IR,"Kadlec",772
IR,"Amani",769
IR,"Musil",766
IR,"Raisi",766
IR,"Hamid",760
IR,"Bahmani",756
IR,"Kratochvílová",751
IR,"Ba",751
IR,"Moravec",747
IR,"Soukup",744
IR,"سلطانی",740
IR,"صالحی",740
IR,"Darvishi",740
IR,"Kopecká",739
IR,"Azari",735
IR,"Jahani",731
IR,"محمودی",729
IR,"Hassani",729
IR,"Vlčková",726
IR,"Bartošová",726
IR,"Šťastná",723
IR,"قربانی",720
IR,"Kia",715
IR,"Fazeli",711
IR,"Navrátilová",710
IR,"Haghighi",709
IR,"امینی",707
IR,"Soukupová",706
IR,"Vaněk",705
IR,"Barati",705
IR,"Davoodi",702
IR,"Malý",699
IR,"Mahmodi",699
IR,"Mahdi",698
IR,"Barzegar",695
IR,"Kříž",694
IR,"Blažková",694
IR,"تاجیک",693
IR,"Ghafari",691
IR,"Blažek",688
IR,"Holub",687
IR,"Marešová",684
IR,"Pavel",684
IR,"Naz",684
IR,"Taghavi",684
IR,"Kratochvíl",682
IR,"Kovářová",679
IR,"Hadi",679
IR,"Čechová",678
IR,"Šimek",675
IR,"میرزایی",672
IR,"Mehrabi",670
IR,"سلیمانی",669
IR,"Khademi",668
IR,"Saeidi",668
IR,"Ashrafi",666
IR,"Dashti",663
IR,"Vlček",662
IR,"Tahmasebi",661
IR,"Poláková",660
IR,"Novotny",655
IR,"Bartoš",653
IR,"Shokri",652
IR,"David",650
IR,"Bakhtiari",648
IR,"زارع",647
IR,"طاهری",645
IR,"Saadat",645
IR,"Štěpánek",643
IR,"Mh",641
IR,"Valenta",640
IR,"Moghaddam",640
IR,"Polák",638
IR,"Novotna",637
IR,"Ameri",637
IR,"Norozi",635
IR,"Bláhová",634
IR,"Shafiee",634
IR,"Staňková",633
IR,"Říhová",632
IR,"Navrátil",632
IR,"Alipoor",632
IR,"Janda",631
IR,"Noroozi",631
IR,"Shakeri",631
IR,"Ghaffari",630
IR,"Mašek",627
IR,"Dušková",627
IR,"Sýkorová",627
IR,"Tichá",624
IR,"Čech",624
IR,"Mareš",622
IR,"Bahari",621
IR,"Štěpánková",618
IR,"Abdolahi",617
IR,"King",616
IR,"جلالی",615
IR,"Yari",614
IR,"Machová",612
IR,"Kadlecová",610
IR,"Šťastný",609
IR,"Shahi",608
IR,"Aghaei",606
IR,"Mašková",605
IR,"Hrubá",603
IR,"Konečná",603
IR,"Mortazavi",602
IR,"Zandi",602
IR,"Vávrová",601
IR,"Matoušková",601
IR,"Jandová",600
IR,"Za",600
IR,"Kopecký",598
IR,"اسدی",598
IR,"Musilová",597
IR,"Nik",596
IR,"رضا",595
IR,"Rigi",595
IR,"Mach",594
IR,"Hosein",593
IR,"Fatemi",593
IR,"Kovář",592
IR,"Sýkora",592
IR,"Ta",592
IR,"Jokar",591
IR,"Afshari",590
IR,"Vacek",587
IR,"Rezvani",586
IR,"Krejčová",585
IR,"Da",583
IR,"Jahangiri",580
IR,"Dostálová",576
IR,"Javid",576
IR,"Mn",575
IR,"Bláha",574
IR,"Shafiei",574
IR,"Moravcová",572
IR,"Staněk",572
IR,"Malek",571
IR,"Mi",571
IR,"Burešová",570
IR,"Ševčíková",570
IR,"Nori",570
IR,"Khodadadi",570
IR,"Mohammadzadeh",570
IR,"Vahedi",569
IR,"Šmídová",561
IR,"Toman",561
IR,"Valentová",559
IR,"Taghizadeh",558
IR,"Bahadori",558
IR,"Javan",557
IR,"Beran",556
IR,"Mirzaee",556
IR,"Shiri",555
IR,"Rastegar",555
IR,"Musavi",554
IR,"Mozafari",552
IR,"Goli",551
IR,"Vávra",550
IR,"Havel",549
IR,"Hrušková",547
IR,"Hemati",547
IR,"Danesh",546
IR,"ناصری",545
IR,"حمیدی",545
IR,"Dostál",544
IR,"Hruška",543
IR,"Rezazadeh",543
IR,"Matoušek",542
IR,"Mohebi",541
IR,"Tichý",540
IR,"Říha",539
IR,"Konečný",538
IR,"صافی",537
IR,"احمد",535
IR,"Aslani",535
IR,"Rz",534
IR,"Rafiee",532
IR,"Wolf",531
IR,"Tůmová",530
IR,"Lišková",530
IR,"Martin",530
IR,"Ahmadzadeh",528
IR,"حسین",527
IR,"Fišerová",526
IR,"Saeed",524
IR,"Rezayi",523
IR,"Jarošová",522
IR,"Holubová",522
IR,"Salmani",522
IR,"Hajizadeh",522
IR,"Abedini",522
IR,"Vacková",520
IR,"Strnad",519
IR,"Kraus",519
IR,"Bureš",516
IR,"Havlíčková",514
IR,"Rasoli",512
IR,"Farahmand",512
IR,"Hp",511
IR,"Svobodova",510
IR,"Omid",509
IR,"Saedi",509
IR,"Shah",509
IR,"Pavlíková",507
IR,"Behzadi",507
IR,"Dušek",506
IR,"Zakeri",506
IR,"Latifi",505
IR,"Di",505
IR,"Vakili",504
IR,"Sobhani",502
IR,"Hrubý",501
IR,"Javad",501
IR,"Hamed",501
IR,"نوروزی",500
IR,"Ehsani",500
IR,"افغان",499
IR,"Kargar",499
IR,"نیازی",498
IR,"Tůma",498
IR,"Mohebbi",498
IR,"Mardani",497
IR,"Safaei",497
IR,"Žáková",496
IR,"Yosefi",495
IR,"Aria",495
IR,"Mohsen",494
IR,"Vítková",494
IR,"Hosseinzadeh",494
IR,"Nový",493
IR,"زارعی",493
IR,"Afzali",492
IR,"Jabbari",492
IR,"باقری",491
IR,"منصوری",490
IR,"کاظمی",490
IR,"Nosrati",490
IR,"Khaleghi",490
IR,"Bárta",489
IR,"Hakimi",489
IR,"Sajadi",489
IR,"Hz",489
IR,"Beranová",488
IR,"Heidary",488
IR,"اسماعیلی",487
IR,"Far",487
IR,"Prokop",484
IR,"Hemmati",484
IR,"Ir",484
IR,"Love",484
IR,"Stejskal",483
IR,"Zolfaghari",483
IR,"Kian",483
IR,"Ahmadian",481
IR,"Zand",481
IR,"Yeganeh",480
IR,"Barani",480
IR,"Beránková",479
IR,"Molaei",479
IR,"Sedaghat",479
IR,"Roshan",479
IR,"Sadat",479
IR,"Bártová",478
IR,"Ševčík",477
IR,"Richter",477
IR,"Jam",477
IR,"عظیمی",476
IR,"Pešková",475
IR,"حبیبی",475
IR,"Bavi",475
IR,"Havlíček",474
IR,"Švecová",474
IR,"Müller",473
IR,"Shahabi",473
IR,"Sharif",473
IR,"Yavari",472
IR,"Gol",472
IR,"Kašparová",470
IR,"Rasooli",470
IR,"Al",470
IR,"Liška",469
IR,"Davari",469
IR,"Kočí",469
IR,"Švec",468
IR,"Kohout",468
IR,"Tomanová",468
IR,"Masoumi",468
IR,"Macháčková",467
IR,"Němečková",467
IR,"Ježek",466
IR,"Pavlík",465
IR,"رستمی",464
IR,"Sharafi",464
IR,"Slavíková",462
IR,"Ganji",462
IR,"Fattahi",462
IR,"Gholizadeh",462
IR,"Ataei",461
IR,"Alireza",459
IR,"Vítek",459
IR,"Safi",459
IR,"Jahan",459
IR,"Mp",459
IR,"Němeček",458
IR,"Milan",458
IR,"Madadi",458
IR,"Šmíd",457
IR,"Vaziri",457
IR,"Filip",456
IR,"صفری",456
IR,"Darabi",456
IR,"Derakhshan",456
IR,"Eftekhari",455
IR,"Ya",455
IR,"Matějková",452
IR,"قادری",452
IR,"Salar",452
IR,"Mehr",452
IR,"Samani",451
IR,"Ghahremani",451
IR,"Šulc",449
IR,"Fallahi",449
IR,"Horáčková",448
IR,"Petrová",448
IR,"Raeisi",448
IR,"Hossini",448
IR,"Rafiei",448
IR,"Alikhani",447
IR,"Ježková",446
IR,"Ak",446
IR,"Mansoori",445
IR,"Hedayati",444
IR,"Sami",444
IR,"Müllerová",443
IR,"Haji",442
IR,"Elahi",442
IR,"Madani",442
IR,"Saki",441
IR,"Valizadeh",441
IR,"Kashani",441
IR,"Vrba",440
IR,"Šulcová",440
IR,"Bednářová",439
IR,"Cheraghi",439
IR,"Havlová",438
IR,"Krausová",436
IR,"Jaroš",436
IR,"Michal",436
IR,"Mehri",436
IR,"Tabrizi",436
IR,"Sedighi",434
IR,"Fišer",433
IR,"Sedláková",432
IR,"Brožová",431
IR,"Žák",431
IR,"Janečková",430
IR,"Beránek",430
IR,"Masoudi",430
IR,"Vlk",427
IR,"مقدم",427
IR,"Beheshti",427
IR,"Bednář",425
IR,"Bílková",424
IR,"Mohammadian",424
IR,"Ad",424
IR,"Tesař",422
IR,"Hasan",422
IR,"Ghanavati",422
IR,"Macháček",421
IR,"Kohoutová",421
IR,"Hassanzadeh",420
IR,"Brož",419
IR,"Horáček",416
IR,"Strnadová",416
IR,"Matějka",416
IR,"Fatahi",416
IR,"Kalantari",416
IR,"Kašpar",415
IR,"Benda",414
IR,"Slavík",414
IR,"Monfared",414
IR,"Mk",414
IR,"Zelenka",413
IR,"Af",413
IR,"Adam",410
IR,"Ahadi",410
IR,"Fard",410
IR,"Salami",409
IR,"Khavari",408
IR,"Bílek",407
IR,"Sedlák",407
IR,"Hamedi",407
IR,"Saleh",405
IR,"Stejskalová",404
IR,"Baran",404
IR,"Součková",403
IR,"Shayan",403
IR,"Suchá",402
IR,"Volf",402
IR,"Prochazka",401
IR,"Ghaedi",401
IR,"Abbas",400
IR,"Dvorak",400
IR,"Kord",400
IR,"Mansori",399
IR,"Janoušek",397
IR,"Klímová",397
IR,"Kubíčková",397
IR,"Khezri",397
IR,"Čížková",396
IR,"Vahid",395
IR,"Tak",394
IR,"Mehdizadeh",394
IR,"Nejati",393
IR,"Arbabi",392
IR,"Jaberi",392
IR,"Červenková",391
IR,"Aghajani",391
IR,"Rahnama",391
IR,"Tesařová",390
IR,"مهدی",389
IR,"Havlíková",388
IR,"Khazaei",388
IR,"Janoušková",387
IR,"زمانی",387
IR,"Hlaváčková",386
IR,"نادری",386
IR,"Shirzad",386
IR,"Sadr",386
IR,"Suchý",385
IR,"Nasr",385
IR,"Holá",384
IR,"Seyedi",384
IR,"Sadri",384
IR,"Linhart",383
IR,"Pešek",383
IR,"عرب",383
IR,"Hosini",383
IR,"Straka",382
IR,"Beigi",382
IR,"Klíma",381
IR,"Faramarzi",381
IR,"Rezaii",380
IR,"Kabiri",380
IR,"Bendová",379
IR,"Ar",379
IR,"Jeřábková",378
IR,"Sepehri",378
IR,"Raha",378
IR,"Brabec",377
IR,"Adamec",377
IR,"Pavlíčková",377
IR,"Savari",377
IR,"بهرامی",377
IR,"Almasi",377
IR,"Ah",377
IR,"Safavi",377
IR,"Špačková",376
IR,"Kovaříková",375
IR,"Salamat",373
IR,"Hayati",373
IR,"Saadati",373
IR,"Arabi",373
IR,"Pasha",372
IR,"Motamedi",372
IR,"Jon",372
IR,"Mj",371
IR,"Souček",370
IR,"Salemi",370
IR,"Mirzaie",370
IR,"Khadem",370
IR,"Čížek",369
IR,"Zapletal",369
IR,"تیموری",369
IR,"Khorshidi",369
IR,"Niknam",369
IR,"Samimi",369
IR,"Bashiri",368
IR,"Ghobadi",368
IR,"Kozáková",365
IR,"ملکی",365
IR,"ایرانی",365
IR,"Turek",364
IR,"Prokopová",364
IR,"Mostafavi",364
IR,"Tomášková",363
IR,"Čapková",363
IR,"Aram",363
IR,"Black",362
IR,"Vahidi",361
IR,"Přibylová",360
IR,"Pavelka",360
IR,"Macek",360
IR,"Darvish",360
IR,"Pavlíček",359
IR,"Havelka",359
IR,"نجفی",359
IR,"Mah",359
IR,"Vlková",358
IR,"Štěpánová",358
IR,"جان",357
IR,"Kubíček",356
IR,"دهقان",356
IR,"حسن زاده",356
IR,"Goudarzi",356
IR,"Rohani",356
IR,"Bahar",356
IR,"Pavelková",354
IR,"Havelková",354
IR,"رجبی",354
IR,"Fatehi",354
IR,"Ehsan",352
IR,"Khorasani",352
IR,"Km",352
IR,"Tomášek",351
IR,"Abbaszadeh",351
IR,"Yazdi",351
IR,"Jedličková",350
IR,"Janeček",349
IR,"Trnka",349
IR,"Azar",349
IR,"Šrámková",348
IR,"Torfi",348
IR,"Tayebi",348
IR,"Šindelář",347
IR,"Jafarzadeh",347
IR,"Seifi",347
IR,"Parvizi",347
IR,"Krátká",346
IR,"Kubík",346
IR,"Pour",346
IR,"Kubíková",345
IR,"Volfová",345
IR,"Karel",345
IR,"کرمی",345
IR,"Khaledi",345
IR,"Arjmand",345
IR,"Majid",344
IR,"Akhavan",344
IR,"Dlouhá",343
IR,"Adámková",343
IR,"Piri",343
IR,"Červenka",342
IR,"حکیمی",342
IR,"Kozák",342
IR,"Daňková",342
IR,"Mrázková",342
IR,"Anvari",342
IR,"Daneshvar",342
IR,"Hrdličková",341
IR,"عبدالهی",341
IR,"Moghimi",341
IR,"Safa",341
IR,"Ap",341
IR,"Jedlička",340
IR,"خلیلی",340
IR,"Fazli",340
IR,"Kaveh",340
IR,"Mohajer",340
IR,"Hm",340
IR,"ریگی",339
IR,"Málková",338
IR,"Vrbová",338
IR,"انصاری",338
IR,"Farzaneh",338
IR,"Filipová",337
IR,"Smetana",337
IR,"Nova",337
IR,"Sadegh",337
IR,"Zabihi",337
IR,"Špaček",336
IR,"Šindelářová",336
IR,"Abdoli",336
IR,"Niazi",336
IR,"Akbarzadeh",336
IR,"Erfani",336
IR,"Matin",336
IR,"Holý",335
IR,"Nami",335
IR,"Hasanpour",334
IR,"Milad",333
IR,"Váňová",333
IR,"Vali",333
IR,"Si",333
IR,"Burian",332
IR,"Gharibi",332
IR,"Hejazi",332
IR,"Eb",332
IR,"Abi",332
IR,"Kroupa",331
IR,"Řeháková",331
IR,"Dohnal",331
IR,"Jafary",331
IR,"Trnková",330
IR,"Tomáš",330
IR,"رشیدی",330
IR,"Přibyl",329
IR,"Adamcová",329
IR,"Mostafa",328
IR,"Martínková",327
IR,"Hošková",327
IR,"Sayahi",327
IR,"Hasanzade",327
IR,"Muller",326
IR,"Málek",325
IR,"Kovařík",325
IR,"Straková",325
IR,"Ahwazi",325
IR,"Arya",325
IR,"Afg",325
IR,"Urbánek",324
IR,"Stránská",324
IR,"Hoseinzadeh",324
IR,"La",324
IR,"Richterová",323
IR,"Zelenková",323
IR,"Macková",322
IR,"خسروی",322
IR,"Mrázek",321
IR,"Zapletalová",321
IR,"Tabatabaei",321
IR,"Vesely",320
IR,"Mohammadpour",320
IR,"Michálková",319
IR,"Váňa",319
IR,"Eghbali",319
IR,"Vlach",318
IR,"حسن",318
IR,"Rahbar",318
IR,"Etemadi",318
IR,"Mb",318
IR,"Stehlíková",317
IR,"Mazaheri",317
IR,"Linhartová",316
IR,"Majer",316
IR,"Montazeri",316
IR,"Akhlaghi",316
IR,"Havlík",315
IR,"Adámek",315
IR,"Abbaspour",315
IR,"Parsi",315
IR,"Charvátová",314
IR,"Šíma",314
IR,"Daněk",314
IR,"Beygi",314
IR,"Babaee",314
IR,"Shojaee",314
IR,"Yekta",314
IR,"Hlaváček",313
IR,"Urbánková",313
IR,"Saber",313
IR,"Ja",313
IR,"Hs",313
IR,"Re",313
IR,"Holečková",312
IR,"Štěpán",312
IR,"Turková",312
IR,"Yarahmadi",312
IR,"Rasti",312
IR,"Kiyani",312
IR,"Šímová",311
IR,"Kral",311
IR,"Gregor",311
IR,"Sheikhi",311
IR,"Hrdlička",310
IR,"Bayati",310
IR,"Haghighat",310
IR,"علوی",309
IR,"Červená",309
IR,"Shamsi",309
IR,"Ghadiri",309
IR,"Razi",309
IR,"Moeini",309
IR,"Mehraban",309
IR,"Shakiba",309
IR,"الساری",308
IR,"Lukáš",308
IR,"Švarc",308
IR,"Klimešová",308
IR,"Nabavi",308
IR,"Janků",308
IR,"Jadgal",307
IR,"Shariati",307
IR,"Omrani",307
IR,"Kořínková",306
IR,"رمضانی",306
IR,"Taghipour",306
IR,"Pechová",305
IR,"Hanáková",305
IR,"Nosek",305
IR,"Březinová",305
IR,"Sabet",305
IR,"Hladík",304
IR,"Stará",304
IR,"Hafezi",304
IR,"Hosseinpour",304
IR,"Emadi",304
IR,"Jeřábek",302
IR,"Krátký",302
IR,"Dlouhý",302
IR,"Jana",302
IR,"Falah",302
IR,"Kaviani",301
IR,"Hanuš",300
IR,"Michálek",300
IR,"Koudelka",300
IR,"Stehlík",300
IR,"بختیاری",300
IR,"Arian",300
IR,"Nosková",299
IR,"Taha",299
IR,"Farhani",299
IR,"Gorji",299
IR,"Brabcová",298
IR,"خاکسار",298
IR,"Shahin",298
IR,"Ahmadpour",298
IR,"Martínek",297
IR,"Hladíková",297
IR,"Vránová",297
IR,"Šedivá",297
IR,"Sládková",297
IR,"Arash",297
IR,"Suchánková",296
IR,"Kordi",296
IR,"Sadeghian",296
IR,"Adib",296
IR,"رسولی",295
IR,"Daniel",295
IR,"Bauer",295
IR,"Kermani",295
IR,"Karimian",295
IR,"Bigdeli",294
IR,"Zangeneh",294
IR,"راد",294
IR,"Banoo",293
IR,"Yaghobi",293
IR,"Farokhi",293
IR,"Burianová",292
IR,"Baba",292
IR,"Jabari",292
IR,"Behnam",292
IR,"Vondráčková",291
IR,"Švarcová",291
IR,"Yam",291
IR,"سواری",290
IR,"یعقوبی",290
IR,"Ahmady",290
IR,"Jirásková",289
IR,"Ptáčková",289
IR,"Moslemi",289
IR,"Yaghoobi",289
IR,"Davidová",288
IR,"Cerny",288
IR,"Prokešová",288
IR,"جمشیدی",288
IR,"Seyfi",288
IR,"Fadaei",288
IR,"Vesela",287
IR,"Nováčková",287
IR,"Dvorakova",287
IR,"Prochazkova",287
IR,"محسنی",287
IR,"Hassan",287
IR,"نصیری",287
IR,"Jj",287
IR,"Mt",287
IR,"Lukeš",286
IR,"Válková",286
IR,"Holeček",286
IR,"Firoozi",286
IR,"Yazdanpanah",286
IR,"Hanušová",285
IR,"Mrázová",285
IR,"Šrámek",285
IR,"Rada",285
IR,"کیانی",285
IR,"Shahidi",285
IR,"Em",285
IR,"Jiří",284
IR,"Sobotka",284
IR,"Deris",284
IR,"Bagherzadeh",284
IR,"Stránský",283
IR,"Vrána",283
IR,"Paydar",283
IR,"Ghazi",283
IR,"Sp",283
IR,"Burda",282
IR,"Dadashi",282
IR,"Davodi",282
IR,"Bakhtiyari",282
IR,"Shirvani",282
IR,"کعبی",281
IR,"Červený",281
IR,"Kubátová",281
IR,"Martinek",281
IR,"Maryam",281
IR,"San",281
IR,"Nazeri",280
IR,"Milani",280
IR,"Řehák",279
IR,"Šedivý",279
IR,"دهقانی",279
IR,"Ho",279
IR,"Bordbar",279
IR,"الکنانی",278
IR,"Poláček",278
IR,"Zajíčková",278
IR,"Gerami",278
IR,"Vafaei",278
IR,"جمالی",277
IR,"Golestani",277
IR,"Čapek",276
IR,"Březina",276
IR,"Nováček",276
IR,"Dvořáček",276
IR,"سالاری",276
IR,"Ebrahimzadeh",276
IR,"Yas",276
IR,"Javaheri",276
IR,"Kvapil",275
IR,"Hošek",275
IR,"Kroupová",275
IR,"Kováč",275
IR,"Badri",275
IR,"Hofman",274
IR,"Dvořáčková",274
IR,"Hlaváčová",274
IR,"Naser",274
IR,"Shekari",274
IR,"Ghadimi",274
IR,"Nazemi",274
IR,"Nz",274
IR,"کمالی",273
IR,"Gholipour",273
IR,"Elyasi",273
IR,"Mozaffari",273
IR,"Prokeš",272
IR,"Vodičková",272
IR,"Tomková",272
IR,"Hanák",272
IR,"Slámová",272
IR,"سلیمی",272
IR,"Roman",272
IR,"Karimzadeh",272
IR,"Smith",272
IR,"Kalina",271
IR,"Lukešová",271
IR,"مهدوی",271
IR,"St",271
IR,"Josef",270
IR,"Komárková",270
IR,"Řezníčková",270
IR,"Chaloupková",270
IR,"Horak",270
IR,"عسکری",270
IR,"Babaie",270
IR,"Keshavarzi",270
IR,"Kubát",269
IR,"Vašková",269
IR,"Jindra",269
IR,"Kuba",269
IR,"Zaheri",269
IR,"Rabiee",269
IR,"Štěrbová",268
IR,"Namdar",268
IR,"Klimeš",267
IR,"Mala",267
IR,"صدیقی",267
IR,"Lang",267
IR,"Bozorgi",267
IR,"Mehran",266
IR,"Malekzadeh",266
IR,"Haghi",266
IR,"Majd",266
IR,"Jílková",265
IR,"Duda",265
IR,"Akrami",265
IR,"Saidi",265
IR,"Farsi",265
IR,"Nikbakht",265
IR,"Kořínek",264
IR,"Kováčová",264
IR,"Vlachová",264
IR,"Polášková",264
IR,"Naji",264
IR,"Hlaváč",263
IR,"Ptáček",263
IR,"Zeynali",263
IR,"Saeid",262
IR,"Sina",262
IR,"Godarzi",262
IR,"Arman",262
IR,"Hoseiny",262
IR,"Ghiasi",262
IR,"No",262
IR,"Řezníček",261
IR,"Zajíček",261
IR,"Moradian",261
IR,"Farid",261
IR,"Hd",261
IR,"Rh",261
IR,"Pokorny",260
IR,"Chaloupka",259
IR,"غفوری",259
IR,"رنجبر",259
IR,"Borhani",259
IR,"Hazrati",259
IR,"Balooch",258
IR,"Seven",258
IR,"Kucera",258
IR,"Farhad",258
IR,"Sayadi",258
IR,"Kouba",257
IR,"Blaha",257
IR,"Tahmasbi",257
IR,"Sarlak",257
IR,"Shahsavari",257
IR,"Yaghoubi",257
IR,"Šebestová",256
IR,"Suchánek",256
IR,"Masoud",256
IR,"Malina",256
IR,"Sheykhi",256
IR,"Parvin",256
IR,"Gregorová",255
IR,"Smetanová",255
IR,"Mikeš",255
IR,"Mráz",255
IR,"Franc",255
IR,"Ebi",255
IR,"Nikzad",255
IR,"Mahmudi",255
IR,"Sd",255
IR,"Morteza",254
IR,"Kalinová",254
IR,"Charvát",254
IR,"Majerová",254
IR,"Dohnalová",254
IR,"Omidvar",254
IR,"Noruzi",254
IR,"Hovorka",253
IR,"Sláma",253
IR,"Kopřivová",253
IR,"Abadan",253
IR,"Bahrani",253
IR,"Rezapour",253
IR,"Rabiei",253
IR,"Cerna",252
IR,"Kuchařová",252
IR,"حسین زاده",252
IR,"Dufková",252
IR,"سعید",252
IR,"Sajjadi",252
IR,"Khaki",252
IR,"Fahimi",252
IR,"Kalhor",252
IR,"Kunc",251
IR,"قنبری",251
IR,"Alaei",251
IR,"Kanani",251
IR,"Mashayekhi",251
IR,"Rs",251
IR,"Tomek",250
IR,"Vodička",250
IR,"Vašíčková",250
IR,"Poláčková",250
IR,"رحمتی",250
IR,"Eshaghi",250
IR,"Roosta",250
IR,"So",250
IR,"Kuchař",249
IR,"Peterka",249
IR,"حمید",249
IR,"Esfandiari",249
IR,"Arefi",249
IR,"Salahi",249
IR,"Khodaei",249
IR,"Sobotková",248
IR,"Hudec",248
IR,"Fojtíková",248
IR,"Zahra",248
IR,"Khedri",248
IR,"Alinezhad",248
IR,"Aghili",248
IR,"Pánek",247
IR,"Sikora",247
IR,"Hora",247
IR,"Hassanpour",247
IR,"Zeinali",247
IR,"Art",247
IR,"Sasani",246
IR,"Eshghi",246
IR,"Khosravani",246
IR,"Valipour",246
IR,"Riahi",246
IR,"Rm",246
IR,"رئیسی",245
IR,"Zavadil",244
IR,"Karásková",244
IR,"فتحی",244
IR,"Hofmanová",243
IR,"Mikešová",243
IR,"Kopřiva",243
IR,"سلام",243
IR,"Hn",243
IR,"Vondráček",242
IR,"Šebek",242
IR,"Sládek",242
IR,"Jindrová",242
IR,"Pánková",242
IR,"Kos",242
IR,"Davoudi",242
IR,"وفا",242
IR,"Gohari",242
IR,"Molavi",242
IR,"Farhang",242
IR,"Masoomi",242
IR,"Raad",242
IR,"Malík",241
IR,"Šimon",241
IR,"Vlasáková",241
IR,"Slezáková",241
IR,"Horká",241
IR,"Burdová",241
IR,"صمدی",241
IR,"Žáčková",241
IR,"Klein",241
IR,"Moein",241
IR,"Peterková",240
IR,"Smejkal",240
IR,"Šebesta",240
IR,"Hampl",240
IR,"Dufek",240
IR,"Hajek",240
IR,"گودرزی",240
IR,"Babazadeh",240
IR,"Basiri",240
IR,"Sajedi",240
IR,"Jirásek",239
IR,"Melichar",239
IR,"امیر",239
IR,"Haidari",239
IR,"Yar",239
IR,"Sara",239
IR,"Sani",239
IR,"Dudová",238
IR,"Žižková",238
IR,"Kocourek",238
IR,"Ashoori",238
IR,"Sattari",238
IR,"Markova",237
IR,"Pech",237
IR,"علیپور",237
IR,"Rasuli",237
IR,"Jelinek",236
IR,"Šebková",236
IR,"Langer",236
IR,"فرهادی",236
IR,"Soltan",236
IR,"Shirali",236
IR,"Saffari",236
IR,"Golzar",236
IR,"Komárek",235
IR,"Jílek",235
IR,"Bauerová",235
IR,"Boháčová",235
IR,"Balouch",235
IR,"عبدی",235
IR,"Mohamadzadeh",235
IR,"Babadi",235
IR,"Shad",235
IR,"He",235
IR,"Ni",235
IR,"ریسی",234
IR,"Kuncová",234
IR,"Coufal",234
IR,"Kamrani",234
IR,"Javanmardi",234
IR,"Křížková",233
IR,"Malíková",233
IR,"Kaabi",233
IR,"Lorenc",233
IR,"Tavana",233
IR,"Pa",233
IR,"Sklenář",232
IR,"Kulhánková",232
IR,"مجیدی",232
IR,"Hosseiny",232
IR,"Hesami",232
IR,"Turk",231
IR,"Koudelková",231
IR,"Hooshmand",231
IR,"نورزهی",230
IR,"Starý",230
IR,"فاضلی",230
IR,"Radová",230
IR,"Ram",230
IR,"Nozari",230
IR,"Shahriari",230
IR,"Va",230
IR,"Boháč",229
IR,"Behzad",229
IR,"Farahi",229
IR,"Moh",229
IR,"Vafa",229
IR,"Sf",229
IR,"Zr",229
IR,"Tučková",228
IR,"Čejková",228
IR,"Neumann",228
IR,"Aref",228
IR,"Qasemi",228
IR,"Safdari",228
IR,"Hadadi",228
IR,"Abolhasani",228
IR,"Sky",228
IR,"Vašíček",227
IR,"Pokorna",227
IR,"Vítová",227
IR,"Doubek",227
IR,"عبدالله",227
IR,"Alipor",227
IR,"Taj",227
IR,"Petřík",226
IR,"Polášek",226
IR,"Žáček",226
IR,"Berka",226
IR,"Nima",226
IR,"Vala",226
IR,"Roshani",226
IR,"Javidi",226
IR,"Sha",226
IR,"Sn",226
IR,"Adamová",225
IR,"Šimonová",225
IR,"Uher",225
IR,"Chalupa",225
IR,"یزدانی",225
IR,"Azhdari",225
IR,"Rahimzadeh",225
IR,"Tavasoli",225
IR,"Večeřová",224
IR,"Vlasák",224
IR,"Minaříková",224
IR,"Bílá",224
IR,"Ondráčková",224
IR,"Tamimi",224
IR,"Heshmati",224
IR,"Tran",224
IR,"Abed",223
IR,"Divišová",222
IR,"Skála",222
IR,"Václavíková",222
IR,"Bartoňová",222
IR,"Neumannová",222
IR,"Verner",222
IR,"فیضی",222
IR,"عطایی",222
IR,"Varga",222
IR,"Schneider",222
IR,"توکلی",222
IR,"Gharib",222
IR,"Adeli",222
IR,"Abd",222
IR,"Li",222
IR,"Herman",221
IR,"Škoda",221
IR,"Jalilian",221
IR,"Rashedi",221
IR,"Azami",221
IR,"Dabiri",221
IR,"Dadkhah",221
IR,"Čejka",220
IR,"اسلامی",220
IR,"Pakdel",220
IR,"Haghshenas",220
IR,"Namazi",220
IR,"Saremi",220
IR,"Sedghi",220
IR,"Dana",220
IR,"Nemec",219
IR,"Štěrba",219
IR,"Váchová",219
IR,"اسکندری",219
IR,"شفیعی",219
IR,"Mohammady",219
IR,"Shafie",219
IR,"Falahi",219
IR,"Farrokhi",219
IR,"Fazel",219
IR,"Rahbari",219
IR,"Kulhánek",218
IR,"Čáp",218
IR,"Gabriel",218
IR,"Kabir",218
IR,"افشار",218
IR,"Nasri",218
IR,"Khaksar",218
IR,"Sb",218
IR,"Fojtík",217
IR,"Petříková",217
IR,"Skálová",217
IR,"Akbar",217
IR,"Abdolkhani",217
IR,"Keshtkar",217
IR,"Haddadi",217
IR,"Darya",217
IR,"Uhlířová",216
IR,"Vágnerová",216
IR,"Bartoň",216
IR,"Erfan",216
IR,"Aghazadeh",216
IR,"Zargar",216
IR,"Horová",215
IR,"Minařík",215
IR,"Šimůnková",215
IR,"Kvapilová",215
IR,"Reyhani",215
IR,"Naeimi",215
IR,"Shahrokhi",215
IR,"Esfahani",215
IR,"Karásek",214
IR,"Houdek",214
IR,"Přikrylová",214
IR,"Franková",214
IR,"Křivánková",214
IR,"کشاورز",214
IR,"شجاعی",214
IR,"Mohamadian",214
IR,"Mashhadi",214
IR,"Khatibi",214
IR,"Kozel",213
IR,"Karim",213
IR,"امیدی",213
IR,"Shoja",213
IR,"Esmaeli",213
IR,"Ghazanfari",213
IR,"Tala",213
IR,"رفیعی",212
IR,"Lashkari",212
IR,"Dadgar",212
IR,"An",212
IR,"Dolejší",212
IR,"Koubová",211
IR,"نارویی",211
IR,"Doleželová",211
IR,"Feyzi",211
IR,"Hajipour",211
IR,"Veverka",211
IR,"Mirzayi",211
IR,"Hajian",211
IR,"Šafránková",210
IR,"محمدزاده",210
IR,"Solimani",210
IR,"Khajeh",210
IR,"Sarvari",210
IR,"Alimohammadi",210
IR,"Khorsand",210
IR,"Pm",210
IR,"Ko",210
IR,"Hussain",209
IR,"Trojan",209
IR,"Kupka",209
IR,"شمس",209
IR,"Khalaj",209
IR,"Žižka",208
IR,"Polak",208
IR,"غفاری",208
IR,"Zafari",208
IR,"Kamyab",208
IR,"Havránková",207
IR,"Slezák",207
IR,"Horvath",207
IR,"Škodová",207
IR,"Chalupová",207
IR,"Bn",207
IR,"Petrů",207
IR,"Jirka",206
IR,"Agha",206
IR,"Kratochvil",206
IR,"Sepahi",206
IR,"Zahmatkesh",206
IR,"Naghdi",206
IR,"Hb",206
IR,"اهوازی",205
IR,"Řezáč",205
IR,"نیسی",205
IR,"Vojta",205
IR,"Mehdipour",205
IR,"Feizi",205
IR,"Khorami",205
IR,"Monjezi",205
IR,"At",205
IR,"Berková",204
IR,"Zemanova",204
IR,"Šimůnek",204
IR,"Seidl",204
IR,"Coufalová",204
IR,"Hasanpoor",204
IR,"Rahmanian",204
IR,"Tohidi",204
IR,"Adel",204
IR,"Shahryari",204
IR,"Lak",204
IR,"Shaker",204
IR,"Dolati",204
IR,"Ghodrati",204
IR,"Aghaee",204
IR,"Alinejad",204
IR,"In",204
IR,"Mg",204
IR,"Skalická",203
IR,"Šubrtová",203
IR,"Karas",203
IR,"Mucha",203
IR,"حاتمی",203
IR,"Safaee",203
IR,"Rafie",203
IR,"Fooladi",203
IR,"Nikkhah",203
IR,"Sari",203
IR,"Kocourková",202
IR,"Formánek",202
IR,"Samek",202
IR,"همتی",202
IR,"پارسا",202
IR,"Zad",202
IR,"Fakhri",202
IR,"Allahyari",202
IR,"Movahedi",202
IR,"Sadati",202
IR,"Roohi",202
IR,"De",202
IR,"Morávková",201
IR,"Horký",201
IR,"Matušková",201
IR,"Malinová",201
IR,"Lukášová",201
IR,"Fialova",201
IR,"Marečková",201
IR,"Hovorková",201
IR,"Frank",201
IR,"Nobakht",201
IR,"Askani",200
IR,"Vácha",200
IR,"Pekárková",200
IR,"Horakova",200
IR,"شهبازی",200
IR,"Eliášová",200
IR,"Zahradníková",200
IR,"Schwarz",200
IR,"Zahiri",200
IR,"Farzin",200
IR,"Lashgari",200
IR,"Kralova",199
IR,"Ondráček",199
IR,"Navratil",199
IR,"Havránek",199
IR,"Kucerova",199
IR,"Max",199
IR,"Bahri",199
IR,"Václavík",198
IR,"Šmejkalová",198
IR,"Červinka",198
IR,"Zajícová",198
IR,"Zima",198
IR,"Janíková",198
IR,"Iman",198
IR,"جوادی",198
IR,"Wagner",198
IR,"Makvandi",198
IR,"Teymouri",198
IR,"Nagy",198
IR,"Razmi",198
IR,"Alijani",198
IR,"Bi",198
IR,"Pilařová",197
IR,"Jonáš",197
IR,"Vít",197
IR,"سیدی",197
IR,"صابری",197
IR,"Tom",197
IR,"Martinec",197
IR,"Fayazi",197
IR,"Aziz",197
IR,"Babayi",197
IR,"Pakzad",197
IR,"Nematollahi",197
IR,"Ti",197
IR,"Válek",196
IR,"Řezáčová",196
IR,"Homolka",196
IR,"داودی",196
IR,"Sen",196
IR,"Ariya",196
IR,"Nj",196
IR,"Lee",196
IR,"Diviš",195
IR,"Nemcova",195
IR,"Bartáková",195
IR,"Sajad",195
IR,"Fischer",195
IR,"عابدی",195
IR,"Behroozi",195
IR,"Shiraz",195
IR,"Keshvari",195
IR,"Rajaei",195
IR,"Barták",194
IR,"Hanzlíková",194
IR,"Popelka",194
IR,"عبادی",194
IR,"Chegini",194
IR,"Nezami",194
IR,"Krejci",194
IR,"Niki",194
IR,"Formánková",193
IR,"طرفی",193
IR,"Ghaemi",193
IR,"Radmehr",193
IR,"Khatami",193
IR,"Kz",193
IR,"Le",193
IR,"Pražák",192
IR,"Kubová",192
IR,"Trávníčková",192
IR,"Vaníček",192
IR,"Kolaříková",192
IR,"Lorencová",192
IR,"Hubáček",192
IR,"Lucie",192
IR,"Saman",192
IR,"Arabzadeh",192
IR,"Jahanbakhsh",192
IR,"Dan",192
IR,"Movahed",192
IR,"Hedayat",192
IR,"Tuček",191
IR,"Horváthová",191
IR,"سروری",191
IR,"Průšová",191
IR,"Seidlová",191
IR,"امانی",191
IR,"Afshin",191
IR,"Kamran",191
IR,"Shirdel",191
IR,"Mhd",191
IR,"Mojtaba",190
IR,"Bočková",190
IR,"Křížek",190
IR,"Kotek",190
IR,"Kubešová",190
IR,"ساعدی",190
IR,"Homola",190
IR,"Farzad",190
IR,"Khorrami",190
IR,"Yadegari",190
IR,"Honarmand",190
IR,"Shz",190
IR,"Min",190
IR,"Bm",190
IR,"Horváth",189
IR,"Šestáková",189
IR,"Francová",189
IR,"Kubeš",189
IR,"Afghan",189
IR,"Šmejkal",189
IR,"Melicharová",189
IR,"Jelinkova",189
IR,"Ebrahim",189
IR,"Hardani",189
IR,"Kheiri",189
IR,"Aliabadi",189
IR,"Attar",189
IR,"Yegane",189
IR,"Praha",189
IR,"Kafka",188
IR,"Veverková",188
IR,"Vágner",188
IR,"Kostka",188
IR,"Hrdina",188
IR,"Uhlíř",188
IR,"Zavadilová",188
IR,"Votava",188
IR,"Mehrdad",188
IR,"Naghavi",188
IR,"Narimani",188
IR,"سادات",188
IR,"Nasrollahi",188
IR,"Hořejší",188
IR,"الکعبی",187
IR,"Lacina",187
IR,"Sklenářová",187
IR,"Bareš",187
IR,"Vaníčková",187
IR,"Kosová",187
IR,"Přikryl",187
IR,"Baluch",187
IR,"Sikorová",187
IR,"Pospisil",187
IR,"Younesi",187
IR,"Abadi",187
IR,"Jojo",187
IR,"Blecha",186
IR,"Jonášová",186
IR,"Martincová",186
IR,"Petra",186
IR,"Persian",186
IR,"پناهی",186
IR,"Ahvazi",186
IR,"Solgi",186
IR,"Pashaei",186
IR,"Nadi",186
IR,"Marzban",186
IR,"Baradaran",186
IR,"Hr",186
IR,"Janů",186
IR,"Prchal",185
IR,"باوی",185
IR,"Kabi",185
IR,"Vašek",185
IR,"امین",185
IR,"Ramin",185
IR,"Nabi",185
IR,"Ataee",185
IR,"Rahimian",185
IR,"Moghadasi",185
IR,"Jafarian",185
IR,"Rj",185
IR,"Nikoo",185
IR,"Rah",185
IR,"Ri",185
IR,"Kočová",184
IR,"Mareček",184
IR,"Boček",184
IR,"Smolíková",184
IR,"Trojanová",184
IR,"الله",184
IR,"Lenka",184
IR,"Abdollahzadeh",184
IR,"Nabizadeh",184
IR,"Sabouri",184
IR,"Ran",184
IR,"Foroughi",184
IR,"Sk",184
IR,"Rn",184
IR,"الساعدی",183
IR,"Hamplová",183
IR,"Miroslav",183
IR,"Jaroslav",183
IR,"Zatloukal",183
IR,"Hazbavi",183
IR,"Janík",183
IR,"Smutná",183
IR,"امامی",183
IR,"Id",183
IR,"Saadi",183
IR,"Mohamadzade",183
IR,"Javanmard",183
IR,"Ashouri",183
IR,"Toosi",183
IR,"Ham",183
IR,"Nm",183
IR,"Böhmová",182
IR,"Maly",182
IR,"Hašková",182
IR,"Červinková",182
IR,"Drábková",182
IR,"Hlavatá",182
IR,"Ramazani",182
IR,"Afkhami",182
IR,"Mina",182
IR,"Del",182
IR,"Vatankhah",182
IR,"Trávníček",181
IR,"Kratochvilova",181
IR,"Koutná",181
IR,"Vyskočilová",181
IR,"Sokol",181
IR,"Shahmoradi",181
IR,"Ghahramani",181
IR,"Nam",181
IR,"En",181
IR,"Doubková",180
IR,"نعمتی",180
IR,"محبی",180
IR,"Ata",180
IR,"Khorram",180
IR,"Ghafouri",180
IR,"Ezzati",180
IR,"Vaezi",180
IR,"Plačková",179
IR,"Plachá",179
IR,"Houdková",179
IR,"Kociánová",179
IR,"Koubek",179
IR,"Zahradník",179
IR,"Nejedlá",179
IR,"Skala",179
IR,"درویشی",179
IR,"Namvar",179
IR,"Asadzadeh",179
IR,"Amjadi",179
IR,"Doosti",179
IR,"Noor",179
IR,"Radmanesh",179
IR,"Sochor",178
IR,"Vernerová",178
IR,"Janíčková",178
IR,"Hradil",178
IR,"Čiháková",178
IR,"Arsalan",178
IR,"Hynek",178
IR,"Hajkova",178
IR,"Ghasemzadeh",178
IR,"Manafi",178
IR,"Fox",178
IR,"Pham",178
IR,"Bílý",177
IR,"Pelikánová",177
IR,"Kupková",177
IR,"Navid",177
IR,"Bahram",177
IR,"Peyman",177
IR,"Yusefi",177
IR,"Razaghi",177
IR,"Hk",177
IR,"Sarabi",177
IR,"Nedvědová",176
IR,"Zajíc",176
IR,"Šubrt",176
IR,"Martinková",176
IR,"براتی",176
IR,"Sova",176
IR,"Langová",176
IR,"Böhm",176
IR,"Cibulka",176
IR,"Zdeněk",176
IR,"Ruzicka",176
IR,"Khodabakhshi",176
IR,"Amiry",176
IR,"Firouzi",176
IR,"Aryan",176
IR,"Jadidi",176
IR,"Khojasteh",176
IR,"Sadeqi",176
IR,"Hi",176
IR,"Deh",176
IR,"Meh",176
IR,"Ne",176
IR,"Pražáková",175
IR,"Dobešová",175
IR,"Večeřa",175
IR,"Zach",175
IR,"Nka",175
IR,"Maříková",175
IR,"Koohi",175
IR,"Mohammadzade",175
IR,"Sepehr",175
IR,"Sabeti",175
IR,"Nejedlý",174
IR,"Hloušková",174
IR,"بلوچی",174
IR,"Kubínová",174
IR,"Kubín",174
IR,"Balog",174
IR,"Tomas",174
IR,"Barešová",174
IR,"رضای",174
IR,"جلیلی",174
IR,"Safarzadeh",174
IR,"Mirzai",174
IR,"Khajavi",174
IR,"Zaree",174
IR,"Hojati",174
IR,"Babakhani",174
IR,"Sadeghzadeh",174
IR,"Eh",174
IR,"Saba",174
IR,"Čápová",173
IR,"Karasová",173
IR,"Hanzlík",173
IR,"Langerová",173
IR,"Bibak",173
IR,"مختاری",173
IR,"Sedigh",173
IR,"Adibi",173
IR,"Mařík",172
IR,"Valášková",172
IR,"Husáková",172
IR,"Rakhshani",172
IR,"Ahrari",172
IR,"Mobaraki",172
IR,"Sad",172
IR,"Jami",172
IR,"Diba",172
IR,"Dh",172
IR,"Hradilová",171
IR,"Ivanov",171
IR,"Smejkalová",171
IR,"Eliáš",171
IR,"Doležel",171
IR,"حسین پور",171
IR,"لطفی",171
IR,"Keramati",171
IR,"چنانی",170
IR,"Popelková",170
IR,"Morávek",170
IR,"Kafková",170
IR,"Dudek",170
IR,"Zárubová",170
IR,"Mad",170
IR,"Pekárek",170
IR,"Dehvari",170
IR,"خانی",170
IR,"Simon",170
IR,"Rezae",170
IR,"Hosseyni",170
JM,"Brown",12228
JM,"Williams",8289
JM,"Smith",7337
JM,"Campbell",5383
JM,"Johnson",5138
JM,"Thompson",3625
JM,"Reid",3466
JM,"Clarke",3425
JM,"Thomas",3221
JM,"Henry",3036
JM,"Gordon",2902
JM,"Robinson",2749
JM,"Grant",2716
JM,"Wright",2469
JM,"Davis",2436
JM,"Lewis",2415
JM,"Anderson",2393
JM,"Francis",2371
JM,"Edwards",2350
JM,"Green",2340
JM,"James",2317
JM,"Miller",2287
JM,"Wilson",2226
JM,"Allen",2197
JM,"Stewart",2073
JM,"Walker",1986
JM,"Richards",1980
JM,"Bailey",1973
JM,"Taylor",1947
JM,"Jones",1914
JM,"Powell",1904
JM,"Morgan",1847
JM,"Mckenzie",1645
JM,"Palmer",1595
JM,"Jackson",1561
JM,"White",1526
JM,"Blake",1504
JM,"Watson",1496
JM,"Scott",1468
JM,"Graham",1457
JM,"Simpson",1444
JM,"Lawrence",1389
JM,"Samuels",1383
JM,"Gayle",1382
JM,"Daley",1379
JM,"Dixon",1373
JM,"Morris",1372
JM,"Bennett",1346
JM,"Hall",1307
JM,"Whyte",1300
JM,"Martin",1279
JM,"Don",1218
JM,"Barrett",1216
JM,"Nelson",1200
JM,"Bryan",1168
JM,"Lee",1165
JM,"Hamilton",1155
JM,"Ellis",1130
JM,"Rose",1113
JM,"Douglas",1112
JM,"King",1111
JM,"Harris",1093
JM,"Mitchell",1086
JM,"Chambers",1058
JM,"Foster",1036
JM,"Beckford",989
JM,"Boo",988
JM,"Walters",972
JM,"Rowe",960
JM,"Mcdonald",943
JM,"Spence",922
JM,"Morrison",897
JM,"Wallace",889
JM,"Mclean",878
JM,"Gray",866
JM,"Boss",853
JM,"Black",828
JM,"Murray",828
JM,"Forbes",801
JM,"Young",746
JM,"Salmon",744
JM,"Brooks",728
JM,"Russell",718
JM,"Baker",717
JM,"Mcfarlane",713
JM,"Roberts",698
JM,"Shaw",681
JM,"Sinclair",675
JM,"Dennis",647
JM,"Kerr",641
JM,"Ricketts",637
JM,"Kelly",634
JM,"Cunningham",633
JM,"Malcolm",631
JM,"Mullings",622
JM,"Ferguson",620
JM,"Evans",616
JM,"Harrison",609
JM,"Pinnock",599
JM,"Cole",594
JM,"Mcintosh",579
JM,"Bernard",576
JM,"Barnes",568
JM,"Spencer",556
JM,"Dawkins",551
JM,"Phillips",538
JM,"Cameron",534
JM,"Pryce",529
JM,"Blackwood",524
JM,"Hinds",519
JM,"Hylton",519
JM,"Stephenson",516
JM,"Small",516
JM,"Hutchinson",514
JM,"Blair",509
JM,"Patterson",505
JM,"Swaby",504
JM,"Chin",502
JM,"Bell",497
JM,"Sterling",497
JM,"Burke",493
JM,"Griffiths",487
JM,"Lindsay",484
JM,"Duncan",480
JM,"Mcleod",475
JM,"Hibbert",469
JM,"Christie",459
JM,"Jarrett",457
JM,"Simms",450
JM,"Barnett",449
JM,"Williamson",448
JM,"British",446
JM,"Myers",445
JM,"Mills",441
JM,"Bartley",438
JM,"Haughton",433
JM,"Tomlinson",432
JM,"Mcpherson",428
JM,"Moore",425
JM,"Marshall",424
JM,"Bent",423
JM,"Levy",421
JM,"Riley",419
JM,"Peart",415
JM,"Harvey",412
JM,"Knight",406
JM,"Howell",403
JM,"Hunter",399
JM,"Plummer",397
JM,"Gooden",393
JM,"Turner",387
JM,"Sutherland",382
JM,"Queen",379
JM,"Hanson",378
JM,"Hines",375
JM,"Carter",373
JM,"Dunkley",368
JM,"Buchanan",363
JM,"Reynolds",361
JM,"Grey",359
JM,"Farquharson",354
JM,"Collins",347
JM,"Vassell",346
JM,"Senior",341
JM,"Scarlett",341
JM,"Elliott",340
JM,"Atkinson",340
JM,"Bowen",340
JM,"Burton",336
JM,"Rhoden",334
JM,"Leslie",328
JM,"Love",324
JM,"Fearon",324
JM,"Jay",320
JM,"Burrell",320
JM,"Nembhard",320
JM,"Lindo",316
JM,"Hudson",314
JM,"Ebanks",312
JM,"Cooper",312
JM,"Hill",311
JM,"Maxwell",311
JM,"Berry",310
JM,"Davidson",309
JM,"Wynter",308
JM,"Higgins",304
JM,"Dyer",302
JM,"Matthews",302
JM,"Lynch",300
JM,"Rodney",298
JM,"Willis",297
JM,"Stephens",296
JM,"Linton",292
JM,"Prince",288
JM,"Fuller",288
JM,"Fisher",283
JM,"Stone",281
JM,"Saunders",278
JM,"Cummings",277
JM,"Parker",275
JM,"Adams",272
JM,"Hewitt",271
JM,"Myrie",271
JM,"Mccalla",268
JM,"Parchment",265
JM,"Fletcher",265
JM,"Benjamin",263
JM,"Dan",262
JM,"Sewell",262
JM,"Holness",262
JM,"Wint",262
JM,"Man",261
JM,"Banton",261
JM,"Tucker",260
JM,"Warren",259
JM,"Porter",259
JM,"Drummond",259
JM,"Donaldson",258
JM,"Thorpe",257
JM,"Alexander",255
JM,"Coke",254
JM,"Forrester",252
JM,"Wellington",249
JM,"Downer",247
JM,"Ramsay",247
JM,"Perry",245
JM,"Lawson",245
JM,"West",244
JM,"Mason",238
JM,"Laing",236
JM,"Witter",236
JM,"Fraser",235
JM,"Simmonds",233
JM,"Crawford",232
JM,"Dacosta",232
JM,"Golding",229
JM,"Gardner",228
JM,"Lewin",227
JM,"Frazer",226
JM,"Dunn",226
JM,"Irving",226
JM,"Anglin",225
JM,"Tulloch",222
JM,"Osbourne",222
JM,"Brissett",222
JM,"Newman",222
JM,"Haye",221
JM,"Harriott",220
JM,"Coley",219
JM,"Mckoy",219
JM,"Coleman",218
JM,"Genna",217
JM,"Byfield",217
JM,"Clark",214
JM,"William",214
JM,"Facey",213
JM,"Webb",211
JM,"Wedderburn",210
JM,"Clayton",209
JM,"Unruly",208
JM,"Crooks",208
JM,"Boothe",207
JM,"Kidd",206
JM,"Oconnor",200
JM,"Hayles",200
JM,"Moodie",198
JM,"Hemmings",198
JM,"Manning",196
JM,"Ford",194
JM,"Pusey",193
JM,"Forrest",193
JM,"Dwyer",193
JM,"Ennis",191
JM,"Lowe",190
JM,"Nugent",188
JM,"Minott",186
JM,"Junior",183
JM,"Hyatt",183
JM,"Murphy",183
JM,"Cooke",181
JM,"Anthony",180
JM,"Sharpe",179
JM,"Townsend",179
JM,"Sparta",178
JM,"Nicholson",178
JM,"Kay",177
JM,"Butler",177
JM,"Wisdom",177
JM,"Bogle",176
JM,"Burnett",173
JM,"Tyrell",172
JM,"Carr",172
JM,"Vernon",171
JM,"Fagan",170
JM,"Mcbean",170
JM,"Shan",169
JM,"Guthrie",169
JM,"Wray",168
JM,"Watt",168
JM,"Kennedy",167
JM,"Neil",166
JM,"Mccarthy",166
JM,"Mendez",164
JM,"Roach",164
JM,"Ross",163
JM,"Mattis",163
JM,"Muir",163
JM,"Denton",163
JM,"Parkes",161
JM,"Bruce",160
JM,"Frass",159
JM,"Boyd",159
JM,"Newell",159
JM,"Allison",159
JM,"Cox",159
JM,"Cross",158
JM,"Shirley",158
JM,"Lloyd",157
JM,"Peterkin",157
JM,"Hendricks",157
JM,"Gentles",157
JM,"Creary",157
JM,"Gibbs",156
JM,"Blacks",155
JM,"Gibson",155
JM,"Gallimore",153
JM,"Hyman",153
JM,"Davy",153
JM,"General",152
JM,"Christian",152
JM,"Austin",152
JM,"Solomon",151
JM,"Waite",151
JM,"Biggs",150
JM,"Fowler",150
JM,"Parkinson",150
JM,"Whittaker",149
JM,"Dawson",149
JM,"Gregory",149
JM,"Pink",148
JM,"Ashley",148
JM,"Hunt",148
JM,"Carty",147
JM,"Headley",147
JM,"Marsh",147
JM,"Ann",146
JM,"Coombs",146
JM,"Duffus",146
JM,"Mcgregor",146
JM,"Kxng",145
JM,"Smikle",145
JM,"Walcott",144
JM,"Archer",144
JM,"Singh",143
JM,"Virgo",143
JM,"English",142
JM,"Pearson",142
JM,"Robertson",142
JM,"Tracey",142
JM,"Richardson",142
JM,"Isaacs",142
JM,"Munroe",142
JM,"Myles",142
JM,"Josephs",141
JM,"Mowatt",141
JM,"Logan",141
JM,"Braham",141
JM,"Haynes",140
JM,"Bae",139
JM,"Cohen",139
JM,"Chung",138
JM,"Buckley",138
JM,"Gardener",137
JM,"Armstrong",137
JM,"Mckay",136
JM,"Dillon",136
JM,"Bromfield",136
JM,"Lopez",134
JM,"Folkes",134
JM,"Cousins",134
JM,"Pottinger",133
JM,"Whitely",133
JM,"Henderson",133
JM,"Rich",132
JM,"Wong",132
JM,"Lyons",132
JM,"Ward",132
JM,"Hart",131
JM,"Binns",131
JM,"Goulbourne",131
JM,"Barton",130
JM,"Bramwell",128
JM,"Silvera",127
JM,"Dacres",127
JM,"Smalling",127
JM,"Montaque",127
JM,"Baugh",127
JM,"Bling",126
JM,"Weir",126
JM,"Howard",126
JM,"Heath",125
JM,"Mcintyre",125
JM,"Bonner",124
JM,"Mclaughlin",123
JM,"Brady",122
JM,"Moncrieffe",121
JM,"Dobson",121
JM,"Heron",120
JM,"Royal",120
JM,"Steele",120
JM,"Bucknor",120
JM,"Richard",119
JM,"Valentine",119
JM,"Currie",119
JM,"Pennant",118
JM,"Mcneil",118
JM,"Rankine",118
JM,"Codner",118
JM,"Dale",118
JM,"Stevens",117
JM,"Tate",116
JM,"Fray",116
JM,"Noble",116
JM,"Panton",116
JM,"Webster",115
JM,"Shand",115
JM,"Perkins",114
JM,"Rochester",113
JM,"Cowan",113
JM,"Livingston",113
JM,"Maragh",113
JM,"Ingram",113
JM,"Reece",113
JM,"Pitter",112
JM,"Jamaica",112
JM,"Angel",111
JM,"Baxter",111
JM,"Mclaren",111
JM,"Samuel",110
JM,"Dias",110
JM,"Joseph",110
JM,"Messam",110
JM,"Hype",109
JM,"Waugh",109
JM,"Minto",109
JM,"Enuh",108
JM,"Duhaney",108
JM,"Page",108
JM,"Willams",108
JM,"Murdock",107
JM,"Frater",107
JM,"Bryce",107
JM,"Barnaby",107
JM,"Peters",107
JM,"John",105
JM,"Falconer",105
JM,"Curtis",105
JM,"Oliver",105
JM,"Wood",105
JM,"Mcleish",105
JM,"Dawes",104
JM,"Moulton",102
JM,"Nation",102
JM,"Briscoe",102
JM,"Hayden",102
JM,"Dallas",101
JM,"Sawyers",99
JM,"Grandison",99
JM,"Maitland",98
JM,"Dean",98
JM,"Findley",98
JM,"Pearce",97
JM,"Fairclough",97
JM,"Ferron",96
JM,"Angus",96
JM,"Ledgister",96
JM,"Bolton",96
JM,"Poyser",96
JM,"Pringle",96
JM,"Ormsby",96
JM,"Barker",96
JM,"Patrick",96
JM,"Larmond",96
JM,"Stanley",96
JM,"Bloomfield",96
JM,"Bless",95
JM,"Chen",95
JM,"Watkis",95
JM,"Andrews",95
JM,"Gaynor",95
JM,"Mcdermott",94
JM,"Dunbar",94
JM,"Henriques",94
JM,"Wilks",93
JM,"Whittingham",93
JM,"Eccleston",93
JM,"Lennon",92
JM,"Harding",92
JM,"Hyde",92
JM,"Channer",92
JM,"Phipps",90
JM,"Mcknight",90
JM,"Doyley",90
JM,"Nesbeth",90
JM,"Chisholm",90
JM,"Cornwall",90
JM,"Madden",90
JM,"Walsh",89
JM,"Nash",89
JM,"Barclay",89
JM,"Lawes",89
JM,"Shepherd",88
JM,"Stennett",88
JM,"Heslop",88
JM,"Welsh",87
JM,"Charlton",87
JM,"Marriott",87
JM,"Latty",87
JM,"Paul",86
JM,"Roache",86
JM,"Greaves",86
JM,"Guy",86
JM,"Givans",86
JM,"Vidal",86
JM,"Rattray",85
JM,"Deans",85
JM,"Raymond",85
JM,"Garvey",85
JM,"Roper",85
JM,"Miles",85
JM,"Ruddock",84
JM,"Jennings",84
JM,"Earle",84
JM,"Tomlin",84
JM,"Medley",84
JM,"Drysdale",83
JM,"Findlay",83
JM,"Lyn",83
JM,"Masters",83
JM,"Sanderson",83
JM,"Darby",83
JM,"Durrant",83
JM,"Fairweather",82
JM,"Roye",82
JM,"Mac",82
JM,"Todd",82
JM,"Ashman",82
JM,"Woolery",81
JM,"Lodge",81
JM,"Bedward",81
JM,"Gabbidon",81
JM,"Wilmot",80
JM,"Chang",80
JM,"Strachan",80
JM,"Coote",80
JM,"Garwood",80
JM,"Johns",79
JM,"Flowers",79
JM,"Burgess",79
JM,"Ried",79
JM,"Lovelace",78
JM,"Flemmings",78
JM,"Head",77
JM,"Craig",77
JM,"Sparks",77
JM,"Crosdale",77
JM,"Ellison",77
JM,"Llewellyn",77
JM,"Copeland",77
JM,"Chromaz",76
JM,"Shakespeare",76
JM,"Tennant",76
JM,"Atkins",76
JM,"Diamond",75
JM,"Lambert",75
JM,"Prendergast",75
JM,"Dockery",75
JM,"Holmes",75
JM,"Banks",74
JM,"Samuda",74
JM,"Allwood",74
JM,"Garrick",74
JM,"Blackstock",74
JM,"Tapper",73
JM,"Rainford",73
JM,"Comrie",73
JM,"Marie",72
JM,"Unique",72
JM,"Wade",72
JM,"Merchant",72
JM,"Amos",72
JM,"Freckleton",72
JM,"Wayne",71
JM,"Simon",71
JM,"Spaulding",71
JM,"South",71
JM,"Abrahams",71
JM,"Millwood",71
JM,"Smart",71
JM,"Charles",70
JM,"Britton",70
JM,"Fyffe",70
JM,"Ellington",70
JM,"Fullerton",70
JM,"Shakes",70
JM,"Vincent",70
JM,"Nunes",70
JM,"Jenkins",70
JM,"Walford",70
JM,"Savage",69
JM,"Freeman",69
JM,"Kirlew",69
JM,"Blagrove",69
JM,"Will",69
JM,"Deer",69
JM,"Cargill",69
JM,"Ffrench",69
JM,"Ming",69
JM,"Mundle",69
JM,"Hope",69
JM,"George",68
JM,"Bygrave",68
JM,"Shields",68
JM,"Ranger",68
JM,"Gillespie",68
JM,"Boswell",68
JM,"Housen",68
JM,"Barbie",67
JM,"Dem",67
JM,"Nicholas",67
JM,"Montique",67
JM,"Taffe",67
JM,"Jacobs",67
JM,"Saddler",67
JM,"Samms",67
JM,"Lyttle",67
JM,"Rodgers",67
JM,"Hughes",67
JM,"Lobban",67
JM,"Skull",66
JM,"Doll",66
JM,"Chris",66
JM,"Needham",66
JM,"Grizzle",66
JM,"Howe",66
JM,"Mais",66
JM,"Foreman",66
JM,"May",66
JM,"Trowers",66
JM,"Callum",66
JM,"Bwoy",65
JM,"Bee",65
JM,"Daniels",65
JM,"Segree",65
JM,"Orr",65
JM,"Seaton",65
JM,"Price",65
JM,"Døñ",64
JM,"Plunkett",64
JM,"Birch",64
JM,"Arnold",64
JM,"Whitter",64
JM,"Roy",63
JM,"Billings",63
JM,"Foote",63
JM,"Ritchie",63
JM,"Mccallum",63
JM,"Webber",63
JM,"Forsythe",63
JM,"Robb",62
JM,"Reeves",62
JM,"Passley",62
JM,"Ogilvie",62
JM,"Woolcock",61
JM,"Smellie",61
JM,"Moses",61
JM,"Heaven",61
JM,"Gunter",61
JM,"Laird",61
JM,"Meikle",61
JM,"Gilbert",60
JM,"Sappleton",60
JM,"Skyers",60
JM,"Newby",60
JM,"Beadle",60
JM,"Archibald",60
JM,"Marks",60
JM,"Ykk",59
JM,"Nick",59
JM,"Parks",59
JM,"Carnegie",59
JM,"Porteous",59
JM,"Broderick",59
JM,"March",59
JM,"East",59
JM,"Longmore",59
JM,"Mignott",59
JM,"Franklin",59
JM,"Sullivan",59
JM,"Esson",59
JM,"Broomfield",59
JM,"Kim",58
JM,"Yk",58
JM,"Jordan",58
JM,"Bingham",58
JM,"Wallen",58
JM,"Muirhead",58
JM,"Mcnish",58
JM,"Locke",58
JM,"Og",57
JM,"Lecky",57
JM,"Hartley",57
JM,"Seymour",57
JM,"Jack",57
JM,"Bowers",57
JM,"Davey",57
JM,"Rhule",57
JM,"Downie",57
JM,"Barracks",57
JM,"Mark",56
JM,"Wiggan",56
JM,"Cain",56
JM,"Mayne",56
JM,"Mclennon",56
JM,"Hawthorne",56
JM,"Newton",56
JM,"Somers",56
JM,"Ja",56
JM,"Welch",56
JM,"Gena",55
JM,"Watkins",55
JM,"Mcgowan",55
JM,"Melbourne",55
JM,"Norman",55
JM,"Hammond",55
JM,"Gilzene",55
JM,"Walton",55
JM,"Greenwood",55
JM,"Anna",54
JM,"Andre",54
JM,"Sweetness",54
JM,"Donald",54
JM,"Godfrey",54
JM,"Redwood",54
JM,"Yzt",54
JM,"Rhooms",54
JM,"Sutton",54
JM,"Bowes",54
JM,"Parke",54
JM,"Beecher",54
JM,"Whilby",54
JM,"Washington",53
JM,"Bonnick",53
JM,"Hutton",53
JM,"Oakley",53
JM,"Owens",53
JM,"Meeks",53
JM,"Mcghie",53
JM,"Goldson",52
JM,"Rodriques",52
JM,"Fenton",52
JM,"Cambell",52
JM,"Carby",52
JM,"Mcinnis",52
JM,"Carridice",52
JM,"Case",52
JM,"Payne",52
JM,"Burgher",52
JM,"Ricardo",51
JM,"Alex",51
JM,"Hemans",51
JM,"Sangster",51
JM,"Christopher",51
JM,"Daye",51
JM,"Bishop",51
JM,"Smiley",51
JM,"Afflick",51
JM,"Squire",51
JM,"Webley",51
JM,"Paisley",51
JM,"Dewar",51
JM,"Vickers",51
JM,"Omar",50
JM,"Dehaney",50
JM,"Steer",50
JM,"Gold",50
JM,"Ottey",50
JM,"Henningham",50
JM,"Dryden",50
JM,"Dempster",50
JM,"Sam",50
JM,"Dre",49
JM,"Browning",49
JM,"Fox",49
JM,"Grace",49
JM,"Weller",49
JM,"Boreland",49
JM,"Mcdowell",49
JM,"Halstead",49
JM,"Arthurs",49
JM,"Rhone",49
JM,"Bentley",49
JM,"Parnell",49
JM,"Shella",48
JM,"Image",48
JM,"Loney",48
JM,"Bird",48
JM,"Geddes",48
JM,"Lamey",48
JM,"Adlam",48
JM,"Long",48
JM,"Newland",48
JM,"Michael",47
JM,"Kirkland",47
JM,"Bascoe",47
JM,"Ewan",47
JM,"Terrelonge",47
JM,"Mack",47
JM,"Vassel",47
JM,"Carey",47
JM,"Goffe",47
JM,"Kenton",47
JM,"Greenland",47
JM,"Paris",46
JM,"Harper",46
JM,"Champagnie",46
JM,"Colquhoun",46
JM,"Jonas",46
JM,"Clair",46
JM,"Codling",46
JM,"Dee",46
JM,"Willie",46
JM,"Dickson",46
JM,"Whittle",46
JM,"Betty",46
JM,"Hurd",46
JM,"Beason",46
JM,"Knott",46
JM,"Lugg",46
JM,"Rush",45
JM,"Rebel",45
JM,"Manderson",45
JM,"Jolly",45
JM,"Meredith",45
JM,"Skeen",45
JM,"Cope",45
JM,"Bolt",45
JM,"Wheatley",45
JM,"Dailey",45
JM,"Douse",45
JM,"Chamberlain",45
JM,"Shane",44
JM,"Quan",44
JM,"Max",44
JM,"Rock",44
JM,"Ball",44
JM,"Sanchez",44
JM,"Thomson",44
JM,"Child",44
JM,"Tyndale",44
JM,"Doyle",44
JM,"Rattigan",44
JM,"Bradford",44
JM,"Hepburn",44
JM,"Dyce",44
JM,"Edward",44
JM,"Wilkinson",44
JM,"Quarrie",44
JM,"Fagon",44
JM,"Perrin",44
JM,"Deacon",44
JM,"Garcia",44
JM,"Shawn",43
JM,"Chop",43
JM,"Leon",43
JM,"Sampson",43
JM,"Ray",43
JM,"Willson",43
JM,"Langley",43
JM,"Staple",43
JM,"Coore",43
JM,"Hussey",43
JM,"Cover",43
JM,"Stephen",43
JM,"Slater",43
JM,"Ivey",43
JM,"Byrd",43
JM,"Adamson",42
JM,"Greene",42
JM,"Irons",42
JM,"Sloley",42
JM,"Morant",42
JM,"Markland",42
JM,"Thaxter",42
JM,"Winter",42
JM,"Menzie",42
JM,"Mc",42
JM,"Burchell",42
JM,"German",42
JM,"Day",42
JM,"Sergeant",42
JM,"Hastings",42
JM,"Daniel",41
JM,"Døn",41
JM,"Ryan",41
JM,"Owen",41
JM,"Trail",41
JM,"Desouza",41
JM,"Ewart",41
JM,"Franklyn",41
JM,"Lamont",41
JM,"Humes",41
JM,"Dennie",41
JM,"Mcleary",41
JM,"Emanuel",41
JM,"Lake",41
JM,"Hoilett",41
JM,"Moody",41
JM,"Goodaz",40
JM,"Tash",40
JM,"Spartan",40
JM,"David",40
JM,"Chromazz",40
JM,"Peynado",40
JM,"Soares",40
JM,"Bourne",40
JM,"Bravo",40
JM,"Galloway",40
JM,"Cuff",40
JM,"Montgomery",40
JM,"Nevers",40
JM,"Edmondson",40
JM,"Mothersill",40
JM,"Darlington",40
JM,"Hodges",40
JM,"Elliston",40
JM,"Ice",39
JM,"Steven",39
JM,"Livermore",39
JM,"Parkins",39
JM,"Stoner",39
JM,"Sommerville",39
JM,"Satchell",39
JM,"Mclarty",39
JM,"Marston",39
JM,"Edmond",39
JM,"Maye",39
JM,"Wheatle",39
JM,"Tait",39
JM,"Aiken",39
JM,"Null",39
JM,"Bryant",39
JM,"Humphrey",39
JM,"Simth",39
JM,"Robotham",39
JM,"Huie",39
JM,"Darling",39
JM,"Kxñg",38
JM,"Killy",38
JM,"Temple",38
JM,"Thelwell",38
JM,"Stanford",38
JM,"Petgrave",38
JM,"Calvin",38
JM,"Castle",38
JM,"Napier",38
JM,"Ewen",38
JM,"Stoddart",38
JM,"Whyne",38
JM,"Dove",38
JM,"Chrome",38
JM,"Mahoney",38
JM,"Tyson",38
JM,"Nolan",38
JM,"Evabless",37
JM,"Apple",37
JM,"Malcom",37
JM,"Watts",37
JM,"Groves",37
JM,"Cammock",37
JM,"Uter",37
JM,"Vanhorne",37
JM,"Chance",37
JM,"Cowell",37
JM,"Ewers",37
JM,"Dick",37
JM,"Lilly",37
JM,"Mcnaughton",37
JM,"Titus",37
JM,"Tingling",37
JM,"Lue",37
JM,"Warmington",37
JM,"Eubanks",37
JM,"Mccook",37
JM,"Kimmy",36
JM,"Vybz",36
JM,"Ras",36
JM,"Brian",36
JM,"Cool",36
JM,"Bond",36
JM,"Dayes",36
JM,"Mannings",36
JM,"Danvers",36
JM,"Peterson",36
JM,"Rumble",36
JM,"Granston",36
JM,"Garnett",36
JM,"Read",36
JM,"Mcqueen",36
JM,"Layne",36
JM,"Demetrius",36
JM,"Dinnall",36
JM,"Genus",36
JM,"Frankson",36
JM,"Innis",36
JM,"Lester",36
JM,"Lumsden",36
JM,"Steppa",35
JM,"Kong",35
JM,"Bradshaw",35
JM,"Tho",35
JM,"Israel",35
JM,"Gonzales",35
JM,"Wilkins",35
JM,"Good",35
JM,"Moxam",35
JM,"Faulknor",35
JM,"Randall",35
JM,"Golden",35
JM,"Jamieson",35
JM,"Monroe",35
JM,"Mctaggart",35
JM,"Gorden",35
JM,"Forde",35
JM,"Burt",35
JM,"Coward",35
JM,"Rookwood",35
JM,"Bright",35
JM,"Hopkins",35
JM,"Coates",35
JM,"Belnavis",35
JM,"Crossman",35
JM,"Reddie",35
JM,"Fennell",35
JM,"Bembridge",35
JM,"Bella",34
JM,"Pang",34
JM,"Thou",34
JM,"Icon",34
JM,"Legacy",34
JM,"Flex",34
JM,"Luke",34
JM,"Mair",34
JM,"Mundell",34
JM,"Doeman",34
JM,"Cranston",34
JM,"England",34
JM,"Worrell",34
JM,"Peddie",34
JM,"Jumpp",34
JM,"Vaughan",34
JM,"Sherwood",34
JM,"Blythe",34
JM,"Wildman",34
JM,"Mattison",34
JM,"Holt",34
JM,"Leach",34
JM,"Erskine",34
JM,"Skervin",34
JM,"Pinto",34
JM,"Lewars",34
JM,"Stultz",34
JM,"Rankin",34
JM,"Hilton",34
JM,"Lion",33
JM,"Milla",33
JM,"Sher",33
JM,"Right",33
JM,"Bull",33
JM,"Wilkie",33
JM,"Garricks",33
JM,"Cassanova",33
JM,"Jae",33
JM,"French",33
JM,"Sweeney",33
JM,"Mcewan",33
JM,"Tee",33
JM,"Chaplin",33
JM,"Robert",33
JM,"Chase",33
JM,"Streete",33
JM,"Lammie",33
JM,"Hector",33
JM,"Grossett",33
JM,"Yorke",33
JM,"Hardy",33
JM,"Moss",33
JM,"Yg",32
JM,"Candy",32
JM,"Shay",32
JM,"Ranks",32
JM,"Norris",32
JM,"Phinn",32
JM,"Delisser",32
JM,"Tavares",32
JM,"Murry",32
JM,"Hay",32
JM,"More",32
JM,"Scafe",32
JM,"Derby",32
JM,"Mcclymont",32
JM,"Bandoo",32
JM,"Gavin",32
JM,"Welcome",32
JM,"Kitson",32
JM,"Starboy",31
JM,"Kemar",31
JM,"Tia",31
JM,"Link",31
JM,"Gad",31
JM,"Flexx",31
JM,"Kaye",31
JM,"Bear",31
JM,"Oneil",31
JM,"Antonio",31
JM,"Side",31
JM,"Giscombe",31
JM,"Whorms",31
JM,"Mcanuff",31
JM,"Elliot",31
JM,"Richmond",31
JM,"Coburn",31
JM,"Browm",31
JM,"Laylor",31
JM,"Levene",31
JM,"Barham",31
JM,"Wauchope",31
JM,"Trusty",31
JM,"Lafayette",31
JM,"Flynn",31
JM,"Headlam",31
JM,"Garden",31
JM,"Watkin",31
JM,"Warner",31
JM,"Raffington",31
JM,"Perez",31
JM,"Martinez",31
JM,"Wheeler",31
JM,"Sammy",30
JM,"Joe",30
JM,"Banner",30
JM,"Mar",30
JM,"Huggins",30
JM,"Mcken",30
JM,"Wiltshire",30
JM,"Barret",30
JM,"Buckle",30
JM,"Vanriel",30
JM,"Pitt",30
JM,"Pitterson",30
JM,"Heywood",30
JM,"Depass",30
JM,"Huntley",30
JM,"Brackett",30
JM,"Muschette",30
JM,"Nairne",30
JM,"Sherman",30
JM,"Mccurdy",30
JM,"Pommells",30
JM,"Honeyghan",30
JM,"Telfer",30
JM,"Granville",30
JM,"Waisome",30
JM,"Gunn",30
JM,"Bryson",30
JM,"Gowie",30
JM,"Moffatt",30
JM,"Heart",30
JM,"Purcell",30
JM,"Dunstan",30
JM,"Topic",29
JM,"Dolly",29
JM,"Goodlife",29
JM,"Law",29
JM,"Rennie",29
JM,"Nevins",29
JM,"Woodstock",29
JM,"Dodd",29
JM,"Omeally",29
JM,"Flava",29
JM,"Fullwood",29
JM,"Knowles",29
JM,"Mckie",29
JM,"Litchmore",29
JM,"Clacken",29
JM,"Millings",29
JM,"Pessoa",29
JM,"Rogers",29
JM,"Barrows",29
JM,"Lettman",29
JM,"Bremmer",29
JM,"Latouche",29
JM,"Arscott",29
JM,"Harrow",29
JM,"Royes",29
JM,"Artwell",29
JM,"Hull",29
JM,"Oates",29
JM,"Lothian",29
JM,"Lattibeaudiere",29
JM,"Bunting",29
JM,"Ambersley",29
JM,"Willocks",29
JM,"Daily",29
JM,"Thickaz",28
JM,"Goodas",28
JM,"Kevin",28
JM,"Rick",28
JM,"Toocute",28
JM,"Marley",28
JM,"Castillo",28
JM,"Dickenson",28
JM,"Henlon",28
JM,"Dell",28
JM,"Drummonds",28
JM,"Sham",28
JM,"Neish",28
JM,"Chong",28
JM,"Gilpin",28
JM,"Johnston",28
JM,"Rutherford",28
JM,"Carnagie",28
JM,"Nedrick",28
JM,"Barriffe",28
JM,"Cardoza",28
JM,"Clunis",28
JM,"Davids",28
JM,"Slowley",28
JM,"Jeffrey",28
JM,"Sylvester",28
JM,"Nathan",28
JM,"Lisa",27
JM,"Gyol",27
JM,"Gyal",27
JM,"Döñ",27
JM,"Real",27
JM,"Andrade",27
JM,"Letts",27
JM,"Ash",27
JM,"Gee",27
JM,"Haslam",27
JM,"Quest",27
JM,"Paddyfoot",27
JM,"Mcdaniel",27
JM,"Dilworth",27
JM,"Purrier",27
JM,"Lyle",27
JM,"Weston",27
JM,"Laidley",27
JM,"Cato",27
JM,"Simmons",27
JM,"Clare",27
JM,"Monteith",27
JM,"Shelton",27
JM,"Calder",27
JM,"Kentish",27
JM,"Glave",27
JM,"Raynor",27
JM,"Keane",27
JM,"Blidgen",27
JM,"Lavish",27
JM,"Colley",27
JM,"Garrison",27
JM,"Gilling",27
JM,"Dillion",27
JM,"Goodwin",27
JM,"Jhonson",27
JM,"Boucher",27
JM,"Houston",27
JM,"Nicely",27
JM,"Millen",27
JM,"Milton",27
JM,"Northover",27
JM,"Freshh",26
JM,"Blood",26
JM,"Simone",26
JM,"Donn",26
JM,"Mario",26
JM,"Rasta",26
JM,"Six",26
JM,"Willy",26
JM,"Steel",26
JM,"Sparkes",26
JM,"Finlayson",26
JM,"Bethune",26
JM,"Warburton",26
JM,"Elson",26
JM,"Commock",26
JM,"Gillette",26
JM,"Holgate",26
JM,"A Don",26
JM,"Wesley",26
JM,"Redman",26
JM,"Treasure",26
JM,"Deleon",26
JM,"Mccormack",26
JM,"Mccleary",26
JM,"Wolfe",26
JM,"Lennox",26
JM,"Harley",26
JM,"Street",26
JM,"Schloss",26
JM,"Sweets",25
JM,"Pow",25
JM,"Breezy",25
JM,"Detta",25
JM,"Andrew",25
JM,"Cam",25
JM,"Michelle",25
JM,"Million",25
JM,"Barr",25
JM,"Richie",25
JM,"Hills",25
JM,"Charm",25
JM,"Tan",25
JM,"Frame",25
JM,"Cassells",25
JM,"Gillings",25
JM,"Gomez",25
JM,"Phang",25
JM,"Jobson",25
JM,"York",25
JM,"Jonhson",25
JM,"Mcnab",25
JM,"Landell",25
JM,"Anson",25
JM,"Montague",25
JM,"Lalor",25
JM,"Sharp",25
JM,"Steadman",25
JM,"Goss",25
JM,"Dann",25
JM,"Gibbons",25
JM,"Hooper",25
JM,"Nichol",25
JM,"Slue",25
JM,"Mairs",25
JM,"Nichols",25
JM,"Beharie",25
JM,"Burrowes",25
JM,"Bennet",25
JM,"Cherrington",25
JM,"Woodhouse",25
JM,"Mcneish",25
JM,"Mckinley",25
JM,"Doman",25
JM,"Talbert",25
JM,"Damion",24
JM,"Firstlady",24
JM,"Dwayne",24
JM,"Dõñ",24
JM,"Stuart",24
JM,"Mccrea",24
JM,"Berrick",24
JM,"Leith",24
JM,"Baily",24
JM,"Appleton",24
JM,"Crosby",24
JM,"Mckenley",24
JM,"Caine",24
JM,"Margon",24
JM,"Phillip",24
JM,"Lamb",24
JM,"Glanville",24
JM,"Osborne",24
JM,"Bulgin",24
JM,"Hare",24
JM,"Batchelor",24
JM,"Getfield",24
JM,"Pennicott",24
JM,"Fender",24
JM,"Shearer",24
JM,"Phoenix",24
JM,"Parris",24
JM,"Satchwell",24
JM,"Hardie",24
JM,"Pratt",24
JM,"Kameka",24
JM,"Clue",24
JM,"Clough",24
JM,"Mulgrave",24
JM,"Callaghan",24
JM,"Finn",24
JM,"Flemming",24
JM,"Wollaston",24
JM,"Smythe",24
JM,"Macdonald",24
JM,"Mcgibbon",24
JM,"Ken",24
JM,"Topman",23
JM,"Richman",23
JM,"Sash",23
JM,"Muzic",23
JM,"Matic",23
JM,"Tom",23
JM,"Chan",23
JM,"Sue",23
JM,"Hamm",23
JM,"Vernal",23
JM,"Mchayle",23
JM,"Crumbie",23
JM,"Classic",23
JM,"Walden",23
JM,"Officer",23
JM,"Lowers",23
JM,"Mahabeer",23
JM,"Mckain",23
JM,"Neufville",23
JM,"Smile",23
JM,"Bartlett",23
JM,"Holding",23
JM,"Pownall",23
JM,"Hopwood",23
JM,"Bar",23
JM,"Nice",23
JM,"Walter",23
JM,"Catnott",23
JM,"Sky",23
JM,"Constable",23
JM,"Gutzmore",23
JM,"Hermitt",23
JM,"Crew",23
JM,"Weise",23
JM,"Corrodus",23
JM,"Trought",23
JM,"Greenfield",23
JM,"Ashmeade",23
JM,"Stern",23
JM,"Mckane",23
JM,"Mcgaw",23
JM,"Ranglin",23
JM,"Goode",23
JM,"Ali",23
JM,"Blissett",23
JM,"Sturridge",23
JM,"Onedon",22
JM,"Brit",22
JM,"Kyng",22
JM,"Mel",22
JM,"Jason",22
JM,"Chick",22
JM,"Moya",22
JM,"Pinky",22
JM,"Maria",22
JM,"Ricky",22
JM,"Donegal",22
JM,"Gyles",22
JM,"Lucas",22
JM,"Mill",22
JM,"Dobbs",22
JM,"Cleghorn",22
JM,"Boland",22
JM,"Hernandez",22
JM,"Wiliams",22
JM,"Ximines",22
JM,"Dalhouse",22
JM,"Yates",22
JM,"Pike",22
JM,"Lampart",22
JM,"Earl",22
JM,"Baldie",22
JM,"Wanliss",22
JM,"Waysome",22
JM,"Pindling",22
JM,"Pyne",22
JM,"Ralph",22
JM,"Speid",22
JM,"Lemard",22
JM,"Kellier",22
JM,"Roofe",22
JM,"Tingle",22
JM,"Mattocks",22
JM,"Wiggins",22
JM,"Matthie",22
JM,"Matthias",22
JM,"Minzie",22
JM,"Mc Donald",22
JM,"Mceachron",22
JM,"Feurtado",22
JM,"Gouldbourne",22
JM,"Dudley",22
JM,"Cruickshank",22
JM,"Radcliffe",22
JM,"Lord",22
JM,"Douce",22
JM,"Williston",22
JM,"Fernandez",22
JM,"Downs",22
JM,"Bowman",22
JM,"Sibblies",22
JM,"Scale",22
JM,"Jeffery",22
JM,"Jj",22
JM,"Noyan",22
JM,"Redway",22
JM,"Rigg",22
JM,"Matheson",22
JM,"Peat",22
JM,"Whylie",22
JM,"Links",21
JM,"Killaz",21
JM,"Bob",21
JM,"Russian",21
JM,"Chrissy",21
JM,"Pretty",21
JM,"Qxeen",21
JM,"Vaughn",21
JM,"Kerry",21
JM,"Kirk",21
JM,"Traille",21
JM,"Frith",21
JM,"Nickle",21
JM,"Bigby",21
JM,"Box",21
JM,"Gonzalez",21
JM,"Fitzgerald",21
JM,"Sosa",21
JM,"Essor",21
JM,"Waldron",21
JM,"Kings",21
JM,"Sadler",21
JM,"Dyke",21
JM,"Bullock",21
JM,"Harry",21
JM,"Ramsey",21
JM,"Cobourne",21
JM,"Hugh",21
JM,"Rodriguez",21
JM,"Jefferson",21
JM,"Obrien",21
JM,"Hood",21
JM,"Knibbs",21
JM,"Cotterell",21
JM,"Mcnair",21
JM,"Jordon",21
JM,"Burris",21
JM,"Bacchas",21
JM,"Primary",21
JM,"Legore",21
JM,"Salkey",21
JM,"Balfour",21
JM,"Lewinson",21
JM,"Aarons",21
JM,"Melhado",21
JM,"Barrette",21
JM,"Jervis",21
JM,"Braithwaite",21
JM,"Terry",21
JM,"Vaz",21
JM,"Bowley",21
JM,"Mcgann",21
JM,"Edie",21
JM,"Bookal",21
JM,"Newsome",21
JM,"Oliphant",21
JM,"Rhoomes",21
JM,"Andy",21
JM,"Patten",21
JM,"Little",21
JM,"Jermaine",20
JM,"Yute",20
JM,"Akeem",20
JM,"Abby",20
JM,"Rass",20
JM,"Stinga",20
JM,"Up",20
JM,"London",20
JM,"Shae",20
JM,"Sharma",20
JM,"Stamp",20
JM,"Woodburn",20
JM,"Mackenzie",20
JM,"Duckett",20
JM,"Burey",20
JM,"Snow",20
JM,"Flash",20
JM,"Frank",20
JM,"Baley",20
JM,"Berbick",20
JM,"Jemison",20
JM,"Gardon",20
JM,"Silva",20
JM,"Reed",20
JM,"Preddie",20
JM,"Tummings",20
JM,"Spalding",20
JM,"Getten",20
JM,"Cleary",20
JM,"Zhang",20
JM,"Beale",20
JM,"Shorter",20
JM,"Hobson",20
JM,"Amore",20
JM,"Eastwood",20
JM,"Stanberry",20
JM,"Aris",20
JM,"Barrant",20
JM,"Hayle",20
JM,"Bertram",20
JM,"Meade",20
JM,"Scully",20
JM,"Turnbull",20
JM,"Hitchman",20
JM,"Arboine",20
JM,"Li",20
JM,"Oldfield",20
JM,"Shippy",20
JM,"Rhodes",20
JM,"Best",20
JM,"Campbel",20
JM,"Powis",20
JM,"Beck",20
JM,"Marsden",20
JM,"Browne",20
JM,"Thamas",20
JM,"Barron",20
JM,"Nicole",19
JM,"Jody",19
JM,"Dreamchaser",19
JM,"Jah",19
JM,"Toya",19
JM,"Genahsyde",19
JM,"Road",19
JM,"Wiz",19
JM,"Son",19
JM,"Nicky",19
JM,"Steve",19
JM,"Busshead",19
JM,"Faith",19
JM,"Glaze",19
JM,"Dinham",19
JM,"Deva",19
JM,"Stubbs",19
JM,"Ohara",19
JM,"Carson",19
JM,"Blessed",19
JM,"Pantry",19
JM,"Blackburn",19
JM,"Pennycooke",19
JM,"Morgon",19
JM,"Wang",19
JM,"Brow",19
JM,"Chamber",19
JM,"Malabre",19
JM,"Guscott",19
JM,"Able",19
JM,"Edman",19
JM,"Cowans",19
JM,"Chuck",19
JM,"Camp",19
JM,"Tommy",19
JM,"Neita",19
JM,"Sang",19
JM,"Clemmings",19
JM,"Frew",19
JM,"Lofters",19
JM,"Onfroy",19
JM,"Waller",19
JM,"Fritz",19
JM,"Donalds",19
JM,"Styles",19
JM,"Kirby",19
JM,"Dickens",19
JM,"Darien",19
JM,"Lyon",19
JM,"Whittick",19
JM,"Mcgrowder",19
JM,"Carroll",19
JM,"Fong",19
JM,"Mckellop",19
JM,"Pascoe",19
JM,"Parsons",19
JM,"Russel",19
JM,"Power",19
JM,"Petrie",19
JM,"Caballero",19
JM,"Marrett",19
JM,"Grayson",19
JM,"Gauntlett",19
JM,"Meyler",19
JM,"Mesquita",19
JM,"Everett",19
JM,"Cochrane",19
JM,"Farr",19
JM,"Chevannes",19
JM,"Madourie",19
JM,"Kilburn",19
JM,"Gabriel",19
JM,"Momo",18
JM,"Peter",18
JM,"Sunshine",18
JM,"Tj",18
JM,"Nae",18
JM,"Naldo",18
JM,"Kush",18
JM,"Mike",18
JM,"Badness",18
JM,"Leonard",18
JM,"Monique",18
JM,"Gates",18
JM,"Breary",18
JM,"Ambitious",18
JM,"Brandford",18
JM,"Betton",18
JM,"Ludford",18
JM,"Humble",18
JM,"Vaccianna",18
JM,"Bliss",18
JM,"Irwin",18
JM,"Keen",18
JM,"Gilfillian",18
JM,"Lawless",18
JM,"Renford",18
JM,"Haley",18
JM,"Mcloud",18
JM,"Melvin",18
JM,"Powel",18
JM,"Major",18
JM,"Mae",18
JM,"Battick",18
JM,"Freeburn",18
JM,"Suckoo",18
JM,"Medwinter",18
JM,"Aird",18
JM,"Mck",18
JM,"Satahoo",18
JM,"Mccoy",18
JM,"Preston",18
JM,"Chow",18
JM,"Goodhall",18
JM,"Jacks",18
JM,"Gowdie",18
JM,"Oldacre",18
JM,"Peck",18
JM,"Lakeman",18
JM,"Gay",18
JM,"Mitto",18
JM,"Mcnee",18
JM,"Meggie",18
JM,"Waul",18
JM,"Mccatty",18
JM,"Holder",18
JM,"Kellyman",18
JM,"Platt",18
JM,"Shea",18
JM,"Faulkner",18
JM,"Sims",18
JM,"Creighton",18
JM,"Largie",18
JM,"Hackett",18
JM,"Hotskull",17
JM,"Latoya",17
JM,"Amoy",17
JM,"Shanii",17
JM,"Hd",17
JM,"Bøø",17
JM,"Tae",17
JM,"Live",17
JM,"Upsetta",17
JM,"Rg",17
JM,"High",17
JM,"Hazle",17
JM,"Tyme",17
JM,"Mcfarlene",17
JM,"Laws",17
JM,"Brandon",17
JM,"Blingaz",17
JM,"Whitelocke",17
JM,"Rob",17
JM,"Abdul",17
JM,"Brock",17
JM,"Bradley",17
JM,"Cruz",17
JM,"Club",17
JM,"Fyne",17
JM,"Alvaranga",17
JM,"Dowe",17
JM,"Herron",17
JM,"Mclymont",17
JM,"Mcrae",17
JM,"Folks",17
JM,"Mccrae",17
JM,"Philpotts",17
JM,"Surgeon",17
JM,"Espeut",17
JM,"Goldbourne",17
JM,"Alveranga",17
JM,"Liscombe",17
JM,"Grier",17
JM,"Kool",17
JM,"Ferrigon",17
JM,"Stevenson",17
JM,"Connell",17
JM,"Lacey",17
JM,"Baliey",17
JM,"Gardiner",17
JM,"Dixion",17
JM,"Winkle",17
JM,"Burns",17
JM,"Dormer",17
JM,"Gregg",17
JM,"Hanniford",17
JM,"Callam",17
JM,"Meek",17
JM,"Hamil",17
JM,"Samson",17
JM,"Dennison",17
JM,"Diedrick",17
JM,"Gillispie",17
JM,"Nooks",17
JM,"Alcott",17
JM,"Goodwill",17
JM,"Urquhart",17
JM,"Spice",17
JM,"Rapley",17
JM,"Hosang",17
JM,"Adair",17
JM,"Maxam",17
JM,"Duff",17
JM,"Symister",17
JM,"Pennicooke",17
JM,"Chandler",17
JM,"Rashford",17
JM,"Cyrus",17
JM,"Carpenter",17
JM,"Trenchfield",17
JM,"Fung",17
JM,"Cook",17
JM,"Melville",17
JM,"Wills",17
JM,"Mcduffus",17
JM,"Rance",17
JM,"Polson",17
JM,"Woollery",17
JM,"Prawl",17
JM,"Whitley",17
JM,"Lando",16
JM,"Stargirl",16
JM,"Chad",16
JM,"Dwight",16
JM,"Khalifa",16
JM,"Maffia",16
JM,"Genah",16
JM,"Nessa",16
JM,"Dane",16
JM,"Crissy",16
JM,"Syde",16
JM,"Summers",16
JM,"Loveable",16
JM,"Shelly",16
JM,"Gaye",16
JM,"Car",16
JM,"Nixon",16
JM,"Nisbeth",16
JM,"House",16
JM,"Messi",16
JM,"Tay",16
JM,"Kyle",16
JM,"Rutty",16
JM,"Yu",16
JM,"Sweetie",16
JM,"Quenga",16
JM,"Lawerence",16
JM,"Leo",16
JM,"Redz",16
JM,"Gary",16
JM,"Eye",16
JM,"Mcfee",16
JM,"Solan",16
JM,"Maise",16
JM,"Gilmore",16
JM,"Yee",16
JM,"Tobias",16
JM,"Beeput",16
JM,"Parry",16
JM,"Cassie",16
JM,"Troy",16
JM,"Ainsley",16
JM,"Hanchard",16
JM,"Cawley",16
JM,"Wishart",16
JM,"Cushnie",16
JM,"Nephew",16
JM,"Gale",16
JM,"Courtney",16
JM,"Clifford",16
JM,"Howitt",16
JM,"Howlett",16
JM,"Mohammed",16
JM,"Starr",16
JM,"Romans",16
JM,"Oxford",16
JM,"Deslandes",16
JM,"Millington",16
JM,"Aldridge",16
JM,"Reader",16
JM,"Cockett",16
JM,"Swearing",16
JM,"Field",16
JM,"Escoffery",16
JM,"Finnikin",16
JM,"Crewe",16
JM,"Lowther",16
JM,"Ivy",16
JM,"Boxx",16
JM,"Aikman",16
JM,"Casey",16
JM,"Azan",16
JM,"Kingston",16
JM,"Duggan",16
JM,"Ayton",16
JM,"Evelyn",16
JM,"Pickersgill",16
JM,"Seivwright",16
JM,"Glenn",16
JM,"Nish",16
JM,"Goslin",16
JM,"Mcclure",16
JM,"Mellis",16
JM,"Worghs",16
JM,"Card",16
JM,"Annakie",16
JM,"Bromley",16
JM,"Mohan",16
JM,"Rae",16
JM,"Ben",16
JM,"Maylor",16
JM,"Mc Farlane",16
JM,"Laidlaw",16
JM,"Huslin",16
JM,"Orlando",15
JM,"Minaj",15
JM,"Back",15
JM,"Demon",15
JM,"Plum",15
JM,"Devon",15
JM,"Elle",15
JM,"Tony",15
JM,"Gal",15
JM,"Shanny",15
JM,"Jayy",15
JM,"Byles",15
JM,"Bean",15
JM,"Camble",15
JM,"Kash",15
JM,"Kumar",15
JM,"Allman",15
JM,"Scarlette",15
JM,"Adrian",15
JM,"Top",15
JM,"Capleton",15
JM,"Farrier",15
JM,"Robin",15
JM,"Mchugh",15
JM,"Hanna",15
JM,"Bassaragh",15
JM,"Fairman",15
JM,"Thampson",15
JM,"Nikki",15
JM,"Branford",15
JM,"Legister",15
JM,"Diaz",15
JM,"Crossfield",15
JM,"Matthew",15
JM,"Tibby",15
JM,"Stewartson",15
JM,"Willimas",15
JM,"Becky",15
JM,"Risden",15
JM,"Whitton",15
JM,"Ulett",15
JM,"Meggoe",15
JM,"Medz",15
JM,"Haase",15
JM,"Forte",15
JM,"Aitken",15
JM,"Freemantle",15
JM,"Lazarus",15
JM,"Tour",15
JM,"Kepple",15
JM,"Becford",15
JM,"Soman",15
JM,"Lingard",15
JM,"Rain",15
JM,"Pecco",15
JM,"Massop",15
JM,"Huang",15
JM,"Tugman",15
JM,"Provost",15
JM,"Mcleggon",15
OM,"Khan",119759
OM,"Ali",83796
OM,"Kumar",70513
OM,"Ahmed",41246
OM,"البلوشي",36746
OM,"Islam",35212
OM,"Singh",35134
OM,"Hossain",29288
OM,"Oman",27187
OM,"Uddin",26070
OM,"Alam",22999
OM,"Ahmad",19132
OM,"Hussain",18841
OM,"Yadav",14544
OM,"Rahman",13462
OM,"المعمري",13024
OM,"Rana",12651
OM,"Das",12093
OM,"Hasan",11327
OM,"محمد",11312
OM,"Raj",10808
OM,"Albalushi",10365
OM,"العامري",10296
OM,"Ansari",10202
OM,"Mohammed",10050
OM,"Mia",9472
OM,"Sharma",9124
OM,"Salim",8593
OM,"السعدي",8476
OM,"Babu",8318
OM,"Iqbal",8046
OM,"Miah",7973
OM,"Shah",7843
OM,"الوهيبي",7410
OM,"المقبالي",7270
OM,"الجابري",7198
OM,"الهنائي",7166
OM,"Said",7138
OM,"Hassan",7111
OM,"Ullah",7100
OM,"Malik",6956
OM,"Faruk",6949
OM,"Jutt",6382
OM,"Patel",6348
OM,"Abbas",6269
OM,"الفارسي",6190
OM,"العبري",6149
OM,"Sumon",5974
OM,"العلوي",5974
OM,"علي",5923
OM,"Amin",5913
OM,"السيابي",5826
OM,"Ram",5807
OM,"Chauhan",5738
OM,"Nair",5727
OM,"Mamun",5666
OM,"Raju",5643
OM,"Kamal",5582
OM,"Hossen",5539
OM,"Thomas",5349
OM,"Gujjar",5337
OM,"Rubel",5238
OM,"الرواحي",5169
OM,"Mohammad",5037
OM,"Shaikh",5030
OM,"Raja",4975
OM,"Alom",4913
OM,"Akter",4912
OM,"Prasad",4906
OM,"Ibrahim",4895
OM,"احمد",4872
OM,"Muhammad",4829
OM,"Hossin",4826
OM,"سالم",4774
OM,"البوسعيدي",4762
OM,"Arif",4740
OM,"Al Balushi",4731
OM,"Butt",4681
OM,"Gupta",4646
OM,"Imran",4625
OM,"Abdullah",4576
OM,"سعيد",4465
OM,"Mohamed",4414
OM,"Raza",4376
OM,"Lal",4337
OM,"الهاشمي",4330
OM,"Jamal",4316
OM,"Baloch",4314
OM,"Hossan",4294
OM,"الحسني",4277
OM,"الغافري",4242
OM,"العجمي",4086
OM,"الشكيلي",4039
OM,"الشحي",4031
OM,"Joseph",3987
OM,"Rasel",3928
OM,"Al",3898
OM,"الحوسني",3895
OM,"Ismail",3850
OM,"Rashid",3845
OM,"الرحبي",3821
OM,"Monir",3813
OM,"Mathew",3759
OM,"السعيدي",3729
OM,"Nasir",3721
OM,"الزدجالي",3720
OM,"البادي",3716
OM,"Kalam",3659
OM,"Sohel",3652
OM,"Jan",3629
OM,"John",3620
OM,"الحارثي",3608
OM,"Miya",3512
OM,"Mughal",3511
OM,"Alamri",3492
OM,"Karim",3476
OM,"Rahim",3472
OM,"Krishnan",3461
OM,"عبدالله",3458
OM,"الجنيبي",3456
OM,"Hosen",3401
OM,"George",3356
OM,"Aziz",3317
OM,"Aktar",3304
OM,"Anwar",3301
OM,"Chowdhury",3297
OM,"Varghese",3269
OM,"البريكي",3264
OM,"হোসেন",3259
OM,"Muscat",3205
OM,"Nath",3143
OM,"Ahamed",3119
OM,"العمري",3119
OM,"الريامي",3113
OM,"Habib",3036
OM,"الكعبي",3027
OM,"Saif",3021
OM,"الراشدي",3003
OM,"Asif",2979
OM,"Ashraf",2974
OM,"Shahzad",2971
OM,"Rajan",2958
OM,"Mohd",2929
OM,"Almamari",2922
OM,"Noor",2905
OM,"Alhabsi",2878
OM,"Salam",2875
OM,"Khalid",2874
OM,"المهري",2867
OM,"Molla",2853
OM,"Aslam",2842
OM,"Aljabri",2838
OM,"Ch",2784
OM,"King",2776
OM,"Bhatti",2771
OM,"Alfarsi",2735
OM,"Alzadjali",2734
OM,"Yousuf",2730
OM,"Mahmood",2726
OM,"Ctg",2726
OM,"Mani",2715
OM,"Sarkar",2714
OM,"Masud",2710
OM,"الحراصي",2708
OM,"Sultan",2705
OM,"Mehmood",2685
OM,"Manik",2669
OM,"Hanif",2667
OM,"Sk",2662
OM,"الكثيري",2655
OM,"Mohan",2638
OM,"الدرعي",2628
OM,"Love",2605
OM,"Arshad",2595
OM,"Pillai",2585
OM,"Alamin",2570
OM,"الحجري",2570
OM,"العريمي",2568
OM,"Suresh",2561
OM,"Alabri",2554
OM,"Harun",2544
OM,"Saleem",2534
OM,"Biswas",2497
OM,"Shahid",2483
OM,"Jose",2458
OM,"الشبلي",2453
OM,"মিয়া",2447
OM,"الكندي",2432
OM,"Roy",2427
OM,"Rai",2425
OM,"Rao",2412
OM,"Akram",2392
OM,"الشامسي",2392
OM,"الحضرمي",2391
OM,"Reddy",2389
OM,"Bd",2389
OM,"Joy",2379
OM,"Mon",2375
OM,"Husain",2373
OM,"Rehman",2367
OM,"Saiful",2348
OM,"Akhtar",2334
OM,"ইসলাম",2323
OM,"Alhinai",2322
OM,"Balushi",2308
OM,"খান",2303
OM,"Bhai",2298
OM,"Krishna",2256
OM,"Abdul",2253
OM,"Pk",2249
OM,"Jahangir",2243
OM,"Sheikh",2223
OM,"Muhammed",2215
OM,"Saeed",2209
OM,"Shil",2204
OM,"Awan",2203
OM,"Ripon",2201
OM,"Nawaz",2180
OM,"Babul",2180
OM,"Cheema",2155
OM,"Chandran",2152
OM,"Nadeem",2137
OM,"Barua",2135
OM,"Amir",2133
OM,"المعولي",2108
OM,"Mizan",2094
OM,"Liton",2091
OM,"Kp",2080
OM,"Miha",2077
OM,"الزعابي",2076
OM,"Mannan",2070
OM,"الساعدي",2061
OM,"Nasser",2053
OM,"الخروصي",2045
OM,"Sharif",2044
OM,"Hosain",2041
OM,"Pal",2032
OM,"Saddam",2018
OM,"Alamgir",2015
OM,"السناني",2013
OM,"الهطالي",2012
OM,"Azad",2006
OM,"Kabir",2005
OM,"Qureshi",2000
OM,"Akbar",1997
OM,"Alajmi",1996
OM,"Al-Balushi",1993
OM,"Hamed",1990
OM,"Kumari",1988
OM,"Albusaidi",1985
OM,"Alrawahi",1977
OM,"Usman",1967
OM,"Osman",1963
OM,"Kannan",1954
OM,"Rahaman",1948
OM,"Feni",1948
OM,"Omar",1946
OM,"Ramesh",1930
OM,"Rashed",1917
OM,"خالد",1917
OM,"Irfan",1901
OM,"Javed",1899
OM,"حمد",1893
OM,"الجهوري",1889
OM,"Dsouza",1888
OM,"القاسمي",1887
OM,"Mondal",1885
OM,"Paul",1876
OM,"Prakash",1871
OM,"Mahmud",1870
OM,"Jaan",1867
OM,"الهادي",1864
OM,"Dey",1854
OM,"Bajwa",1851
OM,"Hoque",1839
OM,"Sha",1833
OM,"Faisal",1827
OM,"Shamim",1824
OM,"Riaz",1788
OM,"Farooq",1784
OM,"মন",1782
OM,"Rajesh",1780
OM,"البطاشي",1773
OM,"Akash",1769
OM,"Afridi",1767
OM,"Zaman",1763
OM,"Nishad",1751
OM,"Bilal",1748
OM,"Alauddin",1734
OM,"الريسي",1734
OM,"المالكي",1730
OM,"Mustafa",1727
OM,"Ravi",1722
OM,"Kader",1694
OM,"الجعفري",1693
OM,"Alli",1691
OM,"Gill",1684
OM,"المحروقي",1680
OM,"Thakur",1676
OM,"Nayak",1673
OM,"العويسي",1669
OM,"Hameed",1663
OM,"Saini",1660
OM,"الصبحي",1659
OM,"Afzal",1655
OM,"Prince",1655
OM,"Haque",1652
OM,"Shahin",1650
OM,"Mirza",1650
OM,"Sayed",1649
OM,"السنيدي",1647
OM,"الصالحي",1645
OM,"Sahani",1640
OM,"Shetty",1638
OM,"Rasheed",1635
OM,"Antony",1633
OM,"Sohag",1632
OM,"Murugan",1631
OM,"Jakir",1623
OM,"الشيدي",1607
OM,"Salalah",1599
OM,"المزروعي",1591
OM,"الرشيدي",1580
OM,"Fernandes",1560
OM,"জীবন",1554
OM,"Thapa",1554
OM,"Alharthy",1554
OM,"Sah",1553
OM,"السليمي",1544
OM,"Pandey",1544
OM,"Jalal",1540
OM,"Ahammed",1538
OM,"Omani",1534
OM,"Taher",1533
OM,"Azam",1519
OM,"النعيمي",1518
OM,"Abbasi",1517
OM,"الغيلاني",1516
OM,"Hamid",1514
OM,"Verma",1498
OM,"Abraham",1497
OM,"اليعقوبي",1478
OM,"Rajput",1474
OM,"العماني",1474
OM,"Gul",1474
OM,"Belal",1458
OM,"Helal",1458
OM,"Chand",1444
OM,"Haider",1438
OM,"البلوشيه",1437
OM,"Juma",1427
OM,"Zada",1425
OM,"Gazi",1421
OM,"Jangir",1419
OM,"Alwahaibi",1414
OM,"Alalawi",1411
OM,"Robel",1403
OM,"ناصر",1400
OM,"Alsiyabi",1393
OM,"Kazi",1392
OM,"Saleh",1389
OM,"المخيني",1386
OM,"راشد",1384
OM,"Mk",1382
OM,"পাখি",1382
OM,"Chy",1381
OM,"Vijayan",1369
OM,"Sujon",1364
OM,"Mahto",1363
OM,"Khalil",1354
OM,"Gondal",1351
OM,"Mishra",1351
OM,"Chaudhary",1350
OM,"Alrahbi",1347
OM,"Alkindi",1347
OM,"الناصري",1346
OM,"Dulal",1346
OM,"Hannan",1345
OM,"Rafiq",1335
OM,"الفزاري",1335
OM,"Jacob",1335
OM,"Kutty",1334
OM,"الحاتمي",1334
OM,"Adnan",1324
OM,"Ray",1324
OM,"الحمداني",1320
OM,"Tariq",1318
OM,"Milon",1310
OM,"Rakib",1310
OM,"Rani",1307
OM,"Sunil",1306
OM,"Nur",1305
OM,"Akther",1304
OM,"Sam",1301
OM,"Muthu",1298
OM,"Samy",1296
OM,"Jani",1292
OM,"Abdulla",1286
OM,"الغيثي",1281
OM,"Kushwaha",1279
OM,"Salem",1278
OM,"Alkalbani",1276
OM,"আক্তার",1270
OM,"السالمي",1266
OM,"المسكري",1264
OM,"Sajid",1260
OM,"اليحيائي",1259
OM,"Bablu",1257
OM,"المشاعر",1256
OM,"Bhuiyan",1255
OM,"Alrashdi",1249
OM,"Alhosni",1245
OM,"Sing",1241
OM,"Rose",1236
OM,"الكاسبي",1235
OM,"Magar",1234
OM,"Gurung",1230
OM,"Sandhu",1228
OM,"Masum",1220
OM,"Zahid",1217
OM,"Naveed",1216
OM,"Anowar",1215
OM,"Ahamad",1214
OM,"Alblushi",1213
OM,"المنذري",1212
OM,"Tiwari",1209
OM,"Jashim",1205
OM,"Sami",1205
OM,"Mehar",1203
OM,"الحكماني",1203
OM,"Kobir",1202
OM,"الناعبي",1201
OM,"Salauddin",1199
OM,"Sarker",1199
OM,"Jibon",1199
OM,"Munna",1194
OM,"Naeem",1191
OM,"Jee",1191
OM,"أحمد",1190
OM,"المعشني",1189
OM,"Biju",1189
OM,"Shaik",1183
OM,"الخاطري",1183
OM,"Sobuj",1181
OM,"Alraisi",1181
OM,"Ma",1180
OM,"Man",1175
OM,"Hosan",1171
OM,"Albadi",1167
OM,"Alhashmi",1162
OM,"Lokman",1161
OM,"Rony",1157
OM,"Menon",1156
OM,"Pradhan",1155
OM,"Momin",1153
OM,"Halim",1152
OM,"Mohin",1151
OM,"Kamrul",1150
OM,"Anil",1144
OM,"Didar",1138
OM,"Kawsar",1135
OM,"Kv",1134
OM,"Majeed",1133
OM,"Syed",1131
OM,"Prajapati",1130
OM,"Alhajri",1129
OM,"Narayanan",1127
OM,"Jasim",1118
OM,"العميري",1118
OM,"Lama",1110
OM,"الزيدي",1106
OM,"Sajjad",1100
OM,"النوفلي",1100
OM,"Gopal",1099
OM,"Yasin",1099
OM,"Baig",1098
OM,"الحربي",1098
OM,"Sattar",1093
OM,"Farid",1093
OM,"Basheer",1092
OM,"Mostafa",1090
OM,"Al Zadjali",1088
OM,"Kan",1086
OM,"Shohag",1083
OM,"Yousaf",1081
OM,"Younus",1081
OM,"Salman",1081
OM,"المشايخي",1080
OM,"Alriyami",1080
OM,"الكيومي",1076
OM,"Kannur",1074
OM,"Tahir",1071
OM,"Sagar",1067
OM,"Ramzan",1065
OM,"Musa",1063
OM,"الشحري",1062
OM,"Sagor",1058
OM,"النعماني",1058
OM,"Manoj",1058
OM,"Hamza",1053
OM,"البحري",1051
OM,"Sa",1048
OM,"Chandra",1047
OM,"Shaji",1045
OM,"Rizwan",1044
OM,"Rajbhar",1039
OM,"Amjad",1039
OM,"Joshi",1039
OM,"Arman",1037
OM,"Tamang",1033
OM,"Km",1031
OM,"Vijay",1030
OM,"Billal",1029
OM,"Mijan",1023
OM,"আলম",1019
OM,"Ail",1016
OM,"Sulaiman",1013
OM,"Sarwar",1009
OM,"Ks",1004
OM,"العيسائي",1001
OM,"Bashar",997
OM,"Balal",997
OM,"Don",996
OM,"Alim",996
OM,"Dash",994
OM,"আকাশ",993
OM,"Emon",992
OM,"Badsha",989
OM,"النبهاني",988
OM,"Siddiqui",986
OM,"Ak",985
OM,"Alghafri",984
OM,"As",983
OM,"Rohim",982
OM,"المعشري",982
OM,"Hussan",980
OM,"Abid",978
OM,"Bashir",978
OM,"Khamis",978
OM,"Dev",977
OM,"Shankar",976
OM,"Baba",974
OM,"Om",971
OM,"ال",971
OM,"Khatri",968
OM,"Giri",967
OM,"Shafiq",965
OM,"القطيطي",965
OM,"Al-Busaidi",962
OM,"Nobi",961
OM,"الذهلي",960
OM,"James",959
OM,"Elias",955
OM,"Husen",951
OM,"Santhosh",951
OM,"Alharthi",950
OM,"يوسف",948
OM,"Korim",947
OM,"Umar",947
OM,"Al Habsi",946
OM,"Ck",942
OM,"Noman",942
OM,"الراسبي",942
OM,"Khokhar",939
OM,"Mct",938
OM,"Vishwakarma",937
OM,"Bahadur",937
OM,"اليعربي",937
OM,"Choudhary",936
OM,"المشرفي",936
OM,"حسن",935
OM,"Waqas",933
OM,"Malek",933
OM,"Vinod",933
OM,"محمود",932
OM,"Ahmmed",930
OM,"Hakim",929
OM,"Sohail",928
OM,"عماني",925
OM,"Talukdar",922
OM,"Latif",921
OM,"Waseem",917
OM,"Parvez",915
OM,"Shohel",913
OM,"Rawat",912
OM,"রহমান",911
OM,"Mandal",910
OM,"Mohsin",910
OM,"Nazim",909
OM,"خميس",909
OM,"Hamad",908
OM,"Asad",906
OM,"Hossian",904
OM,"Hayat",900
OM,"Albulushi",899
OM,"Bala",898
OM,"Murad",897
OM,"Naser",896
OM,"Nabi",894
OM,"الغلا",894
OM,"Shahbaz",892
OM,"Shekh",889
OM,"Siddique",888
OM,"Kollam",888
OM,"الشبيبي",888
OM,"Josim",886
OM,"Al-Hinai",886
OM,"Lee",886
OM,"Rajpoot",885
OM,"Ji",884
OM,"الشعيلي",883
OM,"الصمت",882
OM,"Kashem",881
OM,"Soman",879
OM,"Aman",877
OM,"عمر",877
OM,"Kuttan",875
OM,"Hussein",872
OM,"المشيخي",871
OM,"Samad",869
OM,"Selim",866
OM,"Alsaadi",864
OM,"Sankar",858
OM,"Siraj",858
OM,"الاحزان",856
OM,"Nazrul",855
OM,"Pv",853
OM,"Al Amri",848
OM,"Alsaidi",847
OM,"صالح",844
OM,"Khokon",842
OM,"Kc",841
OM,"الربيعي",840
OM,"الحديدي",838
OM,"سليمان",838
OM,"الورد",838
OM,"Nazir",837
OM,"Rafi",836
OM,"Moni",836
OM,"Gee",835
OM,"Sikder",834
OM,"Shajahan",834
OM,"Yaseen",833
OM,"Mohiuddin",832
OM,"Zadjali",832
OM,"Al-Lawati",832
OM,"Saab",831
OM,"Alomgir",831
OM,"Mubarak",831
OM,"العوفي",830
OM,"Mohamad",830
OM,"Saad",830
OM,"Ilyas",829
OM,"الرئيسي",829
OM,"Munir",828
OM,"Philip",828
OM,"سلطان",827
OM,"Arun",827
OM,"Maher",826
OM,"حسين",822
OM,"Raman",821
OM,"Ayub",820
OM,"Saha",818
OM,"Mallick",816
OM,"Suman",816
OM,"Lopez",815
OM,"Jamil",813
OM,"Jahan",813
OM,"Sorkar",812
OM,"الخميسي",810
OM,"Unni",810
OM,"Ameen",808
OM,"Chacko",808
OM,"الحياة",807
OM,"Naik",804
OM,"Ashok",804
OM,"Al-Abri",804
OM,"Anu",804
OM,"Francis",803
OM,"Talukder",801
OM,"المحرزي",799
OM,"Fahad",798
OM,"Patil",797
OM,"Alhadi",794
OM,"India",793
OM,"Mahi",793
OM,"Johir",792
OM,"Jabed",792
OM,"باعمر",792
OM,"Asghar",790
OM,"Joynal",789
OM,"Tk",788
OM,"Azim",787
OM,"Siva",786
OM,"Alzaabi",785
OM,"Al-Zadjali",782
OM,"Al Harthy",782
OM,"Mahesh",781
OM,"Alkaabi",780
OM,"Shakil",779
OM,"الشنفري",779
OM,"الصوافي",778
OM,"Jabbar",776
OM,"Majid",776
OM,"Haq",775
OM,"Kareem",775
OM,"Anjum",775
OM,"Zafar",773
OM,"Sameer",773
OM,"Vk",772
OM,"বালক",772
OM,"Adil",772
OM,"Tanveer",770
OM,"Albaloshi",770
OM,"Abdallah",770
OM,"আমার",769
OM,"Jatt",768
OM,"Naseer",767
OM,"আমি",766
OM,"العدوي",765
OM,"Ps",764
OM,"Behera",763
OM,"Razzak",762
OM,"Pathan",760
OM,"الهنداسي",759
OM,"اليافعي",759
OM,"Issa",758
OM,"Morshed",757
OM,"Sahin",757
OM,"البلوشية",754
OM,"Ghosh",754
OM,"الشقصي",753
OM,"Shafi",751
OM,"Mir",749
OM,"Rohman",749
OM,"Tarek",749
OM,"Mulla",748
OM,"ওমান",748
OM,"মানুষ",748
OM,"القريني",746
OM,"Anand",745
OM,"Akhter",745
OM,"البدري",744
OM,"Murali",744
OM,"Anis",743
OM,"Al-Harthy",743
OM,"Zia",742
OM,"Rajendran",741
OM,"Hari",740
OM,"Sebastian",740
OM,"Ebrahim",739
OM,"Saji",739
OM,"Nizam",737
OM,"Sunny",737
OM,"Adam",736
OM,"Mp",732
OM,"Chouhan",732
OM,"Absar",732
OM,"Rajib",732
OM,"Tan",731
OM,"Amran",730
OM,"Bahar",730
OM,"Al-Amri",730
OM,"Johnson",730
OM,"Samim",729
OM,"Al-Habsi",729
OM,"Al Hinai",729
OM,"Pandit",726
OM,"Manu",726
OM,"Shan",725
OM,"Hridoy",724
OM,"Shill",724
OM,"Sardar",724
OM,"Jahid",724
OM,"Bangla",724
OM,"Vel",723
OM,"Pasha",723
OM,"الحياه",723
OM,"العيون",722
OM,"Fatima",720
OM,"Ganesh",720
OM,"Warraich",718
OM,"Patwary",718
OM,"Srinivas",718
OM,"Alhasani",718
OM,"Goud",716
OM,"আকতার",716
OM,"Shrestha",716
OM,"Waheed",715
OM,"Pm",714
OM,"David",714
OM,"Shakeel",713
OM,"Jahed",710
OM,"Vp",708
OM,"Kasem",708
OM,"Jafor",708
OM,"Mahmoud",708
OM,"Nathan",707
OM,"Selvam",707
OM,"الروشدي",704
OM,"الغساني",702
OM,"Al Farsi",702
OM,"الشريقي",701
OM,"الهدابي",700
OM,"Salah",700
OM,"আলী",699
OM,"Varma",699
OM,"Samuel",698
OM,"Poojary",697
OM,"Sonu",697
OM,"Maya",697
OM,"الشيزاوي",696
OM,"Cp",695
OM,"Sasi",695
OM,"Acharya",694
OM,"Yusuf",694
OM,"Moosa",694
OM,"Basha",693
OM,"Muneer",693
OM,"Soni",693
OM,"كله",693
OM,"Ansar",692
OM,"ابراهيم",692
OM,"Alex",692
OM,"Sh",689
OM,"উদ্দিন",688
OM,"Bai",685
OM,"Sohar",685
OM,"Santos",684
OM,"ছেলে",683
OM,"আহমেদ",683
OM,"Rock",683
OM,"السليماني",681
OM,"Parsad",680
OM,"Boss",680
OM,"الشيادي",680
OM,"المحبه",680
OM,"العزري",678
OM,"الندابي",677
OM,"Abu",675
OM,"Sekar",674
OM,"Paswan",672
OM,"Robin",671
OM,"Khokar",669
OM,"Vai",669
OM,"المجيني",669
OM,"Dhar",668
OM,"الخصيبي",668
OM,"الشعيبي",668
OM,"اليحمدي",668
OM,"الجلنداني",667
OM,"Anam",667
OM,"Al Busaidi",667
OM,"Ahsan",664
OM,"Shak",664
OM,"Rahul",664
OM,"الهاجري",664
OM,"الزرعي",663
OM,"Ulla",663
OM,"Juwel",662
OM,"Rasool",662
OM,"Maurya",662
OM,"Jafar",662
OM,"Binu",662
OM,"الحسيني",661
OM,"Sur",660
OM,"Arafat",657
OM,"حمود",653
OM,"المرزوقي",650
OM,"Almawali",650
OM,"Khalifa",648
OM,"Tp",647
OM,"Kashif",647
OM,"Narayan",646
OM,"Qasim",646
OM,"Al Abri",646
OM,"Pakhi",646
OM,"الكحالي",645
OM,"الغداني",644
OM,"Hashmi",644
OM,"Al-Rawahi",644
OM,"Mahamud",643
OM,"Sandwip",643
OM,"Alqasmi",643
OM,"Moon",643
OM,"Azmi",641
OM,"الوشاحي",641
OM,"Sadiq",641
OM,"Ijaz",639
OM,"المشيفري",639
OM,"Naz",639
OM,"Sen",634
OM,"Nasar",632
OM,"Saju",632
OM,"Gopi",631
OM,"Ramachandran",631
OM,"Sree",631
OM,"Amer",631
OM,"Srinu",630
OM,"Dogar",629
OM,"Zubair",629
OM,"Perera",629
OM,"Yasir",628
OM,"Hilal",628
OM,"Forhad",626
OM,"Jat",626
OM,"Al-Farsi",626
OM,"Goraya",625
OM,"Afsar",625
OM,"Balan",625
OM,"Cool",625
OM,"Bhati",624
OM,"Ally",624
OM,"Al Lawati",624
OM,"البنفسج",623
OM,"Wahid",621
OM,"Daniel",621
OM,"Zakir",620
OM,"Raihan",620
OM,"Rasal",620
OM,"Forid",618
OM,"الخالدي",618
OM,"Smith",618
OM,"Sd",617
OM,"الشرجي",616
OM,"الزعيم",615
OM,"Jangid",615
OM,"Al Jabri",615
OM,"Yeasin",614
OM,"Ashfaq",614
OM,"Robiul",613
OM,"Solanki",613
OM,"Alsubhi",609
OM,"Sher",608
OM,"Mahabub",608
OM,"Rayhan",608
OM,"Al Mamari",608
OM,"جعبوب",607
OM,"Ka",607
OM,"Shibu",607
OM,"Goni",606
OM,"السلام",605
OM,"Pradeep",605
OM,"Fernando",604
OM,"Amar",603
OM,"Rathod",602
OM,"Shabbir",601
OM,"Roni",601
OM,"Kadir",601
OM,"Hamood",601
OM,"Durai",599
OM,"الخنبشي",599
OM,"ভালোবাসা",598
OM,"Sultana",596
OM,"Chohan",595
OM,"Sahoo",595
OM,"Shani",593
OM,"بلوشي",593
OM,"الغنبوصي",592
OM,"Riyad",592
OM,"Garcia",592
OM,"Al-Riyami",590
OM,"القرطوبي",589
OM,"Siddik",589
OM,"Al Rawahi",588
OM,"Achu",588
OM,"Imam",587
OM,"العمراني",587
OM,"Alaamri",587
OM,"Khaled",586
OM,"Al-Mamari",585
OM,"Kr",584
OM,"Alharrasi",584
OM,"Ahad",583
OM,"Gomes",582
OM,"Sekh",581
OM,"Samir",581
OM,"Kh",580
OM,"الشيباني",579
OM,"Mondol",578
OM,"Begum",578
OM,"Alshibli",578
OM,"Cruz",577
OM,"الشهومي",576
OM,"Al-Jabri",576
OM,"Din",575
OM,"الرواس",575
OM,"Hussin",574
OM,"Comilla",574
OM,"Delowar",573
OM,"Priya",572
OM,"Surendran",571
OM,"Balakrishnan",570
OM,"الجساسي",568
OM,"Mohanan",567
OM,"Sasidharan",567
OM,"Ahmod",567
OM,"Sohid",565
OM,"Irshad",565
OM,"الشمري",565
OM,"Madhavan",564
OM,"Alalwi",564
OM,"Kandan",563
OM,"المسروري",563
OM,"Al Wahaibi",563
OM,"Aisha",562
OM,"Hussen",562
OM,"الغريبي",560
OM,"Shareef",560
OM,"Alsalmi",560
OM,"Sab",559
OM,"Shahadat",559
OM,"Musthafa",559
OM,"Emran",558
OM,"Mushtaq",557
OM,"Reza",557
OM,"Murtaza",556
OM,"Azeez",556
OM,"Sri",555
OM,"Allawati",555
OM,"Nambiar",554
OM,"التميمي",552
OM,"Jena",551
OM,"Motin",551
OM,"Alwahibi",551
OM,"Na",551
OM,"Pandi",550
OM,"حميد",550
OM,"Madhu",550
OM,"Sojib",549
OM,"Kumawat",548
OM,"Shek",548
OM,"Sabir",547
OM,"المخمري",547
OM,"Ar",547
OM,"Altaf",546
OM,"Deep",546
OM,"عامر",546
OM,"Azeem",545
OM,"Mehta",545
OM,"Mahato",543
OM,"المحاربي",543
OM,"Pereira",543
OM,"Nirob",541
OM,"Ridoy",541
OM,"الفهدي",541
OM,"Akthar",541
OM,"Abedin",540
OM,"Parmar",539
OM,"Mansoor",539
OM,"Malak",539
OM,"রানা",538
OM,"Kurian",538
OM,"Alshamsi",538
OM,"Hashim",537
OM,"Kaur",536
OM,"Fernandez",536
OM,"المجرفي",535
OM,"Roman",535
OM,"Mo",534
OM,"Baluch",534
OM,"Hi",534
OM,"الهوتي",533
OM,"Naresh",532
OM,"المسعودي",532
OM,"السيفي",532
OM,"Jewel",532
OM,"Mainuddin",531
OM,"Queen",531
OM,"الجرداني",530
OM,"Farhad",530
OM,"Deen",529
OM,"Monsur",529
OM,"Sikdar",529
OM,"Heart",527
OM,"Nk",526
OM,"Sarah",525
OM,"Sahu",524
OM,"Sukumaran",524
OM,"Babar",523
OM,"Ameer",523
OM,"غير",523
OM,"Sara",522
OM,"Rodrigues",522
OM,"Virk",521
OM,"Ok",521
OM,"Jalil",520
OM,"Peter",520
OM,"المسلمي",519
OM,"Ishaq",518
OM,"الحمادي",513
OM,"Gujar",512
OM,"الذيب",512
OM,"Akbor",512
OM,"Kahn",512
OM,"Kasim",512
OM,"Dinesh",512
OM,"الراجحي",510
OM,"Sahi",508
OM,"Ahammad",507
OM,"Robi",507
OM,"Al Amin",506
OM,"Kumara",505
OM,"Vasu",504
OM,"Kamran",504
OM,"Gomez",504
OM,"تبوك",503
OM,"Sujan",503
OM,"Somon",503
OM,"হাসান",502
OM,"Sayyed",502
OM,"Almoqbali",502
OM,"Jaiswal",501
OM,"Al Bulushi",501
OM,"Angel",500
OM,"Yaqoob",499
OM,"Khalfan",498
OM,"Ramos",498
OM,"Joshim",497
OM,"Asim",496
OM,"Azhar",496
OM,"Hadi",496
OM,"তুমি",496
OM,"Mim",496
OM,"Kahan",493
OM,"Rajkumar",493
OM,"Xavier",493
OM,"Devi",493
OM,"Moorthy",492
OM,"Bhandari",491
OM,"Tipu",490
OM,"Ap",490
OM,"الدار",490
OM,"Al-Wahaibi",489
OM,"Debnath",487
OM,"Raheem",487
OM,"Cox",487
OM,"Subramanian",486
OM,"Mollah",485
OM,"الصقري",485
OM,"Vinu",485
OM,"Sahid",484
OM,"Hasem",482
OM,"Pinto",482
OM,"Shahed",481
OM,"Shipon",481
OM,"الرزيقي",481
OM,"Suliman",481
OM,"Abir",480
OM,"Ab",480
OM,"Munshi",479
OM,"Sidhu",479
OM,"Wahab",479
OM,"Al-Alawi",478
OM,"Yahya",478
OM,"Vs",477
OM,"Chan",477
OM,"Younas",476
OM,"Karan",476
OM,"الجوري",475
OM,"الحلوه",475
OM,"Hafeez",475
OM,"Lim",475
OM,"Swain",473
OM,"Kt",473
OM,"الجحافي",473
OM,"بطبعي",473
OM,"Ani",473
OM,"Sahadat",470
OM,"العبيداني",470
OM,"Albattashi",470
OM,"Reyes",470
OM,"Alhatmi",469
OM,"Almalki",469
OM,"الجامودي",468
OM,"Nazeer",468
OM,"Rafik",467
OM,"Wasim",467
OM,"Tvm",466
OM,"Khokan",466
OM,"Datta",466
OM,"Ghumman",465
OM,"الرديني",465
OM,"Sarma",465
OM,"Shaheen",465
OM,"Shorif",464
OM,"Perumal",463
OM,"Hashem",463
OM,"Sahil",462
OM,"الجهضمي",462
OM,"Almamri",462
OM,"Basar",461
OM,"Albahri",461
OM,"Tarar",460
OM,"Rauf",460
OM,"Jahir",460
OM,"Hosin",460
OM,"Altobi",460
OM,"الفوري",460
OM,"Jaman",459
OM,"العمر",459
OM,"Mozumder",457
OM,"Alkharusi",457
OM,"Albuloshi",457
OM,"Randhawa",455
OM,"Al-Rashdi",455
OM,"الوردي",455
OM,"Al-Ajmi",455
OM,"Oo",455
OM,"مبارك",454
OM,"Raveendran",452
OM,"الخضوري",452
OM,"Alazri",452
OM,"Alhooti",452
OM,"Moh",452
OM,"Kabeer",451
OM,"Rafique",451
OM,"المزيني",451
OM,"Bk",451
OM,"Al Raisi",451
OM,"Gautam",450
OM,"الشيخ",450
OM,"Shihab",450
OM,"الامل",450
OM,"الكمزاري",449
OM,"Halal",449
OM,"Raghavan",447
OM,"خلفان",447
OM,"Gani",445
OM,"Pak",445
OM,"Somun",445
OM,"Nani",445
OM,"اللواتي",445
OM,"Zeb",443
OM,"Al Riyami",443
OM,"Arumugam",442
OM,"Ashik",442
OM,"Mendoza",442
OM,"Appu",441
OM,"Job",441
OM,"Praveen",441
OM,"আলি",440
OM,"Rhaman",440
OM,"Alshehhi",440
OM,"Zaheer",439
OM,"Rehan",439
OM,"Farhan",439
OM,"Mol",439
OM,"Haji",439
OM,"Dela Cruz",439
OM,"العبدلي",438
OM,"السلماني",438
OM,"Hussian",437
OM,"Swamy",437
OM,"Ramu",437
OM,"Laxman",437
OM,"আহমদ",437
OM,"Latheef",437
OM,"Al Ajmi",437
OM,"Shehzad",436
OM,"Firoz",436
OM,"Jameel",435
OM,"Jony",434
OM,"Shuvo",433
OM,"Nazmul",433
OM,"Lucky",433
OM,"الدغيشي",432
OM,"Albloushi",432
OM,"Howlader",431
OM,"Shajan",431
OM,"Vimal",431
OM,"Deb",430
OM,"Alshabibi",430
OM,"الدرمكي",429
OM,"Almahrooqi",429
OM,"Ra",429
OM,"Arfan",428
OM,"Shohid",428
OM,"الزكواني",428
OM,"جاسم",428
OM,"Rs",428
OM,"জিবন",428
OM,"Rakesh",428
OM,"All",428
OM,"Sheik",427
OM,"Noyon",427
OM,"السيد",427
OM,"Alnaabi",426
OM,"Al-Siyabi",426
OM,"Bakkar",425
OM,"السريحي",425
OM,"Karthik",425
OM,"Kuddus",425
OM,"Wilson",425
OM,"Khair",424
OM,"Gir",424
OM,"Mostofa",424
OM,"Day",424
OM,"Hamdan",424
OM,"اللمكي",423
OM,"البحر",423
OM,"Hoq",422
OM,"مجهول",422
OM,"Waleed",422
OM,"العلي",422
OM,"Mv",421
OM,"Aftab",421
OM,"Radhakrishnan",421
OM,"Riyaz",420
OM,"Majumder",420
OM,"Rashel",419
OM,"Sabbir",419
OM,"الله",419
OM,"Adel",419
OM,"Silva",419
OM,"Nisar",418
OM,"Saravanan",418
OM,"Nazar",418
OM,"Jayan",418
OM,"Ikbal",417
OM,"Tanha",417
OM,"Kazmi",417
OM,"Abdo",417
OM,"Rajeev",417
OM,"Bakar",416
OM,"المياحي",415
OM,"Mb",415
OM,"Satheesh",415
OM,"Razzaq",414
OM,"Forkan",414
OM,"ভাই",414
OM,"Fahim",414
OM,"Wali",414
OM,"صلاله",413
OM,"Amri",413
OM,"Sanjay",412
OM,"An",412
OM,"Pa",411
OM,"Abul",411
OM,"Ad",411
OM,"Rk",410
OM,"اليوسفي",409
OM,"Alsinani",409
OM,"Ratheesh",409
OM,"Mintu",408
OM,"Polash",408
OM,"Gond",408
OM,"البوصافي",408
OM,"الفلاحي",408
OM,"Haris",408
OM,"Gopalan",407
OM,"المصلحي",407
OM,"Sadek",407
OM,"Fathima",407
OM,"Taha",407
OM,"Ajith",407
OM,"Hero",406
OM,"Alhadhrami",406
OM,"Almaskari",406
OM,"الهشامي",405
OM,"Taj",405
OM,"Husan",404
OM,"Karki",404
OM,"Dubey",403
OM,"Qamar",403
OM,"Prabhu",402
OM,"Ajay",402
OM,"Mojumder",401
OM,"كشوب",401
OM,"Rubal",401
OM,"Mian",400
OM,"Jowel",400
OM,"الجرادي",400
OM,"Zain",400
OM,"سعود",400
OM,"Badshah",399
OM,"Alnabhani",399
OM,"Lobo",399
OM,"Aneesh",399
OM,"ابو",398
OM,"Pandian",398
OM,"Noushad",398
OM,"Dias",398
OM,"العين",398
OM,"Udden",397
OM,"Sakil",396
OM,"Kurup",396
OM,"Ajmal",396
OM,"Meya",396
OM,"Alrawas",396
OM,"Al-Hashmi",396
OM,"ভালবাসা",396
OM,"Albloshi",396
OM,"صحار",396
OM,"Jain",396
OM,"النهدي",395
OM,"Negi",395
OM,"Adhikari",395
OM,"সরকার",394
OM,"Ikram",393
OM,"Awal",393
OM,"Najim",393
OM,"الفليتي",393
OM,"السلامي",393
OM,"حلوه",393
OM,"Manzoor",392
OM,"الجديدي",392
OM,"Anas",392
OM,"Kiran",392
OM,"Sohal",390
OM,"القصابي",390
OM,"Al Hashmi",390
OM,"سعد",390
OM,"Simon",390
OM,"Lakshmi",390
OM,"Cv",389
OM,"الغفيلي",389
OM,"Mariam",388
OM,"Dil",388
OM,"Talib",388
OM,"Sutradhar",387
OM,"Bhagat",387
OM,"Javeed",387
OM,"Bhardwaj",387
OM,"Sundar",387
OM,"Alshukaili",387
OM,"Al Siyabi",387
OM,"Al Rashdi",387
OM,"Al Harthi",387
OM,"Minhas",386
OM,"Maruf",386
OM,"Nahid",386
OM,"Rohoman",385
OM,"Vasudevan",385
OM,"Haroon",385
OM,"المنجي",385
OM,"Cherian",385
OM,"Balu",384
OM,"الشماخي",384
OM,"حمدان",384
OM,"Aalam",383
OM,"Bhaskaran",383
OM,"Ramjan",383
OM,"البراشدي",383
OM,"Sai",383
OM,"Al-Harthi",383
OM,"Ballal",382
OM,"Maheshwari",382
OM,"Lawati",382
OM,"Ghani",381
OM,"Razak",381
OM,"Adeel",381
OM,"مرحبا",381
OM,"Anilkumar",381
OM,"Motaleb",380
OM,"Fareed",380
OM,"Farook",380
OM,"المنصوري",380
OM,"Shoaib",379
OM,"Borhan",379
OM,"Uzzal",379
OM,"সুমন",379
OM,"Idris",379
OM,"Atif",379
OM,"Hafiz",378
OM,"الخزيمي",378
OM,"Pawar",378
OM,"Masood",378
OM,"بدر",378
OM,"Maan",377
OM,"Jadhav",377
OM,"Al Alawi",377
OM,"Tuhin",376
OM,"Pt",375
OM,"المنعي",375
OM,"Perez",375
OM,"Faruq",374
OM,"الغماري",374
OM,"Monju",374
OM,"الامير",374
OM,"Bhatt",374
OM,"তারা",374
OM,"الخوالدي",373
OM,"الظلام",373
OM,"Vishnu",373
OM,"Sorif",372
OM,"Thankachan",372
OM,"Saud",372
OM,"Aljahwari",372
OM,"Bacha",371
OM,"Np",371
OM,"Abdin",371
OM,"Al-Ghafri",371
OM,"Huda",371
OM,"Sani",371
OM,"Kumaran",370
OM,"Tandel",370
OM,"Foysal",370
OM,"Rawahi",370
OM,"Saidi",370
OM,"نور",370
OM,"Pc",369
OM,"Ganesan",369
OM,"Kishor",369
OM,"Al Rahbi",369
OM,"Mohmmed",369
OM,"Bader",369
OM,"Limbu",369
OM,"Sana",369
OM,"Wayanad",368
OM,"Nawab",367
OM,"Anwer",367
OM,"Anamul",367
OM,"فهد",367
OM,"Sahni",366
OM,"Titu",366
OM,"Ahmmad",366
OM,"هلال",366
OM,"Santosh",366
OM,"Riyas",366
OM,"Dhas",365
OM,"Cm",365
OM,"Zeeshan",365
OM,"Nurul",365
OM,"Sreedharan",364
OM,"Saidul",364
OM,"Khalek",364
OM,"Rofik",363
OM,"Habsi",363
OM,"Bhaskar",362
OM,"Prem",362
OM,"السلطنة",362
OM,"Kholil",361
OM,"Bepari",361
OM,"Alsalhi",361
OM,"تركي",361
OM,"Zaib",360
OM,"Nayan",360
OM,"المطروشي",360
OM,"Dawood",360
OM,"Thea",360
OM,"جمعه",360
OM,"العتيبي",360
OM,"Suleiman",360
OM,"Sanchez",360
OM,"Awais",359
OM,"Akas",359
OM,"Imtiaz",358
OM,"الحميدي",358
OM,"Hok",358
OM,"Dar",358
OM,"Almukhaini",358
OM,"Ana",358
OM,"Manikandan",357
OM,"البدوي",357
OM,"Tara",357
OM,"Pardesi",356
OM,"المصري",356
OM,"العرب",356
OM,"Anower",355
OM,"Maqsood",354
OM,"Ahir",354
OM,"Sp",354
OM,"Poojari",354
OM,"Rizvi",354
OM,"Bind",353
OM,"Selvan",353
OM,"Rafeeq",353
OM,"Sadik",353
OM,"Vincent",353
OM,"Almaqbali",353
OM,"Lala",353
OM,"العز",353
OM,"Alsharji",353
OM,"Anish",353
OM,"بدوي",352
OM,"Dhaka",352
OM,"Maksud",352
OM,"Al-Kalbani",352
OM,"চৌধুরী",352
OM,"القحطاني",352
OM,"Tanwar",351
OM,"Suhail",351
OM,"سليم",351
OM,"Naqvi",351
OM,"Al-Kindi",351
OM,"Babo",350
OM,"Doll",350
OM,"Alrasbi",350
OM,"Sony",350
OM,"Gonzales",350
OM,"الملك",349
OM,"Sahabuddin",349
OM,"الحكلي",349
OM,"Shukla",349
OM,"النفس",349
OM,"Narayana",348
OM,"Repon",348
OM,"Arjun",347
OM,"Mc",347
OM,"السديري",347
OM,"Fazal",347
OM,"الملكي",347
OM,"Al Ghafri",347
OM,"Da",347
OM,"Osama",347
OM,"Dhillon",346
OM,"Venkat",346
OM,"Gamal",346
OM,"بكيفي",346
OM,"হক",345
OM,"Maria",345
OM,"Martin",345
OM,"Basra",344
OM,"Lingam",344
OM,"الظهوري",344
OM,"Mary",344
OM,"غلاك",344
OM,"الأمل",344
OM,"Riyami",344
OM,"Shing",343
OM,"Rashad",343
OM,"عبدالرحمن",343
OM,"Ami",343
OM,"Alrisi",342
OM,"Alhasni",342
OM,"Swami",341
OM,"Gafoor",341
OM,"Bharti",341
OM,"Gull",341
OM,"San",341
OM,"البدواوي",340
OM,"Sajan",340
OM,"Gangadhar",339
OM,"Sajeev",339
OM,"Faysal",338
OM,"Selvaraj",338
OM,"الذوق",338
OM,"Aji",338
OM,"Harthy",338
OM,"Gopalakrishnan",337
OM,"Sabuj",336
OM,"দাস",336
OM,"Lslam",336
OM,"الجنوب",336
OM,"Sahed",335
OM,"Mahbub",335
OM,"Solaiman",335
OM,"Roshid",335
OM,"قطن",335
OM,"Cinta",335
OM,"Ng",335
OM,"Dewan",334
OM,"خليفه",334
OM,"عوض",334
OM,"Ba",334
OM,"Sabu",334
OM,"العنزي",334
OM,"الحامدي",333
OM,"Sajib",333
OM,"Shakir",333
OM,"Faiz",333
OM,"Kar",333
OM,"Sanu",333
OM,"Al-Raisi",333
OM,"Kanojiya",332
OM,"Ale",332
OM,"Subash",332
OM,"Mazumder",331
OM,"شهاب",331
OM,"Patra",331
OM,"Mukhtar",330
OM,"الاسماعيلي",330
OM,"ماجد",330
OM,"Aladawi",330
OM,"Velu",329
OM,"Dass",329
OM,"Shopon",329
OM,"الطيب",329
OM,"Sanju",329
OM,"Munda",328
OM,"Safdar",328
OM,"Rone",328
OM,"العفاري",328
OM,"Sivan",328
OM,"Suleman",328
OM,"Bellal",328
OM,"Umer",328
OM,"একা",328
OM,"Masih",327
OM,"فاضل",327
OM,"Hossein",327
OM,"Miraj",327
OM,"Mehra",327
OM,"Venkatesh",327
OM,"Senthil",327
OM,"Bay",327
OM,"Al Kindi",327
OM,"Salma",327
OM,"Ahamd",326
OM,"Rased",326
OM,"القنوبي",326
OM,"Naseem",326
OM,"Awad",326
OM,"الداودي",325
OM,"Jaleel",325
OM,"Chaudhari",325
OM,"Khadka",325
OM,"Gandhi",325
OM,"Rodriguez",325
OM,"Shekar",324
OM,"Ramakrishnan",324
OM,"مريم",324
OM,"Nijam",323
OM,"المطاعني",323
OM,"Alshanfari",323
OM,"Yousef",323
OM,"الغزالي",322
OM,"Chakraborty",322
OM,"النظيري",321
OM,"Chowdury",321
OM,"Sakib",321
OM,"Khatun",321
OM,"فيصل",321
OM,"Koshy",321
OM,"طبعي",321
OM,"Khaliq",320
OM,"المفرجي",320
OM,"منصور",320
OM,"Meena",320
OM,"Alarimi",320
OM,"Yakub",319
OM,"Mal",319
OM,"Dutta",319
OM,"Abi",319
OM,"امل",319
OM,"Alawi",319
OM,"Ko",319
OM,"Satti",318
OM,"المرهون",318
OM,"البحراني",318
OM,"Mathai",317
OM,"المبسلي",317
OM,"Al-Rahbi",317
OM,"Jabri",317
OM,"الشرياني",316
OM,"Fatma",316
OM,"Mistry",316
OM,"Meme",316
OM,"Ali Khan",315
OM,"الصواعي",315
OM,"الصباحي",315
OM,"Shanu",315
OM,"Farsi",315
OM,"Shazad",314
OM,"Calicut",314
OM,"উদ্দীন",314
OM,"Mumtaz",314
OM,"Chaudhry",314
OM,"Vicky",314
OM,"Baomar",314
OM,"Alhadidi",314
OM,"حكايه",314
OM,"لله",314
OM,"Mamon",313
OM,"السلطنه",313
OM,"Baloshi",312
OM,"Ha",312
OM,"Baiju",312
OM,"Waqar",311
OM,"Desai",311
OM,"Al Hajri",311
OM,"روحي",311
OM,"Dalim",310
OM,"Ge",310
OM,"Naidu",310
OM,"المحبة",310
OM,"Wati",309
OM,"Sain",309
OM,"الشرقيه",309
OM,"Sumi",309
OM,"Bangali",308
OM,"Ponnani",308
OM,"Ranjha",307
OM,"Billa",307
OM,"Alhattali",307
OM,"Ajmi",307
OM,"الشملي",306
OM,"Mahar",306
OM,"Sopon",306
OM,"Junaid",306
OM,"Pathak",306
OM,"السلطي",306
OM,"Shyam",306
OM,"Saiful Islam",305
OM,"أمل",305
OM,"Bhatia",305
OM,"Hinai",305
OM,"Pattambi",304
OM,"Suthar",304
OM,"العزيزي",304
OM,"Kaka",304
OM,"Shaban",304
OM,"Haneef",303
OM,"Mofiz",303
OM,"Alkasbi",303
OM,"Farok",303
OM,"المقيمي",303
OM,"الكليبي",303
OM,"العربي",303
OM,"الرقيشي",303
OM,"Alsalti",303
OM,"Apon",302
OM,"الاغبري",302
OM,"Panicker",302
OM,"Ammar",302
OM,"Shams",302
OM,"Razaq",301
OM,"Salmani",301
OM,"Bal",301
OM,"Iftikhar",301
OM,"الغسيني",301
OM,"Khin",301
OM,"Mari",301
OM,"Albaloushi",301
OM,"Salum",301
OM,"Ammu",301
OM,"Mojumdar",300
OM,"الغاربي",300
OM,"البرواني",300
OM,"Hawladar",299
OM,"الفراجي",299
OM,"Manan",299
OM,"النيري",299
OM,"Tamil",299
OM,"Danish",299
OM,"Michael",299
OM,"আলো",299
OM,"الزمان",299
OM,"Sandeep",299
OM,"Naaz",299
OM,"Ullha",298
OM,"Shikder",298
OM,"Parida",298
OM,"الصلتي",298
OM,"الهلالي",298
OM,"Younis",298
OM,"الشرقي",298
OM,"Kala",298
OM,"Albarwani",298
OM,"Flores",298
OM,"Chavan",297
OM,"Delwar",297
OM,"المكتومي",296
OM,"Haidar",296
OM,"Santo",296
OM,"Kaium",296
OM,"Zaid",296
OM,"Davis",296
OM,"Sreekumar",296
OM,"ابو محمد",295
OM,"Suhel",295
OM,"الوائلي",295
OM,"Mali",295
OM,"Vm",294
OM,"চাকরি",294
OM,"Kasam",294
OM,"খাঁন",294
OM,"انا",294
OM,"Bappy",293
OM,"Sahab",293
OM,"Saed",293
OM,"Mansour",293
OM,"Soliman",293
OM,"Chinna",292
OM,"Jha",292
OM,"عيسى",292
OM,"السوطي",291
OM,"Gori",291
OM,"الراقي",291
OM,"الهويه",291
OM,"عادل",291
OM,"Asraf",290
OM,"Nizwa",290
OM,"বাংলাদেশ",290
OM,"Shabeer",290
OM,"Abdu",290
OM,"Naveen",290
OM,"Sinha",290
OM,"Shabir",289
OM,"Arslan",289
OM,"হোসাইন",289
OM,"المحرمي",289
OM,"Kotian",289
OM,"Shahi",289
OM,"Sari",289
OM,"Stephen",289
OM,"Alkiyumi",289
OM,"Alm",289
OM,"Banu",289
OM,"Boota",288
OM,"Rathore",288
OM,"Putri",288
OM,"Prodhan",288
OM,"Zahir",288
OM,"Bose",288
OM,"Al Hasani",288
OM,"على",288
OM,"Muhamad",288
OM,"Srinivasan",288
OM,"Bhat",288
OM,"Nasim",287
OM,"الحرملي",287
OM,"الهديفي",287
OM,"Alshidi",287
OM,"المقرشي",286
OM,"Mohmmad",286
OM,"Akkas",286
OM,"Mazhar",286
OM,"Al-Shukaili",286
OM,"Essa",286
OM,"Shaju",286
OM,"التمتمي",285
OM,"البرعمي",285
OM,"Al-Harrasi",285
OM,"Raji",285
OM,"Jannat",285
OM,"Reji",285
OM,"Hawlader",284
OM,"Shimul",284
OM,"Wazir",284
OM,"الربخي",284
OM,"Rj",284
OM,"Safi",284
OM,"Shinde",284
OM,"Asgar",284
OM,"Eslam",284
OM,"Md Faruk",284
OM,"You",284
OM,"Renjith",284
OM,"Bhutta",283
OM,"Zaidi",283
OM,"Pori",283
OM,"Murugesan",282
OM,"Razu",282
OM,"Viswanathan",282
OM,"Martinez",282
OM,"Barik",281
OM,"Qadeer",281
OM,"Fiaz",281
OM,"Moner",281
OM,"Sundaram",281
OM,"Ranjan",281
OM,"Siddiq",281
OM,"Mt",281
OM,"الشمال",281
OM,"الخاطر",281
OM,"গল্প",281
OM,"Venugopal",281
OM,"Ayman",281
OM,"Riya",281
OM,"Ashiq",280
OM,"পথিক",280
OM,"Biplob",280
OM,"Maryam",280
OM,"Al-Hajri",280
OM,"Unnikrishnan",280
OM,"Md Rubel",279
OM,"Chhetri",279
OM,"Nisha",279
OM,"Nabil",279
OM,"Alnaamani",279
OM,"الخليج",279
OM,"Khattak",278
OM,"Shahalam",278
OM,"Kb",277
OM,"Rhman",277
OM,"Ovi",276
OM,"Rajon",276
OM,"عمار",276
OM,"النوبي",276
OM,"Jana",276
OM,"Shameer",276
OM,"الاحلام",276
OM,"صمت",276
OM,"Yadaw",275
OM,"Surya",275
OM,"Abas",275
OM,"Sathish",275
OM,"Rout",274
OM,"Parves",274
OM,"Jolil",274
OM,"مازن",274
OM,"Mejan",273
OM,"Banik",273
OM,"Gowda",273
OM,"Alfazari",273
OM,"Ah",273
OM,"Nor",273
OM,"Omer",273
SV,"Hernandez",122
SV,"Martinez",82
SV,"Garcia",70
SV,"Flores",68
SV,"Lopez",67
SV,"Ramirez",57
SV,"Rivera",54
SV,"Reyes",45
SV,"Rodriguez",44
SV,"Portillo",41
SV,"Cruz",41
SV,"Perez",40
SV,"Rivas",39
SV,"Hernández",38
SV,"Orellana",38
SV,"Gonzalez",37
SV,"Romero",33
SV,"Gomez",32
SV,"Amaya",32
SV,"Mendoza",32
SV,"Diaz",31
SV,"Torres",31
SV,"Mejia",29
SV,"Vasquez",28
SV,"Campos",27
SV,"Sanchez",27
SV,"Argueta",26
SV,"Alvarado",25
SV,"Aguilar",24
SV,"Castro",23
SV,"Bonilla",23
SV,"Guevara",23
SV,"Castillo",22
SV,"Escobar",22
SV,"Ramos",21
SV,"Ventura",21
SV,"Mendez",21
SV,"Guzman",20
SV,"Morales",20
SV,"Fuentes",19
SV,"López",19
SV,"Ortiz",18
SV,"Alvarez",18
SV,"Ayala",18
SV,"Alfaro",17
SV,"Martínez",17
SV,"Cortez",17
SV,"Sorto",17
SV,"Pineda",16
SV,"Rodríguez",16
SV,"Chavez",15
SV,"Gutierrez",15
SV,"Arevalo",15
SV,"Linares",14
SV,"Franco",14
SV,"Moreno",14
SV,"Miranda",14
SV,"Gonzales",14
SV,"Molina",14
SV,"Herrera",14
SV,"Velasquez",13
SV,"García",13
SV,"Palacios",13
SV,"Menjivar",13
SV,"Santos",12
SV,"Marquez",12
SV,"Calderon",12
SV,"Benitez",12
SV,"Medrano",12
SV,"Guardado",12
SV,"González",12
SV,"Valle",12
SV,"Mancia",12
SV,"Peña",12
SV,"Quintanilla",11
SV,"Moran",11
SV,"Aguirre",10
SV,"Henriquez",10
SV,"Ruiz",10
SV,"Lemus",10
SV,"Salazar",10
SV,"Arias",10
SV,"Leiva",10
SV,"Maldonado",10
SV,"Valencia",9
SV,"Barrera",9
SV,"Gómez",9
SV,"Contreras",9
SV,"Sandoval",9
SV,"Antonio",8
SV,"Rosales",8
SV,"Guillen",8
SV,"Sánchez",8
SV,"Navarrete",8
SV,"Alvarenga",8
SV,"Turcios",7
SV,"Cabrera",7
SV,"Ramires",7
SV,"Guzmán",7
SV,"Melara",7
SV,"Beltran",7
SV,"Villatoro",7
SV,"Yanes",7
SV,"Zelaya",7
SV,"Tobar",7
SV,"Zepeda",7
SV,"Rodrigues",7
SV,"Jimenez",7
SV,"Guerrero",7
SV,"Osorio",7
SV,"Carrillo",7
SV,"Villalta",7
SV,"Marroquin",6
SV,"Melendez",6
SV,"Trejo",6
SV,"Juarez",6
SV,"Lazo",6
SV,"Orantes",6
SV,"Ortega",6
SV,"Granados",6
SV,"Valladares",6
SV,"Saenz",6
SV,"Figueroa",6
SV,"Fernandez",6
SV,"Galdamez",6
SV,"Majano",6
SV,"Saravia",6
SV,"Jose",5
SV,"Recinos",5
SV,"Pacheco",5
SV,"Acosta",5
SV,"Estrada",5
SV,"Ponce",5
SV,"Medina",5
SV,"Cisneros",5
SV,"Zuniga",5
SV,"Avalos",5
SV,"Menendez",5
SV,"Canales",5
SV,"Cornejo",5
SV,"Ramírez",5
SV,"Serrano",5
SV,"Cuellar",5
SV,"Duran",5
SV,"Quinteros",5
SV,"De Hernandez",4
SV,"Chaves",4
SV,"Pérez",4
SV,"Acevedo",4
SV,"Chacon",4
SV,"Cordova",4
SV,"Bolaños",4
SV,"Lara",4
SV,"Murillo",4
SV,"Aldana",4
SV,"Garay",4
SV,"Castaneda",4
SV,"Rodrigez",4
SV,"Alexander",4
SV,"Escalante",4
SV,"Santamaria",4
SV,"Merino",4
SV,"Funes",4
SV,"Guerra",4
SV,"Segovia",4
SV,"Salamanca",4
SV,"Gamez",4
SV,"Paz",4
SV,"Dimas",4
SV,"Delgado",4
SV,"Hercules",4
SV,"Méndez",4
SV,"Renderos",4
SV,"Villalobos",4
SV,"Barahona",4
SV,"Barrientos",4
SV,"Lopezz",4
SV,"Umanzor",4
SV,"Montes",4
SV,"Vásquez",4
SV,"Aparicio",4
SV,"Vega",3
SV,"Cardoza",3
SV,"Alas",3
SV,"Carranza",3
SV,"Martines",3
SV,"Rodas",3
SV,"Cedillos",3
SV,"Cañas",3
SV,"Landaverde",3
SV,"Corado",3
SV,"Mazariego",3
SV,"Sosa",3
SV,"Membreño",3
SV,"Ochoa",3
SV,"Solano",3
SV,"Suarez",3
SV,"Centeno",3
SV,"Perla",3
SV,"Rubio",3
SV,"Zaldaña",3
SV,"Lozano",3
SV,"Oviedo",3
SV,"Marroquín",3
SV,"Sibrian",3
SV,"Chavarria",3
SV,"Borja",3
SV,"Lovo",3
SV,"Zamora",3
SV,"Dias",3
SV,"Joya",3
SV,"Ribera",3
SV,"Mejía",3
SV,"Luna",3
SV,"Mauricio",3
SV,"Escamilla",3
SV,"Espinoza",3
SV,"Nolasco",2
SV,"Salinas",2
SV,"Coreas",2
SV,"Navarro",2
SV,"Cortes",2
SV,"Iraheta",2
SV,"Nerio",2
SV,"Nunez",2
SV,"Najarro",2
SV,"Correa",2
SV,"Rosa",2
SV,"Elizabeth",2
SV,"Ochoa Morales",2
SV,"Paniagua",2
SV,"Polanco",2
SV,"Grande",2
SV,"Palma",2
SV,"Posada",2
SV,"Florez",2
SV,"Padilla",2
SV,"Quevedo",2
SV,"Platero",2
SV,"Gaitan",2
SV,"Peres",2
SV,"Perdomo",2
SV,"Peraza",2
SV,"Garcia Garcia",2
SV,"Galindo",2
SV,"Galicia",2
SV,"Pinto",2
SV,"Galeano",2
SV,"Parada",2
SV,"Rojas",2
SV,"Espinosa",2
SV,"Rios",2
SV,"Deras",2
SV,"Deleon",2
SV,"River",2
SV,"Del Cid",2
SV,"Robles",2
SV,"De Ramirez",2
SV,"Hernan",2
SV,"Rodriguez Moreno",2
SV,"Dominguez",2
SV,"Requeno",2
SV,"Ernesto",2
SV,"Ramirz",2
SV,"Enrrique",2
SV,"Edgardo",2
SV,"Domínguez",2
SV,"Rauda",2
SV,"Díaz",2
SV,"Gutiérrez",2
SV,"Duarte",2
SV,"Giron",2
SV,"Lopes",2
SV,"Carbajal",2
SV,"Leal",2
SV,"Vigil",2
SV,"Canizales",2
SV,"Torrez",2
SV,"Trigueros",2
SV,"Arriaza",2
SV,"Arriola",2
SV,"Vides",2
SV,"Leon",2
SV,"Arteaga",2
SV,"Tomasino",2
SV,"Carcamo",2
SV,"Mangandi",2
SV,"Larin",2
SV,"Cartagena",2
SV,"Araujo",2
SV,"Mercado",2
SV,"Arbaiza",2
SV,"Tejada",2
SV,"Ardon",2
SV,"Villanueva",2
SV,"Montano",2
SV,"Calderón",2
SV,"Villegas",2
SV,"Bermudez",2
SV,"Benites",2
SV,"Velasco",2
SV,"Mezquita",2
SV,"Meza",2
SV,"Vargas",2
SV,"Beltan",2
SV,"Belloso",2
SV,"Barillas",2
SV,"Bautista",2
SV,"Vazquez",2
SV,"Machado",2
SV,"Umaña",2
SV,"Ulloa",2
SV,"Lima",2
SV,"Burgos",2
SV,"Arévalo",2
SV,"Magaña",2
SV,"Aviles",2
SV,"Urbina",2
SV,"Bran",2
SV,"Lizama",2
SV,"Lobo",2
SV,"Muñoz",2
SV,"Urrutia",2
SV,"Sv",2
SV,"Monterrosa",2
SV,"Chicas",2
SV,"Morataya",2
SV,"Jovel",2
SV,"Alexsander",2
SV,"Alfredo",2
SV,"Serpas",2
SV,"Andrade",2
SV,"Walter",2
SV,"Zavaleta",2
SV,"Alberto",2
SV,"Jiménez",2
SV,"Matute",2
SV,"Abrego",2
SV,"Conde",2
SV,"Murcia",2
SV,"Zetino",2
SV,"Mejicano",2
SV,"Morán",2
SV,"Josue",2
SV,"Junior",2
SV,"Melgar",2
SV,"Maria",2
SV,"Soto",2
SV,"Angel",2
SV,"Soriano",2
SV,"Montoya",2
SV,"Solitario",2
SV,"Cea",2
SV,"Vázquez",2
